{"type":"FeatureCollection","name":"islahiye_before_2022-12-27_0.5m","source":"OpenStreetMap roads, paths and places","licence":"ODbL 1.0 (c) OpenStreetMap contributors","features":[{"type":"Feature","properties":{"kind":"place","place":"town","name":"\u0130slahiye","population":"66941","osm_id":125482794},"geometry":{"type":"Point","coordinates":[36.6331302,37.025109]}},{"type":"Feature","properties":{"kind":"place","place":"suburb","name":"Ayd\u0131nl\u0131k","population":null,"osm_id":8847038392},"geometry":{"type":"Point","coordinates":[36.6299904,37.0256937]}},{"type":"Feature","properties":{"kind":"place","place":"suburb","name":"Atat\u00fcrk","population":null,"osm_id":8847038393},"geometry":{"type":"Point","coordinates":[36.6395768,37.0258051]}},{"type":"Feature","properties":{"kind":"place","place":"suburb","name":"Bah\u00e7elievler","population":null,"osm_id":8847038394},"geometry":{"type":"Point","coordinates":[36.6399388,37.021316]}},{"type":"Feature","properties":{"kind":"place","place":"suburb","name":"Beyler","population":null,"osm_id":8847038395},"geometry":{"type":"Point","coordinates":[36.6397591,37.0313647]}},{"type":"Feature","properties":{"kind":"place","place":"suburb","name":"Burhaniye","population":null,"osm_id":8847038396},"geometry":{"type":"Point","coordinates":[36.6306318,37.0267607]}},{"type":"Feature","properties":{"kind":"place","place":"suburb","name":"Cevdetpa\u015fa","population":null,"osm_id":8847038397},"geometry":{"type":"Point","coordinates":[36.6347092,37.0218904]}},{"type":"Feature","properties":{"kind":"place","place":"suburb","name":"\u00c7aml\u0131ca","population":null,"osm_id":8847038398},"geometry":{"type":"Point","coordinates":[36.6344616,37.0272001]}},{"type":"Feature","properties":{"kind":"place","place":"suburb","name":"Cumhuriyet","population":null,"osm_id":8847038399},"geometry":{"type":"Point","coordinates":[36.6333694,37.025743]}},{"type":"Feature","properties":{"kind":"place","place":"suburb","name":"Hac\u0131 Ali \u00d6zt\u00fcrk","population":null,"osm_id":8847038400},"geometry":{"type":"Point","coordinates":[36.6329773,37.0240901]}},{"type":"Feature","properties":{"kind":"place","place":"suburb","name":"Dervi\u015fpa\u015fa","population":null,"osm_id":8847038401},"geometry":{"type":"Point","coordinates":[36.6313564,37.0221484]}},{"type":"Feature","properties":{"kind":"place","place":"suburb","name":"Fevzi \u00c7akmak","population":null,"osm_id":8847038402},"geometry":{"type":"Point","coordinates":[36.6286705,37.0186606]}},{"type":"Feature","properties":{"kind":"place","place":"suburb","name":"Erenler","population":null,"osm_id":8847038403},"geometry":{"type":"Point","coordinates":[36.6307078,37.0280044]}},{"type":"Feature","properties":{"kind":"place","place":"suburb","name":"H\u00fcrriyet","population":null,"osm_id":8847038404},"geometry":{"type":"Point","coordinates":[36.6259295,37.0211677]}},{"type":"Feature","properties":{"kind":"place","place":"suburb","name":"Yeni","population":null,"osm_id":8847038408},"geometry":{"type":"Point","coordinates":[36.6243646,37.0165422]}},{"type":"Feature","properties":{"kind":"place","place":"suburb","name":"P\u0131narba\u015f\u0131","population":null,"osm_id":10617013775},"geometry":{"type":"Point","coordinates":[36.6281056,37.0225246]}},{"type":"Feature","properties":{"kind":"road","highway":"secondary","motorable":true,"name":"Gaziantep-Antakya yolu","ref":null,"bridge":false,"osm_id":88478573},"geometry":{"type":"LineString","coordinates":[[36.6224299,36.9936894],[36.6223187,36.9937597],[36.6222576,36.9939245],[36.6222738,36.9940568],[36.6223208,36.9942512],[36.6223499,36.9945206],[36.6223579,36.994765],[36.6223686,36.9949654],[36.6224,36.9955576],[36.6224327,36.9959567],[36.622498,36.9967828],[36.6225405,36.9974545],[36.6225447,36.9975213],[36.6225821,36.9982225],[36.6226197,36.9989577],[36.6226241,36.9990449],[36.6226685,36.9996398],[36.6227011,37.0001851],[36.6227082,37.0003689],[36.6227526,37.0010459],[36.6227946,37.0017302],[36.6228483,37.0023382],[36.6228716,37.0026183],[36.6228801,37.002721],[36.6228903,37.0028435],[36.622902,37.003043],[36.6229043,37.0032463],[36.6228903,37.0036845],[36.6228884,37.003753],[36.622885,37.0038746],[36.622881,37.0040183],[36.6228553,37.0042849],[36.6228273,37.004505],[36.6227946,37.0047679],[36.6227549,37.0049991],[36.6227255,37.005145],[36.6227012,37.0052658],[36.6226078,37.005717],[36.6225073,37.0062237],[36.622414,37.0067155],[36.6222015,37.007688],[36.6221717,37.007841],[36.6220396,37.0085191],[36.621989,37.0087788],[36.6219459,37.0090197],[36.6218909,37.0093269],[36.6218746,37.0094258],[36.6218606,37.0095675],[36.6218489,37.0097316],[36.6218442,37.0099497],[36.6218442,37.0101679],[36.6218474,37.0102456],[36.6218559,37.0104531],[36.6218769,37.0107384],[36.6219026,37.0108857],[36.6219213,37.0109883],[36.6219563,37.0111206],[36.6220238,37.0112855],[36.6220357,37.0113146],[36.6221627,37.0115732],[36.6223495,37.011933],[36.6224301,37.012057],[36.6227821,37.0126163],[36.6232354,37.0133157],[36.6234178,37.013587],[36.6235999,37.0138578],[36.6244358,37.015101],[36.6249694,37.0159068],[36.6253354,37.0164785],[36.6253806,37.0165477],[36.6256766,37.016934],[36.6257017,37.0169667],[36.6260666,37.0173092],[36.6261291,37.0173679],[36.6261738,37.0174154],[36.626658,37.0178538],[36.6270858,37.0183014],[36.6273763,37.0187108],[36.6274236,37.0187778],[36.6278425,37.0193712],[36.628496,37.0202968],[36.6285468,37.0203422],[36.628704,37.0205839],[36.6289628,37.0209798],[36.6294196,37.0216016],[36.6295641,37.0218825],[36.6297196,37.0221851],[36.6298661,37.0224699],[36.6299227,37.0225586],[36.6299747,37.02264],[36.6301595,37.0229877],[36.6302702,37.0232449],[36.6304654,37.0236981],[36.6305704,37.0240125],[36.6305905,37.0240792],[36.6306445,37.0243221],[36.6307415,37.0247201],[36.6307961,37.024865],[36.6308994,37.0250694],[36.6310277,37.0254293]]}},{"type":"Feature","properties":{"kind":"road","highway":"tertiary","motorable":true,"name":null,"ref":null,"bridge":false,"osm_id":88478588},"geometry":{"type":"LineString","coordinates":[[36.6320164,37.0269802],[36.6329388,37.0267018],[36.6333476,37.0265829],[36.633413,37.0265635],[36.6337623,37.02646],[36.6344378,37.0262082],[36.6347587,37.0260802],[36.6348321,37.0260698],[36.6350635,37.0260372],[36.6353286,37.0260047],[36.6357187,37.0259559],[36.6361292,37.0259289],[36.6368516,37.0258978],[36.6369327,37.0259052],[36.6369791,37.0259126],[36.6370701,37.0259445]]}},{"type":"Feature","properties":{"kind":"road","highway":"tertiary","motorable":true,"name":null,"ref":null,"bridge":false,"osm_id":94948940},"geometry":{"type":"LineString","coordinates":[[36.638134,37.0259912],[36.6381098,37.0262628],[36.6379849,37.0268641],[36.6378474,37.0276165],[36.6375331,37.0291677],[36.6374278,37.0297781],[36.6372489,37.030544],[36.6369891,37.0316014],[36.6368457,37.0322862],[36.6367158,37.0328146],[36.6366552,37.03329],[36.6366269,37.0334399],[36.6363781,37.0343185],[36.6361517,37.0348933],[36.6358134,37.0355319],[36.635623,37.0358063],[36.6352912,37.0362213],[36.6350098,37.0365731],[36.6347649,37.0368903],[36.6346526,37.0371424],[36.6346143,37.037247],[36.6344057,37.0376764],[36.634338,37.0377777],[36.6342278,37.0378875],[36.6340898,37.0379675],[36.6339508,37.0380508],[36.6338414,37.0381339],[36.6337851,37.0382086],[36.6336541,37.0385751],[36.6333693,37.0392945],[36.6333535,37.0393247],[36.6332009,37.0396163],[36.6330914,37.0397993],[36.6330014,37.0399103],[36.6328701,37.0400103]]}},{"type":"Feature","properties":{"kind":"road","highway":"tertiary","motorable":true,"name":null,"ref":null,"bridge":false,"osm_id":231337365},"geometry":{"type":"LineString","coordinates":[[36.6370275,37.0264199],[36.6369071,37.0270406],[36.6367651,37.0277572],[36.6365639,37.0287069],[36.6357319,37.0332391],[36.6355548,37.0340601],[36.6355026,37.0343281],[36.6354329,37.0349741],[36.6353785,37.0351956],[36.635163,37.0355236],[36.6346861,37.0361602],[36.6341787,37.0366665]]}},{"type":"Feature","properties":{"kind":"road","highway":"residential","motorable":true,"name":null,"ref":null,"bridge":false,"osm_id":231337377},"geometry":{"type":"LineString","coordinates":[[36.626039,37.0174791],[36.6260447,37.0176197],[36.6260479,37.0176531],[36.6260971,37.0178185],[36.6261884,37.0190592],[36.6262426,37.0194919],[36.6261674,37.0199818],[36.6261112,37.0202609],[36.6260383,37.0206131],[36.6259974,37.0211502],[36.625965,37.0213905],[36.6259607,37.0214587],[36.6259672,37.0218707],[36.6259586,37.0221262],[36.6259602,37.0223678],[36.625843,37.0229281],[36.6257053,37.0233478],[36.6255778,37.023991],[36.6254934,37.0243373],[36.6253581,37.0247424],[36.6253194,37.0249821],[36.6253245,37.0250758],[36.6253221,37.0255576],[36.6253197,37.0257137],[36.6253507,37.0260671],[36.6253817,37.0261803],[36.6254049,37.0267327],[36.6254919,37.0272999],[36.625514,37.027598],[36.62563,37.0277992],[36.6256857,37.027911],[36.625766,37.0280144],[36.6258677,37.0281292],[36.6260217,37.0282548],[36.6263472,37.0285108],[36.6264626,37.028602],[36.6265991,37.0287346],[36.6267208,37.0288529],[36.6269139,37.0290233],[36.6269618,37.0290441],[36.6270144,37.02906],[36.627056,37.0290682],[36.6271162,37.0290738],[36.6271939,37.0290721],[36.6273022,37.0290646],[36.6274443,37.0290499],[36.6275979,37.0290207],[36.6279063,37.0289503],[36.628249,37.0288941],[36.6290607,37.0287933],[36.6297776,37.0287501],[36.6302762,37.0287202],[36.6309854,37.0286776],[36.6312272,37.0286545],[36.6323981,37.0285451],[36.6327655,37.0285139],[36.6329261,37.0284864],[36.6333795,37.0284722],[36.6339866,37.0284361],[36.635431,37.0283525],[36.6355573,37.0283514],[36.6357663,37.0283941],[36.6359665,37.0284669],[36.6365639,37.0287069]]}},{"type":"Feature","properties":{"kind":"road","highway":"residential","motorable":true,"name":null,"ref":null,"bridge":false,"osm_id":231337382},"geometry":{"type":"LineString","coordinates":[[36.635359,37.0281601],[36.6359368,37.0278188],[36.6360177,37.0277839],[36.6361221,37.027749],[36.6362447,37.0277272],[36.6367651,37.0277572]]}},{"type":"Feature","properties":{"kind":"road","highway":"footway","motorable":false,"name":null,"ref":null,"bridge":false,"osm_id":272647143},"geometry":{"type":"LineString","coordinates":[[36.6357319,37.0332391],[36.6359752,37.0332535]]}},{"type":"Feature","properties":{"kind":"road","highway":"steps","motorable":false,"name":null,"ref":null,"bridge":false,"osm_id":272647144},"geometry":{"type":"LineString","coordinates":[[36.6364968,37.0332983],[36.6364678,37.0334188]]}},{"type":"Feature","properties":{"kind":"road","highway":"footway","motorable":false,"name":null,"ref":null,"bridge":true,"osm_id":272647146},"geometry":{"type":"LineString","coordinates":[[36.6360872,37.0332628],[36.6364968,37.0332983]]}},{"type":"Feature","properties":{"kind":"road","highway":"steps","motorable":false,"name":null,"ref":null,"bridge":false,"osm_id":272647147},"geometry":{"type":"LineString","coordinates":[[36.6359752,37.0332535],[36.6360872,37.0332628]]}},{"type":"Feature","properties":{"kind":"road","highway":"footway","motorable":false,"name":null,"ref":null,"bridge":false,"osm_id":272647148},"geometry":{"type":"LineString","coordinates":[[36.6364678,37.0334188],[36.6366269,37.0334399]]}},{"type":"Feature","properties":{"kind":"road","highway":"residential","motorable":true,"name":"Mehmet Gelebek","ref":null,"bridge":false,"osm_id":272689487},"geometry":{"type":"LineString","coordinates":[[36.6398631,37.0257863],[36.6399468,37.0254129],[36.6399901,37.0252186],[36.6400374,37.0248554],[36.6400498,37.0246452],[36.6401469,37.024209],[36.6401804,37.0240979],[36.6402136,37.0240437],[36.6402502,37.0240064],[36.6403344,37.0239767],[36.640388,37.0239696],[36.6409661,37.023998],[36.6411764,37.024011],[36.6417293,37.0240451],[36.641974,37.0240578],[36.6421419,37.0240952],[36.6422992,37.0241411],[36.6424761,37.0242315],[36.6427009,37.0243081],[36.6429986,37.0244095],[36.6432484,37.0244598],[36.6433151,37.0244679],[36.6440701,37.0245551],[36.6445722,37.0246268],[36.645922,37.0247858],[36.6462222,37.024835]]}},{"type":"Feature","properties":{"kind":"road","highway":"residential","motorable":true,"name":"141","ref":null,"bridge":false,"osm_id":272689490},"geometry":{"type":"LineString","coordinates":[[36.6381782,37.0246227],[36.6387977,37.0246874],[36.6391084,37.0247259],[36.6400374,37.0248554]]}},{"type":"Feature","properties":{"kind":"road","highway":"residential","motorable":true,"name":null,"ref":null,"bridge":false,"osm_id":272689491},"geometry":{"type":"LineString","coordinates":[[36.6331438,37.0247822],[36.6343042,37.0245449],[36.6349004,37.0244346],[36.6350703,37.0243753],[36.6351475,37.0243534],[36.6351821,37.0243212],[36.6354879,37.0240955],[36.6355876,37.0240301],[36.6357289,37.0239514],[36.6361358,37.0237719],[36.6361628,37.0237494],[36.6362649,37.0236715],[36.6374273,37.0225379],[36.6378001,37.0222296],[36.6383411,37.0219432],[36.6384646,37.0218865],[36.6385806,37.0218847]]}},{"type":"Feature","properties":{"kind":"road","highway":"tertiary","motorable":true,"name":"Fatih Caddesi","ref":null,"bridge":false,"osm_id":272689492},"geometry":{"type":"LineString","coordinates":[[36.6382049,37.0256544],[36.6382765,37.025631],[36.6383699,37.0256236],[36.638482,37.0256254],[36.6385954,37.025639],[36.6389436,37.0256801],[36.639251,37.0257145],[36.6394986,37.0257422],[36.6398631,37.0257863],[36.640649,37.0259039],[36.6414741,37.0260083],[36.6416363,37.0260304],[36.6429112,37.0262039],[36.6437263,37.0263042],[36.6448624,37.0264687],[36.6454023,37.026545]]}},{"type":"Feature","properties":{"kind":"road","highway":"tertiary","motorable":true,"name":"Barazi Cad.","ref":null,"bridge":false,"osm_id":272689494},"geometry":{"type":"LineString","coordinates":[[36.6381034,37.0250101],[36.6381782,37.0246227],[36.6386051,37.0223478],[36.6386574,37.0220547],[36.6385806,37.0218847],[36.6386697,37.0215757],[36.6386929,37.0214675],[36.6387702,37.0211562],[36.6392159,37.0209441],[36.6401678,37.0204176],[36.640908,37.0200118],[36.6415677,37.0196374],[36.6422177,37.0192305],[36.6426575,37.0190186],[36.6432104,37.0188484],[36.6437782,37.0186904]]}},{"type":"Feature","properties":{"kind":"road","highway":"residential","motorable":true,"name":null,"ref":null,"bridge":false,"osm_id":272689496},"geometry":{"type":"LineString","coordinates":[[36.6383411,37.0219432],[36.6381891,37.0226527],[36.6379721,37.0234914],[36.6379272,37.0239152],[36.6378859,37.0243471],[36.6377766,37.0248709],[36.6376298,37.0254531],[36.637568,37.0256372],[36.6374967,37.0257216],[36.6374523,37.0257551],[36.6373636,37.025785],[36.6371137,37.0258334],[36.6370483,37.0258521],[36.6369791,37.0259126]]}},{"type":"Feature","properties":{"kind":"road","highway":"residential","motorable":true,"name":null,"ref":null,"bridge":false,"osm_id":272691714},"geometry":{"type":"LineString","coordinates":[[36.6258677,37.0281292],[36.6261647,37.0279385],[36.6264946,37.0277137],[36.6268218,37.0275338],[36.6269156,37.0274834],[36.6269656,37.0274526],[36.6274602,37.0271483],[36.6277636,37.0269775],[36.6280073,37.0268271],[36.6283812,37.0266141],[36.6285583,37.0264942],[36.628694,37.0263775],[36.6287364,37.0263461],[36.6289622,37.0261477],[36.6291249,37.0259835],[36.6292894,37.0258635],[36.6295523,37.0257565],[36.6300842,37.0256189],[36.6309432,37.0254416]]}},{"type":"Feature","properties":{"kind":"road","highway":"tertiary","motorable":true,"name":"Vatan Caddesi","ref":null,"bridge":false,"osm_id":272691721},"geometry":{"type":"LineString","coordinates":[[36.633197,37.0183758],[36.633007,37.018394],[36.6315669,37.0184347],[36.6314582,37.018441],[36.631345,37.0184597],[36.6312442,37.0184875],[36.6311391,37.0185295],[36.6306603,37.0188118],[36.6304102,37.0189727],[36.6303654,37.0190016],[36.6300877,37.0191905],[36.6294305,37.0197923],[36.6293148,37.0199111],[36.6297596,37.0204268],[36.629846,37.0205259],[36.6302125,37.0209031],[36.6304337,37.0211523],[36.6304795,37.0211899],[36.6306906,37.0214233],[36.6309145,37.0216357],[36.6310623,37.02178],[36.6313098,37.022046],[36.6315223,37.0222564],[36.6318209,37.0225224],[36.6320479,37.0227467],[36.6322899,37.0230129],[36.6324113,37.0231473],[36.6328016,37.023578],[36.6329077,37.0239609],[36.632949,37.0240644],[36.6330118,37.0244006],[36.6331438,37.0247822],[36.6331853,37.0250337],[36.6332046,37.0250917],[36.6332859,37.0255573],[36.633366,37.0257286],[36.6334359,37.0258853],[36.6335291,37.0260739],[36.6337623,37.02646],[36.6340866,37.0268],[36.6341584,37.0268908],[36.6343829,37.02712],[36.6344461,37.0271883],[36.634842,37.0275684],[36.6349641,37.0277736],[36.635359,37.0281601],[36.6355573,37.0283514]]}},{"type":"Feature","properties":{"kind":"road","highway":"residential","motorable":true,"name":null,"ref":null,"bridge":false,"osm_id":272691723},"geometry":{"type":"LineString","coordinates":[[36.6349403,37.0196681],[36.6351178,37.0195985],[36.6353581,37.0194514],[36.6354848,37.0193543],[36.6355886,37.0192539],[36.635609,37.0192115],[36.6357566,37.0190842],[36.635968,37.0189608],[36.636175,37.01884],[36.6363401,37.0187584],[36.6365033,37.0186848],[36.6367061,37.0186045],[36.6370583,37.0185013],[36.6373686,37.0184053]]}},{"type":"Feature","properties":{"kind":"road","highway":"tertiary","motorable":true,"name":null,"ref":null,"bridge":false,"osm_id":272691725},"geometry":{"type":"LineString","coordinates":[[36.6386574,37.0220547],[36.6391412,37.0221007],[36.6395332,37.0220694],[36.639969,37.022049],[36.6405095,37.0220909],[36.64073,37.0221094],[36.6420705,37.0222365],[36.6422118,37.0222517],[36.6423721,37.0222696],[36.6430294,37.0223428],[36.6438246,37.0224315],[36.6445304,37.0225022],[36.646019,37.0226388]]}},{"type":"Feature","properties":{"kind":"road","highway":"residential","motorable":true,"name":null,"ref":null,"bridge":false,"osm_id":272691726},"geometry":{"type":"LineString","coordinates":[[36.6350265,37.0208479],[36.6349303,37.0198572],[36.6349403,37.0196681],[36.6349319,37.0196007],[36.6349226,37.0195355],[36.6348994,37.0194038],[36.6348939,37.0192437],[36.6348243,37.0185477],[36.6347807,37.0183452]]}},{"type":"Feature","properties":{"kind":"road","highway":"residential","motorable":true,"name":null,"ref":null,"bridge":false,"osm_id":272691730},"geometry":{"type":"LineString","coordinates":[[36.6353299,37.0181106],[36.635968,37.0189608]]}},{"type":"Feature","properties":{"kind":"road","highway":"residential","motorable":true,"name":null,"ref":null,"bridge":false,"osm_id":272691731},"geometry":{"type":"LineString","coordinates":[[36.6333168,37.0189765],[36.6337986,37.0187329],[36.6340462,37.0186309],[36.6347807,37.0183452],[36.6351236,37.0181633],[36.6353299,37.0181106],[36.6356251,37.0180176],[36.6370494,37.0176515],[36.6372275,37.0176118],[36.6381717,37.017342],[36.6383272,37.0172777],[36.6384935,37.0171654],[36.6385713,37.0171128],[36.63892,37.016888]]}},{"type":"Feature","properties":{"kind":"road","highway":"residential","motorable":true,"name":null,"ref":null,"bridge":false,"osm_id":272691732},"geometry":{"type":"LineString","coordinates":[[36.635609,37.0192115],[36.6356248,37.0194006],[36.635598,37.0200388],[36.6356356,37.0204199],[36.6356981,37.0205583]]}},{"type":"Feature","properties":{"kind":"road","highway":"residential","motorable":true,"name":"149","ref":null,"bridge":false,"osm_id":272691733},"geometry":{"type":"LineString","coordinates":[[36.6388186,37.0240538],[36.6395407,37.0241291],[36.6401469,37.024209]]}},{"type":"Feature","properties":{"kind":"road","highway":"residential","motorable":true,"name":null,"ref":null,"bridge":false,"osm_id":272691735},"geometry":{"type":"LineString","coordinates":[[36.6315223,37.0222564],[36.6316543,37.0221987],[36.6321549,37.0220404],[36.6323651,37.0219689],[36.6328095,37.0218048],[36.6334409,37.0215308],[36.6339435,37.0213149],[36.634729,37.020981],[36.6350265,37.0208479],[36.6356981,37.0205583],[36.6362757,37.020349],[36.6364402,37.0203],[36.6368383,37.0202149],[36.6372556,37.0201544],[36.6374997,37.0201266]]}},{"type":"Feature","properties":{"kind":"road","highway":"tertiary","motorable":true,"name":null,"ref":null,"bridge":false,"osm_id":272691736},"geometry":{"type":"LineString","coordinates":[[36.6328016,37.023578],[36.6329573,37.0234649]]}},{"type":"Feature","properties":{"kind":"road","highway":"residential","motorable":true,"name":null,"ref":null,"bridge":false,"osm_id":272691738},"geometry":{"type":"LineString","coordinates":[[36.6347807,37.0183452],[36.6349047,37.0183726],[36.6349752,37.0185249],[36.6355886,37.0192539]]}},{"type":"Feature","properties":{"kind":"road","highway":"residential","motorable":true,"name":null,"ref":null,"bridge":false,"osm_id":272691743},"geometry":{"type":"LineString","coordinates":[[36.6351863,37.0222392],[36.6353762,37.0219879],[36.635724,37.0211462],[36.635731,37.020962],[36.6357448,37.020771],[36.6357284,37.0206282],[36.6356981,37.0205583]]}},{"type":"Feature","properties":{"kind":"road","highway":"residential","motorable":true,"name":null,"ref":null,"bridge":false,"osm_id":272691744},"geometry":{"type":"LineString","coordinates":[[36.634729,37.020981],[36.6347236,37.0211138],[36.6346861,37.0213794],[36.6346861,37.0215036],[36.6346861,37.021632],[36.6346781,37.0217837],[36.6347209,37.0218579],[36.63478,37.0219256],[36.634898,37.0220318],[36.6351863,37.0222392],[36.635324,37.022491],[36.6354726,37.0226378],[36.6355445,37.0228735],[36.635657,37.0230701],[36.6358718,37.0233647],[36.6359387,37.023447],[36.6360392,37.0236108],[36.6361358,37.0237719],[36.6362031,37.0240699],[36.6362662,37.0244398],[36.6362957,37.0245597],[36.6364052,37.0250596],[36.636675,37.025479],[36.6368628,37.0258035],[36.6368516,37.0258978]]}},{"type":"Feature","properties":{"kind":"road","highway":"residential","motorable":true,"name":null,"ref":null,"bridge":false,"osm_id":272691746},"geometry":{"type":"LineString","coordinates":[[36.639969,37.022049],[36.6398018,37.021364]]}},{"type":"Feature","properties":{"kind":"road","highway":"residential","motorable":true,"name":null,"ref":null,"bridge":false,"osm_id":272691748},"geometry":{"type":"LineString","coordinates":[[36.6386697,37.0215757],[36.6389666,37.0215239],[36.6391919,37.0214868],[36.6395278,37.021427],[36.6398018,37.021364],[36.6399033,37.0213413],[36.6405464,37.0211657],[36.6409381,37.0210689]]}},{"type":"Feature","properties":{"kind":"road","highway":"tertiary","motorable":true,"name":"\u015eht. Zafer Y\u0131lmaz Caddesi","ref":null,"bridge":false,"osm_id":272691751},"geometry":{"type":"LineString","coordinates":[[36.6332574,37.0187923],[36.6331284,37.0189198],[36.6330831,37.0189697],[36.632983,37.0191967],[36.6328588,37.0193957],[36.6325721,37.0198717],[36.6325243,37.0199314],[36.6325417,37.0200318],[36.6325882,37.020153],[36.6326935,37.0203892],[36.6327697,37.0206036],[36.6328569,37.0207819],[36.6329776,37.0209409],[36.633174,37.0211909],[36.6333068,37.0213687],[36.6334409,37.0215308],[36.633508,37.0217445],[36.6335482,37.0220432],[36.6335562,37.0221171],[36.6335415,37.0222927],[36.6334369,37.0226064],[36.6333162,37.0227895],[36.6330936,37.023205],[36.6329573,37.0234649]]}},{"type":"Feature","properties":{"kind":"road","highway":"residential","motorable":true,"name":null,"ref":null,"bridge":false,"osm_id":272691753},"geometry":{"type":"LineString","coordinates":[[36.640388,37.0239696],[36.6404129,37.0237912],[36.640582,37.0227656],[36.6406007,37.0226519],[36.64073,37.0221094],[36.6408725,37.0214247],[36.6409381,37.0210689],[36.6411618,37.0210033],[36.6419459,37.0207851],[36.6419641,37.0207798],[36.6427085,37.0205652],[36.6431359,37.0204414],[36.6434509,37.0203612],[36.6441278,37.0201465],[36.6449217,37.01993],[36.6456974,37.0197312],[36.6457981,37.0196986],[36.6458839,37.0196579],[36.6459161,37.0196044],[36.6458973,37.0194224],[36.6458169,37.0190425],[36.6457897,37.0190171],[36.6457616,37.0190131],[36.6457324,37.0190132],[36.6455674,37.019069],[36.6455276,37.0190809],[36.644821,37.0192918]]}},{"type":"Feature","properties":{"kind":"road","highway":"residential","motorable":true,"name":"\u015eehit Recep \u00d6zt\u00fcrk","ref":null,"bridge":false,"osm_id":272691755},"geometry":{"type":"LineString","coordinates":[[36.6391412,37.0221007],[36.6390371,37.0226516],[36.6389964,37.0228675],[36.6388186,37.0240538],[36.6387977,37.0246874]]}},{"type":"Feature","properties":{"kind":"road","highway":"residential","motorable":true,"name":null,"ref":null,"bridge":false,"osm_id":272691756},"geometry":{"type":"LineString","coordinates":[[36.6346861,37.0215036],[36.6354212,37.0212439],[36.635724,37.0211462],[36.6359062,37.0210742],[36.6361774,37.0209853],[36.6368554,37.0208036]]}},{"type":"Feature","properties":{"kind":"road","highway":"residential","motorable":true,"name":null,"ref":null,"bridge":false,"osm_id":272691758},"geometry":{"type":"LineString","coordinates":[[36.6275621,37.0155337],[36.6275215,37.0156506],[36.6274727,37.0157512],[36.627394,37.0159103],[36.6273512,37.0159837],[36.6272622,37.0163204],[36.6272168,37.0165397],[36.6272192,37.0166686],[36.6272488,37.0167905],[36.627267,37.0168612]]}},{"type":"Feature","properties":{"kind":"road","highway":"residential","motorable":true,"name":null,"ref":null,"bridge":false,"osm_id":272691760},"geometry":{"type":"LineString","coordinates":[[36.6411618,37.0210033],[36.640908,37.0200118]]}},{"type":"Feature","properties":{"kind":"road","highway":"residential","motorable":true,"name":null,"ref":null,"bridge":false,"osm_id":272691761},"geometry":{"type":"LineString","coordinates":[[36.6325721,37.0198717],[36.6329081,37.0198744],[36.6334026,37.0199039],[36.6338308,37.0198937],[36.6341867,37.0198474],[36.6344101,37.0197952],[36.6345986,37.0197568],[36.6349403,37.0196681]]}},{"type":"Feature","properties":{"kind":"road","highway":"tertiary","motorable":true,"name":null,"ref":null,"bridge":false,"osm_id":570345381},"geometry":{"type":"LineString","coordinates":[[36.6458951,37.0299028],[36.6455613,37.0299556],[36.6455306,37.0299604],[36.6453181,37.0299745],[36.644965,37.0299985],[36.6445727,37.0299848],[36.6443792,37.0299635],[36.6442481,37.029949],[36.643023,37.0298059],[36.6420373,37.0296949],[36.6417344,37.0296607],[36.6406683,37.0295422],[36.6398645,37.0294551],[36.6391208,37.0293745],[36.6390633,37.0293683],[36.6383404,37.0292899],[36.6375331,37.0291677]]}},{"type":"Feature","properties":{"kind":"road","highway":"secondary","motorable":true,"name":"Gaziantep-Antakya yolu","ref":null,"bridge":false,"osm_id":570347597},"geometry":{"type":"LineString","coordinates":[[36.6337874,37.0361702],[36.6338493,37.034306],[36.6338599,37.0340823],[36.633928,37.0331511],[36.633943,37.0323175],[36.6339485,37.0319935],[36.6339504,37.0318788],[36.6339291,37.0313858],[36.63382,37.0305804],[36.6334989,37.0298443],[36.6332759,37.0294396],[36.6331108,37.0291402],[36.6327655,37.0285139],[36.6324869,37.0279659],[36.6322201,37.0275562],[36.631897,37.026994],[36.6316713,37.0266093],[36.6310959,37.0256574],[36.6309432,37.0254416]]}},{"type":"Feature","properties":{"kind":"road","highway":"residential","motorable":true,"name":null,"ref":null,"bridge":false,"osm_id":803220019},"geometry":{"type":"LineString","coordinates":[[36.642743,37.0337212],[36.6425985,37.0337411],[36.6424562,37.0337378],[36.6411325,37.0336318],[36.640908,37.0336199],[36.6407542,37.033606],[36.6404722,37.0335983],[36.6402869,37.033586],[36.6398311,37.0335556],[36.6394152,37.0334979],[36.6393398,37.0334945],[36.6391353,37.0334859],[36.6388414,37.033483],[36.6383012,37.0334246],[36.6381834,37.0334251],[36.6378444,37.0333965],[36.6376097,37.0333767],[36.6372315,37.0333447],[36.6366552,37.03329]]}},{"type":"Feature","properties":{"kind":"road","highway":"residential","motorable":true,"name":null,"ref":null,"bridge":false,"osm_id":803220020},"geometry":{"type":"LineString","coordinates":[[36.6368457,37.0322862],[36.6375128,37.0323818],[36.6380581,37.0324782],[36.6381,37.0324854],[36.6385961,37.0325481],[36.6388582,37.032597],[36.6393143,37.0326895],[36.6393786,37.0326993],[36.6400428,37.0328286],[36.6403541,37.0328892],[36.6407502,37.0329663],[36.6407824,37.032992],[36.6407904,37.0330242],[36.640816,37.0331504],[36.6407542,37.033606]]}},{"type":"Feature","properties":{"kind":"road","highway":"residential","motorable":true,"name":null,"ref":null,"bridge":false,"osm_id":803220021},"geometry":{"type":"LineString","coordinates":[[36.640816,37.0331504],[36.6410691,37.0331687],[36.6411761,37.0331754],[36.6413939,37.033189],[36.6423684,37.0332233]]}},{"type":"Feature","properties":{"kind":"road","highway":"residential","motorable":true,"name":null,"ref":null,"bridge":false,"osm_id":803220022},"geometry":{"type":"LineString","coordinates":[[36.6411325,37.0336318],[36.6411761,37.0331754]]}},{"type":"Feature","properties":{"kind":"road","highway":"residential","motorable":true,"name":null,"ref":null,"bridge":false,"osm_id":803220023},"geometry":{"type":"LineString","coordinates":[[36.6410691,37.0331687],[36.6409782,37.0331355],[36.6408763,37.033082],[36.6407904,37.0330242]]}},{"type":"Feature","properties":{"kind":"road","highway":"residential","motorable":true,"name":null,"ref":null,"bridge":false,"osm_id":803220024},"geometry":{"type":"LineString","coordinates":[[36.640908,37.0336199],[36.6408653,37.0338564],[36.6408232,37.0340896],[36.6408173,37.0341226],[36.6407958,37.0342682],[36.6407888,37.0343457],[36.6407797,37.0344459],[36.640777,37.0346043],[36.6407836,37.03476],[36.6407851,37.0347949],[36.6408685,37.03523],[36.6409571,37.0355485],[36.6410105,37.0357634],[36.6411069,37.0359211],[36.6412732,37.0363814],[36.6412964,37.0364493]]}},{"type":"Feature","properties":{"kind":"road","highway":"residential","motorable":true,"name":null,"ref":null,"bridge":false,"osm_id":803220025},"geometry":{"type":"LineString","coordinates":[[36.6399762,37.0361952],[36.6397024,37.0357737],[36.6394479,37.0354455],[36.6393322,37.0353114]]}},{"type":"Feature","properties":{"kind":"road","highway":"residential","motorable":true,"name":null,"ref":null,"bridge":false,"osm_id":803220026},"geometry":{"type":"LineString","coordinates":[[36.6339847,37.0339439],[36.6340252,37.0340055],[36.6340468,37.0340965],[36.6340437,37.0343326],[36.6340222,37.0350335],[36.6339214,37.0366363]]}},{"type":"Feature","properties":{"kind":"road","highway":"residential","motorable":true,"name":null,"ref":null,"bridge":false,"osm_id":803220027},"geometry":{"type":"LineString","coordinates":[[36.6336982,37.0366864],[36.6336837,37.036465],[36.6336783,37.0360689],[36.6336809,37.0359951],[36.6337239,37.0347671],[36.6337668,37.034234],[36.6337883,37.0341783],[36.6338599,37.0340823]]}},{"type":"Feature","properties":{"kind":"road","highway":"residential","motorable":true,"name":null,"ref":null,"bridge":false,"osm_id":803220028},"geometry":{"type":"LineString","coordinates":[[36.6398311,37.0335556],[36.6398957,37.0332586],[36.6399488,37.0330778],[36.6400428,37.0328286],[36.6402815,37.0321567],[36.6404266,37.0317781],[36.6405116,37.0316086],[36.6410985,37.0305908],[36.6412049,37.0304139],[36.641243,37.0303169],[36.6417344,37.0296607]]}},{"type":"Feature","properties":{"kind":"road","highway":"residential","motorable":true,"name":null,"ref":null,"bridge":false,"osm_id":803220029},"geometry":{"type":"LineString","coordinates":[[36.6404266,37.0317781],[36.6403135,37.0316844],[36.6397937,37.0313895],[36.6392081,37.0309901],[36.6389395,37.0308014],[36.6386137,37.0305726],[36.6384199,37.0304417],[36.6383019,37.0303661],[36.6380282,37.0301907],[36.6374278,37.0297781]]}},{"type":"Feature","properties":{"kind":"road","highway":"residential","motorable":true,"name":null,"ref":null,"bridge":false,"osm_id":803220030},"geometry":{"type":"LineString","coordinates":[[36.6380282,37.0301907],[36.6380835,37.0300324],[36.6383404,37.0292899],[36.638694,37.0277001],[36.6390211,37.0262671]]}},{"type":"Feature","properties":{"kind":"road","highway":"residential","motorable":true,"name":null,"ref":null,"bridge":false,"osm_id":803220031},"geometry":{"type":"LineString","coordinates":[[36.6378474,37.0276165],[36.638694,37.0277001],[36.6394335,37.0277856],[36.640183,37.0278699]]}},{"type":"Feature","properties":{"kind":"road","highway":"residential","motorable":true,"name":null,"ref":null,"bridge":false,"osm_id":803220032},"geometry":{"type":"LineString","coordinates":[[36.6381896,37.0261559],[36.6390211,37.0262671],[36.6393979,37.0263189],[36.6397291,37.0263628],[36.6405257,37.0264685]]}},{"type":"Feature","properties":{"kind":"road","highway":"residential","motorable":true,"name":null,"ref":null,"bridge":false,"osm_id":803220033},"geometry":{"type":"LineString","coordinates":[[36.6394986,37.0257422],[36.6393979,37.0263189]]}},{"type":"Feature","properties":{"kind":"road","highway":"residential","motorable":true,"name":null,"ref":null,"bridge":false,"osm_id":803220034},"geometry":{"type":"LineString","coordinates":[[36.640649,37.0259039],[36.6405257,37.0264685],[36.6405135,37.0265185],[36.6403666,37.0271191],[36.6402113,37.0277541],[36.640183,37.0278699],[36.6399873,37.0288438],[36.6398645,37.0294551]]}},{"type":"Feature","properties":{"kind":"road","highway":"residential","motorable":true,"name":null,"ref":null,"bridge":false,"osm_id":803220035},"geometry":{"type":"LineString","coordinates":[[36.6406683,37.0295422],[36.6408041,37.0289369],[36.6410458,37.0278597]]}},{"type":"Feature","properties":{"kind":"road","highway":"residential","motorable":true,"name":null,"ref":null,"bridge":false,"osm_id":803220036},"geometry":{"type":"LineString","coordinates":[[36.6402113,37.0277541],[36.6410458,37.0278597],[36.6412159,37.0278831],[36.6418055,37.0279643],[36.6419068,37.0279783],[36.642548,37.0280666],[36.6433211,37.0281682],[36.6441147,37.0282862],[36.6445297,37.0283452],[36.6450937,37.0284255],[36.6456644,37.0285067]]}},{"type":"Feature","properties":{"kind":"road","highway":"residential","motorable":true,"name":null,"ref":null,"bridge":false,"osm_id":803220038},"geometry":{"type":"LineString","coordinates":[[36.6438856,37.0254957],[36.6430751,37.025404],[36.6427552,37.0253704],[36.6426101,37.0253789],[36.642465,37.0254015],[36.6423376,37.0254297],[36.642242,37.0254354],[36.6421146,37.0254297],[36.6416047,37.025372],[36.6414837,37.0253583],[36.641067,37.025311],[36.6407365,37.025282],[36.6399901,37.0252186]]}},{"type":"Feature","properties":{"kind":"road","highway":"residential","motorable":true,"name":null,"ref":null,"bridge":false,"osm_id":803220040},"geometry":{"type":"LineString","coordinates":[[36.6414741,37.0260083],[36.6416047,37.025372]]}},{"type":"Feature","properties":{"kind":"road","highway":"tertiary","motorable":true,"name":null,"ref":null,"bridge":false,"osm_id":803223765},"geometry":{"type":"LineString","coordinates":[[36.6273119,37.0168861],[36.6275302,37.0168441],[36.6277991,37.0168148],[36.6279273,37.0168087],[36.6284944,37.0167469],[36.6286434,37.0167327],[36.6293013,37.0166502],[36.6300526,37.0165741],[36.6308433,37.016466],[36.630846,37.0164657],[36.6318467,37.016354],[36.6321532,37.0163402]]}},{"type":"Feature","properties":{"kind":"road","highway":"tertiary","motorable":true,"name":null,"ref":null,"bridge":false,"osm_id":803223766},"geometry":{"type":"LineString","coordinates":[[36.6273275,37.0169181],[36.6274944,37.0171881],[36.6276413,37.0173626],[36.6278631,37.0176293],[36.6282616,37.0180565],[36.6284949,37.0183221],[36.6286451,37.0185534],[36.6286757,37.0186185],[36.6288356,37.0189582],[36.6290015,37.0194],[36.629012,37.0194289],[36.6290676,37.0195953],[36.6291771,37.0197355],[36.6293148,37.0199111],[36.6285468,37.0203422]]}},{"type":"Feature","properties":{"kind":"road","highway":"residential","motorable":true,"name":null,"ref":null,"bridge":false,"osm_id":803223767},"geometry":{"type":"LineString","coordinates":[[36.6270553,37.0120908],[36.6272282,37.0132192],[36.6273267,37.0138922],[36.6274452,37.014804],[36.6275451,37.0154123],[36.6275621,37.0155337],[36.6276619,37.0159084],[36.6277991,37.0168148]]}},{"type":"Feature","properties":{"kind":"road","highway":"residential","motorable":true,"name":null,"ref":null,"bridge":false,"osm_id":803223769},"geometry":{"type":"LineString","coordinates":[[36.6284944,37.0167469],[36.6283889,37.0158429],[36.6282265,37.014543]]}},{"type":"Feature","properties":{"kind":"road","highway":"residential","motorable":true,"name":null,"ref":null,"bridge":false,"osm_id":803223770},"geometry":{"type":"LineString","coordinates":[[36.6293013,37.0166502],[36.6291844,37.0157506],[36.6291314,37.0154266],[36.6291111,37.0152967],[36.6289709,37.0142909],[36.6287813,37.0127855],[36.6287533,37.0125796],[36.6286974,37.0122467],[36.6285631,37.0116988],[36.6284199,37.0105961],[36.6284044,37.0104368],[36.6283859,37.0101844],[36.6282907,37.0095447],[36.6282207,37.0090865]]}},{"type":"Feature","properties":{"kind":"road","highway":"tertiary","motorable":true,"name":null,"ref":null,"bridge":false,"osm_id":803223771},"geometry":{"type":"LineString","coordinates":[[36.6272489,37.0169393],[36.6271911,37.0169596],[36.6267596,37.0171211],[36.6265929,37.0171824],[36.6264017,37.0172739],[36.6261738,37.0174154],[36.6260583,37.0174991]]}},{"type":"Feature","properties":{"kind":"road","highway":"tertiary","motorable":true,"name":null,"ref":null,"bridge":false,"osm_id":803223772},"geometry":{"type":"LineString","coordinates":[[36.6259507,37.0173942],[36.6260666,37.0173092],[36.6264105,37.0171545],[36.626601,37.017071],[36.6266937,37.0170332],[36.6271562,37.0168825],[36.6272351,37.0168701]]}},{"type":"Feature","properties":{"kind":"road","highway":"secondary","motorable":true,"name":"Gaziantep-Antakya yolu","ref":null,"bridge":false,"osm_id":803223773},"geometry":{"type":"LineString","coordinates":[[36.6310277,37.0254293],[36.6313046,37.0258637],[36.631381,37.0260047],[36.6317883,37.0266224],[36.6320164,37.0269802],[36.6325853,37.0279315],[36.6329261,37.0284864],[36.6329519,37.0285268],[36.6332518,37.0290886],[36.6336235,37.0298015],[36.6339131,37.0305375],[36.6339921,37.0308576],[36.6340394,37.0311373],[36.6340703,37.0314281],[36.6340777,37.0318179],[36.6340712,37.0321685],[36.6339847,37.0339439],[36.633881,37.0360723],[36.6338823,37.0361858]]}},{"type":"Feature","properties":{"kind":"road","highway":"residential","motorable":true,"name":null,"ref":null,"bridge":false,"osm_id":803223774},"geometry":{"type":"LineString","coordinates":[[36.6310277,37.0254293],[36.631285,37.0253796],[36.6321809,37.0252297],[36.6323951,37.0251765],[36.6324723,37.0251611],[36.6331853,37.0250337]]}},{"type":"Feature","properties":{"kind":"road","highway":"secondary","motorable":true,"name":"Gaziantep-Antakya yolu","ref":null,"bridge":false,"osm_id":803223775},"geometry":{"type":"LineString","coordinates":[[36.6309432,37.0254416],[36.6306689,37.0248735],[36.6305212,37.0243897],[36.6304183,37.0239595],[36.6303279,37.0237015],[36.6301997,37.0233983],[36.6301064,37.0232186],[36.6300129,37.0230384],[36.6297757,37.0225883],[36.6297478,37.022543],[36.6292171,37.0215641],[36.6285921,37.0206707],[36.6284213,37.0204254],[36.6283937,37.0203858],[36.6278046,37.0195427],[36.6274291,37.0190052],[36.6270788,37.018504],[36.6270365,37.0184434],[36.6265844,37.0179565],[36.6260583,37.0174991],[36.626039,37.0174791],[36.6259507,37.0173942],[36.6258595,37.0173073],[36.6255722,37.0170138],[36.6255222,37.0169459],[36.6252603,37.0165903],[36.6251404,37.016387],[36.6248894,37.0159462],[36.62366,37.0141464],[36.6230891,37.013352],[36.622905,37.0130525],[36.6223065,37.0120792]]}},{"type":"Feature","properties":{"kind":"road","highway":"residential","motorable":true,"name":null,"ref":null,"bridge":false,"osm_id":803237640},"geometry":{"type":"LineString","coordinates":[[36.6456075,37.0294477],[36.6448815,37.0293857],[36.6443549,37.0293407],[36.6439004,37.0292924],[36.6431385,37.0292036],[36.6421945,37.0291126],[36.6415557,37.0290319],[36.6408041,37.0289369]]}},{"type":"Feature","properties":{"kind":"road","highway":"residential","motorable":true,"name":null,"ref":null,"bridge":false,"osm_id":803237644},"geometry":{"type":"LineString","coordinates":[[36.6427934,37.026808],[36.6421447,37.0267256],[36.6414972,37.0266435],[36.6405135,37.0265185]]}},{"type":"Feature","properties":{"kind":"road","highway":"residential","motorable":true,"name":null,"ref":null,"bridge":false,"osm_id":803237645},"geometry":{"type":"LineString","coordinates":[[36.6419068,37.0279783],[36.6421447,37.0267256]]}},{"type":"Feature","properties":{"kind":"road","highway":"residential","motorable":true,"name":null,"ref":null,"bridge":false,"osm_id":803237646},"geometry":{"type":"LineString","coordinates":[[36.6412159,37.0278831],[36.641361,37.0272437],[36.6414972,37.0266435],[36.6416363,37.0260304]]}},{"type":"Feature","properties":{"kind":"road","highway":"residential","motorable":true,"name":null,"ref":null,"bridge":false,"osm_id":803237647},"geometry":{"type":"LineString","coordinates":[[36.6414837,37.0253583],[36.6416512,37.0244626],[36.6417293,37.0240451]]}},{"type":"Feature","properties":{"kind":"road","highway":"residential","motorable":true,"name":null,"ref":null,"bridge":false,"osm_id":803237648},"geometry":{"type":"LineString","coordinates":[[36.6407365,37.025282],[36.6408375,37.0247169],[36.6409661,37.023998]]}},{"type":"Feature","properties":{"kind":"road","highway":"residential","motorable":true,"name":null,"ref":null,"bridge":false,"osm_id":803237649},"geometry":{"type":"LineString","coordinates":[[36.6411764,37.024011],[36.6413683,37.0228388]]}},{"type":"Feature","properties":{"kind":"road","highway":"residential","motorable":true,"name":null,"ref":null,"bridge":false,"osm_id":803237650},"geometry":{"type":"LineString","coordinates":[[36.6390371,37.0226516],[36.6391527,37.0226749],[36.639266,37.0226862],[36.6398227,37.0227198],[36.640582,37.0227656],[36.6413683,37.0228388],[36.6421316,37.0229244],[36.6427846,37.0229857],[36.642864,37.0230025],[36.6428967,37.023036],[36.6429154,37.0230715],[36.6429136,37.0231321],[36.642913,37.0231498],[36.6428237,37.023649],[36.642794,37.0238153],[36.6427009,37.0243081]]}},{"type":"Feature","properties":{"kind":"road","highway":"residential","motorable":true,"name":null,"ref":null,"bridge":false,"osm_id":803237653},"geometry":{"type":"LineString","coordinates":[[36.6423721,37.0222696],[36.6423599,37.0221626],[36.6423152,37.0219386],[36.6422217,37.0214874],[36.6422019,37.0214399],[36.6421363,37.0212829],[36.6419641,37.0207798],[36.6419521,37.0207452],[36.6419055,37.020611],[36.6415677,37.0196374]]}},{"type":"Feature","properties":{"kind":"road","highway":"track","motorable":true,"name":null,"ref":null,"bridge":false,"osm_id":803237654},"geometry":{"type":"LineString","coordinates":[[36.6387702,37.0211562],[36.6388189,37.0208415],[36.638811,37.0207342],[36.6389837,37.0200583],[36.6390395,37.019887],[36.6391253,37.0191777],[36.6392313,37.0189219]]}},{"type":"Feature","properties":{"kind":"road","highway":"tertiary","motorable":true,"name":null,"ref":null,"bridge":false,"osm_id":803237660},"geometry":{"type":"LineString","coordinates":[[36.6321532,37.0163402],[36.6324859,37.0169958],[36.6326569,37.0173365],[36.6331165,37.0181579],[36.6331675,37.0182805],[36.633197,37.0183758],[36.6332574,37.0187923]]}},{"type":"Feature","properties":{"kind":"road","highway":"residential","motorable":true,"name":null,"ref":null,"bridge":false,"osm_id":803237661},"geometry":{"type":"LineString","coordinates":[[36.6318467,37.016354],[36.6318356,37.0169511],[36.6318289,37.0173155],[36.6318239,37.0175835],[36.6318036,37.0176224],[36.6317304,37.0176776],[36.6312452,37.0179],[36.630214,37.0183398],[36.6301015,37.0183834],[36.6297952,37.0185021],[36.6296051,37.0186544],[36.6294986,37.0187797],[36.6290015,37.0194]]}},{"type":"Feature","properties":{"kind":"road","highway":"residential","motorable":true,"name":null,"ref":null,"bridge":false,"osm_id":803237662},"geometry":{"type":"LineString","coordinates":[[36.6296051,37.0186544],[36.6291525,37.0181023],[36.6290191,37.0179592],[36.6288388,37.0177545],[36.6286667,37.0175422],[36.6285238,37.0174101],[36.6282644,37.0170271],[36.6281652,37.0169158],[36.6279781,37.0168259],[36.6279273,37.0168087]]}},{"type":"Feature","properties":{"kind":"road","highway":"residential","motorable":true,"name":null,"ref":null,"bridge":false,"osm_id":803237663},"geometry":{"type":"LineString","coordinates":[[36.6285238,37.0174101],[36.6293599,37.0172745],[36.6309693,37.017071],[36.6310028,37.0170664],[36.6318356,37.0169511]]}},{"type":"Feature","properties":{"kind":"road","highway":"residential","motorable":true,"name":null,"ref":null,"bridge":false,"osm_id":803237664},"geometry":{"type":"LineString","coordinates":[[36.6304621,37.0137831],[36.6306172,37.0146486],[36.6306187,37.0146604],[36.630736,37.0155727],[36.630846,37.0164657],[36.6310028,37.0170664],[36.6310915,37.0174666],[36.6312452,37.0179],[36.6313268,37.01818],[36.6313509,37.0183303],[36.631345,37.0184597],[36.6313483,37.0186291],[36.6313644,37.0187619],[36.6314826,37.019294]]}},{"type":"Feature","properties":{"kind":"road","highway":"residential","motorable":true,"name":null,"ref":null,"bridge":false,"osm_id":803237665},"geometry":{"type":"LineString","coordinates":[[36.6330831,37.0189697],[36.6328997,37.0189304],[36.6327627,37.018909],[36.6326113,37.0188739],[36.6325213,37.0189104],[36.6323771,37.0189979],[36.6322832,37.0190665],[36.6321705,37.0191136],[36.6318018,37.0192085],[36.6314826,37.019294],[36.6313592,37.0193401],[36.6312827,37.0193733],[36.6311003,37.0194434],[36.630979,37.0195271],[36.6309282,37.0195667],[36.6308358,37.0196471],[36.6306418,37.0197757],[36.6305022,37.0198974],[36.6302501,37.0200751],[36.6301848,37.0201302],[36.6297596,37.0204268]]}},{"type":"Feature","properties":{"kind":"road","highway":"residential","motorable":true,"name":null,"ref":null,"bridge":false,"osm_id":803237666},"geometry":{"type":"LineString","coordinates":[[36.629846,37.0205259],[36.6289628,37.0209798]]}},{"type":"Feature","properties":{"kind":"road","highway":"residential","motorable":true,"name":null,"ref":null,"bridge":false,"osm_id":803237667},"geometry":{"type":"LineString","coordinates":[[36.6332574,37.0187923],[36.6333168,37.0189765],[36.6333618,37.0194627],[36.6334026,37.0199039],[36.6334493,37.0204746]]}},{"type":"Feature","properties":{"kind":"road","highway":"residential","motorable":true,"name":null,"ref":null,"bridge":false,"osm_id":803237668},"geometry":{"type":"LineString","coordinates":[[36.6329573,37.0234649],[36.6330553,37.0234223],[36.6334321,37.0232223],[36.6338853,37.0229558],[36.6339757,37.0229027],[36.6346002,37.0225443],[36.6351863,37.0222392]]}},{"type":"Feature","properties":{"kind":"road","highway":"residential","motorable":true,"name":null,"ref":null,"bridge":false,"osm_id":803237669},"geometry":{"type":"LineString","coordinates":[[36.632949,37.0240644],[36.6341829,37.0238137]]}},{"type":"Feature","properties":{"kind":"road","highway":"residential","motorable":true,"name":null,"ref":null,"bridge":false,"osm_id":803237670},"geometry":{"type":"LineString","coordinates":[[36.6307415,37.0247201],[36.6310392,37.0246918],[36.6312161,37.0246663],[36.6316656,37.0246126],[36.631837,37.0245851],[36.632004,37.0245564],[36.6330118,37.0244006],[36.6342669,37.0241883],[36.6354318,37.0240238],[36.6355307,37.0240123],[36.6355876,37.0240301]]}},{"type":"Feature","properties":{"kind":"road","highway":"residential","motorable":true,"name":null,"ref":null,"bridge":false,"osm_id":803237671},"geometry":{"type":"LineString","coordinates":[[36.6379849,37.0268641],[36.6380411,37.0267917],[36.6380952,37.0267209],[36.6381162,37.026665],[36.6381896,37.0261559],[36.6382166,37.0258858],[36.638191,37.0258205],[36.6381501,37.0257693],[36.6381209,37.0257012],[36.6381069,37.0255856],[36.6381232,37.0251737],[36.6381034,37.0250101]]}},{"type":"Feature","properties":{"kind":"road","highway":"tertiary","motorable":true,"name":null,"ref":null,"bridge":false,"osm_id":803237672},"geometry":{"type":"LineString","coordinates":[[36.6376952,37.0258564],[36.6377643,37.0258197],[36.637805,37.0257844],[36.6378439,37.0257265],[36.6378622,37.0256865],[36.6378846,37.0256375],[36.6379299,37.0255086]]}},{"type":"Feature","properties":{"kind":"road","highway":"tertiary","motorable":true,"name":null,"ref":null,"bridge":false,"osm_id":803237673},"geometry":{"type":"LineString","coordinates":[[36.6382049,37.0256544],[36.6381005,37.0257364],[36.6379996,37.0258013],[36.6379271,37.0258409],[36.6378368,37.025879],[36.637766,37.0259101],[36.6376775,37.0259341]]}},{"type":"Feature","properties":{"kind":"road","highway":"residential","motorable":true,"name":null,"ref":null,"bridge":false,"osm_id":803237674},"geometry":{"type":"LineString","coordinates":[[36.6378444,37.0333965],[36.6379548,37.0329819],[36.6381,37.0324854]]}},{"type":"Feature","properties":{"kind":"road","highway":"residential","motorable":true,"name":null,"ref":null,"bridge":false,"osm_id":803237675},"geometry":{"type":"LineString","coordinates":[[36.6380581,37.0324782],[36.6383164,37.0313892],[36.6384631,37.0308616],[36.6385154,37.0307377],[36.6386137,37.0305726],[36.6388543,37.0301065],[36.6388948,37.0300095],[36.6389039,37.0299878],[36.6389499,37.0298296],[36.6390633,37.0293683]]}},{"type":"Feature","properties":{"kind":"road","highway":"residential","motorable":true,"name":null,"ref":null,"bridge":false,"osm_id":803237676},"geometry":{"type":"LineString","coordinates":[[36.6391208,37.0293745],[36.6394335,37.0277856],[36.6397291,37.0263628]]}},{"type":"Feature","properties":{"kind":"road","highway":"residential","motorable":true,"name":null,"ref":null,"bridge":false,"osm_id":803237677},"geometry":{"type":"LineString","coordinates":[[36.6403666,37.0271191],[36.641361,37.0272437]]}},{"type":"Feature","properties":{"kind":"road","highway":"tertiary","motorable":true,"name":null,"ref":null,"bridge":false,"osm_id":803237678},"geometry":{"type":"LineString","coordinates":[[36.6376775,37.0259341],[36.6374602,37.0259483],[36.6373275,37.0259568],[36.6372567,37.0259652],[36.6372107,37.025978],[36.6371611,37.0260048],[36.6371133,37.0260429],[36.6370868,37.0260881],[36.6370833,37.02618],[36.6370892,37.0262944],[36.6370275,37.0264199]]}},{"type":"Feature","properties":{"kind":"road","highway":"tertiary","motorable":true,"name":null,"ref":null,"bridge":false,"osm_id":803237679},"geometry":{"type":"LineString","coordinates":[[36.6370275,37.0264199],[36.6370017,37.026302],[36.6370047,37.0260701],[36.6370178,37.0259991],[36.637062,37.0259455],[36.6370701,37.0259445],[36.6371169,37.0259158],[36.6371841,37.0259002],[36.637354,37.0258889],[36.6375752,37.0258791],[36.6376389,37.0258706],[36.6376952,37.0258564]]}},{"type":"Feature","properties":{"kind":"road","highway":"tertiary","motorable":true,"name":null,"ref":null,"bridge":false,"osm_id":803237680},"geometry":{"type":"LineString","coordinates":[[36.6379299,37.0255086],[36.6380104,37.0251511],[36.6380586,37.0250916],[36.6381034,37.0250101]]}},{"type":"Feature","properties":{"kind":"road","highway":"tertiary","motorable":true,"name":null,"ref":null,"bridge":false,"osm_id":803237681},"geometry":{"type":"LineString","coordinates":[[36.638134,37.0259912],[36.6380883,37.0258544],[36.6379996,37.0258013],[36.6379223,37.0257367],[36.6378622,37.0256865]]}},{"type":"Feature","properties":{"kind":"road","highway":"residential","motorable":true,"name":null,"ref":null,"bridge":false,"osm_id":803237688},"geometry":{"type":"LineString","coordinates":[[36.6418055,37.0279643],[36.6415557,37.0290319]]}},{"type":"Feature","properties":{"kind":"road","highway":"residential","motorable":true,"name":null,"ref":null,"bridge":false,"osm_id":803237690},"geometry":{"type":"LineString","coordinates":[[36.6395407,37.0241291],[36.6398227,37.0227198]]}},{"type":"Feature","properties":{"kind":"road","highway":"residential","motorable":true,"name":null,"ref":null,"bridge":false,"osm_id":803237693},"geometry":{"type":"LineString","coordinates":[[36.6458494,37.0204002],[36.6453232,37.0205354],[36.6450701,37.0205941],[36.6442723,37.0208169],[36.6436387,37.0210146],[36.6434926,37.0210602],[36.6428243,37.0212687],[36.6422019,37.0214399],[36.6420758,37.0214653],[36.6418016,37.0215022],[36.6416876,37.0215046],[36.6408725,37.0214247]]}},{"type":"Feature","properties":{"kind":"road","highway":"residential","motorable":true,"name":null,"ref":null,"bridge":false,"osm_id":803237696},"geometry":{"type":"LineString","coordinates":[[36.6406683,37.0295422],[36.6405132,37.0302037],[36.640504,37.0302258],[36.6404919,37.0302546],[36.6397937,37.0313895],[36.6395187,37.0319753],[36.639462,37.0320911],[36.6394266,37.0321985],[36.6393143,37.0326895]]}},{"type":"Feature","properties":{"kind":"road","highway":"residential","motorable":true,"name":null,"ref":null,"bridge":false,"osm_id":803237697},"geometry":{"type":"LineString","coordinates":[[36.641243,37.0303169],[36.640504,37.0302258],[36.6396851,37.0301157],[36.6388948,37.0300095]]}},{"type":"Feature","properties":{"kind":"road","highway":"residential","motorable":true,"name":null,"ref":null,"bridge":false,"osm_id":803237698},"geometry":{"type":"LineString","coordinates":[[36.6383012,37.0334246],[36.6383561,37.0331596],[36.6383876,37.0330504],[36.6385961,37.0325481],[36.6387542,37.0318735],[36.6388214,37.0317295],[36.6388674,37.0316249],[36.6392081,37.0309901],[36.6396851,37.0301157]]}},{"type":"Feature","properties":{"kind":"road","highway":"residential","motorable":true,"name":null,"ref":null,"bridge":false,"osm_id":803237699},"geometry":{"type":"LineString","coordinates":[[36.6375128,37.0323818],[36.637411,37.0326792],[36.6373619,37.0328526],[36.6373238,37.0328807],[36.637277,37.0330011],[36.6372315,37.0333447]]}},{"type":"Feature","properties":{"kind":"road","highway":"residential","motorable":true,"name":null,"ref":null,"bridge":false,"osm_id":803237700},"geometry":{"type":"LineString","coordinates":[[36.6367158,37.0328146],[36.6373238,37.0328807],[36.6379548,37.0329819],[36.6382567,37.0330281],[36.6383876,37.0330504]]}},{"type":"Feature","properties":{"kind":"road","highway":"residential","motorable":true,"name":null,"ref":null,"bridge":false,"osm_id":803237701},"geometry":{"type":"LineString","coordinates":[[36.6381834,37.0334251],[36.638176,37.0335746],[36.6382361,37.0339588],[36.6382984,37.0342529],[36.6383737,37.0345948],[36.6384137,37.0349379],[36.638452,37.0350268],[36.6388007,37.0355896],[36.6388389,37.0356563],[36.638976,37.0360277],[36.6391856,37.03663]]}},{"type":"Feature","properties":{"kind":"road","highway":"service","motorable":true,"name":null,"ref":null,"bridge":false,"osm_id":804462099},"geometry":{"type":"LineString","coordinates":[[36.6363781,37.0343185],[36.6369835,37.0344366]]}},{"type":"Feature","properties":{"kind":"road","highway":"residential","motorable":true,"name":null,"ref":null,"bridge":false,"osm_id":804462100},"geometry":{"type":"LineString","coordinates":[[36.6407888,37.0343457],[36.6405722,37.0343638],[36.6404623,37.0343745],[36.6398427,37.0344859]]}},{"type":"Feature","properties":{"kind":"road","highway":"service","motorable":true,"name":null,"ref":null,"bridge":false,"osm_id":804462101},"geometry":{"type":"LineString","coordinates":[[36.6369891,37.0316014],[36.6371229,37.0315995],[36.6371712,37.0316317],[36.637198,37.0316638],[36.6379839,37.031803]]}},{"type":"Feature","properties":{"kind":"road","highway":"residential","motorable":true,"name":null,"ref":null,"bridge":false,"osm_id":804462102},"geometry":{"type":"LineString","coordinates":[[36.6402869,37.033586],[36.6403541,37.0328892]]}},{"type":"Feature","properties":{"kind":"road","highway":"residential","motorable":true,"name":null,"ref":null,"bridge":false,"osm_id":804462103},"geometry":{"type":"LineString","coordinates":[[36.6414908,37.0341783],[36.6414922,37.0339677],[36.6414896,37.033927],[36.641452,37.0339099],[36.6408653,37.0338564],[36.6404515,37.0338221]]}},{"type":"Feature","properties":{"kind":"road","highway":"residential","motorable":true,"name":null,"ref":null,"bridge":false,"osm_id":804462128},"geometry":{"type":"LineString","coordinates":[[36.6389951,37.034625],[36.6389795,37.0345468],[36.6389585,37.0344541],[36.6389334,37.0342835],[36.6389103,37.0339877],[36.6388789,37.0336324],[36.6388414,37.033483]]}},{"type":"Feature","properties":{"kind":"road","highway":"residential","motorable":true,"name":null,"ref":null,"bridge":false,"osm_id":804462129},"geometry":{"type":"LineString","coordinates":[[36.6382984,37.0342529],[36.637851,37.034322],[36.637654,37.0343464]]}},{"type":"Feature","properties":{"kind":"road","highway":"residential","motorable":true,"name":null,"ref":null,"bridge":false,"osm_id":804462130},"geometry":{"type":"LineString","coordinates":[[36.6378007,37.0352041],[36.6377103,37.0349483],[36.6376647,37.0348242],[36.637654,37.0347321],[36.6376433,37.0345694],[36.637654,37.0343464],[36.6376567,37.0342889],[36.637654,37.0340919],[36.6376097,37.0333767]]}},{"type":"Feature","properties":{"kind":"road","highway":"residential","motorable":true,"name":null,"ref":null,"bridge":false,"osm_id":804462131},"geometry":{"type":"LineString","coordinates":[[36.6394152,37.0334979],[36.639378,37.0336792],[36.6393706,37.0338167],[36.6393465,37.033957],[36.6393492,37.0340876],[36.6393679,37.034351],[36.639376,37.0344238],[36.6393733,37.0344559],[36.6393518,37.0344966],[36.6393089,37.0345158],[36.6390836,37.0345715],[36.6390353,37.0345865],[36.6389951,37.034625],[36.638971,37.0346721],[36.6389428,37.0347053],[36.638922,37.0347203],[36.6388905,37.0347342],[36.6387913,37.034777],[36.6385794,37.0348841],[36.6384774,37.0349205],[36.6384137,37.0349379],[36.6383429,37.0349636],[36.6382771,37.0350021],[36.6382226,37.0350211],[36.6381475,37.0350468],[36.6380537,37.0350747],[36.6378713,37.0351603],[36.6378007,37.0352041],[36.6377747,37.0352203],[36.6375694,37.0354053],[36.6374877,37.0354494],[36.6369313,37.0358145]]}},{"type":"Feature","properties":{"kind":"road","highway":"residential","motorable":true,"name":null,"ref":null,"bridge":false,"osm_id":804462132},"geometry":{"type":"LineString","coordinates":[[36.6431409,37.0341185],[36.6429836,37.0341647],[36.6428173,37.0341968],[36.6425356,37.0342204],[36.6422808,37.0342289],[36.6420367,37.0342289],[36.6417041,37.0341989],[36.6414908,37.0341783],[36.6413286,37.0341625],[36.6408232,37.0340896],[36.6397676,37.0339698]]}},{"type":"Feature","properties":{"kind":"road","highway":"residential","motorable":true,"name":null,"ref":null,"bridge":false,"osm_id":804462133},"geometry":{"type":"LineString","coordinates":[[36.6412467,37.0345021],[36.6412686,37.0343249]]}},{"type":"Feature","properties":{"kind":"road","highway":"residential","motorable":true,"name":null,"ref":null,"bridge":false,"osm_id":804462134},"geometry":{"type":"LineString","coordinates":[[36.6432615,37.0342465],[36.6431257,37.034306],[36.6430104,37.0343381],[36.6428521,37.0343638],[36.6426966,37.0343788],[36.6425383,37.0343895],[36.642364,37.0343938],[36.6421387,37.0344002],[36.641967,37.0343981],[36.6416103,37.034366],[36.6412686,37.0343249],[36.6407958,37.0342682]]}},{"type":"Feature","properties":{"kind":"road","highway":"residential","motorable":true,"name":null,"ref":null,"bridge":false,"osm_id":804462136},"geometry":{"type":"LineString","coordinates":[[36.6434701,37.034432],[36.6434047,37.0344687],[36.6432598,37.0345073],[36.642895,37.0345651],[36.6426027,37.0345865],[36.6422915,37.0346015],[36.6420689,37.0346015],[36.6418597,37.0345758],[36.6412467,37.0345021],[36.6407797,37.0344459]]}},{"type":"Feature","properties":{"kind":"road","highway":"residential","motorable":true,"name":null,"ref":null,"bridge":false,"osm_id":804462137},"geometry":{"type":"LineString","coordinates":[[36.6408685,37.03523],[36.6412321,37.0352117],[36.6416103,37.035171],[36.642195,37.0351153],[36.6428763,37.0350468],[36.6432491,37.035004],[36.643807,37.0349291],[36.6440082,37.034897],[36.6441905,37.0348648],[36.6443681,37.034811]]}},{"type":"Feature","properties":{"kind":"road","highway":"residential","motorable":true,"name":null,"ref":null,"bridge":false,"osm_id":804462138},"geometry":{"type":"LineString","coordinates":[[36.6404109,37.0355019],[36.6397024,37.0357737]]}},{"type":"Feature","properties":{"kind":"road","highway":"residential","motorable":true,"name":null,"ref":null,"bridge":false,"osm_id":804462139},"geometry":{"type":"LineString","coordinates":[[36.6400779,37.034985],[36.6404109,37.0355019],[36.6406366,37.0359071]]}},{"type":"Feature","properties":{"kind":"road","highway":"residential","motorable":true,"name":null,"ref":null,"bridge":false,"osm_id":804462143},"geometry":{"type":"LineString","coordinates":[[36.6358134,37.0355319],[36.636798,37.0357593],[36.6368758,37.0357871],[36.6369313,37.0358145],[36.636967,37.0358321],[36.6370287,37.0358728],[36.63738,37.036248],[36.6374486,37.0363868],[36.6375019,37.0364074],[36.6378312,37.0367723],[36.6379277,37.0368925],[36.6379947,37.0369837],[36.6383693,37.0374539],[36.6385642,37.0376848],[36.6389867,37.0383307]]}},{"type":"Feature","properties":{"kind":"road","highway":"residential","motorable":true,"name":null,"ref":null,"bridge":false,"osm_id":804462145},"geometry":{"type":"LineString","coordinates":[[36.6381336,37.0359959],[36.6380758,37.0359401],[36.6380242,37.0358996],[36.6379973,37.0358651],[36.6375694,37.0354053]]}},{"type":"Feature","properties":{"kind":"road","highway":"residential","motorable":true,"name":null,"ref":null,"bridge":false,"osm_id":804462146},"geometry":{"type":"LineString","coordinates":[[36.6437976,37.0345844],[36.6436943,37.0346293],[36.6435924,37.0346507],[36.6433161,37.0346743],[36.6431713,37.0346914],[36.6430372,37.0347128],[36.6428629,37.0347342],[36.6427127,37.0347535],[36.6425329,37.0347663],[36.6422594,37.034792],[36.6420636,37.0348177],[36.6419992,37.0348113],[36.6409585,37.0347685],[36.6407836,37.03476],[36.6407064,37.0347685],[36.6406178,37.0347899],[36.6400779,37.034985],[36.6398829,37.0350554],[36.6393322,37.0353114],[36.6388007,37.0355896],[36.6383836,37.0358369],[36.6381336,37.0359959],[36.6375019,37.0364074]]}},{"type":"Feature","properties":{"kind":"road","highway":"residential","motorable":true,"name":null,"ref":null,"bridge":false,"osm_id":804467224},"geometry":{"type":"LineString","coordinates":[[36.6315653,37.0238142],[36.6311842,37.0239395],[36.6310286,37.0239782],[36.6305905,37.0240792]]}},{"type":"Feature","properties":{"kind":"road","highway":"residential","motorable":true,"name":null,"ref":null,"bridge":false,"osm_id":804467225},"geometry":{"type":"LineString","coordinates":[[36.6339866,37.0284361],[36.6339001,37.0280207],[36.6338715,37.0277615],[36.6332165,37.0278793]]}},{"type":"Feature","properties":{"kind":"road","highway":"residential","motorable":true,"name":null,"ref":null,"bridge":false,"osm_id":804467226},"geometry":{"type":"LineString","coordinates":[[36.6349641,37.0277736],[36.6339001,37.0280207]]}},{"type":"Feature","properties":{"kind":"road","highway":"residential","motorable":true,"name":null,"ref":null,"bridge":false,"osm_id":804467227},"geometry":{"type":"LineString","coordinates":[[36.6308994,37.0250694],[36.6318104,37.0250101],[36.6321496,37.0249677],[36.6322426,37.0249608],[36.6323093,37.0249559],[36.632527,37.0249099]]}},{"type":"Feature","properties":{"kind":"road","highway":"residential","motorable":true,"name":null,"ref":null,"bridge":false,"osm_id":804467228},"geometry":{"type":"LineString","coordinates":[[36.632579,37.0255483],[36.6313046,37.0258637]]}},{"type":"Feature","properties":{"kind":"road","highway":"residential","motorable":true,"name":null,"ref":null,"bridge":false,"osm_id":804467229},"geometry":{"type":"LineString","coordinates":[[36.6326974,37.0259338],[36.6326257,37.0256821],[36.632579,37.0255483],[36.6324723,37.0251611]]}},{"type":"Feature","properties":{"kind":"road","highway":"residential","motorable":true,"name":null,"ref":null,"bridge":false,"osm_id":804467230},"geometry":{"type":"LineString","coordinates":[[36.6328215,37.0263424],[36.6325117,37.026421],[36.6317883,37.0266224]]}},{"type":"Feature","properties":{"kind":"road","highway":"residential","motorable":true,"name":null,"ref":null,"bridge":false,"osm_id":804467231},"geometry":{"type":"LineString","coordinates":[[36.633366,37.0257286],[36.6326974,37.0259338],[36.6327897,37.0262377],[36.6328215,37.0263424],[36.6329388,37.0267018]]}},{"type":"Feature","properties":{"kind":"road","highway":"residential","motorable":true,"name":"\u0130smet Can","ref":null,"bridge":false,"osm_id":804467232},"geometry":{"type":"LineString","coordinates":[[36.6314851,37.023483],[36.631559,37.0228634]]}},{"type":"Feature","properties":{"kind":"road","highway":"residential","motorable":true,"name":"De\u011firmen","ref":null,"bridge":false,"osm_id":804467233},"geometry":{"type":"LineString","coordinates":[[36.6335562,37.0221171],[36.6332682,37.0222777],[36.6330939,37.0223977],[36.6329732,37.022479],[36.6328954,37.0225154],[36.6327962,37.0225497],[36.6326513,37.0225925],[36.6320479,37.0227467]]}},{"type":"Feature","properties":{"kind":"road","highway":"residential","motorable":true,"name":null,"ref":null,"bridge":false,"osm_id":804467234},"geometry":{"type":"LineString","coordinates":[[36.6362757,37.020349],[36.6362727,37.0202267],[36.6362458,37.0200982],[36.6362405,37.0199354],[36.6363401,37.0187584]]}},{"type":"Feature","properties":{"kind":"road","highway":"residential","motorable":true,"name":null,"ref":null,"bridge":false,"osm_id":804467235},"geometry":{"type":"LineString","coordinates":[[36.6347587,37.0260802],[36.6344393,37.0255639],[36.6343304,37.0253593],[36.6343384,37.025295],[36.6344122,37.0251772]]}},{"type":"Feature","properties":{"kind":"road","highway":"residential","motorable":true,"name":null,"ref":null,"bridge":false,"osm_id":804467236},"geometry":{"type":"LineString","coordinates":[[36.633968,37.0232142],[36.635324,37.022491]]}},{"type":"Feature","properties":{"kind":"road","highway":"residential","motorable":true,"name":null,"ref":null,"bridge":false,"osm_id":804467237},"geometry":{"type":"LineString","coordinates":[[36.6340922,37.0236176],[36.6355445,37.0228735]]}},{"type":"Feature","properties":{"kind":"road","highway":"residential","motorable":true,"name":null,"ref":null,"bridge":false,"osm_id":804467238},"geometry":{"type":"LineString","coordinates":[[36.635319,37.0250881],[36.6344953,37.0252265],[36.6344611,37.0252222],[36.634435,37.0252083],[36.6344122,37.0251772],[36.6343558,37.0248655],[36.6343042,37.0245449],[36.6342669,37.0241883],[36.6341829,37.0238137],[36.6340922,37.0236176],[36.6340809,37.0235669],[36.633968,37.0232142],[36.6338853,37.0229558]]}},{"type":"Feature","properties":{"kind":"road","highway":"residential","motorable":true,"name":null,"ref":null,"bridge":false,"osm_id":804467239},"geometry":{"type":"LineString","coordinates":[[36.6359882,37.0249387],[36.6353195,37.0250268]]}},{"type":"Feature","properties":{"kind":"road","highway":"residential","motorable":true,"name":null,"ref":null,"bridge":false,"osm_id":804467240},"geometry":{"type":"LineString","coordinates":[[36.6359303,37.0246038],[36.6359882,37.0249387],[36.6360405,37.0252419],[36.6361292,37.0259289]]}},{"type":"Feature","properties":{"kind":"road","highway":"residential","motorable":true,"name":null,"ref":null,"bridge":false,"osm_id":804467241},"geometry":{"type":"LineString","coordinates":[[36.6351475,37.0243534],[36.6352538,37.0247312],[36.6353195,37.0250268],[36.635319,37.0250881],[36.6353986,37.0253322],[36.635422,37.0253899],[36.6354448,37.0255922]]}},{"type":"Feature","properties":{"kind":"road","highway":"residential","motorable":true,"name":null,"ref":null,"bridge":false,"osm_id":804467242},"geometry":{"type":"LineString","coordinates":[[36.6378859,37.0243471],[36.6362957,37.0245597],[36.6359303,37.0246038],[36.6352538,37.0247312]]}},{"type":"Feature","properties":{"kind":"road","highway":"residential","motorable":true,"name":null,"ref":null,"bridge":false,"osm_id":804467243},"geometry":{"type":"LineString","coordinates":[[36.6379721,37.0234914],[36.6371203,37.0235799]]}},{"type":"Feature","properties":{"kind":"road","highway":"residential","motorable":true,"name":null,"ref":null,"bridge":false,"osm_id":804467244},"geometry":{"type":"LineString","coordinates":[[36.6365832,37.0240964],[36.6379272,37.0239152]]}},{"type":"Feature","properties":{"kind":"road","highway":"residential","motorable":true,"name":null,"ref":null,"bridge":false,"osm_id":804467245},"geometry":{"type":"LineString","coordinates":[[36.6381891,37.0226527],[36.6380537,37.0227108],[36.6379786,37.0227836],[36.6371203,37.0235799],[36.6365832,37.0240964],[36.6362662,37.0244398]]}},{"type":"Feature","properties":{"kind":"road","highway":"residential","motorable":true,"name":null,"ref":null,"bridge":false,"osm_id":804467246},"geometry":{"type":"LineString","coordinates":[[36.6358718,37.0233647],[36.6366458,37.0226817],[36.6374847,37.0220036],[36.6376424,37.0218903],[36.6377985,37.0217788]]}},{"type":"Feature","properties":{"kind":"road","highway":"service","motorable":true,"name":null,"ref":null,"bridge":false,"osm_id":804467247},"geometry":{"type":"LineString","coordinates":[[36.635657,37.0230701],[36.636496,37.0223039]]}},{"type":"Feature","properties":{"kind":"road","highway":"residential","motorable":true,"name":null,"ref":null,"bridge":false,"osm_id":804467248},"geometry":{"type":"LineString","coordinates":[[36.6370583,37.0185013],[36.6369476,37.0192307],[36.6368383,37.0202149],[36.636851,37.0205948],[36.6368537,37.0207447],[36.6368554,37.0208036],[36.6368671,37.0208818],[36.636953,37.0210959],[36.6369744,37.0211538],[36.6369771,37.021188],[36.6369583,37.0212287],[36.6367544,37.021428],[36.6360839,37.0220832],[36.6359232,37.0222452],[36.6358693,37.0222995],[36.6357358,37.0224049],[36.6356239,37.0224933],[36.6354726,37.0226378]]}},{"type":"Feature","properties":{"kind":"road","highway":"service","motorable":true,"name":null,"ref":null,"bridge":false,"osm_id":804467249},"geometry":{"type":"LineString","coordinates":[[36.6376207,37.0206498],[36.6378981,37.0203381],[36.6380107,37.0202288],[36.6381288,37.0201496],[36.6382682,37.0200618],[36.6383004,37.0200211],[36.6382951,37.0199569],[36.6382468,37.0199269]]}},{"type":"Feature","properties":{"kind":"road","highway":"residential","motorable":true,"name":null,"ref":null,"bridge":false,"osm_id":804467250},"geometry":{"type":"LineString","coordinates":[[36.6389013,37.0190327],[36.6388438,37.019046],[36.6388127,37.0190553],[36.6386732,37.0191324],[36.6384613,37.0192009],[36.6375504,37.0194426]]}},{"type":"Feature","properties":{"kind":"road","highway":"residential","motorable":true,"name":null,"ref":null,"bridge":false,"osm_id":804467251},"geometry":{"type":"LineString","coordinates":[[36.6387108,37.0183057],[36.6385574,37.0183847],[36.6374813,37.0189393]]}},{"type":"Feature","properties":{"kind":"road","highway":"residential","motorable":true,"name":null,"ref":null,"bridge":false,"osm_id":804467252},"geometry":{"type":"LineString","coordinates":[[36.6384935,37.0171654],[36.6384265,37.0174791],[36.6383889,37.017539],[36.6383272,37.0175926],[36.6379222,37.0179074],[36.6377372,37.0180359],[36.6375038,37.0182115],[36.6374367,37.0182714],[36.6373566,37.0183378]]}},{"type":"Feature","properties":{"kind":"road","highway":"residential","motorable":true,"name":null,"ref":null,"bridge":false,"osm_id":804467253},"geometry":{"type":"LineString","coordinates":[[36.6378001,37.0222296],[36.6378149,37.021942],[36.6377985,37.0217788],[36.6378444,37.0213403],[36.6378605,37.0211411],[36.6378605,37.0210662],[36.6378511,37.0210276],[36.6378337,37.0209805],[36.637646,37.0206914],[36.6376207,37.0206498],[36.637603,37.0206186],[36.6375722,37.0205565],[36.6375561,37.0204955],[36.6375239,37.0202213],[36.6374997,37.0201266],[36.6375266,37.0199772],[36.6375504,37.0194426],[36.6375521,37.0194043],[36.6375467,37.0192544],[36.6375333,37.0191324],[36.6374958,37.0189996],[36.6374813,37.0189393],[36.6374502,37.018809],[36.637426,37.0186526],[36.6373686,37.0184053],[36.6373566,37.0183378],[36.6372275,37.0176118]]}},{"type":"Feature","properties":{"kind":"road","highway":"residential","motorable":true,"name":null,"ref":null,"bridge":false,"osm_id":804467254},"geometry":{"type":"LineString","coordinates":[[36.6325313,37.020779],[36.6322413,37.0203833],[36.6320746,37.0202026],[36.6319833,37.0200969],[36.6317077,37.019842],[36.6315576,37.0197109],[36.631508,37.0196601],[36.6314452,37.0195781],[36.6312827,37.0193733]]}},{"type":"Feature","properties":{"kind":"road","highway":"residential","motorable":true,"name":null,"ref":null,"bridge":false,"osm_id":804467255},"geometry":{"type":"LineString","coordinates":[[36.6341867,37.0198474],[36.6342445,37.0201215],[36.6342821,37.020385],[36.6343304,37.0208026]]}},{"type":"Feature","properties":{"kind":"road","highway":"residential","motorable":true,"name":null,"ref":null,"bridge":false,"osm_id":804467256},"geometry":{"type":"LineString","coordinates":[[36.6304337,37.0211523],[36.629945,37.0213076]]}},{"type":"Feature","properties":{"kind":"road","highway":"residential","motorable":true,"name":null,"ref":null,"bridge":false,"osm_id":804467257},"geometry":{"type":"LineString","coordinates":[[36.6309145,37.0216357],[36.6304921,37.021873],[36.6303701,37.0219083],[36.6301919,37.0219212],[36.6301341,37.0219207],[36.6300766,37.0219169],[36.630026,37.0219106],[36.629976,37.0219016],[36.6297993,37.0218596],[36.6297551,37.0218576],[36.6297108,37.0218585],[36.6296364,37.0218665],[36.6295641,37.0218825]]}},{"type":"Feature","properties":{"kind":"road","highway":"residential","motorable":true,"name":null,"ref":null,"bridge":false,"osm_id":804467258},"geometry":{"type":"LineString","coordinates":[[36.631009,37.0227619],[36.6303915,37.0225925],[36.6302202,37.0225453],[36.6301513,37.0225379],[36.6300816,37.022539],[36.6299227,37.0225586]]}},{"type":"Feature","properties":{"kind":"road","highway":"residential","motorable":true,"name":null,"ref":null,"bridge":false,"osm_id":804467259},"geometry":{"type":"LineString","coordinates":[[36.6311485,37.0224223],[36.6303587,37.0221868],[36.6300099,37.0221222],[36.6299809,37.0221201],[36.6299519,37.0221206],[36.6298996,37.0221281],[36.6297196,37.0221851]]}},{"type":"Feature","properties":{"kind":"road","highway":"residential","motorable":true,"name":null,"ref":null,"bridge":false,"osm_id":804467260},"geometry":{"type":"LineString","coordinates":[[36.631009,37.0227619],[36.6307241,37.0233481]]}},{"type":"Feature","properties":{"kind":"road","highway":"residential","motorable":true,"name":null,"ref":null,"bridge":false,"osm_id":804467261},"geometry":{"type":"LineString","coordinates":[[36.6282594,37.0187633],[36.6286757,37.0186185]]}},{"type":"Feature","properties":{"kind":"road","highway":"residential","motorable":true,"name":null,"ref":null,"bridge":false,"osm_id":804467262},"geometry":{"type":"LineString","coordinates":[[36.6290676,37.0195953],[36.628961,37.0195157],[36.6288376,37.0194343],[36.6287561,37.0193931],[36.6285613,37.0192437],[36.6284916,37.0191838],[36.6284648,37.0191366],[36.6282594,37.0187633],[36.6282421,37.0187319],[36.6281276,37.0185627],[36.6279739,37.0183357],[36.6278231,37.0181332],[36.6277382,37.0180202],[36.6276062,37.0178874],[36.6274727,37.0177856],[36.6273276,37.0176867],[36.6271931,37.0175765],[36.627174,37.0175621],[36.6271265,37.0175262],[36.6270622,37.0174776],[36.6269595,37.0173702],[36.6268392,37.0172176],[36.6267596,37.0171211],[36.6266937,37.0170332],[36.6265455,37.0167853],[36.6264851,37.0166812],[36.626457,37.0166327],[36.6262517,37.0162399],[36.6262242,37.0161813],[36.6262092,37.0161495],[36.6262269,37.0160873],[36.6263473,37.0159177]]}},{"type":"Feature","properties":{"kind":"road","highway":"residential","motorable":true,"name":null,"ref":null,"bridge":false,"osm_id":804467263},"geometry":{"type":"LineString","coordinates":[[36.6278425,37.0193712],[36.6282073,37.0193915],[36.6283709,37.0193958],[36.6285061,37.0193992],[36.6286368,37.0193861],[36.6287561,37.0193931]]}},{"type":"Feature","properties":{"kind":"road","highway":"residential","motorable":true,"name":null,"ref":null,"bridge":false,"osm_id":804467264},"geometry":{"type":"LineString","coordinates":[[36.6321549,37.0220404],[36.6319056,37.0218565],[36.6318546,37.0218222],[36.6316616,37.0216845]]}},{"type":"Feature","properties":{"kind":"road","highway":"residential","motorable":true,"name":null,"ref":null,"bridge":false,"osm_id":804467265},"geometry":{"type":"LineString","coordinates":[[36.6325243,37.0199314],[36.6323804,37.019952],[36.6322141,37.019997],[36.6320505,37.0200548],[36.6319833,37.0200969],[36.6317984,37.0201898],[36.6314568,37.0204641],[36.6309643,37.0208185],[36.6304795,37.0211899]]}},{"type":"Feature","properties":{"kind":"road","highway":"residential","motorable":true,"name":null,"ref":null,"bridge":false,"osm_id":804467266},"geometry":{"type":"LineString","coordinates":[[36.6312143,37.02023],[36.6317077,37.019842]]}},{"type":"Feature","properties":{"kind":"road","highway":"residential","motorable":true,"name":null,"ref":null,"bridge":false,"osm_id":804467267},"geometry":{"type":"LineString","coordinates":[[36.6300877,37.0191905],[36.6303607,37.019498],[36.6306418,37.0197757],[36.6312143,37.02023],[36.6314568,37.0204641],[36.631924,37.0209318],[36.6322985,37.0213051],[36.6324044,37.0213933],[36.6328095,37.0218048]]}},{"type":"Feature","properties":{"kind":"road","highway":"residential","motorable":true,"name":null,"ref":null,"bridge":false,"osm_id":804467268},"geometry":{"type":"LineString","coordinates":[[36.6252472,37.0201876],[36.6246678,37.0201991]]}},{"type":"Feature","properties":{"kind":"road","highway":"residential","motorable":true,"name":null,"ref":null,"bridge":false,"osm_id":804467269},"geometry":{"type":"LineString","coordinates":[[36.6251678,37.0195026],[36.624592,37.0195131]]}},{"type":"Feature","properties":{"kind":"road","highway":"residential","motorable":true,"name":null,"ref":null,"bridge":false,"osm_id":804467270},"geometry":{"type":"LineString","coordinates":[[36.6251594,37.0208407],[36.6250346,37.0208108],[36.6248543,37.0207636],[36.6247108,37.0207498],[36.6246578,37.0207358],[36.6246511,37.0206813],[36.6246525,37.0203194],[36.6246678,37.0201991],[36.6246129,37.0199317],[36.6245981,37.0197978],[36.6245941,37.0197101],[36.6245941,37.0195719],[36.624592,37.0195131],[36.6245968,37.0194113],[36.6246062,37.0192539],[36.6245866,37.0188393],[36.6245723,37.0186881]]}},{"type":"Feature","properties":{"kind":"road","highway":"residential","motorable":true,"name":null,"ref":null,"bridge":false,"osm_id":804467271},"geometry":{"type":"LineString","coordinates":[[36.6247423,37.0212145],[36.6248543,37.0207636]]}},{"type":"Feature","properties":{"kind":"road","highway":"residential","motorable":true,"name":null,"ref":null,"bridge":false,"osm_id":804467272},"geometry":{"type":"LineString","coordinates":[[36.6250958,37.0189452],[36.6251306,37.0191147],[36.625147,37.0192527],[36.6251678,37.0195026],[36.6251985,37.0196198],[36.6252419,37.0201405],[36.6252472,37.0201876],[36.625235,37.020252],[36.6252553,37.0203075],[36.6252459,37.0204017],[36.6251887,37.0206582],[36.6251594,37.0208407],[36.6251426,37.0209393],[36.6251108,37.0212397]]}},{"type":"Feature","properties":{"kind":"road","highway":"residential","motorable":true,"name":null,"ref":null,"bridge":false,"osm_id":804467273},"geometry":{"type":"LineString","coordinates":[[36.6261112,37.0202609],[36.6255769,37.0202569],[36.6253906,37.0202561],[36.625235,37.020252]]}},{"type":"Feature","properties":{"kind":"road","highway":"residential","motorable":true,"name":null,"ref":null,"bridge":false,"osm_id":804467274},"geometry":{"type":"LineString","coordinates":[[36.6260383,37.0206131],[36.6255689,37.0206314],[36.6251887,37.0206582]]}},{"type":"Feature","properties":{"kind":"road","highway":"residential","motorable":true,"name":null,"ref":null,"bridge":false,"osm_id":804467276},"geometry":{"type":"LineString","coordinates":[[36.6249415,37.0238253],[36.6249976,37.0238001],[36.6249933,37.0237399],[36.6250001,37.0236783]]}},{"type":"Feature","properties":{"kind":"road","highway":"residential","motorable":true,"name":null,"ref":null,"bridge":false,"osm_id":804467278},"geometry":{"type":"LineString","coordinates":[[36.6238042,37.0247318],[36.6238069,37.0247789],[36.6237828,37.024825],[36.6236044,37.0250445],[36.6235427,37.0251034],[36.6235065,37.0251355],[36.6234823,37.0251697],[36.6234783,37.0251922],[36.6235051,37.025234],[36.6235856,37.0253079],[36.6239826,37.0254674],[36.624055,37.0254813],[36.6241113,37.0254695],[36.6242046,37.0253855]]}},{"type":"Feature","properties":{"kind":"road","highway":"residential","motorable":true,"name":null,"ref":null,"bridge":false,"osm_id":804467279},"geometry":{"type":"LineString","coordinates":[[36.6247775,37.0249623],[36.6246589,37.0253089],[36.6246354,37.0253844],[36.6246133,37.025442],[36.6245946,37.0254883],[36.6242046,37.0253855]]}},{"type":"Feature","properties":{"kind":"road","highway":"residential","motorable":true,"name":null,"ref":null,"bridge":false,"osm_id":804467280},"geometry":{"type":"LineString","coordinates":[[36.6243163,37.0235374],[36.6243489,37.0235444],[36.6243767,37.0235551],[36.6243982,37.023584],[36.6244143,37.0236376],[36.624433,37.0238517],[36.6244438,37.023978],[36.6244718,37.0241428],[36.6245302,37.0243784],[36.6245745,37.0244898],[36.6246183,37.0245597],[36.6246474,37.0246419],[36.6246613,37.0247147],[36.6246649,37.0247805],[36.6246573,37.0248857],[36.6246609,37.024909],[36.6246709,37.0249265],[36.624685,37.0249402],[36.6247775,37.0249623],[36.6253245,37.0250758]]}},{"type":"Feature","properties":{"kind":"road","highway":"residential","motorable":true,"name":null,"ref":null,"bridge":false,"osm_id":804467281},"geometry":{"type":"LineString","coordinates":[[36.6266176,37.0234779],[36.626155,37.0233977],[36.626029,37.0233763],[36.6257053,37.0233478],[36.6253977,37.0233121],[36.6246744,37.0232425],[36.6245658,37.0232489]]}},{"type":"Feature","properties":{"kind":"road","highway":"residential","motorable":true,"name":null,"ref":null,"bridge":false,"osm_id":804467282},"geometry":{"type":"LineString","coordinates":[[36.625456,37.0225467],[36.6245364,37.022509]]}},{"type":"Feature","properties":{"kind":"road","highway":"residential","motorable":true,"name":null,"ref":null,"bridge":false,"osm_id":804467283},"geometry":{"type":"LineString","coordinates":[[36.625965,37.0213905],[36.6255512,37.0213033],[36.6251108,37.0212397],[36.6250089,37.0212327],[36.6247423,37.0212145],[36.6245014,37.0211652],[36.6244344,37.0212043],[36.624427,37.021223],[36.6244243,37.021237],[36.6244437,37.0212722],[36.624586,37.0215293]]}},{"type":"Feature","properties":{"kind":"road","highway":"residential","motorable":true,"name":null,"ref":null,"bridge":false,"osm_id":804467284},"geometry":{"type":"LineString","coordinates":[[36.6257565,37.0190389],[36.6257564,37.0192605],[36.625748,37.0193044],[36.625663,37.0196415],[36.6256459,37.0199632],[36.6255769,37.0202569],[36.6255698,37.0204439],[36.6255689,37.0206314],[36.6255741,37.0207548],[36.6255512,37.0213033],[36.6254952,37.0218601],[36.625512,37.0221647],[36.6255181,37.0222756],[36.6255047,37.0223463],[36.6254806,37.0224512],[36.625456,37.0225467],[36.6254189,37.022691]]}},{"type":"Feature","properties":{"kind":"road","highway":"residential","motorable":true,"name":null,"ref":null,"bridge":false,"osm_id":804467285},"geometry":{"type":"LineString","coordinates":[[36.6239274,37.0185119],[36.6240042,37.0185113],[36.6241705,37.0185456],[36.6242805,37.0185756],[36.6244455,37.0186378],[36.6244736,37.0186484],[36.6245723,37.0186881],[36.6246936,37.0187319],[36.6248253,37.018769],[36.6249106,37.0188028],[36.625038,37.0188351],[36.6250958,37.0189452],[36.6251844,37.0189568],[36.6253053,37.0189706],[36.6255837,37.0190068],[36.6257565,37.0190389],[36.6261884,37.0190592]]}},{"type":"Feature","properties":{"kind":"road","highway":"residential","motorable":true,"name":null,"ref":null,"bridge":false,"osm_id":804467286},"geometry":{"type":"LineString","coordinates":[[36.6232517,37.0246676],[36.6230398,37.0248046],[36.6229674,37.0248625],[36.6229298,37.0249224],[36.6229191,37.0250016],[36.6229298,37.025068],[36.6229969,37.0251151],[36.6231256,37.0251473],[36.6231953,37.0251473],[36.6233482,37.025113],[36.6234502,37.0250616],[36.6235253,37.0250038],[36.6237318,37.0248046],[36.6238042,37.0247318],[36.6238257,37.0246826],[36.623831,37.0246558],[36.6238283,37.0246248],[36.6237828,37.0245145],[36.62376,37.0244652],[36.6237586,37.0244438],[36.6237573,37.0244165],[36.6237673,37.0243694],[36.6239423,37.0241504],[36.6240268,37.0240712],[36.6240966,37.0240027],[36.624169,37.0239074],[36.624236,37.0238046],[36.6242709,37.0237189],[36.6242843,37.0236547],[36.6243163,37.0235374],[36.6243209,37.0234748],[36.6242941,37.0233613],[36.6242379,37.0231882],[36.6242157,37.0231305],[36.6242084,37.0230867],[36.6242096,37.0230354],[36.6242191,37.0229911],[36.6242472,37.0229196],[36.6242717,37.0228478],[36.6242825,37.0227951],[36.6242877,37.0227384],[36.6242961,37.0224945],[36.6242921,37.0220952],[36.6242746,37.0219795],[36.6242183,37.0217341],[36.62419,37.0216601],[36.6241512,37.0215921],[36.6241107,37.0215388],[36.6239893,37.0214318],[36.6239557,37.0213665],[36.6239517,37.0213291],[36.6239531,37.0212574],[36.6239464,37.0211963],[36.6239746,37.0210817],[36.6240376,37.0209543],[36.624043,37.0208665],[36.6241072,37.0206395],[36.6240832,37.0200977],[36.624071,37.019923],[36.6240737,37.0197833],[36.6240295,37.0192732],[36.623987,37.0190446],[36.6239666,37.0188468],[36.6239274,37.0185119],[36.6238391,37.0184144],[36.6237962,37.0183137],[36.6237184,37.0181703],[36.623677,37.0180865],[36.6235521,37.017834],[36.6235457,37.017824],[36.6234778,37.017719],[36.6233632,37.0175535],[36.6233043,37.0174708],[36.6232409,37.0173436],[36.6231341,37.0171365],[36.6229539,37.0168018],[36.6229107,37.0167119],[36.6227903,37.0164612],[36.6227152,37.0163627],[36.6226053,37.0162492],[36.6224711,37.0160757],[36.6224095,37.0159794],[36.6221815,37.0156474],[36.6220581,37.0154504],[36.6220218,37.0154017],[36.6218247,37.0151377],[36.6217713,37.0150365],[36.6216584,37.0148229],[36.6215708,37.0146587],[36.621527,37.0145766],[36.6213404,37.0142722],[36.6212776,37.0141697],[36.6210523,37.0138184],[36.620953,37.0136942],[36.6208109,37.0135207],[36.6206504,37.0133515],[36.6206003,37.0133215],[36.6205509,37.0132974],[36.620497,37.0132712],[36.6203147,37.013208],[36.6201671,37.0131705],[36.6200089,37.0131395],[36.61986,37.0131149],[36.6196401,37.0130892],[36.6194228,37.0130667],[36.6191533,37.0130474],[36.6188475,37.0130303],[36.6186061,37.013026],[36.6182494,37.0130431],[36.6179141,37.0130602],[36.6171067,37.0131095],[36.6170102,37.0131224],[36.6169512,37.0131566],[36.6167098,37.0134093],[36.6166347,37.01351],[36.6166025,37.0135796],[36.6165676,37.0137252],[36.6164469,37.0142832],[36.6164335,37.014401],[36.6164335,37.0146087],[36.6164603,37.0149],[36.616463,37.0152255],[36.6164791,37.0153562],[36.6164845,37.0155253],[36.6164778,37.0156121],[36.6164576,37.015686],[36.6164147,37.0157684],[36.6163638,37.0158412],[36.6162095,37.0160297],[36.6160768,37.016201],[36.6159078,37.0163799],[36.615775,37.0164923],[36.6155926,37.0166005],[36.615484,37.0166615],[36.6153861,37.016714],[36.6153164,37.0167429],[36.6152895,37.0167654],[36.6153385,37.0168065],[36.615378,37.0168548]]}},{"type":"Feature","properties":{"kind":"road","highway":"residential","motorable":true,"name":null,"ref":null,"bridge":false,"osm_id":804467287},"geometry":{"type":"LineString","coordinates":[[36.630164,37.027517],[36.6300557,37.0264461]]}},{"type":"Feature","properties":{"kind":"road","highway":"residential","motorable":true,"name":null,"ref":null,"bridge":false,"osm_id":804467288},"geometry":{"type":"LineString","coordinates":[[36.6253194,37.0249821],[36.6252328,37.0249423],[36.6251995,37.0247727],[36.6251705,37.024528],[36.6252148,37.0242959]]}},{"type":"Feature","properties":{"kind":"road","highway":"residential","motorable":true,"name":null,"ref":null,"bridge":false,"osm_id":804467289},"geometry":{"type":"LineString","coordinates":[[36.6254934,37.0243373],[36.6258034,37.0243349],[36.6259924,37.0243565],[36.6261006,37.0243765],[36.6262147,37.0244036],[36.6263253,37.0244369],[36.6265136,37.0245016],[36.6266732,37.0245685],[36.6268791,37.0246392]]}},{"type":"Feature","properties":{"kind":"road","highway":"residential","motorable":true,"name":null,"ref":null,"bridge":false,"osm_id":804467290},"geometry":{"type":"LineString","coordinates":[[36.6295599,37.0245828],[36.6305212,37.0243897]]}},{"type":"Feature","properties":{"kind":"road","highway":"residential","motorable":true,"name":null,"ref":null,"bridge":false,"osm_id":804467291},"geometry":{"type":"LineString","coordinates":[[36.6295973,37.0247072],[36.6291016,37.0248325]]}},{"type":"Feature","properties":{"kind":"road","highway":"residential","motorable":true,"name":null,"ref":null,"bridge":false,"osm_id":804467292},"geometry":{"type":"LineString","coordinates":[[36.6295204,37.0243966],[36.6286671,37.0246226],[36.6285759,37.0246547],[36.6285061,37.0246826],[36.6284699,37.0247335],[36.6280984,37.0250509],[36.6275845,37.0255101]]}},{"type":"Feature","properties":{"kind":"road","highway":"residential","motorable":true,"name":null,"ref":null,"bridge":false,"osm_id":804467293},"geometry":{"type":"LineString","coordinates":[[36.6274517,37.0237425],[36.6277079,37.0238782],[36.6278525,37.0239767],[36.6279337,37.0240983],[36.6281518,37.0242675],[36.6282259,37.0243673],[36.6284699,37.0247335]]}},{"type":"Feature","properties":{"kind":"road","highway":"residential","motorable":true,"name":null,"ref":null,"bridge":false,"osm_id":804467294},"geometry":{"type":"LineString","coordinates":[[36.6294601,37.0240701],[36.6283157,37.024325],[36.6282259,37.0243673]]}},{"type":"Feature","properties":{"kind":"road","highway":"residential","motorable":true,"name":null,"ref":null,"bridge":false,"osm_id":804467295},"geometry":{"type":"LineString","coordinates":[[36.6271369,37.0251983],[36.6274359,37.0248582],[36.6281518,37.0242675],[36.6282477,37.0241329],[36.6283157,37.0240144],[36.6283586,37.0239823],[36.6284122,37.0239523],[36.6293386,37.0237497]]}},{"type":"Feature","properties":{"kind":"road","highway":"residential","motorable":true,"name":null,"ref":null,"bridge":false,"osm_id":804467296},"geometry":{"type":"LineString","coordinates":[[36.6265733,37.0253245],[36.6268026,37.0254505],[36.6275997,37.0259494]]}},{"type":"Feature","properties":{"kind":"road","highway":"residential","motorable":true,"name":null,"ref":null,"bridge":false,"osm_id":804467297},"geometry":{"type":"LineString","coordinates":[[36.6275624,37.0232093],[36.6278143,37.0226241]]}},{"type":"Feature","properties":{"kind":"road","highway":"residential","motorable":true,"name":null,"ref":null,"bridge":false,"osm_id":804467298},"geometry":{"type":"LineString","coordinates":[[36.6259602,37.0223678],[36.6266462,37.0224228],[36.6271159,37.0224879],[36.6278143,37.0226241],[36.6279119,37.0226568],[36.6280889,37.0226825],[36.6289931,37.0227537]]}},{"type":"Feature","properties":{"kind":"road","highway":"residential","motorable":true,"name":null,"ref":null,"bridge":false,"osm_id":804467299},"geometry":{"type":"LineString","coordinates":[[36.6274573,37.0202557],[36.6267925,37.0204728],[36.6264596,37.0205795],[36.626414,37.0206116],[36.626363,37.0206737]]}},{"type":"Feature","properties":{"kind":"road","highway":"residential","motorable":true,"name":null,"ref":null,"bridge":false,"osm_id":804467300},"geometry":{"type":"LineString","coordinates":[[36.6265397,37.0198012],[36.62659,37.0199839],[36.6267925,37.0204728],[36.6270431,37.0210345],[36.6270653,37.0211107],[36.6270828,37.0213634],[36.6270883,37.0215313],[36.6270643,37.0216374],[36.6269838,37.0219265],[36.6269168,37.0219287],[36.6259672,37.0218707],[36.6254952,37.0218601]]}},{"type":"Feature","properties":{"kind":"road","highway":"residential","motorable":true,"name":null,"ref":null,"bridge":false,"osm_id":804467301},"geometry":{"type":"LineString","coordinates":[[36.6274291,37.0190052],[36.6268021,37.0192517],[36.6265872,37.0193444],[36.6264236,37.019415],[36.6263324,37.0194515],[36.6262426,37.0194919]]}},{"type":"Feature","properties":{"kind":"road","highway":"residential","motorable":true,"name":null,"ref":null,"bridge":false,"osm_id":804467302},"geometry":{"type":"LineString","coordinates":[[36.6278046,37.0195427],[36.6271479,37.0197753],[36.62659,37.0199839]]}},{"type":"Feature","properties":{"kind":"road","highway":"residential","motorable":true,"name":null,"ref":null,"bridge":false,"osm_id":804467303},"geometry":{"type":"LineString","coordinates":[[36.6283035,37.0260283],[36.6284811,37.0258239],[36.6285723,37.0257318],[36.6286635,37.0256312],[36.6288191,37.0255134],[36.6289451,37.0254235],[36.6290524,37.0253678],[36.6296318,37.0251001],[36.6297149,37.0250659],[36.6297337,37.0250295],[36.6296157,37.0247682],[36.6295973,37.0247072],[36.6295599,37.0245828],[36.6295486,37.0245455],[36.6295204,37.0243966],[36.6295004,37.0242907],[36.6294735,37.0241793],[36.6294601,37.0240701],[36.6293386,37.0237497],[36.6291849,37.0232194],[36.6289931,37.0227537],[36.6288954,37.0225529],[36.6288088,37.0223364],[36.6286146,37.0220191],[36.628406,37.0217274],[36.6278079,37.0208001],[36.6274573,37.0202557],[36.6271479,37.0197753],[36.6271266,37.0197422],[36.6268021,37.0192517]]}},{"type":"Feature","properties":{"kind":"road","highway":"residential","motorable":true,"name":null,"ref":null,"bridge":false,"osm_id":804467304},"geometry":{"type":"LineString","coordinates":[[36.6276946,37.0268755],[36.6277792,37.026779],[36.6278973,37.0266548],[36.6279831,37.0265477],[36.6283704,37.0261027]]}},{"type":"Feature","properties":{"kind":"road","highway":"residential","motorable":true,"name":null,"ref":null,"bridge":false,"osm_id":804467305},"geometry":{"type":"LineString","coordinates":[[36.628364,37.0251965],[36.6278543,37.0256836],[36.6275997,37.0259494],[36.6272418,37.0263529]]}},{"type":"Feature","properties":{"kind":"road","highway":"residential","motorable":true,"name":null,"ref":null,"bridge":false,"osm_id":804467306},"geometry":{"type":"LineString","coordinates":[[36.6287364,37.0263461],[36.6283704,37.0261027],[36.6283035,37.0260283],[36.6280764,37.025854],[36.6278543,37.0256836],[36.6275845,37.0255101],[36.6271369,37.0251983],[36.6267295,37.0249395]]}},{"type":"Feature","properties":{"kind":"road","highway":"residential","motorable":true,"name":null,"ref":null,"bridge":false,"osm_id":804467307},"geometry":{"type":"LineString","coordinates":[[36.6290598,37.0278454],[36.6290154,37.0277701],[36.6289958,37.0277529],[36.628967,37.0277323],[36.6289326,37.0277132],[36.6287985,37.0276516],[36.6287328,37.0276203],[36.6285698,37.0275263],[36.6281363,37.0272669],[36.6280089,37.0271778],[36.6279167,37.0271002],[36.6277636,37.0269775],[36.6276946,37.0268755],[36.6274215,37.0265541],[36.6273434,37.0264578],[36.6272418,37.0263529],[36.6271318,37.0262859],[36.6269877,37.0262153],[36.6263969,37.0259939],[36.6263101,37.0259572],[36.6263252,37.0259123],[36.6264103,37.0257276],[36.6265733,37.0253245],[36.6266001,37.0252666],[36.6266605,37.0250991],[36.6267295,37.0249395],[36.6267627,37.0248434],[36.6268791,37.0246392],[36.6270252,37.0244288],[36.6272358,37.0240696],[36.6274517,37.0237425],[36.6275281,37.0236499],[36.6276589,37.0235289],[36.627987,37.0232371]]}},{"type":"Feature","properties":{"kind":"road","highway":"residential","motorable":true,"name":null,"ref":null,"bridge":false,"osm_id":804467308},"geometry":{"type":"LineString","coordinates":[[36.6278213,37.0282902],[36.6277758,37.0281597],[36.6276324,37.0281072],[36.6274714,37.0279915],[36.6269156,37.0274834]]}},{"type":"Feature","properties":{"kind":"road","highway":"residential","motorable":true,"name":null,"ref":null,"bridge":false,"osm_id":804467309},"geometry":{"type":"LineString","coordinates":[[36.6310959,37.0256574],[36.6308333,37.0258529],[36.6303179,37.026249],[36.6300557,37.0264461],[36.629571,37.0267983],[36.6285698,37.0275263],[36.6284364,37.0276355],[36.6277758,37.0281597]]}},{"type":"Feature","properties":{"kind":"road","highway":"residential","motorable":true,"name":null,"ref":null,"bridge":false,"osm_id":804467310},"geometry":{"type":"LineString","coordinates":[[36.6308285,37.0273235],[36.6307117,37.0269225],[36.6306677,37.026672],[36.6306168,37.0265293],[36.6305145,37.0264481],[36.6303179,37.026249]]}},{"type":"Feature","properties":{"kind":"road","highway":"residential","motorable":true,"name":null,"ref":null,"bridge":false,"osm_id":804467311},"geometry":{"type":"LineString","coordinates":[[36.6300444,37.0281767],[36.6300109,37.0280017],[36.62998,37.0279085],[36.6299076,37.0278186],[36.6297485,37.0276391]]}},{"type":"Feature","properties":{"kind":"road","highway":"residential","motorable":true,"name":null,"ref":null,"bridge":false,"osm_id":804467312},"geometry":{"type":"LineString","coordinates":[[36.6294942,37.028188],[36.6295495,37.0281302],[36.6296139,37.0280445],[36.6296648,37.0279867],[36.6297426,37.0279225],[36.6298284,37.0278861],[36.6299076,37.0278186]]}},{"type":"Feature","properties":{"kind":"road","highway":"residential","motorable":true,"name":null,"ref":null,"bridge":false,"osm_id":804467313},"geometry":{"type":"LineString","coordinates":[[36.6290607,37.0287933],[36.6288051,37.028544],[36.6287497,37.0285088],[36.6287011,37.0284717],[36.6286683,37.0284262],[36.6286334,37.0283743],[36.628581,37.0282859],[36.6285167,37.0280151]]}},{"type":"Feature","properties":{"kind":"road","highway":"residential","motorable":true,"name":null,"ref":null,"bridge":false,"osm_id":804467314},"geometry":{"type":"LineString","coordinates":[[36.6311629,37.0281241],[36.6310569,37.0281152],[36.6309463,37.0280777],[36.6308799,37.0280665],[36.6307995,37.0280418],[36.6306593,37.0280456],[36.6301716,37.0281618],[36.6301034,37.0281741],[36.6300444,37.0281767],[36.6299089,37.0281837],[36.6297399,37.0282008],[36.6294942,37.028188]]}},{"type":"Feature","properties":{"kind":"road","highway":"residential","motorable":true,"name":null,"ref":null,"bridge":false,"osm_id":804467315},"geometry":{"type":"LineString","coordinates":[[36.6322201,37.0275562],[36.6316938,37.0277426],[36.6314926,37.0278625],[36.6313103,37.0279931],[36.6311629,37.0281241],[36.631199,37.0282358],[36.6312231,37.0283421],[36.6312272,37.0286545]]}},{"type":"Feature","properties":{"kind":"road","highway":"residential","motorable":true,"name":null,"ref":null,"bridge":false,"osm_id":804467316},"geometry":{"type":"LineString","coordinates":[[36.627056,37.0290682],[36.6270836,37.028991],[36.6271121,37.0289347],[36.6271568,37.0288672],[36.6272452,37.028771],[36.6273639,37.028651],[36.6275416,37.028499],[36.6278213,37.0282902],[36.6279762,37.0282201],[36.6281077,37.0281687],[36.6285167,37.0280151],[36.6290598,37.0278454],[36.6297485,37.0276391],[36.630164,37.027517],[36.6307308,37.0273528],[36.6307459,37.0273477],[36.6308285,37.0273235],[36.6311357,37.0272321],[36.631897,37.026994]]}},{"type":"Feature","properties":{"kind":"road","highway":"residential","motorable":true,"name":null,"ref":null,"bridge":false,"osm_id":804467317},"geometry":{"type":"LineString","coordinates":[[36.6276259,37.020903],[36.6276798,37.0213226],[36.6277188,37.0214827],[36.627712,37.0215721],[36.6277093,37.0216427],[36.6276852,37.0217305],[36.627543,37.0219875],[36.6273606,37.0222316],[36.6272372,37.0223666],[36.6271434,37.0224565],[36.6271159,37.0224879],[36.6270844,37.0225379],[36.6269207,37.0228205],[36.6267947,37.0231161],[36.6266552,37.0234159],[36.6266176,37.0234779],[36.6265814,37.0235376],[36.6264916,37.0236857],[36.6261375,37.0242746],[36.6261006,37.0243765],[36.626063,37.0244821],[36.6259866,37.0246302],[36.6259335,37.0247745],[36.6257451,37.0255857],[36.6255965,37.0259622],[36.625525,37.0261037],[36.6253817,37.0261803]]}},{"type":"Feature","properties":{"kind":"road","highway":"residential","motorable":true,"name":null,"ref":null,"bridge":false,"osm_id":804467318},"geometry":{"type":"LineString","coordinates":[[36.6284213,37.0204254],[36.6278079,37.0208001],[36.6276571,37.0208911],[36.6276259,37.020903],[36.6273566,37.0209736],[36.6270431,37.0210345],[36.6267527,37.0210833],[36.6264527,37.021102],[36.6261228,37.0211406],[36.6259974,37.0211502]]}},{"type":"Feature","properties":{"kind":"road","highway":"residential","motorable":true,"name":"\u015eht. Metin Aslanbaba","ref":null,"bridge":false,"osm_id":804467320},"geometry":{"type":"LineString","coordinates":[[36.6324113,37.0231473],[36.6315355,37.0234705],[36.6314851,37.023483],[36.6314577,37.0234898],[36.6314363,37.023492],[36.6312485,37.0235091],[36.6311439,37.0235005],[36.6310393,37.0234791],[36.6307241,37.0233481],[36.6305807,37.0233142],[36.6303956,37.0232607],[36.6302702,37.0232449],[36.6301064,37.0232186],[36.6291849,37.0232194],[36.6290545,37.0232371],[36.627987,37.0232371],[36.6278555,37.0232371],[36.6276007,37.0232136],[36.6275624,37.0232093],[36.6267947,37.0231161]]}},{"type":"Feature","properties":{"kind":"road","highway":"residential","motorable":true,"name":null,"ref":null,"bridge":false,"osm_id":804467321},"geometry":{"type":"LineString","coordinates":[[36.631837,37.0245851],[36.6315653,37.0238142],[36.6314363,37.023492]]}},{"type":"Feature","properties":{"kind":"road","highway":"residential","motorable":true,"name":null,"ref":null,"bridge":false,"osm_id":804467322},"geometry":{"type":"LineString","coordinates":[[36.6329388,37.0267018],[36.6330862,37.0272196],[36.6331972,37.0277511],[36.6332165,37.0278793],[36.6333795,37.0284722]]}},{"type":"Feature","properties":{"kind":"road","highway":"residential","motorable":true,"name":null,"ref":null,"bridge":false,"osm_id":804467323},"geometry":{"type":"LineString","coordinates":[[36.6347587,37.0260802],[36.6351919,37.0267201],[36.6355855,37.0271479]]}},{"type":"Feature","properties":{"kind":"road","highway":"residential","motorable":true,"name":null,"ref":null,"bridge":false,"osm_id":804467324},"geometry":{"type":"LineString","coordinates":[[36.6360819,37.0265456],[36.6360255,37.0265499],[36.6359934,37.0265456],[36.6352692,37.0266955],[36.6352102,37.0267212],[36.6351919,37.0267201],[36.635119,37.0267619],[36.6349291,37.0268543],[36.6343829,37.02712]]}},{"type":"Feature","properties":{"kind":"road","highway":"residential","motorable":true,"name":null,"ref":null,"bridge":false,"osm_id":804467325},"geometry":{"type":"LineString","coordinates":[[36.6369071,37.0270406],[36.636045,37.0269684],[36.6360089,37.0269738],[36.6359459,37.026987],[36.6355855,37.0271479],[36.634842,37.0275684]]}},{"type":"Feature","properties":{"kind":"road","highway":"service","motorable":true,"name":null,"ref":null,"bridge":false,"osm_id":804467328},"geometry":{"type":"LineString","coordinates":[[36.634737,37.0319617],[36.634598,37.0310192],[36.6345608,37.0305677]]}},{"type":"Feature","properties":{"kind":"road","highway":"service","motorable":true,"name":null,"ref":null,"bridge":false,"osm_id":804467330},"geometry":{"type":"LineString","coordinates":[[36.6350427,37.0297149],[36.6349822,37.0290124],[36.6350055,37.0289516],[36.6350117,37.0289353],[36.6350707,37.0288711],[36.6352729,37.0287675]]}},{"type":"Feature","properties":{"kind":"road","highway":"service","motorable":true,"name":null,"ref":null,"bridge":false,"osm_id":804467331},"geometry":{"type":"LineString","coordinates":[[36.6353748,37.0297424],[36.6352729,37.0287675],[36.6352584,37.0286291]]}},{"type":"Feature","properties":{"kind":"road","highway":"residential","motorable":true,"name":null,"ref":null,"bridge":false,"osm_id":804467333},"geometry":{"type":"LineString","coordinates":[[36.6342033,37.0297295],[36.6341681,37.029724],[36.6341388,37.0297075],[36.6341204,37.0296829],[36.6341162,37.0296544],[36.6341268,37.0296271],[36.6341504,37.0296055],[36.634183,37.0295935],[36.6342016,37.0295933],[36.6342188,37.0295931],[36.6342518,37.0296044],[36.6342762,37.0296254],[36.6342877,37.0296525],[36.6342845,37.029681],[36.634267,37.029706],[36.6342383,37.0297232],[36.6342033,37.0297295]]}},{"type":"Feature","properties":{"kind":"road","highway":"residential","motorable":true,"name":null,"ref":null,"bridge":false,"osm_id":804467334},"geometry":{"type":"LineString","coordinates":[[36.6339131,37.0305375],[36.6343421,37.0305605],[36.6345608,37.0305677],[36.6352369,37.0306086],[36.6352987,37.0306119],[36.6354355,37.0306141],[36.6354811,37.0306033],[36.6355106,37.0305712],[36.6355046,37.0301637],[36.6354998,37.0298389],[36.6354891,37.029779],[36.6354542,37.029749],[36.6353748,37.0297424],[36.6350427,37.0297149],[36.6344359,37.0296647],[36.6342877,37.0296525]]}},{"type":"Feature","properties":{"kind":"road","highway":"residential","motorable":true,"name":null,"ref":null,"bridge":false,"osm_id":805014709},"geometry":{"type":"LineString","coordinates":[[36.6274236,37.0187778],[36.6281276,37.0185627]]}},{"type":"Feature","properties":{"kind":"road","highway":"service","motorable":true,"name":null,"ref":null,"bridge":false,"osm_id":805014710},"geometry":{"type":"LineString","coordinates":[[36.6270788,37.018504],[36.6267515,37.0187267]]}},{"type":"Feature","properties":{"kind":"road","highway":"residential","motorable":true,"name":null,"ref":null,"bridge":false,"osm_id":805014711},"geometry":{"type":"LineString","coordinates":[[36.6262242,37.0161813],[36.6253354,37.0164785]]}},{"type":"Feature","properties":{"kind":"road","highway":"residential","motorable":true,"name":null,"ref":null,"bridge":false,"osm_id":805014712},"geometry":{"type":"LineString","coordinates":[[36.6256766,37.016934],[36.6264851,37.0166812]]}},{"type":"Feature","properties":{"kind":"road","highway":"residential","motorable":true,"name":null,"ref":null,"bridge":false,"osm_id":805014713},"geometry":{"type":"LineString","coordinates":[[36.6255837,37.0190068],[36.6255888,37.0188564],[36.6255569,37.0186755],[36.6255286,37.0185427],[36.6254861,37.0183901],[36.6253835,37.0181188],[36.6252207,37.0177628],[36.6251959,37.0177449],[36.6251078,37.0175575],[36.6250048,37.01737],[36.6249517,37.0172711],[36.6248535,37.0171095],[36.6248243,37.0169631],[36.62475,37.0168613]]}},{"type":"Feature","properties":{"kind":"road","highway":"residential","motorable":true,"name":null,"ref":null,"bridge":false,"osm_id":805014714},"geometry":{"type":"LineString","coordinates":[[36.6255222,37.0169459],[36.6248535,37.0171095],[36.6246149,37.017146],[36.6240963,37.0172364],[36.624018,37.0172518],[36.623823,37.0173159],[36.6235788,37.0173866],[36.6233043,37.0174708]]}},{"type":"Feature","properties":{"kind":"road","highway":"residential","motorable":true,"name":null,"ref":null,"bridge":false,"osm_id":805014715},"geometry":{"type":"LineString","coordinates":[[36.6240963,37.0172364],[36.624258,37.0175621],[36.6242836,37.0176293],[36.624297,37.017678],[36.6243571,37.0179295],[36.6243658,37.0179561],[36.6244067,37.0181471],[36.6244279,37.0182743],[36.6244455,37.0186378]]}},{"type":"Feature","properties":{"kind":"road","highway":"residential","motorable":true,"name":null,"ref":null,"bridge":false,"osm_id":805014716},"geometry":{"type":"LineString","coordinates":[[36.6246149,37.017146],[36.6247136,37.0175267],[36.6248562,37.0180143],[36.6249446,37.0182912],[36.6249942,37.0184579],[36.6250048,37.0185823],[36.625038,37.0188351]]}},{"type":"Feature","properties":{"kind":"road","highway":"residential","motorable":true,"name":null,"ref":null,"bridge":false,"osm_id":805014717},"geometry":{"type":"LineString","coordinates":[[36.6251959,37.0177449],[36.6260479,37.0176531]]}},{"type":"Feature","properties":{"kind":"road","highway":"residential","motorable":true,"name":null,"ref":null,"bridge":false,"osm_id":805014718},"geometry":{"type":"LineString","coordinates":[[36.626658,37.0178538],[36.6271265,37.0175262]]}},{"type":"Feature","properties":{"kind":"road","highway":"residential","motorable":true,"name":null,"ref":null,"bridge":false,"osm_id":805014719},"geometry":{"type":"LineString","coordinates":[[36.627174,37.0175621],[36.6276413,37.0173626]]}},{"type":"Feature","properties":{"kind":"road","highway":"residential","motorable":true,"name":null,"ref":null,"bridge":false,"osm_id":805014720},"geometry":{"type":"LineString","coordinates":[[36.6232354,37.0133157],[36.6244042,37.0128623],[36.6244677,37.0128405],[36.6251808,37.0126343],[36.6259172,37.0124214],[36.6269602,37.0121198],[36.6270553,37.0120908],[36.6277694,37.0119073],[36.6285631,37.0116988],[36.6292803,37.0115136],[36.6293333,37.0115613],[36.6293673,37.0116073],[36.6294164,37.011734],[36.6294409,37.0120603],[36.6295158,37.0125803],[36.6296694,37.0140639],[36.6297964,37.0148291],[36.6299352,37.0156783],[36.6300526,37.0165741]]}},{"type":"Feature","properties":{"kind":"road","highway":"residential","motorable":true,"name":null,"ref":null,"bridge":false,"osm_id":805014726},"geometry":{"type":"LineString","coordinates":[[36.633227,37.0137153],[36.633227,37.0137859],[36.6332412,37.013882],[36.6333343,37.0145285],[36.6334366,37.0150701],[36.6335866,37.0158638],[36.6336008,37.0160135],[36.6336008,37.0161096],[36.6336043,37.0162001],[36.6335795,37.0163159],[36.6334502,37.0167761],[36.6334279,37.0168001],[36.6333969,37.0168174],[36.6333478,37.0168295],[36.6324859,37.0169958]]}},{"type":"Feature","properties":{"kind":"road","highway":"residential","motorable":true,"name":null,"ref":null,"bridge":false,"osm_id":805019032},"geometry":{"type":"LineString","coordinates":[[36.6318289,37.0173155],[36.6310915,37.0174666],[36.6300293,37.0177049],[36.6290191,37.0179592]]}},{"type":"Feature","properties":{"kind":"road","highway":"residential","motorable":true,"name":null,"ref":null,"bridge":false,"osm_id":805019033},"geometry":{"type":"LineString","coordinates":[[36.6282616,37.0180565],[36.6288388,37.0177545]]}},{"type":"Feature","properties":{"kind":"road","highway":"residential","motorable":true,"name":null,"ref":null,"bridge":false,"osm_id":805019052},"geometry":{"type":"LineString","coordinates":[[36.6248802,37.0162299],[36.6248281,37.0162568],[36.6243673,37.0165285],[36.6241994,37.0166524],[36.6241131,37.0167336],[36.6240785,37.0167934],[36.624069,37.0168036],[36.6240361,37.0168247],[36.6239714,37.0168763],[36.6238728,37.016928],[36.6237835,37.0169673],[36.6231341,37.0171365]]}},{"type":"Feature","properties":{"kind":"road","highway":"residential","motorable":true,"name":null,"ref":null,"bridge":false,"osm_id":805019053},"geometry":{"type":"LineString","coordinates":[[36.6229107,37.0167119],[36.6232159,37.0166171],[36.623333,37.0165974],[36.6234655,37.0165802],[36.6235856,37.0165531],[36.623638,37.016531],[36.6240831,37.0162512],[36.6242265,37.0161595],[36.6245266,37.0159645]]}},{"type":"Feature","properties":{"kind":"road","highway":"residential","motorable":true,"name":null,"ref":null,"bridge":false,"osm_id":805019059},"geometry":{"type":"LineString","coordinates":[[36.6252603,37.0165903],[36.62475,37.0168613]]}},{"type":"Feature","properties":{"kind":"road","highway":"residential","motorable":true,"name":null,"ref":null,"bridge":false,"osm_id":805019060},"geometry":{"type":"LineString","coordinates":[[36.6297478,37.022543],[36.6294763,37.0226324]]}},{"type":"Feature","properties":{"kind":"road","highway":"residential","motorable":true,"name":null,"ref":null,"bridge":false,"osm_id":839811384},"geometry":{"type":"LineString","coordinates":[[36.6360177,37.0277839],[36.6360334,37.0274608],[36.636045,37.0269684],[36.6360819,37.0265456],[36.6361292,37.0259289]]}},{"type":"Feature","properties":{"kind":"road","highway":"footway","motorable":false,"name":null,"ref":null,"bridge":false,"osm_id":839811392},"geometry":{"type":"LineString","coordinates":[[36.6359387,37.023447],[36.6356742,37.0235391]]}},{"type":"Feature","properties":{"kind":"road","highway":"residential","motorable":true,"name":"Latif","ref":null,"bridge":false,"osm_id":1138373795},"geometry":{"type":"LineString","coordinates":[[36.6320479,37.0227467],[36.6316535,37.0228516],[36.6315992,37.0228586],[36.631559,37.0228634],[36.6314457,37.0228591],[36.631341,37.022842],[36.631009,37.0227619]]}},{"type":"Feature","properties":{"kind":"road","highway":"residential","motorable":true,"name":null,"ref":null,"bridge":false,"osm_id":1138432449},"geometry":{"type":"LineString","coordinates":[[36.6287312,37.0322858],[36.6288388,37.0322505],[36.6289783,37.0322194],[36.6291043,37.0322031],[36.6292398,37.0321934],[36.6293937,37.032192],[36.6305166,37.0321817],[36.6310696,37.0321896]]}},{"type":"Feature","properties":{"kind":"road","highway":"residential","motorable":true,"name":null,"ref":null,"bridge":false,"osm_id":1138432452},"geometry":{"type":"LineString","coordinates":[[36.628693,37.0346268],[36.6289407,37.0346611],[36.6297239,37.034691],[36.6304452,37.0347093],[36.6313968,37.0347372],[36.6324276,37.0347644],[36.6337239,37.0347671]]}},{"type":"Feature","properties":{"kind":"road","highway":"residential","motorable":true,"name":null,"ref":null,"bridge":false,"osm_id":1138432477},"geometry":{"type":"LineString","coordinates":[[36.628693,37.0346268],[36.6286984,37.0336976],[36.6287252,37.0331837],[36.6287312,37.0322858],[36.6287091,37.0318135],[36.628704,37.0313162],[36.6287012,37.0310374],[36.6286937,37.0303013]]}},{"type":"Feature","properties":{"kind":"road","highway":"residential","motorable":true,"name":null,"ref":null,"bridge":false,"osm_id":1138433960},"geometry":{"type":"LineString","coordinates":[[36.6343421,37.0305605],[36.6343538,37.0301243],[36.6343616,37.0298353]]}},{"type":"Feature","properties":{"kind":"road","highway":"residential","motorable":true,"name":null,"ref":null,"bridge":false,"osm_id":1138433961},"geometry":{"type":"LineString","coordinates":[[36.634208,37.0301543],[36.6343538,37.0301243],[36.6355046,37.0301637]]}},{"type":"Feature","properties":{"kind":"road","highway":"unclassified","motorable":true,"name":null,"ref":null,"bridge":false,"osm_id":1138639635},"geometry":{"type":"LineString","coordinates":[[36.6315426,37.0304376],[36.6315122,37.0307449],[36.631507,37.0307857],[36.6314873,37.0308249],[36.6314676,37.0308422],[36.6313259,37.0309449],[36.6312899,37.0309841],[36.6312586,37.0310181],[36.6311909,37.0311229],[36.6311578,37.0312073],[36.6311058,37.0316919],[36.6310696,37.0321896],[36.6310591,37.0326227],[36.6310574,37.0329915],[36.6314126,37.0339123],[36.6313968,37.0347372],[36.631344,37.0357143],[36.6313182,37.0358856],[36.6284858,37.0358308],[36.6281502,37.0358156],[36.6281078,37.0358123]]}},{"type":"Feature","properties":{"kind":"road","highway":"unclassified","motorable":true,"name":null,"ref":null,"bridge":false,"osm_id":1138639636},"geometry":{"type":"LineString","coordinates":[[36.6310574,37.0329915],[36.6305521,37.0330582],[36.6304743,37.0330765],[36.6304023,37.0331138],[36.6303862,37.0331544],[36.630447,37.0337247]]}},{"type":"Feature","properties":{"kind":"road","highway":"unclassified","motorable":true,"name":null,"ref":null,"bridge":false,"osm_id":1138639637},"geometry":{"type":"LineString","coordinates":[[36.630447,37.0337247],[36.6305071,37.033908],[36.6304749,37.0340862]]}},{"type":"Feature","properties":{"kind":"road","highway":"unclassified","motorable":true,"name":null,"ref":null,"bridge":false,"osm_id":1138639638},"geometry":{"type":"LineString","coordinates":[[36.6304749,37.0340862],[36.6304452,37.0347093]]}},{"type":"Feature","properties":{"kind":"road","highway":"residential","motorable":true,"name":null,"ref":null,"bridge":false,"osm_id":1138639642},"geometry":{"type":"LineString","coordinates":[[36.625001,37.0325478],[36.6251281,37.032481],[36.6254627,37.0322977],[36.6257333,37.0320577],[36.6260497,37.0315781],[36.6262106,37.0312355],[36.6265968,37.0300621],[36.626642,37.0299743],[36.6267553,37.0299031],[36.6268397,37.029891],[36.6270398,37.0299443],[36.6272547,37.0300152],[36.6274962,37.0300981],[36.6277037,37.030182],[36.6280208,37.0302684],[36.6282683,37.0302862],[36.6284594,37.0302921],[36.6286937,37.0303013],[36.6289262,37.030311],[36.6292522,37.0303252],[36.6295606,37.0303428],[36.6298139,37.0303429],[36.6301172,37.0303694],[36.6303681,37.0303772],[36.6306748,37.0303832],[36.6308702,37.0304054],[36.6310157,37.0304127],[36.6315426,37.0304376],[36.6319097,37.03045],[36.6319789,37.0304524],[36.6326875,37.0304824],[36.6327596,37.0304861],[36.6334101,37.0305307],[36.633452,37.0304019],[36.6334552,37.0303408],[36.6334642,37.0301732],[36.6334428,37.0299835],[36.6333107,37.0296419],[36.6332281,37.029489],[36.6332314,37.0294587],[36.6332759,37.0294396]]}},{"type":"Feature","properties":{"kind":"road","highway":"residential","motorable":true,"name":null,"ref":null,"bridge":false,"osm_id":1138648019},"geometry":{"type":"LineString","coordinates":[[36.6408041,37.0289369],[36.6399873,37.0288438]]}},{"type":"Feature","properties":{"kind":"road","highway":"residential","motorable":true,"name":null,"ref":null,"bridge":false,"osm_id":1138759902},"geometry":{"type":"LineString","coordinates":[[36.6325721,37.0198717],[36.6324967,37.0198365],[36.6322875,37.0196559],[36.6320145,37.0194059],[36.6318018,37.0192085]]}},{"type":"Feature","properties":{"kind":"road","highway":"residential","motorable":true,"name":null,"ref":null,"bridge":false,"osm_id":1138759903},"geometry":{"type":"LineString","coordinates":[[36.6341786,37.0192777],[36.6333618,37.0194627]]}},{"type":"Feature","properties":{"kind":"road","highway":"residential","motorable":true,"name":null,"ref":null,"bridge":false,"osm_id":1138759904},"geometry":{"type":"LineString","coordinates":[[36.6341786,37.0192777],[36.6343936,37.0194802],[36.6345986,37.0197568]]}},{"type":"Feature","properties":{"kind":"road","highway":"residential","motorable":true,"name":null,"ref":null,"bridge":false,"osm_id":1138759905},"geometry":{"type":"LineString","coordinates":[[36.6341786,37.0192777],[36.634132,37.0190905],[36.6340462,37.0186309]]}},{"type":"Feature","properties":{"kind":"road","highway":"service","motorable":true,"name":null,"ref":null,"bridge":false,"osm_id":1138759921},"geometry":{"type":"LineString","coordinates":[[36.6403147,37.0174183],[36.6402714,37.0176037],[36.6400494,37.0178776],[36.6395275,37.0185706],[36.6392313,37.0189219],[36.6390282,37.0189901],[36.6389013,37.0190327]]}},{"type":"Feature","properties":{"kind":"road","highway":"unclassified","motorable":true,"name":null,"ref":null,"bridge":false,"osm_id":1138950774},"geometry":{"type":"LineString","coordinates":[[36.6304102,37.0189727],[36.6303764,37.0188361],[36.6303099,37.0187145],[36.6302059,37.0185363],[36.6301015,37.0183834]]}},{"type":"Feature","properties":{"kind":"road","highway":"residential","motorable":true,"name":null,"ref":null,"bridge":false,"osm_id":1138964648},"geometry":{"type":"LineString","coordinates":[[36.6326875,37.0304824],[36.6326256,37.0317438],[36.6326148,37.0319528],[36.6325793,37.032175]]}},{"type":"Feature","properties":{"kind":"road","highway":"residential","motorable":true,"name":null,"ref":null,"bridge":false,"osm_id":1138964651},"geometry":{"type":"LineString","coordinates":[[36.6339485,37.0319935],[36.6330377,37.0319289],[36.6329191,37.0319547],[36.6327357,37.031959],[36.6326148,37.0319528]]}},{"type":"Feature","properties":{"kind":"road","highway":"residential","motorable":true,"name":null,"ref":null,"bridge":false,"osm_id":1138964652},"geometry":{"type":"LineString","coordinates":[[36.6326256,37.0317438],[36.6328139,37.0317524],[36.6329299,37.0317718],[36.6330242,37.0318191],[36.6339504,37.0318788]]}},{"type":"Feature","properties":{"kind":"road","highway":"residential","motorable":true,"name":null,"ref":null,"bridge":false,"osm_id":1138966590},"geometry":{"type":"LineString","coordinates":[[36.6279214,37.0346315],[36.628195,37.0346272],[36.628693,37.0346268]]}},{"type":"Feature","properties":{"kind":"road","highway":"residential","motorable":true,"name":null,"ref":null,"bridge":false,"osm_id":1139002232},"geometry":{"type":"LineString","coordinates":[[36.625001,37.0325478],[36.6240268,37.0317622],[36.6238337,37.0316295],[36.6235172,37.0315438],[36.6231202,37.0313597],[36.6229593,37.0312483],[36.622852,37.0311413],[36.6218918,37.0297495]]}},{"type":"Feature","properties":{"kind":"road","highway":"residential","motorable":true,"name":null,"ref":null,"bridge":false,"osm_id":1139002233},"geometry":{"type":"LineString","coordinates":[[36.6191521,37.0347428],[36.6200639,37.0344302],[36.6231051,37.0332568],[36.6238667,37.0329956],[36.625001,37.0325478]]}},{"type":"Feature","properties":{"kind":"road","highway":"residential","motorable":true,"name":null,"ref":null,"bridge":false,"osm_id":1139002235},"geometry":{"type":"LineString","coordinates":[[36.6211944,37.0300108],[36.6215431,37.0305631],[36.6222298,37.0317322],[36.6231051,37.0332568]]}},{"type":"Feature","properties":{"kind":"road","highway":"residential","motorable":true,"name":null,"ref":null,"bridge":false,"osm_id":1139002236},"geometry":{"type":"LineString","coordinates":[[36.6211944,37.0300108],[36.6209799,37.0298309],[36.6203415,37.0294412],[36.61907,37.028886]]}},{"type":"Feature","properties":{"kind":"road","highway":"residential","motorable":true,"name":null,"ref":null,"bridge":false,"osm_id":1139002237},"geometry":{"type":"LineString","coordinates":[[36.6215431,37.0305631],[36.6205936,37.0307387],[36.6198265,37.0309357],[36.6186088,37.0312055],[36.6174071,37.0315243],[36.616817,37.031644],[36.6164308,37.0313014],[36.6161411,37.0308475],[36.6150039,37.0308732],[36.6142988,37.0309722]]}},{"type":"Feature","properties":{"kind":"road","highway":"residential","motorable":true,"name":null,"ref":null,"bridge":false,"osm_id":1139002238},"geometry":{"type":"LineString","coordinates":[[36.6218918,37.0297495],[36.6214948,37.0299037],[36.6212695,37.0299722],[36.6211944,37.0300108]]}},{"type":"Feature","properties":{"kind":"road","highway":"residential","motorable":true,"name":null,"ref":null,"bridge":false,"osm_id":1139002239},"geometry":{"type":"LineString","coordinates":[[36.6218918,37.0297495],[36.6219884,37.029574],[36.6222137,37.0292614]]}},{"type":"Feature","properties":{"kind":"road","highway":"residential","motorable":true,"name":null,"ref":null,"bridge":false,"osm_id":1139002240},"geometry":{"type":"LineString","coordinates":[[36.6238337,37.0316295],[36.6234099,37.0308757],[36.6222137,37.0292614],[36.6219565,37.028886]]}},{"type":"Feature","properties":{"kind":"road","highway":"residential","motorable":true,"name":null,"ref":null,"bridge":false,"osm_id":1139002241},"geometry":{"type":"LineString","coordinates":[[36.6280072,37.0347728],[36.6280394,37.034807],[36.628136,37.0348413]]}},{"type":"Feature","properties":{"kind":"road","highway":"residential","motorable":true,"name":null,"ref":null,"bridge":false,"osm_id":1139002242},"geometry":{"type":"LineString","coordinates":[[36.6280072,37.0347728],[36.6279321,37.0348327],[36.6268163,37.0350554]]}},{"type":"Feature","properties":{"kind":"road","highway":"unclassified","motorable":true,"name":null,"ref":null,"bridge":false,"osm_id":1139002243},"geometry":{"type":"LineString","coordinates":[[36.6281078,37.0358123],[36.6281628,37.0352824],[36.6281789,37.0350254],[36.628136,37.0348413]]}},{"type":"Feature","properties":{"kind":"road","highway":"residential","motorable":true,"name":null,"ref":null,"bridge":false,"osm_id":1139002244},"geometry":{"type":"LineString","coordinates":[[36.628136,37.0348413],[36.628195,37.0346272]]}},{"type":"Feature","properties":{"kind":"road","highway":"residential","motorable":true,"name":null,"ref":null,"bridge":false,"osm_id":1139002245},"geometry":{"type":"LineString","coordinates":[[36.6280072,37.0347728],[36.6279559,37.0346835]]}},{"type":"Feature","properties":{"kind":"road","highway":"residential","motorable":true,"name":null,"ref":null,"bridge":false,"osm_id":1139002246},"geometry":{"type":"LineString","coordinates":[[36.6279559,37.0346835],[36.6279214,37.0346315],[36.6274815,37.0345073],[36.6271489,37.034306],[36.6266661,37.0339034],[36.6263318,37.0336313],[36.625093,37.0326227],[36.625001,37.0325478]]}},{"type":"Feature","properties":{"kind":"road","highway":"residential","motorable":true,"name":null,"ref":null,"bridge":false,"osm_id":1139002510},"geometry":{"type":"LineString","coordinates":[[36.6287312,37.0322858],[36.6280642,37.032345],[36.6275758,37.0323224],[36.6264867,37.0322771],[36.6260488,37.0323787],[36.6256294,37.0324858],[36.6252217,37.0325886],[36.625093,37.0326227]]}},{"type":"Feature","properties":{"kind":"road","highway":"track","motorable":true,"name":null,"ref":null,"bridge":false,"osm_id":1139012825},"geometry":{"type":"LineString","coordinates":[[36.6219799,37.0231899],[36.6218278,37.0228669],[36.6213056,37.0222847],[36.6211278,37.021944]]}},{"type":"Feature","properties":{"kind":"road","highway":"residential","motorable":true,"name":null,"ref":null,"bridge":false,"osm_id":1139012829},"geometry":{"type":"LineString","coordinates":[[36.6187429,37.022637],[36.6188555,37.0229538],[36.6189199,37.023138],[36.6190379,37.0236861],[36.6192525,37.0242856],[36.6198104,37.0253775],[36.6201001,37.0260797],[36.6208082,37.0272102],[36.6208684,37.027298],[36.6219565,37.028886]]}},{"type":"Feature","properties":{"kind":"road","highway":"track","motorable":true,"name":null,"ref":null,"bridge":false,"osm_id":1139012831},"geometry":{"type":"LineString","coordinates":[[36.6192525,37.0242856],[36.6194563,37.0242856],[36.6206043,37.0250563],[36.6207492,37.0252019],[36.6218109,37.026583],[36.6220072,37.0267291],[36.6226719,37.0267288]]}},{"type":"Feature","properties":{"kind":"road","highway":"track","motorable":true,"name":null,"ref":null,"bridge":false,"osm_id":1139012832},"geometry":{"type":"LineString","coordinates":[[36.6218109,37.026583],[36.6210358,37.0262932],[36.6209048,37.0263209],[36.6208471,37.0263947],[36.6208278,37.026533],[36.6209896,37.0270527],[36.620978,37.0271511],[36.6208684,37.027298]]}},{"type":"Feature","properties":{"kind":"road","highway":"residential","motorable":true,"name":null,"ref":null,"bridge":false,"osm_id":1139018555},"geometry":{"type":"LineString","coordinates":[[36.6265814,37.0235376],[36.6270791,37.0236346]]}},{"type":"Feature","properties":{"kind":"road","highway":"track","motorable":true,"name":null,"ref":null,"bridge":false,"osm_id":1139035955},"geometry":{"type":"LineString","coordinates":[[36.6190057,37.0201148],[36.6196931,37.0207222],[36.6211278,37.021944],[36.6214946,37.0220153],[36.6217546,37.022142],[36.6220136,37.0224373],[36.6223342,37.0228025],[36.6223111,37.0228947],[36.6219799,37.0231899],[36.6217334,37.0239094],[36.6217257,37.0242108],[36.6216564,37.0245797],[36.6217026,37.024961],[36.6217873,37.0251701],[36.6218721,37.0252746],[36.6225081,37.0256968],[36.6227153,37.0259206],[36.6227658,37.0260436],[36.6226719,37.0267288],[36.6228395,37.0274542],[36.6229267,37.0275426],[36.6233022,37.0275185],[36.6233994,37.0275265],[36.623546,37.0276562],[36.6236616,37.0278503],[36.6238331,37.0280413],[36.6240046,37.0281655],[36.6242079,37.0283055],[36.6243514,37.028487],[36.624487,37.0287226],[36.6245668,37.0288594],[36.6247223,37.0290281],[36.6248432,37.0291767],[36.6251167,37.0293447],[36.6254503,37.0295606],[36.6257418,37.0297525],[36.625907,37.0298317],[36.62627,37.029804],[36.6265952,37.0298245],[36.6267553,37.0299031]]}},{"type":"Feature","properties":{"kind":"road","highway":"residential","motorable":true,"name":null,"ref":null,"bridge":false,"osm_id":1139036569},"geometry":{"type":"LineString","coordinates":[[36.6259607,37.0214587],[36.6265472,37.0214031]]}},{"type":"Feature","properties":{"kind":"road","highway":"track","motorable":true,"name":null,"ref":null,"bridge":false,"osm_id":1139046173},"geometry":{"type":"LineString","coordinates":[[36.6176646,37.0165352],[36.6177831,37.0163901],[36.6178863,37.0163852],[36.6179712,37.0165112],[36.6180501,37.0167147],[36.6182504,37.017083],[36.6185296,37.0173108],[36.6189059,37.0176791],[36.6192033,37.0179311],[36.6193429,37.0181007],[36.6194036,37.0183091],[36.6195371,37.0184205],[36.6197616,37.0185756],[36.6199741,37.0187936],[36.6200347,37.0189729],[36.6201258,37.0192395],[36.6201507,37.0193829],[36.6201598,37.0195452],[36.6201705,37.0195743],[36.6201992,37.0196518],[36.6202538,37.0197657],[36.6204207,37.0198384],[36.6206635,37.0199062],[36.6210428,37.0199765],[36.6212431,37.0200589],[36.6211824,37.0202357],[36.6210641,37.020323],[36.6208456,37.0203908],[36.6206332,37.0204053],[36.6204025,37.020449],[36.6202144,37.0204514],[36.6201537,37.0205338],[36.6202569,37.0205967],[36.620445,37.0206888],[36.6207727,37.0208269],[36.6209518,37.0209238],[36.6212272,37.0210431],[36.6213425,37.0212515],[36.6215124,37.0215907],[36.6216763,37.0219929],[36.6217546,37.022142]]}},{"type":"Feature","properties":{"kind":"road","highway":"track","motorable":true,"name":null,"ref":null,"bridge":false,"osm_id":1139046174},"geometry":{"type":"LineString","coordinates":[[36.6210457,37.0196373],[36.6209771,37.0195979],[36.6209063,37.019579],[36.6208741,37.0195328],[36.6208333,37.0194659],[36.6207797,37.0194522],[36.6206565,37.0194022],[36.6206094,37.0193851],[36.6205403,37.0193435],[36.6204599,37.0193512],[36.6203655,37.0193751],[36.6202797,37.0194128],[36.6202539,37.0194454],[36.6202754,37.0194985],[36.620299,37.0195139],[36.6202239,37.0195533],[36.6201705,37.0195743]]}},{"type":"Feature","properties":{"kind":"road","highway":"track","motorable":true,"name":null,"ref":null,"bridge":false,"osm_id":1139046175},"geometry":{"type":"LineString","coordinates":[[36.620299,37.0195139],[36.6204137,37.0196086],[36.6204896,37.0196801]]}},{"type":"Feature","properties":{"kind":"road","highway":"track","motorable":true,"name":null,"ref":null,"bridge":false,"osm_id":1139046183},"geometry":{"type":"LineString","coordinates":[[36.6205509,37.0132974],[36.6206683,37.0136656],[36.6206996,37.0139427],[36.62077,37.0140447],[36.6208692,37.0141468],[36.620924,37.014276],[36.6209553,37.0144989],[36.6211353,37.0149738],[36.6212509,37.0153256],[36.621404,37.0157983],[36.6213274,37.0167519],[36.6213223,37.0171512],[36.6213478,37.0173346],[36.6215877,37.0176402],[36.6218346,37.0178359],[36.6220773,37.0181122],[36.6221532,37.0183399],[36.6222594,37.0186823],[36.6224041,37.0189185],[36.6225015,37.0191145],[36.6227,37.0192758],[36.6228443,37.0194833],[36.6231294,37.0201028],[36.6230537,37.020437],[36.6228588,37.0208317],[36.6227325,37.0210478],[36.6224257,37.0214051],[36.6223644,37.0215146],[36.6223716,37.0217998],[36.6223139,37.0220678],[36.6221984,37.0221946],[36.6220937,37.0223617],[36.6220136,37.0224373]]}},{"type":"Feature","properties":{"kind":"road","highway":"track","motorable":true,"name":null,"ref":null,"bridge":false,"osm_id":1139053106},"geometry":{"type":"LineString","coordinates":[[36.6304023,37.0331138],[36.6302759,37.033145],[36.6301253,37.0331947],[36.6300388,37.0332376],[36.6299055,37.0333094]]}},{"type":"Feature","properties":{"kind":"road","highway":"residential","motorable":true,"name":null,"ref":null,"bridge":false,"osm_id":1139053107},"geometry":{"type":"LineString","coordinates":[[36.6310591,37.0326227],[36.6321382,37.0326269],[36.6322334,37.0326158],[36.6322853,37.0325882],[36.6323234,37.0325453],[36.6323546,37.0324735],[36.6323719,37.0322515],[36.6325793,37.032175]]}},{"type":"Feature","properties":{"kind":"road","highway":"service","motorable":true,"name":null,"ref":null,"bridge":false,"osm_id":1139053108},"geometry":{"type":"LineString","coordinates":[[36.6324296,37.0308803],[36.6319322,37.0308628],[36.6314676,37.0308422]]}},{"type":"Feature","properties":{"kind":"road","highway":"service","motorable":true,"name":null,"ref":null,"bridge":false,"osm_id":1139053111},"geometry":{"type":"LineString","coordinates":[[36.6319097,37.03045],[36.6319734,37.0294843]]}},{"type":"Feature","properties":{"kind":"road","highway":"residential","motorable":true,"name":null,"ref":null,"bridge":false,"osm_id":1139053112},"geometry":{"type":"LineString","coordinates":[[36.6308702,37.0304054],[36.6308986,37.030059],[36.6308936,37.0300042],[36.6308216,37.0299521],[36.6307446,37.0299347],[36.6301519,37.02992]]}},{"type":"Feature","properties":{"kind":"road","highway":"service","motorable":true,"name":null,"ref":null,"bridge":false,"osm_id":1139057102},"geometry":{"type":"LineString","coordinates":[[36.6264851,37.0166812],[36.6266178,37.0166553],[36.6266586,37.0166512],[36.6267377,37.0166165],[36.6267505,37.0164841],[36.6267554,37.0163919],[36.6267758,37.016344],[36.6268037,37.0162566],[36.626868,37.0161615],[36.626905,37.0160786]]}},{"type":"Feature","properties":{"kind":"road","highway":"unclassified","motorable":true,"name":null,"ref":null,"bridge":false,"osm_id":1139067378},"geometry":{"type":"LineString","coordinates":[[36.6337356,37.0173591],[36.6338176,37.0174246],[36.6341964,37.0170481],[36.6343251,37.0169025],[36.6344002,37.0168426],[36.634797,37.0164144],[36.6353119,37.016]]}},{"type":"Feature","properties":{"kind":"road","highway":"track","motorable":true,"name":null,"ref":null,"bridge":false,"osm_id":1139070619},"geometry":{"type":"LineString","coordinates":[[36.63892,37.016888],[36.6389818,37.0168207],[36.6390098,37.016761],[36.6390611,37.0163471],[36.6390845,37.0161943],[36.6391032,37.0161197],[36.6391405,37.0160339],[36.6391779,37.0159556],[36.6392199,37.0158885],[36.6392479,37.0158363],[36.6392573,37.0157841],[36.639276,37.0157095],[36.6392993,37.0155939],[36.63936,37.0153776],[36.6393647,37.0152807],[36.63936,37.0151837],[36.6393834,37.0150495],[36.6394114,37.0149227],[36.6394389,37.0148263]]}},{"type":"Feature","properties":{"kind":"road","highway":"residential","motorable":true,"name":null,"ref":null,"bridge":false,"osm_id":1139075013},"geometry":{"type":"LineString","coordinates":[[36.6249415,37.0238253],[36.624826,37.0238036],[36.6246703,37.0241436],[36.6245745,37.0244898]]}},{"type":"Feature","properties":{"kind":"road","highway":"tertiary","motorable":true,"name":null,"ref":null,"bridge":false,"osm_id":1139092486},"geometry":{"type":"LineString","coordinates":[[36.627267,37.0168612],[36.6272509,37.0168633],[36.6272351,37.0168701],[36.6272256,37.016879],[36.627219,37.0168909],[36.6272177,37.0169038],[36.6272217,37.0169164],[36.6272307,37.0169273],[36.6272489,37.0169393],[36.6272748,37.0169393],[36.6272901,37.0169352],[36.6273028,37.0169274],[36.6273275,37.0169181],[36.6273158,37.0169041],[36.6273146,37.0168912],[36.6273119,37.0168861],[36.6273082,37.0168793],[36.6272973,37.0168696],[36.627283,37.0168634],[36.627267,37.0168612]]}},{"type":"Feature","properties":{"kind":"road","highway":"residential","motorable":true,"name":null,"ref":null,"bridge":false,"osm_id":1139111482},"geometry":{"type":"LineString","coordinates":[[36.6242836,37.0176293],[36.6247136,37.0175267]]}},{"type":"Feature","properties":{"kind":"road","highway":"residential","motorable":true,"name":"283 Nolu Sk.","ref":null,"bridge":false,"osm_id":1139111492},"geometry":{"type":"LineString","coordinates":[[36.623677,37.0180865],[36.6241151,37.0179835],[36.6243658,37.0179561]]}},{"type":"Feature","properties":{"kind":"road","highway":"residential","motorable":true,"name":"240 Nolu Sk.","ref":null,"bridge":false,"osm_id":1139111493},"geometry":{"type":"LineString","coordinates":[[36.6235457,37.017824],[36.6240326,37.0176851],[36.6242836,37.0176293]]}},{"type":"Feature","properties":{"kind":"road","highway":"residential","motorable":true,"name":null,"ref":null,"bridge":false,"osm_id":1139119042},"geometry":{"type":"LineString","coordinates":[[36.6364052,37.0250596],[36.637094,37.0249698],[36.6377766,37.0248709]]}},{"type":"Feature","properties":{"kind":"road","highway":"footway","motorable":false,"name":null,"ref":null,"bridge":true,"osm_id":1139162831},"geometry":{"type":"LineString","coordinates":[[36.6334552,37.0303408],[36.634208,37.0301543]]}},{"type":"Feature","properties":{"kind":"road","highway":"residential","motorable":true,"name":null,"ref":null,"bridge":false,"osm_id":1139180614},"geometry":{"type":"LineString","coordinates":[[36.6294763,37.0226324],[36.6293646,37.0226558],[36.6289931,37.0227537]]}},{"type":"Feature","properties":{"kind":"road","highway":"residential","motorable":true,"name":null,"ref":null,"bridge":false,"osm_id":1139182733},"geometry":{"type":"LineString","coordinates":[[36.6345238,37.0265192],[36.6346267,37.0266388],[36.6347507,37.026632],[36.6349291,37.0268543]]}},{"type":"Feature","properties":{"kind":"road","highway":"unclassified","motorable":true,"name":null,"ref":null,"bridge":false,"osm_id":1139182734},"geometry":{"type":"LineString","coordinates":[[36.6344393,37.0255639],[36.6342845,37.0256772],[36.6340365,37.0257614],[36.6338441,37.025758],[36.6334359,37.0258853]]}},{"type":"Feature","properties":{"kind":"road","highway":"unclassified","motorable":true,"name":"ulus caddesi","ref":null,"bridge":false,"osm_id":1139182737},"geometry":{"type":"LineString","coordinates":[[36.6343558,37.0248655],[36.6336878,37.0249918],[36.6332046,37.0250917]]}},{"type":"Feature","properties":{"kind":"road","highway":"residential","motorable":true,"name":null,"ref":null,"bridge":false,"osm_id":1139182742},"geometry":{"type":"LineString","coordinates":[[36.6360405,37.0252419],[36.6353986,37.0253322]]}},{"type":"Feature","properties":{"kind":"road","highway":"residential","motorable":true,"name":null,"ref":null,"bridge":false,"osm_id":1139187781},"geometry":{"type":"LineString","coordinates":[[36.6325853,37.0279315],[36.6328214,37.0278324],[36.6331972,37.0277511]]}},{"type":"Feature","properties":{"kind":"road","highway":"residential","motorable":true,"name":null,"ref":null,"bridge":false,"osm_id":1139187784},"geometry":{"type":"LineString","coordinates":[[36.6316938,37.0277426],[36.6314676,37.0274169]]}},{"type":"Feature","properties":{"kind":"road","highway":"residential","motorable":true,"name":null,"ref":null,"bridge":false,"osm_id":1139187789},"geometry":{"type":"LineString","coordinates":[[36.6341584,37.0268908],[36.6335637,37.0270907],[36.6336412,37.0271994],[36.6338715,37.0277615]]}},{"type":"Feature","properties":{"kind":"road","highway":"residential","motorable":true,"name":null,"ref":null,"bridge":false,"osm_id":1139187790},"geometry":{"type":"LineString","coordinates":[[36.6308333,37.0258529],[36.6311357,37.0272321]]}},{"type":"Feature","properties":{"kind":"road","highway":"residential","motorable":true,"name":null,"ref":null,"bridge":false,"osm_id":1139209674},"geometry":{"type":"LineString","coordinates":[[36.6323951,37.0251765],[36.6323093,37.0249559]]}},{"type":"Feature","properties":{"kind":"road","highway":"residential","motorable":true,"name":null,"ref":null,"bridge":false,"osm_id":1139209700},"geometry":{"type":"LineString","coordinates":[[36.632004,37.0245564],[36.6321905,37.0248542],[36.6322426,37.0249608]]}},{"type":"Feature","properties":{"kind":"road","highway":"residential","motorable":true,"name":null,"ref":null,"bridge":false,"osm_id":1139248359},"geometry":{"type":"LineString","coordinates":[[36.635431,37.0283525],[36.6355001,37.0294385]]}},{"type":"Feature","properties":{"kind":"road","highway":"track","motorable":true,"name":null,"ref":null,"bridge":false,"osm_id":1139248366},"geometry":{"type":"LineString","coordinates":[[36.6191521,37.0347428],[36.6194733,37.0351916],[36.6229386,37.0347704],[36.6240417,37.0347322],[36.6253966,37.0339281],[36.6263318,37.0336313]]}},{"type":"Feature","properties":{"kind":"road","highway":"track","motorable":true,"name":null,"ref":null,"bridge":false,"osm_id":1139248367},"geometry":{"type":"LineString","coordinates":[[36.6268163,37.0350554],[36.6267875,37.0353352],[36.6271353,37.0360148],[36.6272295,37.0371475]]}},{"type":"Feature","properties":{"kind":"road","highway":"track","motorable":true,"name":null,"ref":null,"bridge":false,"osm_id":1139248369},"geometry":{"type":"LineString","coordinates":[[36.633928,37.0331511],[36.633605,37.0332124],[36.6332773,37.0332961],[36.6331839,37.0333173],[36.6330292,37.0333083],[36.6324787,37.0330352],[36.63251,37.0329292],[36.6325402,37.0327007],[36.6325132,37.0324145],[36.6325134,37.0322867],[36.6325793,37.032175]]}},{"type":"Feature","properties":{"kind":"road","highway":"track","motorable":true,"name":null,"ref":null,"bridge":false,"osm_id":1139248370},"geometry":{"type":"LineString","coordinates":[[36.6324787,37.0330352],[36.6323229,37.0330582],[36.6318747,37.0330092],[36.63158,37.0330186]]}},{"type":"Feature","properties":{"kind":"road","highway":"service","motorable":true,"name":null,"ref":null,"bridge":false,"osm_id":1139248371},"geometry":{"type":"LineString","coordinates":[[36.6295606,37.0303428],[36.6295619,37.0299679]]}},{"type":"Feature","properties":{"kind":"road","highway":"track","motorable":true,"name":null,"ref":null,"bridge":false,"osm_id":1139248372},"geometry":{"type":"LineString","coordinates":[[36.6308216,37.0299521],[36.6313532,37.0294278],[36.6315,37.0293631],[36.6322038,37.0293105]]}},{"type":"Feature","properties":{"kind":"road","highway":"residential","motorable":true,"name":null,"ref":null,"bridge":false,"osm_id":1139248373},"geometry":{"type":"LineString","coordinates":[[36.6322038,37.0293105],[36.6324925,37.0292903],[36.6327811,37.029254],[36.6331108,37.0291402]]}},{"type":"Feature","properties":{"kind":"road","highway":"service","motorable":true,"name":null,"ref":null,"bridge":false,"osm_id":1139248375},"geometry":{"type":"LineString","coordinates":[[36.6370892,37.0262944],[36.6374744,37.0263309]]}},{"type":"Feature","properties":{"kind":"road","highway":"service","motorable":true,"name":null,"ref":null,"bridge":false,"osm_id":1139263445},"geometry":{"type":"LineString","coordinates":[[36.6367544,37.021428],[36.6362438,37.021215],[36.636181,37.0211888],[36.6361488,37.0211754],[36.6361071,37.021158],[36.6360734,37.0211439],[36.6360183,37.0211209],[36.6359062,37.0210742]]}},{"type":"Feature","properties":{"kind":"road","highway":"residential","motorable":true,"name":null,"ref":null,"bridge":false,"osm_id":1139268813},"geometry":{"type":"LineString","coordinates":[[36.6302762,37.0287202],[36.6301716,37.0281618]]}},{"type":"Feature","properties":{"kind":"road","highway":"service","motorable":true,"name":null,"ref":null,"bridge":false,"osm_id":1139268814},"geometry":{"type":"LineString","coordinates":[[36.6308837,37.0284482],[36.6309682,37.02834],[36.6310379,37.0283261],[36.631199,37.0282358]]}},{"type":"Feature","properties":{"kind":"road","highway":"residential","motorable":true,"name":null,"ref":null,"bridge":false,"osm_id":1139270436},"geometry":{"type":"LineString","coordinates":[[36.6290598,37.0278454],[36.6290793,37.0278757],[36.629106,37.0279247],[36.6291743,37.0279895],[36.6292589,37.0280505],[36.6293562,37.02813],[36.6294164,37.0282003],[36.6294942,37.028188]]}},{"type":"Feature","properties":{"kind":"road","highway":"residential","motorable":true,"name":null,"ref":null,"bridge":false,"osm_id":1139274727},"geometry":{"type":"LineString","coordinates":[[36.6307995,37.0280418],[36.6308282,37.0278727],[36.6308182,37.0277645],[36.6308011,37.0275814],[36.6307308,37.0273528]]}},{"type":"Feature","properties":{"kind":"road","highway":"residential","motorable":true,"name":null,"ref":null,"bridge":false,"osm_id":1139290358},"geometry":{"type":"LineString","coordinates":[[36.631546,37.0212726],[36.6314552,37.0212184],[36.6314176,37.0211778],[36.6309643,37.0208185],[36.6301848,37.0201302]]}},{"type":"Feature","properties":{"kind":"road","highway":"residential","motorable":true,"name":null,"ref":null,"bridge":false,"osm_id":1139340506},"geometry":{"type":"LineString","coordinates":[[36.6312231,37.0283421],[36.6317727,37.028249],[36.6319225,37.0281035],[36.6324869,37.0279659]]}},{"type":"Feature","properties":{"kind":"road","highway":"residential","motorable":true,"name":null,"ref":null,"bridge":false,"osm_id":1139477216},"geometry":{"type":"LineString","coordinates":[[36.6333476,37.0265829],[36.6335637,37.0270907]]}},{"type":"Feature","properties":{"kind":"road","highway":"residential","motorable":true,"name":null,"ref":null,"bridge":false,"osm_id":1139496116},"geometry":{"type":"LineString","coordinates":[[36.631381,37.0260047],[36.6322325,37.0257962],[36.6325544,37.0256996],[36.6326257,37.0256821]]}},{"type":"Feature","properties":{"kind":"road","highway":"residential","motorable":true,"name":null,"ref":null,"bridge":false,"osm_id":1139506531},"geometry":{"type":"LineString","coordinates":[[36.6322325,37.0257962],[36.6325117,37.026421]]}},{"type":"Feature","properties":{"kind":"road","highway":"residential","motorable":true,"name":null,"ref":null,"bridge":false,"osm_id":1139524294},"geometry":{"type":"LineString","coordinates":[[36.6291016,37.0248325],[36.6287037,37.0249338],[36.628364,37.0251965]]}},{"type":"Feature","properties":{"kind":"road","highway":"tertiary","motorable":true,"name":null,"ref":null,"bridge":false,"osm_id":1139539885},"geometry":{"type":"LineString","coordinates":[[36.6381034,37.0250101],[36.637992,37.0255054]]}},{"type":"Feature","properties":{"kind":"road","highway":"tertiary","motorable":true,"name":null,"ref":null,"bridge":false,"osm_id":1139539886},"geometry":{"type":"LineString","coordinates":[[36.637992,37.0255054],[36.6379705,37.0256253],[36.6379464,37.0256874],[36.6379223,37.0257367],[36.6378418,37.0258266],[36.637766,37.0259101]]}},{"type":"Feature","properties":{"kind":"road","highway":"residential","motorable":true,"name":null,"ref":null,"bridge":false,"osm_id":1139640339},"geometry":{"type":"LineString","coordinates":[[36.6339435,37.0213149],[36.6339514,37.0216049],[36.6339209,37.0221951],[36.6341017,37.02219],[36.6342673,37.0221214],[36.6343268,37.0219568],[36.6343799,37.0219164]]}},{"type":"Feature","properties":{"kind":"road","highway":"residential","motorable":true,"name":null,"ref":null,"bridge":false,"osm_id":1139640340},"geometry":{"type":"LineString","coordinates":[[36.6339209,37.0221951],[36.6338877,37.0222193],[36.6338254,37.0222455],[36.6336802,37.0222758],[36.6335415,37.0222927]]}},{"type":"Feature","properties":{"kind":"road","highway":"residential","motorable":true,"name":null,"ref":null,"bridge":false,"osm_id":1139732471},"geometry":{"type":"LineString","coordinates":[[36.6338715,37.0277615],[36.634564,37.0276121]]}},{"type":"Feature","properties":{"kind":"road","highway":"residential","motorable":true,"name":null,"ref":null,"bridge":false,"osm_id":1141885766},"geometry":{"type":"LineString","coordinates":[[36.6294942,37.028188],[36.6294672,37.0282478],[36.6293964,37.0282842],[36.6292631,37.028348],[36.6291259,37.0284068],[36.6288555,37.0284703],[36.6287944,37.028499],[36.6287497,37.0285088]]}},{"type":"Feature","properties":{"kind":"road","highway":"residential","motorable":true,"name":null,"ref":null,"bridge":false,"osm_id":1144094403},"geometry":{"type":"LineString","coordinates":[[36.6389013,37.0190327],[36.6388556,37.0186484],[36.6388471,37.0186035],[36.6388288,37.0185606],[36.6388011,37.0185206],[36.638765,37.0184853],[36.6387215,37.0184556],[36.6385574,37.0183847]]}},{"type":"Feature","properties":{"kind":"road","highway":"service","motorable":true,"name":null,"ref":null,"bridge":false,"osm_id":1484900447},"geometry":{"type":"LineString","coordinates":[[36.6265991,37.0287346],[36.62658,37.0287439],[36.6265595,37.0287509],[36.6265331,37.0287563],[36.6265059,37.0287581],[36.6254662,37.0286858],[36.6254039,37.0286813],[36.6253428,37.0286707],[36.6252838,37.0286542],[36.6252322,37.0286341],[36.6251837,37.0286095],[36.625139,37.0285806],[36.6250733,37.0285022],[36.6249398,37.0282758]]}},{"type":"Feature","properties":{"kind":"road","highway":"residential","motorable":true,"name":null,"ref":null,"bridge":false,"osm_id":1484900448},"geometry":{"type":"LineString","coordinates":[[36.6278213,37.0282902],[36.6278453,37.0284765],[36.6279063,37.0289503]]}},{"type":"Feature","properties":{"kind":"road","highway":"service","motorable":true,"name":null,"ref":null,"bridge":false,"osm_id":1484900449},"geometry":{"type":"LineString","coordinates":[[36.6280764,37.025854],[36.6277246,37.0263545]]}},{"type":"Feature","properties":{"kind":"road","highway":"service","motorable":true,"name":null,"ref":null,"bridge":false,"osm_id":1484900450},"geometry":{"type":"LineString","coordinates":[[36.6265773,37.027133],[36.6267483,37.0273132],[36.6268683,37.0273587],[36.6269656,37.0274526]]}},{"type":"Feature","properties":{"kind":"road","highway":"service","motorable":true,"name":null,"ref":null,"bridge":false,"osm_id":1484900451},"geometry":{"type":"LineString","coordinates":[[36.6254919,37.0272999],[36.6260375,37.0271007],[36.6264586,37.0271858],[36.6265773,37.027133],[36.6266752,37.0270895],[36.6271245,37.0267784],[36.6272103,37.0266211],[36.6272435,37.026572],[36.6272807,37.0265247],[36.6273434,37.0264578]]}},{"type":"Feature","properties":{"kind":"road","highway":"residential","motorable":true,"name":null,"ref":null,"bridge":false,"osm_id":1484900452},"geometry":{"type":"LineString","coordinates":[[36.6255965,37.0259622],[36.626242,37.0261023],[36.6262712,37.0261064],[36.6263007,37.0261036],[36.6263292,37.0260937],[36.6263527,37.0260774],[36.6263969,37.0259939]]}},{"type":"Feature","properties":{"kind":"road","highway":"service","motorable":true,"name":null,"ref":null,"bridge":false,"osm_id":1484900453},"geometry":{"type":"LineString","coordinates":[[36.6253817,37.0261803],[36.6252791,37.0261987],[36.6244818,37.0262458],[36.6244584,37.026246],[36.6244369,37.0262386],[36.6244223,37.0262264],[36.6244144,37.0262107],[36.6243732,37.0260659],[36.6243678,37.0259717],[36.6243725,37.0258646],[36.6243846,37.0257211]]}},{"type":"Feature","properties":{"kind":"road","highway":"service","motorable":true,"name":null,"ref":null,"bridge":false,"osm_id":1484900454},"geometry":{"type":"LineString","coordinates":[[36.6250089,37.0212327],[36.6250196,37.0214559],[36.6250062,37.0215892],[36.6250136,37.0217766],[36.6250122,37.0218366],[36.6250216,37.0218961],[36.6250417,37.0219538],[36.6250662,37.0219996],[36.6250974,37.0220427],[36.6251477,37.0220808],[36.6252047,37.0221123],[36.6252516,37.0221313],[36.625301,37.0221458],[36.6253522,37.0221557],[36.6254139,37.0221621],[36.625512,37.0221647]]}},{"type":"Feature","properties":{"kind":"road","highway":"residential","motorable":true,"name":null,"ref":null,"bridge":false,"osm_id":1484903522},"geometry":{"type":"LineString","coordinates":[[36.6332061,37.0261454],[36.633413,37.0265635]]}},{"type":"Feature","properties":{"kind":"road","highway":"residential","motorable":true,"name":null,"ref":null,"bridge":false,"osm_id":1484903523},"geometry":{"type":"LineString","coordinates":[[36.6327897,37.0262377],[36.6332061,37.0261454],[36.6335291,37.0260739]]}},{"type":"Feature","properties":{"kind":"road","highway":"residential","motorable":true,"name":null,"ref":null,"bridge":false,"osm_id":1484903524},"geometry":{"type":"LineString","coordinates":[[36.6372489,37.030544],[36.6385154,37.0307377]]}},{"type":"Feature","properties":{"kind":"road","highway":"residential","motorable":true,"name":null,"ref":null,"bridge":false,"osm_id":1484904730},"geometry":{"type":"LineString","coordinates":[[36.6303587,37.0221868],[36.6303699,37.022111],[36.6303767,37.0220226],[36.6303701,37.0219083]]}},{"type":"Feature","properties":{"kind":"road","highway":"residential","motorable":true,"name":null,"ref":null,"bridge":false,"osm_id":1484904731},"geometry":{"type":"LineString","coordinates":[[36.631009,37.0227619],[36.6311485,37.0224223],[36.6313098,37.022046]]}},{"type":"Feature","properties":{"kind":"road","highway":"service","motorable":true,"name":null,"ref":null,"bridge":false,"osm_id":1484904732},"geometry":{"type":"LineString","coordinates":[[36.6328016,37.023578],[36.6326036,37.0236649],[36.6322421,37.0238378]]}},{"type":"Feature","properties":{"kind":"road","highway":"residential","motorable":true,"name":null,"ref":null,"bridge":false,"osm_id":1484905662},"geometry":{"type":"LineString","coordinates":[[36.6405464,37.0211657],[36.6403732,37.0207915],[36.6402479,37.0205613],[36.6401678,37.0204176]]}}]}