{"type":"FeatureCollection","name":"namchi_rgb_0.5m","source":"OpenStreetMap roads, paths and places","licence":"ODbL 1.0 (c) OpenStreetMap contributors","features":[{"type":"Feature","properties":{"kind":"place","place":"town","name":"Namchi","population":"5000","osm_id":245756401},"geometry":{"type":"Point","coordinates":[88.3651981,27.1661262]}},{"type":"Feature","properties":{"kind":"road","highway":"trunk","motorable":true,"name":"NH710","ref":"NH710","bridge":false,"osm_id":83698799},"geometry":{"type":"LineString","coordinates":[[88.3914122,27.1939907],[88.3913848,27.1939022],[88.3913836,27.1937472],[88.3914147,27.1935414],[88.3914655,27.1932674],[88.3915561,27.19285],[88.3916532,27.1925881],[88.3916899,27.1924737],[88.3916695,27.1923322],[88.3916632,27.1920431],[88.3915056,27.191649],[88.3912168,27.191133],[88.3910431,27.1909735],[88.3908988,27.1908147],[88.3908943,27.1906597],[88.3909487,27.1904523],[88.3910074,27.1902503],[88.3911019,27.1900137],[88.3911634,27.1897897],[88.391191,27.1895819],[88.3911229,27.1893501],[88.3911782,27.1891536],[88.3911818,27.1888169],[88.3910146,27.1886374],[88.3908719,27.1885152],[88.3906719,27.1883767],[88.3901744,27.1882008],[88.389719,27.1881529],[88.3894942,27.187833],[88.389412,27.1875756],[88.3894279,27.1873758],[88.3893342,27.1871723],[88.3891063,27.187064],[88.3886979,27.1869402],[88.3881826,27.1867978],[88.3878592,27.1867829],[88.3875376,27.1868859],[88.3873837,27.1870895],[88.3873094,27.187285],[88.3872854,27.1874742],[88.3872376,27.1876778],[88.3871375,27.1878887],[88.386972,27.188078],[88.3868589,27.1881628],[88.3866557,27.1882908],[88.3865225,27.188337],[88.3863308,27.188349],[88.3861791,27.1882395],[88.3859923,27.1881412],[88.3857129,27.188087],[88.385388,27.1879052],[88.3851329,27.1876326],[88.3849159,27.1873397],[88.3847845,27.187249],[88.3845665,27.1872318],[88.3841699,27.1872065],[88.3838229,27.1871548],[88.3833575,27.1871178],[88.3830732,27.1870677],[88.3828559,27.18702],[88.3826467,27.1870033],[88.38246,27.1870403],[88.3822276,27.1872934],[88.3820721,27.1874537],[88.3818692,27.1876171],[88.3815761,27.1878888],[88.3814048,27.1879696],[88.3812386,27.1880054],[88.3810589,27.1879624],[88.3808121,27.1879958],[88.380568,27.1881676],[88.3803079,27.1882869],[88.3800906,27.1883775],[88.3799109,27.1884372],[88.3798251,27.1884897],[88.3796953,27.1885504],[88.3796327,27.18865],[88.3795739,27.1887546],[88.3794544,27.1889149],[88.3793825,27.1889358],[88.3793101,27.1889215],[88.3792511,27.188881],[88.3792001,27.1888022],[88.3790982,27.1886543],[88.3789802,27.1884873],[88.3789058,27.1883755],[88.3789273,27.1881285],[88.3789945,27.1879133],[88.3788481,27.1875179],[88.378796,27.1873548],[88.3787472,27.1872176],[88.3786743,27.1869366],[88.3786122,27.186605],[88.3785249,27.1864723],[88.3784008,27.1863877],[88.3782157,27.1863329],[88.3779529,27.1862136],[88.3778052,27.18611],[88.3776903,27.1860834],[88.3775329,27.1860684],[88.377347,27.1860077],[88.3772464,27.1858997],[88.3772237,27.185817],[88.3771952,27.1856685],[88.3771743,27.1855167],[88.3771288,27.1853024],[88.3769708,27.1850564],[88.3767986,27.1848001],[88.3767172,27.1846578],[88.3765807,27.1845041],[88.3764134,27.1844726],[88.3762221,27.1845127],[88.3760345,27.1845214],[88.3758924,27.1844836],[88.3758062,27.18439],[88.3758115,27.1842361],[88.375875,27.1840318],[88.3758977,27.1839913],[88.3760476,27.1837939],[88.3761443,27.1836792],[88.3762775,27.1835619],[88.37647,27.1833993],[88.3765599,27.1833001],[88.3765926,27.1831254],[88.3765572,27.1829528],[88.3764336,27.1826843],[88.3763666,27.1825397],[88.376353,27.1823275],[88.3763264,27.1822331],[88.376243,27.1821183],[88.3762202,27.182012],[88.3762316,27.181845],[88.376218,27.1816498],[88.3762143,27.1815022],[88.3762055,27.1813111],[88.3761965,27.181218],[88.3761929,27.1810617],[88.3762379,27.1809173],[88.3762891,27.1807484],[88.3762965,27.1805868],[88.3762005,27.180439],[88.3761299,27.180264],[88.3760765,27.1801645],[88.3760044,27.1800491],[88.3759543,27.1798704],[88.375947,27.1797261],[88.375995,27.1795622],[88.3760475,27.1794531],[88.3761271,27.1792481],[88.3761458,27.1790787],[88.3760667,27.1789704],[88.3758888,27.1789018],[88.3756274,27.1788185],[88.3755067,27.1787407],[88.3754322,27.1786109],[88.3754082,27.1784581],[88.3753945,27.1783151],[88.3753345,27.1781221],[88.3751643,27.1778444],[88.3749629,27.1776285],[88.3748077,27.1774796],[88.3746519,27.177333],[88.3744914,27.1771787],[88.3743537,27.1769565],[88.3742645,27.1767979],[88.3741621,27.1766713],[88.3740141,27.1764671],[88.3738055,27.1762055],[88.3737297,27.1760575],[88.373672,27.1759311],[88.3736613,27.1758157],[88.3736937,27.1757205],[88.3737469,27.175655],[88.3738305,27.1755911],[88.3740236,27.1755424],[88.374143,27.1755168],[88.3743217,27.1754927],[88.3745059,27.1754689],[88.3746499,27.1754332],[88.3748496,27.1753883],[88.3750961,27.1753448],[88.3753712,27.1753292],[88.3756977,27.1753609],[88.3759146,27.1753682],[88.3760406,27.1753474],[88.3761934,27.1753142],[88.3763557,27.1752748],[88.3765025,27.1752435],[88.3766948,27.1751939],[88.3768168,27.1751545],[88.3770553,27.1751031],[88.3772217,27.1750914],[88.3773713,27.1751066],[88.3775326,27.1751475],[88.3777015,27.1751956],[88.3778501,27.175228],[88.3780091,27.1752338],[88.3781518,27.1752305],[88.3783216,27.1752168],[88.3784575,27.1752021],[88.3786312,27.1751955],[88.3787678,27.1751743],[88.378872,27.1751435],[88.3789232,27.17511],[88.378977,27.1750327],[88.3790139,27.1749547],[88.3790561,27.1748488],[88.3790849,27.1747201],[88.3790945,27.1746455],[88.3791324,27.1745877],[88.3791472,27.1745674],[88.3791709,27.1745581],[88.3792438,27.1745322],[88.3795065,27.1746052],[88.3796543,27.1746257],[88.3798018,27.1746283],[88.3800071,27.1745821],[88.3801561,27.1744859],[88.3802856,27.174449],[88.3803427,27.1744222],[88.3804631,27.1743407],[88.3805239,27.1743034],[88.3805602,27.1742728],[88.3805865,27.1742517],[88.3806245,27.1742212],[88.3807549,27.1741722],[88.3808809,27.1741941],[88.3813408,27.1741595],[88.3815391,27.1741688],[88.3818056,27.174238],[88.3818938,27.1742886],[88.38195,27.1743184],[88.3819772,27.1743257],[88.3819996,27.1743274],[88.3820265,27.1743072],[88.382056,27.1742903],[88.3820717,27.1742463],[88.3820555,27.1742229],[88.3820332,27.1742071],[88.3819882,27.1741785],[88.3819014,27.1741232],[88.381743,27.1740312],[88.3816406,27.1739654],[88.3815439,27.173908],[88.3814942,27.1739023],[88.3812539,27.1737983],[88.380912,27.1737358],[88.3805399,27.1737019],[88.3801086,27.1738424],[88.3798541,27.1738034],[88.3795233,27.1738206],[88.3793088,27.173773],[88.3791653,27.1737949],[88.3789985,27.1738271],[88.3788516,27.1738606],[88.3787776,27.1738804],[88.3787116,27.1738981],[88.3786004,27.173918],[88.3785366,27.1739025],[88.3784456,27.1738318],[88.3783165,27.1736935],[88.3781621,27.1735842],[88.3779001,27.1734238],[88.3777216,27.1733127],[88.377615,27.1732322],[88.3773585,27.1730218],[88.3771374,27.1729118],[88.3769952,27.1728848],[88.3769225,27.172871],[88.3767742,27.1728698],[88.3765977,27.1728881],[88.376334,27.1729619],[88.3760374,27.1730502],[88.3758064,27.1731128],[88.3757075,27.173138],[88.3756547,27.1731165],[88.3755768,27.1730579],[88.3755188,27.1730057],[88.3754346,27.1728922],[88.3752921,27.1727657],[88.3751832,27.1726644],[88.3750196,27.1725403],[88.3749173,27.172469],[88.3747964,27.1724303],[88.3746505,27.1723884],[88.3744486,27.1723487],[88.3744177,27.1723428],[88.374189,27.172299],[88.3739939,27.1722515],[88.3738767,27.172224],[88.3738056,27.1721849],[88.3737698,27.1721223],[88.3737494,27.1720606],[88.3737024,27.1719628],[88.3736166,27.1718805],[88.3734121,27.1717956],[88.3733277,27.1717829],[88.3731524,27.1717862],[88.3730761,27.1717748],[88.3730335,27.1717363],[88.3729735,27.1716662],[88.3728758,27.1715446],[88.3727903,27.1714891],[88.3725926,27.1714231],[88.3722285,27.1713884],[88.3720794,27.1713721],[88.3719856,27.1713368],[88.371892,27.1712591],[88.3717793,27.1711053],[88.3716132,27.1709488],[88.3715754,27.1709132],[88.3713048,27.1707468],[88.3706326,27.1702051],[88.3704949,27.1701322],[88.3703833,27.1700939],[88.3702523,27.1700536],[88.3700449,27.1699897],[88.3698435,27.1699294],[88.3695782,27.1698197],[88.3693877,27.1697696],[88.3691708,27.1697797],[88.3689846,27.1697851],[88.3687959,27.1697391],[88.3686239,27.1697073],[88.3683476,27.1696153],[88.3676035,27.1694772],[88.3671992,27.1693031],[88.3670323,27.1692549],[88.3668063,27.1691721],[88.3666049,27.1690584],[88.3662609,27.168857],[88.3661282,27.1687992],[88.365939,27.1687254],[88.3658223,27.1686562],[88.3657069,27.1685619],[88.3655124,27.1684521],[88.3653908,27.1683734],[88.3652367,27.1683417],[88.3650028,27.1683185],[88.3648751,27.1683131],[88.3647619,27.1682931],[88.3646347,27.1682446],[88.3645279,27.1681968],[88.3643896,27.1680978],[88.3642127,27.1680285],[88.3637674,27.1678125],[88.3633349,27.1676623],[88.3632638,27.1676458],[88.3631968,27.1676089],[88.3631458,27.1675993],[88.3630894,27.1675993],[88.3630331,27.1675993],[88.3629634,27.1676089],[88.3628936,27.1676685],[88.3628494,27.1677151],[88.3628449,27.1678223],[88.3629003,27.1679764],[88.3629526,27.1680647],[88.3630617,27.1685315],[88.3630857,27.1686773],[88.3631246,27.1687865],[88.3633245,27.1688808],[88.3634717,27.169036],[88.3635938,27.1691983],[88.3636877,27.1693284],[88.3637561,27.1695074],[88.36385,27.1696876],[88.3638643,27.1697432],[88.3638698,27.1698079],[88.3638704,27.1698589],[88.3638603,27.1698929],[88.3638402,27.1699269],[88.3637939,27.1699501],[88.3637572,27.1699751],[88.3637228,27.1699768],[88.3636915,27.1699687],[88.3636639,27.1699524],[88.3636333,27.1699373],[88.3636089,27.169909],[88.3635778,27.1698121],[88.363567,27.169678],[88.363524,27.1695158],[88.3634945,27.1694119],[88.3633926,27.169289],[88.3633014,27.1692115],[88.3630921,27.1690981],[88.3628172,27.1689871],[88.3626062,27.1689148],[88.3625261,27.1688881],[88.3624362,27.1688511],[88.3623648,27.1687922],[88.3623289,27.1687449],[88.3623088,27.1686685],[88.3623008,27.1685969],[88.3622726,27.1684835],[88.3620955,27.1681411],[88.3619426,27.1679922],[88.3618667,27.1678306],[88.3618459,27.1675775],[88.3618471,27.1672878],[88.3619146,27.1669511],[88.3619733,27.1665558]]}},{"type":"Feature","properties":{"kind":"road","highway":"tertiary","motorable":true,"name":"ODR","ref":"ODR","bridge":false,"osm_id":134410484},"geometry":{"type":"LineString","coordinates":[[88.3229436,27.1601704],[88.3228363,27.1602141],[88.3226991,27.1602696],[88.3225999,27.160291],[88.3225088,27.1602977],[88.3222898,27.1602923],[88.3220498,27.1602555],[88.3219719,27.1602538],[88.3218857,27.1602805],[88.3217728,27.1603314],[88.3216473,27.1603704],[88.3214007,27.1604529],[88.3210819,27.1605158],[88.3206719,27.1606877],[88.3204739,27.1607142],[88.3203185,27.160718],[88.3201588,27.1606953],[88.3200034,27.1606915],[88.3198608,27.1606763],[88.3197564,27.1606214],[88.3196564,27.160521],[88.3195925,27.1604074],[88.3194989,27.1602994],[88.3193945,27.1602274],[88.3192136,27.1601877],[88.3190837,27.1601365],[88.3189745,27.1601248],[88.3188799,27.16005],[88.3188567,27.1599739],[88.3188823,27.1598037],[88.318876,27.1596516],[88.3188097,27.1594759],[88.3186971,27.1593093],[88.3186534,27.1590511],[88.3186266,27.1588079],[88.3185811,27.1585399],[88.318567,27.1582318],[88.3185796,27.1579647],[88.3185846,27.1577212],[88.3186772,27.1575316],[88.3188389,27.1572184],[88.3188751,27.157092],[88.3188866,27.1570064],[88.3188692,27.1569208],[88.3188713,27.1568254],[88.3188427,27.1567376],[88.3187923,27.1565269],[88.3187999,27.1563616],[88.3187589,27.1561665],[88.3187323,27.1559905],[88.3186784,27.155879],[88.3185581,27.1557812],[88.318341,27.1556208],[88.3182224,27.1554956],[88.318145,27.1553673],[88.3178498,27.1550322],[88.3176707,27.1548157],[88.3175517,27.1546081],[88.3174878,27.1544225],[88.3175048,27.1542615],[88.3175836,27.1541649],[88.3177135,27.1541175],[88.3178689,27.154144],[88.318003,27.1541876],[88.3182897,27.1543422],[88.3184472,27.1544388],[88.3185941,27.154543],[88.3187431,27.1546737],[88.3187665,27.1547606],[88.3189926,27.1548681],[88.3191674,27.1550095],[88.3193223,27.1551543],[88.3194548,27.1552685],[88.31953,27.1552995],[88.3195767,27.1552761],[88.319606,27.1552565],[88.3195974,27.1551829],[88.3195076,27.1551051],[88.3194143,27.1550351],[88.3192903,27.1549246],[88.3192079,27.1547806],[88.3192285,27.1546964],[88.3190773,27.1546377],[88.3189411,27.1545279],[88.3187416,27.1543766],[88.3184776,27.1541782],[88.3183882,27.1540911],[88.3183796,27.1540096],[88.3184925,27.1539944],[88.318584,27.1540456],[88.3188751,27.1542021],[88.318973,27.1543195],[88.3190859,27.154435],[88.3191966,27.1544729],[88.3192775,27.1544332],[88.3192711,27.1543536],[88.3191263,27.1541869],[88.3188604,27.1540182],[88.3186826,27.1539168],[88.3184583,27.1538047],[88.3181093,27.1535888],[88.317714,27.1532988],[88.3174534,27.1531371],[88.3172638,27.1530049],[88.3171638,27.1528893],[88.3171276,27.152789],[88.3172077,27.1527094],[88.3173534,27.1526545],[88.31753,27.1525684],[88.3176215,27.1524509],[88.3177054,27.1523313],[88.3177671,27.1521873],[88.3177927,27.1520225],[88.3177936,27.1518816],[88.3177617,27.1516657],[88.3177729,27.1515713],[88.3177855,27.1514869],[88.3178387,27.1514547],[88.317909,27.1514661],[88.3179515,27.1515267],[88.3179429,27.1516552],[88.3179277,27.1518911],[88.3179618,27.1521165],[88.317998,27.1522699],[88.3180555,27.1524707],[88.3180683,27.1526014],[88.3180321,27.1527321],[88.3179888,27.1528442],[88.3179726,27.1529432],[88.3180257,27.1530144],[88.3181193,27.1530674],[88.3182428,27.1530636],[88.3183642,27.1530125],[88.3184493,27.1529215],[88.3185089,27.1528325],[88.3186601,27.1527492],[88.3187715,27.1526858],[88.3187899,27.1526753],[88.3189556,27.1526362],[88.319144,27.1525637],[88.3192322,27.1525131],[88.3193243,27.1525351],[88.3194466,27.1525793],[88.3195084,27.1527352],[88.3195737,27.1528348],[88.3197556,27.1529298],[88.3198848,27.1529753],[88.3199577,27.1530375],[88.3200046,27.1531341],[88.3200152,27.1532042],[88.3199982,27.1533198],[88.3199155,27.1534406],[88.319875,27.1535619],[88.3198516,27.1536502],[88.3198884,27.153791],[88.3199408,27.153912],[88.3200054,27.1540719],[88.3200273,27.1541601],[88.3201158,27.1543056],[88.320187,27.1544449],[88.3202351,27.1545522],[88.3202732,27.1546373],[88.3203221,27.1547907],[88.3203821,27.1549416],[88.3204635,27.1550741],[88.3205415,27.1551617],[88.3206743,27.1552648],[88.3208455,27.1554014],[88.3209836,27.1555016],[88.3211446,27.1556224],[88.3212941,27.1557167],[88.3214694,27.155828],[88.3216112,27.1559461],[88.3217003,27.1560695],[88.3218005,27.1561928],[88.3218875,27.1562685],[88.3220556,27.1562762],[88.3222536,27.1563558],[88.3224165,27.1564315],[88.3226048,27.1565131],[88.322781,27.156579],[88.3231646,27.1566925],[88.3235937,27.1567852],[88.3240362,27.1567949],[88.3242966,27.1567964],[88.3245565,27.1567885],[88.3250509,27.1567379],[88.325395,27.1566961],[88.3256634,27.1566849],[88.3259381,27.1566688],[88.3262695,27.1566931],[88.3264747,27.1566683],[88.3266972,27.1565952],[88.3267794,27.1565831],[88.3269154,27.1565631],[88.3275782,27.1566211],[88.3278752,27.1566011],[88.3287622,27.1564023],[88.3291599,27.1563102],[88.3294289,27.1561647],[88.3296178,27.1560812],[88.3297409,27.1560832],[88.3298443,27.1561784],[88.3300962,27.156229],[88.3307903,27.1562904],[88.331363,27.1564162],[88.3317271,27.1565043],[88.3321271,27.1564163],[88.3324427,27.1561363],[88.3329242,27.1558386],[88.3330214,27.1557884],[88.3332362,27.1558849],[88.3339166,27.1561241],[88.3344033,27.1560828],[88.3347887,27.1561205],[88.3353967,27.1562747],[88.3358563,27.156498],[88.3374236,27.1574083],[88.3376548,27.1574235],[88.3378922,27.1573325],[88.3382479,27.1573361],[88.3386969,27.1573377],[88.3390109,27.1572626],[88.3392778,27.1571038],[88.3396919,27.156783],[88.3399087,27.1566319],[88.3401949,27.1565465],[88.3403657,27.156551],[88.3405572,27.1565205],[88.3406648,27.1564288],[88.3407502,27.1563174],[88.3408692,27.1560649],[88.3409899,27.1559329],[88.3413821,27.1557025],[88.3417564,27.1555861],[88.3419627,27.155619],[88.3421385,27.1557494],[88.3429056,27.1558626],[88.343291,27.1558437],[88.343461,27.1557026],[88.3436649,27.155565],[88.3437825,27.155538],[88.3439617,27.1555296],[88.3440209,27.1555312],[88.3441453,27.1555268],[88.3443249,27.1554241],[88.3445269,27.155333],[88.3448674,27.1552762],[88.3454722,27.1551548],[88.3458046,27.1550196],[88.3460379,27.1550605],[88.3462677,27.1551926],[88.3465364,27.1552335],[88.347353,27.1552681],[88.3476433,27.1552954],[88.3480883,27.1553373],[88.3483393,27.1555763],[88.3486292,27.1559758],[88.3489085,27.1562526],[88.3494516,27.1567009],[88.3495777,27.1568464],[88.3496863,27.1570073],[88.3497933,27.1572295],[88.3499157,27.157566],[88.350037,27.1578719],[88.3501332,27.1580108],[88.3503006,27.1582223],[88.3503382,27.1582748],[88.35036,27.1583365],[88.350471,27.1586286],[88.350581,27.158931],[88.3508989,27.1591371],[88.3512913,27.159395],[88.3516484,27.1598574],[88.3517403,27.1600298],[88.3518463,27.1602286],[88.3518692,27.1603695],[88.3518888,27.1604896],[88.3520968,27.1605629],[88.3521098,27.1606456],[88.3521726,27.1606512],[88.3522372,27.1606717],[88.3522878,27.1606913],[88.3523329,27.1606414],[88.3524277,27.1607763],[88.3525286,27.160801],[88.3528928,27.1609331],[88.3531968,27.1611816],[88.3533736,27.1613609],[88.35372,27.1616283],[88.3539283,27.1619627],[88.3541725,27.1623549],[88.3543754,27.1627321],[88.3543988,27.1629368],[88.3543987,27.1630006],[88.3544192,27.1630663],[88.3544513,27.1630882],[88.3545068,27.1630873],[88.3546234,27.1630455],[88.3547443,27.1629904],[88.3550508,27.1628007],[88.3551461,27.1627612],[88.3552511,27.1627558],[88.3553823,27.1627901],[88.3555013,27.1628667],[88.355604,27.162966],[88.3556695,27.163069],[88.3557854,27.1633338],[88.3561183,27.1641201],[88.3561789,27.1642638],[88.3562817,27.1643843],[88.3569198,27.1648759],[88.357284,27.1651801],[88.357611,27.1653534],[88.3580913,27.1655448],[88.3584432,27.1656624],[88.358531,27.1656839],[88.3585583,27.165688],[88.3589386,27.1657463],[88.3594186,27.1658433],[88.3596395,27.1658626]]}},{"type":"Feature","properties":{"kind":"road","highway":"tertiary","motorable":true,"name":null,"ref":null,"bridge":false,"osm_id":423300896},"geometry":{"type":"LineString","coordinates":[[88.279519,27.1329535],[88.2794524,27.1331149],[88.2794431,27.1331766],[88.2794478,27.1332485],[88.2794843,27.1333233],[88.2794863,27.1334346],[88.2794702,27.1335301],[88.279497,27.1336399],[88.2795162,27.133766],[88.2795024,27.1338452],[88.2794943,27.1340863],[88.2794461,27.1341961],[88.2794058,27.134356],[88.2794997,27.134504],[88.2795989,27.1347785],[88.2796177,27.1352702],[88.2794756,27.1358073],[88.2791698,27.1362537],[88.2788052,27.1365239],[88.2785139,27.1366983],[88.2779332,27.1369805],[88.2779497,27.1370783],[88.2780912,27.1371988],[88.2782314,27.1373678],[88.2792414,27.1379469],[88.2801267,27.1384588],[88.2806578,27.1387703],[88.2813432,27.1392858],[88.2818219,27.1395092],[88.2820701,27.1396934],[88.2821365,27.1397255],[88.2822744,27.1397826],[88.2829518,27.1400788],[88.2836821,27.1402894],[88.2846333,27.1404505],[88.2851637,27.1405942],[88.2853201,27.1406301],[88.2857467,27.1407171],[88.2860353,27.1409039],[88.2862377,27.1410044],[88.2868259,27.1414132],[88.2871274,27.1416743],[88.2872688,27.1417767],[88.288062,27.1423391],[88.2883273,27.1425783],[88.2885024,27.1428633],[88.2887001,27.143107],[88.2887212,27.1431614],[88.2887356,27.1432221],[88.2888178,27.1435521],[88.288847,27.1435923],[88.2888785,27.1436322],[88.2889055,27.1436747],[88.2889311,27.1437231],[88.2889516,27.1437762],[88.2889693,27.1438349],[88.2889761,27.1438902],[88.2889682,27.1439473],[88.2889518,27.1440081],[88.2889214,27.1441409],[88.2889136,27.1442098],[88.2889251,27.1449885],[88.2890048,27.1452857],[88.2890789,27.1454307],[88.2892588,27.1456417],[88.2893053,27.1457284],[88.2893191,27.1457729],[88.2893121,27.1458164],[88.2892912,27.1458511],[88.2892247,27.1459423],[88.2890656,27.1461128],[88.2887787,27.1466003],[88.2885604,27.1467649],[88.2884744,27.1468298],[88.2884077,27.146891],[88.2884005,27.1471143],[88.28865,27.1472943],[88.2890619,27.1474425],[88.289343,27.1475335],[88.2895319,27.1476918],[88.2898603,27.1479696],[88.2899317,27.1480401],[88.2900314,27.1482267],[88.2900846,27.1484068],[88.2903287,27.1484756],[88.2906135,27.1484053],[88.2907804,27.1483559],[88.2910361,27.1482635],[88.2912248,27.148181],[88.291513,27.1480737],[88.2917327,27.1480194],[88.2919808,27.1481173],[88.2921161,27.1482633],[88.292453,27.1485409],[88.292623,27.1486489],[88.2927386,27.1487374],[88.2931056,27.1488504],[88.2933601,27.1488334],[88.2934518,27.1488905],[88.2934574,27.1490143],[88.2933641,27.1491547],[88.2932358,27.149279],[88.2930058,27.1495237],[88.2928579,27.1498597],[88.2928235,27.1499379],[88.2928126,27.1501799],[88.2928648,27.1503113],[88.2931393,27.1505409],[88.2933591,27.1506394],[88.2937061,27.1507091],[88.294163,27.1507175],[88.2945262,27.1507295],[88.2945245,27.1508878],[88.2943777,27.1510385],[88.29433,27.1512353],[88.2943551,27.1513345],[88.2944385,27.1515886],[88.2945031,27.1517027],[88.2945753,27.1518055],[88.295083,27.1525495],[88.2953024,27.1528514],[88.2956066,27.1531864],[88.2956822,27.1533988],[88.2959187,27.1537438],[88.296117,27.1538811],[88.2961891,27.1539436],[88.296471,27.1540938],[88.2968857,27.1541271],[88.2968848,27.1542998],[88.2968371,27.154382],[88.2966958,27.1546281],[88.2966604,27.1548388],[88.2966741,27.1551125],[88.2966756,27.1553107],[88.2966973,27.1555234],[88.2967343,27.1556154],[88.2968124,27.1556925],[88.2969254,27.1557802],[88.2970091,27.1558892],[88.2970617,27.1559879],[88.2971342,27.1562513],[88.2971929,27.1563713],[88.2973042,27.15648],[88.297478,27.1565841],[88.2977428,27.1567076],[88.2979085,27.1568237],[88.298002,27.1569694],[88.2980583,27.1570843],[88.2981297,27.1572834],[88.298188,27.1574321],[88.2982721,27.157565],[88.2983646,27.157641],[88.2984865,27.1576802],[88.2987394,27.1577291],[88.2990201,27.1577678],[88.2991644,27.157806],[88.2993021,27.1578937],[88.299424,27.1580077],[88.299493,27.1581286],[88.2995061,27.1582649],[88.2995073,27.1584321],[88.2995358,27.1585324],[88.2996174,27.1586329],[88.2997584,27.1587663],[88.2998675,27.1588993],[88.2999619,27.159064],[88.3001202,27.1592581],[88.3003233,27.1595069],[88.3003681,27.1596364],[88.3003975,27.1597857],[88.3004222,27.1599423],[88.3004544,27.1600562],[88.300553,27.1601758],[88.3007061,27.1602895],[88.3007584,27.1604198],[88.3007854,27.1605703],[88.300758,27.1607662],[88.300756,27.1608451],[88.3008034,27.1609619],[88.3009147,27.1611236],[88.3010028,27.1612542],[88.3010953,27.1613905],[88.3012024,27.1615183],[88.3013653,27.1616414],[88.301692,27.161837],[88.3020825,27.1620279],[88.3023392,27.1621464],[88.3025241,27.162261],[88.3026091,27.1622853],[88.3026928,27.1622407],[88.3026748,27.1621526],[88.3026181,27.1621123],[88.3024297,27.162028],[88.3018803,27.1617273],[88.3017018,27.1615915],[88.3015739,27.1614861],[88.3015011,27.161377],[88.3014709,27.1612652],[88.3014692,27.1611146],[88.3014897,27.1609675],[88.3014418,27.1605291],[88.3012969,27.1603155],[88.3011857,27.1601653],[88.3011647,27.1600789],[88.3012056,27.1599915],[88.3015004,27.1598818],[88.3016546,27.1597945],[88.301757,27.1597085],[88.3017832,27.1596085],[88.301755,27.1595098],[88.30169,27.1594781],[88.3015784,27.1594619],[88.3014086,27.1594032],[88.3012146,27.1592877],[88.3010128,27.1591399],[88.3009339,27.1590012],[88.3008103,27.158645],[88.3007303,27.1584384],[88.3005734,27.1581569],[88.3005382,27.1580164],[88.3005249,27.1578856],[88.3005262,27.1576738],[88.3005045,27.1574922],[88.300417,27.1573236],[88.3002254,27.1570047],[88.3001468,27.1568376],[88.3001284,27.1566721],[88.3001332,27.1563739],[88.3001078,27.1562358],[88.3000514,27.1561348],[88.2999139,27.1560406],[88.2997695,27.1559303],[88.2996103,27.1557363],[88.2994893,27.1555677],[88.2994471,27.1554695],[88.2994234,27.1553594],[88.2993993,27.1551446],[88.299388,27.1548876],[88.2993901,27.1547699],[88.2995032,27.154461],[88.2996448,27.1541467],[88.2998049,27.1537911],[88.2997821,27.1532814],[88.2996105,27.1530199],[88.2995461,27.1529356],[88.2995394,27.1528472],[88.2995973,27.1526952],[88.2996238,27.1525462],[88.2995396,27.1524692],[88.299209,27.1523727],[88.2989616,27.1522619],[88.2986825,27.1518971],[88.298573,27.1517],[88.2985866,27.1516482],[88.298732,27.1516368],[88.2988416,27.151868],[88.2991038,27.1520462],[88.2993463,27.1520939],[88.2997549,27.1521378],[88.2998058,27.1521397],[88.2999164,27.1523692],[88.2998933,27.1525181],[88.2999875,27.1527512],[88.3004632,27.1528899],[88.3005984,27.1529602],[88.3009306,27.1532689],[88.3010394,27.1533994],[88.3011484,27.1536277],[88.3011182,27.1538686],[88.3010822,27.1540761],[88.3010627,27.1541854],[88.3010758,27.1543239],[88.3011356,27.1545638],[88.3012193,27.1546541],[88.3013889,27.1547147],[88.3016568,27.1547567],[88.3017606,27.154815],[88.3018072,27.1549275],[88.3018423,27.155208],[88.3019071,27.1553707],[88.3019766,27.1554738],[88.3020625,27.1555791],[88.3021093,27.1556503],[88.3021125,27.1557223],[88.3020947,27.1558889],[88.3020384,27.1560381],[88.3020166,27.1561226],[88.3020338,27.1562029],[88.3021004,27.1562581],[88.3022629,27.1563762],[88.3023186,27.156402],[88.3023981,27.1564125],[88.302803,27.1569589],[88.3028707,27.1570737],[88.302929,27.157242],[88.3029717,27.1573104],[88.3030336,27.1573628],[88.3031013,27.1573747],[88.3031699,27.1573602],[88.3034232,27.1571782],[88.3035538,27.1571479],[88.3037024,27.1571432],[88.3038988,27.157173],[88.3041145,27.1572397],[88.3043461,27.1572969],[88.3045754,27.1573479],[88.3047446,27.1573591],[88.305186,27.1573386],[88.3055469,27.1573],[88.305906,27.1572643],[88.3060968,27.1572505],[88.3062007,27.1573237],[88.3062201,27.1574481],[88.3062267,27.1576139],[88.3062626,27.1576925],[88.306326,27.1577741],[88.3064131,27.1578329],[88.3064919,27.1578519],[88.3065435,27.1578433],[88.3066387,27.1577941],[88.306731,27.157758],[88.3068137,27.1577442],[88.306891,27.1577687],[88.3069292,27.1578134],[88.3069474,27.1578456],[88.3069568,27.1578699],[88.3069615,27.15794],[88.3069495,27.1580345],[88.3069354,27.1581394],[88.3069385,27.1583483],[88.3069777,27.1584691],[88.3070184,27.1585327],[88.3070605,27.1586116],[88.3071165,27.1587764],[88.3071293,27.1588689],[88.307131,27.1589468],[88.307117,27.1590239],[88.3071107,27.1590527],[88.3071021,27.1590925],[88.3070945,27.1595301],[88.307101,27.1597085],[88.3070874,27.1598219],[88.3070552,27.1599885],[88.3070378,27.1600719],[88.3070404,27.1601424],[88.3070518,27.160196],[88.3070541,27.1602068],[88.3070862,27.1602638],[88.3071332,27.1603245],[88.3071871,27.1603768],[88.3072939,27.1604626],[88.3074121,27.1606466],[88.3074595,27.1607689],[88.3075989,27.1610812],[88.3077193,27.1613941],[88.3077607,27.1614602],[88.3078168,27.1615114],[88.3078923,27.1615487],[88.3079812,27.1615698],[88.3080742,27.1615797],[88.3081671,27.161581],[88.3087096,27.1616106],[88.3087329,27.1616133],[88.3087718,27.1616336],[88.308797,27.1616614],[88.3088097,27.161699],[88.308804,27.1617375],[88.3087821,27.1617707],[88.3087611,27.161813],[88.3087364,27.1618476],[88.3086164,27.1619536],[88.3085815,27.1619981],[88.3085556,27.1620505],[88.3085368,27.1621111],[88.3085172,27.1621769],[88.3084227,27.162594],[88.3084202,27.1626596],[88.3084257,27.1627293],[88.3084406,27.1628008],[88.3084625,27.1628751],[88.3085426,27.163061],[88.3085902,27.1630942],[88.3086308,27.1631334],[88.3086835,27.1631583],[88.3087368,27.1631835],[88.3087965,27.1632001],[88.3088486,27.1632119],[88.3092656,27.1632388],[88.3093161,27.1632322],[88.3093607,27.1632257],[88.3094014,27.163218],[88.3094384,27.1632093],[88.3095653,27.1631984],[88.3096118,27.1631936],[88.309709,27.1631794],[88.3097939,27.1631689],[88.3098959,27.1631562],[88.3108486,27.1632168],[88.3110747,27.1632691],[88.3113399,27.1636358],[88.3113812,27.1637351],[88.3114505,27.1639794],[88.3114874,27.1641094],[88.3115363,27.1641765],[88.3115906,27.1642348],[88.3116741,27.1642926],[88.3117642,27.1643344],[88.3118656,27.1643733],[88.3119767,27.1644005],[88.3121017,27.1644254],[88.3122139,27.1644509],[88.3122992,27.1644827],[88.3124369,27.1645589],[88.3125299,27.1646188],[88.3126975,27.1646862],[88.3127446,27.1647074],[88.3128829,27.1647699],[88.31309,27.1649025],[88.3131972,27.1650399],[88.3132397,27.1650966],[88.3132748,27.1651326],[88.313308,27.1651764],[88.3133504,27.1652108],[88.3134013,27.1652552],[88.3134647,27.1652841],[88.3135272,27.1653145],[88.3136042,27.165339],[88.3139574,27.1654832],[88.3142206,27.1655529],[88.314382,27.1655956],[88.3147861,27.1656908],[88.3149113,27.1657498],[88.3149701,27.1658489],[88.315038,27.1658918],[88.3151376,27.165939],[88.3153781,27.1659783],[88.3156267,27.166006],[88.3158908,27.1660584],[88.3162155,27.1661583],[88.3165541,27.1662898],[88.3166296,27.1662858],[88.3166953,27.1662746],[88.3167582,27.1662637],[88.3168269,27.1662336],[88.3169108,27.166209],[88.3169372,27.1661937],[88.3169649,27.1661842],[88.3170493,27.1662834],[88.3170706,27.1662993],[88.3170874,27.1663176],[88.3171019,27.1663406],[88.3171194,27.1663674],[88.3171811,27.1664768],[88.317204,27.16653],[88.3173847,27.1667933],[88.3175629,27.167061],[88.317674,27.1673563],[88.3177487,27.1675136],[88.3178569,27.1676562],[88.317974,27.1677352],[88.3181563,27.1678861],[88.3183419,27.1679767],[88.3184157,27.1680062],[88.3185536,27.1680128],[88.3187098,27.1679633],[88.3188237,27.1678958],[88.3190673,27.1677104],[88.3193182,27.167571],[88.3196187,27.1674379],[88.319804,27.1673316],[88.3200155,27.1672124],[88.3202566,27.1670318],[88.3203127,27.1669838],[88.3204593,27.1667041],[88.3205184,27.1665926],[88.3206419,27.166454],[88.320822,27.1663395],[88.3209624,27.1662522],[88.3210143,27.1662263],[88.3210611,27.1662099],[88.3211125,27.1661946],[88.3211854,27.166189],[88.321265,27.1661974],[88.3217262,27.1662827],[88.322012,27.1663942],[88.3222331,27.1664499],[88.3224136,27.1664782],[88.3225962,27.1664973],[88.3227202,27.1665109],[88.3227919,27.1665039],[88.3228687,27.166499],[88.3229469,27.1664836],[88.3230098,27.1664649],[88.3230716,27.1664358],[88.3231122,27.1664107],[88.3231776,27.1663753],[88.3232444,27.1663299],[88.3232865,27.1662918],[88.3233465,27.1662324],[88.3233778,27.1662017],[88.3237685,27.1657578],[88.3238084,27.1656961],[88.3238424,27.1656389],[88.3238729,27.165452],[88.3238942,27.1653758],[88.3239437,27.1653151],[88.3240348,27.1652859],[88.324118,27.1652511],[88.324187,27.16522],[88.3242614,27.1652008],[88.3245819,27.1650814],[88.3246361,27.1650657],[88.3247274,27.1650408],[88.3250031,27.1649883],[88.32528,27.1649259],[88.3254251,27.1648548],[88.3254834,27.1648263],[88.3256153,27.16473],[88.3258329,27.1645181],[88.3260012,27.1643873],[88.3261858,27.1642807],[88.3262989,27.1641927],[88.3263612,27.1641144],[88.3264133,27.1640615],[88.3265216,27.1640211],[88.3266401,27.1639903],[88.3268661,27.1639849],[88.3269368,27.1639623],[88.3269817,27.1639242],[88.3270399,27.1638763],[88.3271008,27.1638201],[88.3274036,27.1634787],[88.3275571,27.1633513],[88.3279699,27.1634255],[88.3282197,27.1633798],[88.3286704,27.1633058],[88.3289821,27.1633127],[88.3293261,27.1632857],[88.329524,27.1631944],[88.3296483,27.1631679],[88.3297362,27.1631753],[88.3299046,27.1632265],[88.3299734,27.1632435],[88.3300353,27.1632343],[88.3300861,27.1632222],[88.3301456,27.1632002],[88.3302054,27.1631525],[88.3302952,27.1630923],[88.3307369,27.1628769],[88.330953,27.1628155],[88.3310731,27.1627947],[88.3312389,27.1627828],[88.3313279,27.1627576],[88.3314168,27.1627025],[88.3316588,27.1625676],[88.332279,27.1623342],[88.3327741,27.1622255],[88.3330535,27.1621759],[88.3332188,27.1621381],[88.3334004,27.1621082],[88.3336301,27.1621594],[88.333682,27.1621996],[88.3337051,27.1622376],[88.3337416,27.1623233],[88.3337618,27.1624088],[88.3337777,27.1624956],[88.3337999,27.1625898],[88.3338437,27.1626647],[88.3338998,27.1627142],[88.3339867,27.1627839],[88.3341233,27.1629103],[88.3341433,27.1629752],[88.3341339,27.16304],[88.3340659,27.1631957],[88.3340414,27.1632537],[88.3340336,27.1633287],[88.3340478,27.1636323],[88.3341552,27.1643162],[88.3341682,27.1646046],[88.3341607,27.164893],[88.3341458,27.1652255],[88.3341323,27.1654858],[88.3341236,27.1657738],[88.3341177,27.1659346],[88.3341268,27.1659891],[88.3341553,27.1660174],[88.3341848,27.1660183],[88.3342091,27.166019],[88.3342431,27.1660014],[88.3342828,27.1659596],[88.3343081,27.1658986],[88.3343816,27.1652596],[88.3344055,27.1651628],[88.3345699,27.1647641],[88.3346455,27.1645416],[88.3347132,27.1642813],[88.3347422,27.1641506],[88.3347724,27.1640928],[88.3347905,27.1640477],[88.3349244,27.1638188],[88.3349778,27.1636977],[88.3350275,27.163542],[88.3350775,27.1633125],[88.3351074,27.163154],[88.3351108,27.1630937],[88.3351014,27.1628835],[88.3350781,27.1627944],[88.3348532,27.1625621],[88.3347503,27.1624142],[88.3344542,27.1619656],[88.3343994,27.1618412],[88.3343771,27.1617285],[88.3343966,27.1615959],[88.3342463,27.1610252],[88.3342345,27.1608855],[88.3341712,27.1607961],[88.3339816,27.160823],[88.3337537,27.1609616],[88.3334644,27.161061],[88.3331694,27.1611362],[88.3325746,27.1612258],[88.3324541,27.1612724],[88.3319825,27.161345],[88.3313424,27.1613182],[88.3311631,27.161318],[88.3306703,27.1615233],[88.3301808,27.1617563],[88.3300352,27.1617996],[88.3298711,27.161771],[88.3294014,27.1615002],[88.328984,27.1614563],[88.3283023,27.1614365],[88.3282367,27.1614346],[88.3275728,27.16156],[88.32729,27.1616479],[88.3269985,27.1617385],[88.3267258,27.1617396],[88.3264579,27.1616652],[88.3263549,27.1616383],[88.3261083,27.1617921],[88.3259083,27.1619526],[88.3255048,27.1619971],[88.3252993,27.1621945],[88.3251608,27.1622032],[88.3249086,27.1621893],[88.3245764,27.1623277],[88.3244932,27.162548],[88.3239847,27.1627645],[88.3234537,27.1628913],[88.3229465,27.1629335],[88.3225486,27.1629077],[88.3221612,27.1630033],[88.321808,27.1629822],[88.3213118,27.1630383],[88.3209712,27.163004],[88.3206079,27.1629054],[88.3204478,27.1629243],[88.3202586,27.1629443],[88.3200545,27.1628868],[88.3198603,27.1628272],[88.3197213,27.1628071],[88.3193259,27.1628428],[88.3191062,27.1628492],[88.3189474,27.162795],[88.3188528,27.1626958],[88.3187621,27.1625262],[88.3186871,27.1623724],[88.3186634,27.1622982],[88.3187118,27.1622549],[88.3187886,27.1622659],[88.3188223,27.1623621],[88.3189058,27.1625138],[88.3189913,27.1626237],[88.3190893,27.1626658],[88.3192426,27.1626628],[88.3195015,27.1626485],[88.3199346,27.1626011],[88.3204996,27.1624438],[88.3207689,27.1624944],[88.3210276,27.1624964],[88.3211843,27.1624666],[88.3212938,27.1624374],[88.3216511,27.1621435],[88.3220209,27.1618924],[88.3224046,27.1617902],[88.3225981,27.1617486],[88.3227105,27.1617208],[88.3228244,27.1617014],[88.3230407,27.1616804],[88.3231796,27.1616346],[88.323347,27.1615077],[88.3235271,27.1613278],[88.3237794,27.161199],[88.3239552,27.1611641],[88.3241347,27.1611233],[88.3243797,27.1610981],[88.3246014,27.1610184],[88.3247236,27.1608916],[88.3248925,27.1607564],[88.3251581,27.1606633],[88.3252871,27.1606964],[88.3254987,27.1607134],[88.3256122,27.1606872],[88.3257073,27.1605943],[88.3257564,27.1604729],[88.3258433,27.1603022],[88.3260988,27.1601798],[88.3264055,27.1600751],[88.3267719,27.1599847],[88.3275237,27.159941],[88.3279307,27.1600395],[88.3281704,27.160104],[88.3290408,27.1601857],[88.3299179,27.160117],[88.3306581,27.1597538],[88.330779,27.1595814],[88.3308667,27.1594573],[88.3309659,27.1594191],[88.3312248,27.1595659],[88.3314471,27.159629],[88.3319445,27.1594724],[88.3321809,27.1593087],[88.332299,27.1591638],[88.3324755,27.1591327],[88.3327281,27.1590015],[88.332948,27.1587833],[88.3330989,27.1586506],[88.3333718,27.1586891],[88.3335757,27.1585815],[88.3338181,27.1584288],[88.3340829,27.1584559],[88.3342892,27.1586292],[88.3343925,27.1587342],[88.3344083,27.1588633],[88.3344354,27.1588917],[88.3347337,27.1588406],[88.3355121,27.1589108],[88.3358625,27.1590019],[88.3358933,27.1590311],[88.3359934,27.1592022],[88.3362595,27.1593153],[88.3363604,27.1595192],[88.3363721,27.1597667],[88.3363804,27.1599465],[88.3365003,27.1601025],[88.3368004,27.1601213],[88.336931,27.1602195],[88.3371501,27.1603907],[88.3374267,27.1605495],[88.3376387,27.1606207],[88.3379062,27.1605845],[88.33822,27.1605127],[88.3384016,27.1604862],[88.3385598,27.1603747],[88.3386275,27.1602137],[88.3388233,27.1599815],[88.3391329,27.1597534],[88.3393904,27.1594401],[88.3394056,27.1594216],[88.339601,27.1592399],[88.3396382,27.1592053],[88.3400327,27.1590651],[88.3405626,27.158904],[88.3409542,27.1587987],[88.3412869,27.1586412],[88.3416777,27.1586534],[88.3418679,27.1587004],[88.3420845,27.1585884],[88.342364,27.1584716],[88.3425791,27.1584292],[88.3427051,27.1583071],[88.3430974,27.1580195],[88.3433511,27.1579934],[88.3436365,27.1579781],[88.3441481,27.1580133],[88.3444507,27.1580434],[88.3448511,27.1579558],[88.3450985,27.1578289],[88.3452423,27.1576558],[88.3453042,27.1573722],[88.3454188,27.1573071],[88.3455539,27.1571848],[88.3456791,27.1569685],[88.3459247,27.1568128],[88.3463897,27.1568272],[88.3467627,27.1567234],[88.3468886,27.1567374],[88.3470858,27.1570443],[88.3472748,27.1574479],[88.34749,27.1575987],[88.3478092,27.1577716],[88.3480058,27.1578679],[88.3481357,27.1579979],[88.3487484,27.1589387],[88.3489161,27.1592413],[88.3489804,27.1594649],[88.3491881,27.1597595],[88.3494276,27.1599461],[88.349586,27.1602055],[88.3496354,27.1603473],[88.3498235,27.1606034],[88.3499731,27.1608761],[88.3500538,27.1610507],[88.3501869,27.1611762],[88.3505479,27.1612585],[88.350903,27.161529],[88.3512087,27.1616848],[88.3514124,27.1618855],[88.3515072,27.1620494],[88.3517435,27.1621462],[88.3519002,27.1621789],[88.3524184,27.1624386],[88.3531128,27.163174],[88.3531525,27.1632419],[88.3532274,27.1634698],[88.3532655,27.1637128],[88.3535188,27.1641595],[88.3537743,27.1643661],[88.3540549,27.1649131],[88.3541495,27.1651324],[88.3542398,27.1653059],[88.3543157,27.1653989],[88.3544033,27.1654614],[88.3546137,27.1654798],[88.3546856,27.1654629],[88.3547694,27.165459],[88.3548948,27.1654864],[88.3550082,27.165528],[88.3554675,27.1658522],[88.3557571,27.1659525],[88.3559266,27.1660351],[88.3560888,27.166151],[88.3564884,27.1664377],[88.3566494,27.1666188],[88.356787,27.1668187],[88.3569161,27.1670932],[88.3571499,27.1671374],[88.3573453,27.1671605],[88.3574992,27.1671608],[88.3575778,27.1671513],[88.3577217,27.1671555],[88.358022,27.1671642],[88.3584262,27.1672091],[88.3587491,27.1672564],[88.3589604,27.1672195],[88.359115,27.1671731],[88.3593145,27.1670268],[88.3593266,27.167018],[88.3594631,27.1669533]]}},{"type":"Feature","properties":{"kind":"road","highway":"unclassified","motorable":true,"name":null,"ref":null,"bridge":false,"osm_id":478552948},"geometry":{"type":"LineString","coordinates":[[88.3549171,27.1611447],[88.3544756,27.1610896],[88.354329,27.1610502],[88.3542099,27.1610182],[88.3540454,27.1609661],[88.3538478,27.1609895],[88.3537674,27.1610038],[88.3537423,27.1610401],[88.3537459,27.1610969],[88.3538725,27.1613121],[88.3540492,27.1615535],[88.3542019,27.1617389],[88.3542712,27.1618673],[88.3542746,27.1619859],[88.3543659,27.1622758],[88.3544847,27.1625387],[88.3545284,27.1627801],[88.3543987,27.1630006]]}},{"type":"Feature","properties":{"kind":"road","highway":"trunk","motorable":true,"name":null,"ref":null,"bridge":false,"osm_id":478554481},"geometry":{"type":"LineString","coordinates":[[88.3596395,27.1658626],[88.3595971,27.1657234],[88.3595263,27.1655347],[88.359456,27.1654081],[88.3593153,27.1652046],[88.3592826,27.1651296],[88.3591684,27.1650027],[88.3589995,27.1648849],[88.358734,27.1647663],[88.3583706,27.1646031],[88.3579007,27.1643877],[88.3577397,27.1642875],[88.3576177,27.1641731]]}},{"type":"Feature","properties":{"kind":"road","highway":"secondary","motorable":true,"name":"MDR","ref":"MDR","bridge":false,"osm_id":478555227},"geometry":{"type":"LineString","coordinates":[[88.3624111,27.1661297],[88.362626,27.1661752],[88.3628601,27.1662233],[88.3633496,27.166361],[88.3643041,27.1665908],[88.3645305,27.1666269],[88.3647112,27.1666596],[88.3651501,27.1666806],[88.3656167,27.1667095],[88.3659418,27.1667625],[88.3661098,27.166792],[88.3662198,27.1668539],[88.3663518,27.1669172],[88.3664563,27.1670483],[88.3666878,27.1672127],[88.3668395,27.1672733],[88.3670018,27.167321],[88.3671835,27.1673893],[88.3673668,27.1674329],[88.367566,27.1674436],[88.367862,27.1674763],[88.3681872,27.1675978],[88.3683015,27.1676757],[88.3685273,27.1678083],[88.368656,27.1678679],[88.3687608,27.1679431],[88.3688907,27.1681899],[88.3689769,27.1683525],[88.3690992,27.1683223],[88.3693344,27.1682855],[88.3695678,27.1683092],[88.369773,27.1684391],[88.3698864,27.1684814],[88.3703652,27.1682624],[88.370708,27.1682276],[88.3711262,27.168232],[88.371686,27.1680858],[88.3719997,27.1680197],[88.3720339,27.1680232],[88.3720654,27.168031],[88.3721033,27.1680506],[88.3721371,27.1680776],[88.3721633,27.1681133],[88.3721847,27.1681622],[88.3722062,27.1682159],[88.3722237,27.1682708],[88.3721975,27.1683174],[88.3722646,27.1683478],[88.3723559,27.168362],[88.3724176,27.1683559],[88.3724722,27.1683463],[88.3726262,27.1683364],[88.3728194,27.1683961],[88.3730215,27.1684797],[88.3731642,27.1685403],[88.3733631,27.1686591],[88.3734889,27.1687367],[88.3735655,27.1688221],[88.3737865,27.1688789],[88.373961,27.168967],[88.3741295,27.1690352],[88.3742735,27.1691099],[88.3743741,27.1691892],[88.3744909,27.1692912],[88.3745904,27.1693805],[88.374761,27.1694757],[88.3748842,27.1695223],[88.3750031,27.1695332],[88.3751615,27.1695515],[88.3753678,27.1695579],[88.3755457,27.1695513],[88.3757968,27.1695596],[88.3760757,27.1696148],[88.3763705,27.1696415],[88.3765292,27.1696908],[88.3766506,27.1697205],[88.3768052,27.1698297],[88.3768842,27.1699094],[88.3769731,27.1699625],[88.3770459,27.170006],[88.377161,27.169996],[88.3772551,27.1699633],[88.3773717,27.1698988],[88.3774869,27.1698638],[88.3775732,27.1698268],[88.3777107,27.1697775],[88.3778654,27.1697611],[88.3780257,27.169765],[88.3781687,27.1697896],[88.378337,27.1698331],[88.378466,27.1698569],[88.3787279,27.1698202],[88.3788781,27.1698016],[88.3793874,27.1698123],[88.3795713,27.1698084],[88.3797933,27.1698476],[88.3798914,27.1698504],[88.3802222,27.1698012],[88.3803578,27.1697838],[88.3804548,27.169737],[88.380595,27.1697278],[88.3807143,27.1697351],[88.3807938,27.1697553],[88.3808722,27.1697814],[88.3809545,27.1698333],[88.3809961,27.1698621],[88.3810774,27.1699489],[88.381101,27.1700147],[88.3811351,27.1700729],[88.3812278,27.1701578],[88.3812841,27.1702103],[88.381323,27.1702437],[88.3814421,27.1704093],[88.3814952,27.1705212],[88.3816303,27.1705926],[88.3816908,27.1706383],[88.3817535,27.170706],[88.3818262,27.1708093],[88.381925,27.1709344],[88.3820122,27.1710304],[88.3820683,27.1710756],[88.3821364,27.1711093],[88.3822189,27.1711212],[88.3823392,27.1711364],[88.3823978,27.17119],[88.3825718,27.1712594],[88.3827542,27.1713184],[88.3828617,27.1713712],[88.3832315,27.171502],[88.3833158,27.1715098],[88.3834047,27.1714642],[88.3834591,27.1714186],[88.3834926,27.1713956],[88.3835171,27.1713654],[88.3835581,27.1713017],[88.3835675,27.1711816],[88.3835623,27.1711214],[88.3835766,27.1710383],[88.3835812,27.170948],[88.3835689,27.1708642],[88.3835492,27.170694],[88.3835623,27.1704355],[88.3835705,27.170373],[88.3835942,27.1703355],[88.383632,27.1702925],[88.3837159,27.1702409],[88.3840398,27.1699913],[88.3841206,27.1699211],[88.3841821,27.1698078],[88.3842073,27.1696987],[88.384182,27.1695942],[88.3841299,27.1694514],[88.3841054,27.1693649],[88.3841072,27.1692641],[88.3841257,27.1691964],[88.3841476,27.1691301],[88.3841867,27.1689569],[88.3842327,27.1687591],[88.3842622,27.1686315],[88.3842741,27.1685504],[88.3842854,27.1684719],[88.3843085,27.1684121],[88.3843185,27.1683836],[88.3843378,27.1683549],[88.3843688,27.1683138],[88.3844483,27.1682715],[88.3845962,27.1681913],[88.3848408,27.1680848],[88.3849466,27.1679892],[88.3850738,27.1677458],[88.3851653,27.167591],[88.3851767,27.167558],[88.385208,27.1674488],[88.3852117,27.1673658],[88.3851928,27.1673056],[88.3851664,27.1672815],[88.3851399,27.167276],[88.3850933,27.1672786],[88.3850309,27.167289],[88.3849528,27.1672876],[88.3848711,27.167276],[88.3848039,27.1672524],[88.3847124,27.1672086],[88.3846514,27.1671679],[88.3846062,27.1671186],[88.3845913,27.1670667],[88.3846022,27.1669884],[88.384639,27.1668489],[88.3847141,27.1666742],[88.3847785,27.1664496],[88.3847754,27.1662601],[88.3847702,27.166153],[88.3847344,27.1659757],[88.3847039,27.1659091],[88.3846255,27.1656871],[88.3845941,27.1655837],[88.3845481,27.1655006],[88.3845101,27.1654086],[88.3842963,27.1649353],[88.3842494,27.1648076],[88.3841729,27.1642898],[88.3842105,27.1642087],[88.384307,27.1641371],[88.3844398,27.1640977],[88.3845444,27.1640309],[88.384594,27.1639533],[88.3846718,27.1638746],[88.3847643,27.1637683],[88.3849521,27.1636192],[88.3850688,27.1635094],[88.3851144,27.1634307],[88.385105,27.1633495],[88.3850406,27.1632481],[88.3848555,27.1631503],[88.3847576,27.1631062],[88.3845618,27.1630548],[88.3844425,27.1630262],[88.3843526,27.1629797],[88.3842751,27.1627058],[88.384143,27.1625873],[88.3840156,27.1625232],[88.3838856,27.1625318],[88.3837653,27.1625621],[88.3836844,27.1626071],[88.3836351,27.1626623],[88.3835439,27.1627351],[88.3834729,27.1627876],[88.3833669,27.1628592],[88.383198,27.162852],[88.383088,27.1627482],[88.3831013,27.1625394],[88.3831617,27.1623676],[88.3831563,27.1622232],[88.3831054,27.1620752],[88.3830638,27.1619344],[88.3829659,27.1618354],[88.3829103,27.1617615],[88.3828881,27.1616994],[88.3829124,27.1615855],[88.3829517,27.1614962],[88.3830357,27.1614536],[88.3831617,27.1613653],[88.3833167,27.161281],[88.3835037,27.1611465],[88.3836397,27.161003],[88.3837004,27.1608104],[88.3837032,27.1606019],[88.3836595,27.1604588],[88.3836325,27.1602616],[88.3836539,27.1600789],[88.3836633,27.1599728],[88.3836848,27.159795],[88.383737,27.1596124],[88.3837357,27.1594764],[88.3836888,27.1593869],[88.3836231,27.1593308],[88.3835466,27.1592067],[88.3835426,27.1591829],[88.3835413,27.159116],[88.3835333,27.1590194],[88.3835332,27.1589407],[88.3835493,27.1588655],[88.3836224,27.1588216],[88.3837277,27.1587655],[88.3838391,27.1587076],[88.3839926,27.1586657],[88.3841993,27.1586442],[88.3844149,27.1585482],[88.3846576,27.1584273],[88.3850334,27.1582201],[88.3851909,27.1581761],[88.3852647,27.1581575],[88.3853566,27.1581546],[88.3854246,27.1581902],[88.3855444,27.1582338],[88.3856618,27.1582832],[88.3857609,27.1583069],[88.3858068,27.1582834],[88.3858607,27.1582512],[88.3859606,27.1582534],[88.3860934,27.1583165],[88.3862168,27.1584096],[88.3863294,27.1585051],[88.3865775,27.1588738],[88.3866271,27.1589597],[88.3866486,27.15906],[88.3867183,27.1593117],[88.3868014,27.1594263],[88.3868816,27.1595311],[88.3870188,27.1596744],[88.3872494,27.1598785],[88.3874492,27.1600408],[88.387495,27.1601597],[88.3875553,27.1603066],[88.3877032,27.1604802],[88.3878568,27.1605618],[88.3879843,27.1606436],[88.3880648,27.1606876],[88.3881869,27.160777],[88.3883585,27.1609011],[88.3885368,27.1610085],[88.3886026,27.1610407],[88.3887166,27.1610754],[88.3887957,27.1610837],[88.3888825,27.1610878],[88.388997,27.1610709],[88.3891139,27.1610402],[88.3892778,27.1610106],[88.3895272,27.1610146],[88.3897754,27.1610194],[88.3900158,27.1610008],[88.3901962,27.1609667],[88.3902703,27.1609666],[88.3903578,27.1609873],[88.3904419,27.1610327],[88.3905026,27.1610752],[88.3905448,27.161114],[88.3905951,27.1611634],[88.3906774,27.161248],[88.3907375,27.1613436],[88.3907858,27.1614333],[88.3908814,27.1616352],[88.3908982,27.1617005],[88.3909134,27.161767],[88.3909207,27.1618354],[88.3909253,27.1618827],[88.3909154,27.162004],[88.3908901,27.1621576],[88.3908854,27.1622783],[88.3908888,27.1623288],[88.3909031,27.1623884],[88.3909395,27.1624853],[88.3909982,27.1626263],[88.3910562,27.1627431],[88.3911583,27.1629951],[88.3911663,27.1631189],[88.3911636,27.1631714],[88.3911608,27.1632242],[88.3911449,27.1633133],[88.3911153,27.163401],[88.3910952,27.1634515],[88.3910655,27.1635131],[88.3910335,27.163563],[88.3910116,27.1635891],[88.3909653,27.1636391],[88.3908705,27.1636833],[88.3907239,27.1636839],[88.3905456,27.1636527],[88.3903563,27.1636249],[88.3900319,27.1635998],[88.3898941,27.1636216],[88.3898051,27.1636796],[88.3897699,27.1637324],[88.3897479,27.1637827],[88.3897224,27.1638534],[88.3897273,27.1639155],[88.3896873,27.1640391],[88.389696,27.1641281],[88.389698,27.1642576],[88.3896931,27.1643131],[88.389702,27.1643884],[88.3896725,27.1644686],[88.3896278,27.1645272],[88.3895573,27.1645996],[88.3894116,27.1646753],[88.3893058,27.1647391],[88.3892136,27.1648056],[88.3892159,27.1648531],[88.389255,27.1649254],[88.3893516,27.1649876],[88.3894227,27.1650253],[88.3894944,27.1650701],[88.3896202,27.1651247],[88.389724,27.1651721],[88.3898199,27.1652261],[88.389948,27.1652799],[88.3900825,27.1653318],[88.3901281,27.1653457],[88.3902682,27.1653897],[88.3904167,27.165424],[88.3904894,27.1654367],[88.3906349,27.1654726],[88.3907209,27.1655086],[88.3908476,27.1655783],[88.3909204,27.1656113],[88.3909897,27.1656321],[88.3910672,27.1656474],[88.3915161,27.1657023],[88.3917048,27.1657103],[88.3917467,27.1657098],[88.3920059,27.1657255],[88.3921134,27.1657565],[88.3921863,27.1657947],[88.3922343,27.1658355],[88.3922693,27.1658826],[88.3922877,27.1659299],[88.3922914,27.1659612],[88.3922949,27.165991],[88.3922918,27.1660785],[88.3922569,27.1661349],[88.3921455,27.1663762],[88.3921412,27.1665536],[88.3921319,27.1666531],[88.3921536,27.1667592],[88.3922213,27.1668909],[88.3922147,27.1670842],[88.3922421,27.1672675],[88.3922536,27.1673742],[88.392256,27.1674513],[88.3922481,27.1675523],[88.3923002,27.1676603],[88.3924166,27.1677256],[88.3924996,27.1677684],[88.3925825,27.1678017],[88.3926402,27.1678271],[88.3927551,27.1678774],[88.3928991,27.1679516],[88.3929944,27.1680404],[88.3930456,27.1681156],[88.3931375,27.168232],[88.3932007,27.1683296],[88.3933431,27.168534],[88.3934288,27.1686824],[88.393631,27.1689609],[88.3937258,27.1690683],[88.3938665,27.1691916],[88.3939966,27.1693081],[88.3941188,27.1694375],[88.3941691,27.1695637],[88.3942227,27.169671],[88.3942535,27.1697975],[88.3942887,27.1699186],[88.3943508,27.1700625],[88.3944098,27.1701333],[88.3945228,27.1702984],[88.3946433,27.1704383],[88.3947335,27.1705663],[88.3947814,27.1706945],[88.3948112,27.1708196],[88.3948862,27.1708917],[88.394955,27.1709259],[88.3950006,27.170946],[88.3950437,27.1709532],[88.3951211,27.1709611],[88.3951915,27.17097],[88.395297,27.1709621],[88.3954628,27.1709169],[88.3956486,27.1706875],[88.395846,27.1704063],[88.3959574,27.1702446],[88.3960982,27.1700474],[88.396181,27.1698925],[88.3962486,27.1697317],[88.3963084,27.1695935],[88.3963461,27.1694682],[88.3963826,27.1693088],[88.3963746,27.1691392],[88.3964,27.1688536],[88.3964304,27.1686988],[88.3964794,27.168556],[88.3965436,27.1684267],[88.3968004,27.1680058],[88.3969453,27.1677848],[88.3970302,27.1676533],[88.3973267,27.1673349],[88.3974839,27.1671831],[88.3975988,27.1670343],[88.3979273,27.1665783],[88.3979932,27.1665197],[88.3980508,27.1664794],[88.3980878,27.1664535],[88.3981841,27.1664129],[88.3982821,27.1663844],[88.3983919,27.1663558],[88.3985204,27.1663363],[88.3986403,27.1663378],[88.3987569,27.1663483],[88.3988549,27.1663663],[88.398958,27.1663964],[88.3992245,27.1664712],[88.3992918,27.1664945],[88.3993736,27.1665199],[88.3994446,27.1665335],[88.399497,27.1665275],[88.39968,27.1664883],[88.3998174,27.1664455],[88.3998918,27.166444],[88.3999796,27.1664575],[88.4000388,27.1664756],[88.4006817,27.1666861],[88.4008034,27.1667403],[88.4009031,27.1667688],[88.4010681,27.1667577]]}},{"type":"Feature","properties":{"kind":"road","highway":"residential","motorable":true,"name":null,"ref":null,"bridge":false,"osm_id":478555228},"geometry":{"type":"LineString","coordinates":[[88.3645847,27.1656024],[88.3643272,27.1654616],[88.3642609,27.1654138],[88.3642065,27.1653518],[88.3641904,27.1652874],[88.3642565,27.165147],[88.3642914,27.1650325],[88.3642548,27.1649819],[88.3641904,27.1649676],[88.3641153,27.1649748],[88.3640482,27.1650416],[88.363831,27.165464],[88.3638176,27.1655475],[88.3638578,27.1656119],[88.364295,27.1658911],[88.3646491,27.1660629],[88.3646553,27.1660908],[88.3646615,27.1661183],[88.3646222,27.1661417],[88.3643135,27.1661735],[88.364101,27.1661637],[88.3638284,27.1661537],[88.3632328,27.1661167],[88.3629394,27.1660921],[88.3627206,27.1660928],[88.3624584,27.1660978],[88.3624111,27.1661297]]}},{"type":"Feature","properties":{"kind":"road","highway":"residential","motorable":true,"name":null,"ref":null,"bridge":false,"osm_id":478555229},"geometry":{"type":"LineString","coordinates":[[88.359903,27.1641064],[88.3599341,27.1641413],[88.3600209,27.1641812],[88.3604432,27.1642936],[88.3605762,27.1643451],[88.3606854,27.1643949],[88.3607933,27.1644551],[88.3610335,27.1645725],[88.3616472,27.1648466],[88.3618727,27.1649424],[88.3620662,27.164997],[88.3622004,27.1650293],[88.3623554,27.1650584],[88.3627481,27.1650918],[88.3628914,27.1651193],[88.3629736,27.1651618],[88.3630522,27.1652197],[88.3630853,27.1652874],[88.3630495,27.1653594],[88.363021,27.1654663],[88.3630881,27.1655332],[88.3633231,27.1656291],[88.3633585,27.1656596],[88.3633859,27.1658016],[88.3634109,27.1658385],[88.3636942,27.1659579],[88.3637881,27.16602],[88.3638284,27.1661537]]}},{"type":"Feature","properties":{"kind":"road","highway":"residential","motorable":true,"name":null,"ref":null,"bridge":false,"osm_id":539777889},"geometry":{"type":"LineString","coordinates":[[88.3604369,27.1658828],[88.3605233,27.1659629],[88.3606069,27.1658932],[88.3607053,27.1658112],[88.3607528,27.1657588],[88.3608274,27.1656805],[88.3608498,27.1656466],[88.3608691,27.1656026],[88.3608641,27.1655751],[88.3608436,27.1655562]]}},{"type":"Feature","properties":{"kind":"road","highway":"unclassified","motorable":true,"name":null,"ref":null,"bridge":false,"osm_id":593384964},"geometry":{"type":"LineString","coordinates":[[88.3687735,27.1562131],[88.3684773,27.1559253],[88.368431,27.1558537],[88.3682594,27.155797],[88.3681668,27.1557695],[88.3680475,27.1557403],[88.3679429,27.155751],[88.36779,27.155837],[88.3675191,27.1560422],[88.3674064,27.1561519],[88.3673148,27.1562976],[88.3672339,27.1563779],[88.3671597,27.1564877],[88.3670877,27.1565716],[88.367005,27.1566333],[88.3669098,27.1567105],[88.3667895,27.1567924],[88.3667162,27.1568449],[88.3666071,27.1569276],[88.3665079,27.1570445],[88.3664382,27.157183],[88.3663657,27.1573834],[88.3662853,27.157603],[88.3662048,27.1578082],[88.3661083,27.1580087],[88.3660412,27.158159],[88.3659822,27.1583142],[88.3659607,27.158455],[88.3659554,27.1585409],[88.3659509,27.1586786],[88.365948,27.1587735],[88.3659686,27.1588629],[88.3659954,27.1589218],[88.3660378,27.1589987],[88.3660864,27.1590576],[88.3661031,27.1591263],[88.3661196,27.1592203],[88.3661106,27.1593282],[88.3660761,27.1594382],[88.3660305,27.1595718],[88.3660144,27.159642],[88.3660045,27.1597177],[88.3659731,27.1598078],[88.3659578,27.1598663],[88.3658953,27.159928],[88.3656255,27.1600802],[88.3655369,27.1601804],[88.365427,27.1602352],[88.3653439,27.1602233],[88.3652901,27.1601971],[88.3652419,27.1601493],[88.3652017,27.1600873],[88.3651132,27.1600253],[88.3650407,27.1599751],[88.3648959,27.1599513],[88.3646438,27.1599513],[88.3645135,27.159939],[88.364391,27.1599477],[88.3642894,27.1599605],[88.3642421,27.1599543],[88.3641806,27.1599198],[88.3640966,27.1598916],[88.3639303,27.1598224],[88.3637667,27.159758],[88.3636862,27.1597484],[88.3636594,27.1597747],[88.3636782,27.15982],[88.3638164,27.1598797],[88.3638683,27.1599527],[88.3638549,27.1599869],[88.3637613,27.1599966],[88.3636379,27.1599537],[88.3633536,27.1598463],[88.3632302,27.1598033],[88.3630157,27.1597494],[88.3629517,27.1597405],[88.3628859,27.1597463],[88.3628413,27.1597682],[88.3628041,27.1597966],[88.3626988,27.1598928],[88.3625346,27.1599909],[88.3623952,27.1600533],[88.3622975,27.1600904],[88.3622089,27.1601],[88.3621279,27.1600849],[88.3620152,27.1600444],[88.3618945,27.1599847],[88.3617908,27.1599196],[88.3617048,27.1598271],[88.3616797,27.1597696],[88.3616352,27.1595241],[88.3615889,27.1592881],[88.3615415,27.1591527],[88.3614934,27.1591004],[88.3614316,27.1590602],[88.3613613,27.1590195],[88.3613059,27.1589754],[88.3612481,27.1589214],[88.3611956,27.1588364],[88.3611617,27.1586847],[88.361139,27.1585884],[88.3610871,27.1584085],[88.3609504,27.1580946],[88.3608967,27.1580015],[88.3608214,27.1579392],[88.3607589,27.1579213],[88.3607201,27.1579479],[88.3607322,27.1580048],[88.3607936,27.1580846],[88.3608534,27.1582272],[88.3609238,27.1584693],[88.360966,27.158714],[88.3609936,27.1589525],[88.361024,27.1590898],[88.3610818,27.1592115],[88.3611664,27.1593609],[88.3611787,27.1595006],[88.3611786,27.1596259],[88.3611957,27.1597231],[88.3612546,27.1599309],[88.3612488,27.160052],[88.3611963,27.1602391],[88.3612025,27.1603832],[88.3612484,27.1605171],[88.3613809,27.1607595],[88.3614641,27.1608485],[88.3615696,27.1609144],[88.3617895,27.1609952],[88.3620902,27.1610778],[88.3622869,27.1611379],[88.3624235,27.1612003],[88.3625068,27.1612597],[88.3625628,27.1613191],[88.3626267,27.1613855],[88.3626938,27.1614571],[88.3627609,27.1615192],[88.3628628,27.1615693],[88.3629888,27.161586],[88.3630586,27.1615979],[88.3631095,27.1616152],[88.3631364,27.1616504],[88.363131,27.1616886],[88.3630821,27.1617041],[88.3630291,27.1616982],[88.3628866,27.1616961],[88.3628366,27.1617061],[88.3628089,27.1617379],[88.3627984,27.1617721],[88.3628186,27.1618019],[88.3628494,27.1618175],[88.362962,27.1618445],[88.3629871,27.161864],[88.3630023,27.1618891],[88.3629917,27.1619194],[88.3629565,27.1619651],[88.3628755,27.1620161],[88.3628179,27.1620381],[88.3627562,27.1620423],[88.3626375,27.1619845],[88.3625684,27.1619813],[88.3625329,27.1619797],[88.3624663,27.1619884],[88.3624175,27.1620036],[88.3623424,27.1620132],[88.3622566,27.1619941],[88.3621681,27.1619511],[88.3620581,27.1618819],[88.3615416,27.1614586],[88.3614497,27.1613848],[88.361381,27.161364],[88.3612374,27.1613641],[88.3611515,27.1613879],[88.3610577,27.1613831],[88.3609396,27.1613235],[88.3608726,27.1612376],[88.3607948,27.1611063],[88.3606768,27.1609106],[88.3605979,27.1607888],[88.360487,27.1606114],[88.3604089,27.1604835],[88.3603549,27.1604238],[88.360253,27.1603474],[88.3601725,27.1602353],[88.3601189,27.1601279],[88.3600867,27.1599489],[88.3600947,27.1597532],[88.3600947,27.1596029],[88.3600921,27.1594143],[88.3600706,27.1593403],[88.3598668,27.1590134],[88.3597273,27.1588225],[88.3596772,27.1587842],[88.3596334,27.1587638],[88.3595801,27.1587841],[88.3595694,27.1588436],[88.3595757,27.1589746],[88.3595877,27.1591263],[88.3596197,27.159216],[88.3596786,27.1593556],[88.3597,27.1594253],[88.3597219,27.1595408],[88.3596951,27.1597317],[88.359655,27.1599264],[88.3596586,27.1599879],[88.3596686,27.1600874],[88.3597058,27.1602186],[88.3597514,27.1603928],[88.3597782,27.1605861],[88.3597675,27.1607436],[88.3597434,27.1608772],[88.359687,27.161018],[88.3596441,27.1611564],[88.3596066,27.1613044],[88.3595824,27.1614738],[88.3595127,27.1616122],[88.3594926,27.1616373],[88.3594279,27.1617182],[88.3593903,27.1618171],[88.3593352,27.1619566],[88.3593842,27.1621364],[88.3593861,27.1621494],[88.3594542,27.1622127],[88.3595663,27.1622375],[88.359628,27.1623974],[88.3596683,27.1625668],[88.3597863,27.1626694],[88.3601074,27.1629568],[88.3602996,27.1631197],[88.3603289,27.1631447],[88.3603459,27.1631879],[88.3603442,27.1632214],[88.3603338,27.1632577],[88.3602996,27.163305],[88.3602449,27.1633175],[88.3601968,27.1633157],[88.3601175,27.1632943],[88.3599507,27.1632687]]}},{"type":"Feature","properties":{"kind":"road","highway":"unclassified","motorable":true,"name":null,"ref":null,"bridge":false,"osm_id":593437311},"geometry":{"type":"LineString","coordinates":[[88.368195,27.1621969],[88.3680958,27.1625549],[88.3679536,27.1630704],[88.3679,27.1633376],[88.3679,27.1634426],[88.3679268,27.1638077],[88.3679675,27.1638918],[88.3679979,27.1639808],[88.3679504,27.1640072],[88.3679025,27.1639888],[88.3678871,27.1639592],[88.3678675,27.1638918],[88.3678583,27.1638232],[88.3678544,27.1636777],[88.3677927,27.1634761],[88.36776,27.1634512],[88.3677187,27.1634464],[88.3676789,27.1634556],[88.3676532,27.1634773],[88.3675995,27.1635775],[88.3675915,27.1636479],[88.3675835,27.1637958],[88.3675969,27.1639056],[88.3675888,27.1640643],[88.3675539,27.164192],[88.3675325,27.1643184],[88.3675205,27.1644604],[88.367503,27.1646012],[88.3674936,27.1647253],[88.3675204,27.1648733],[88.3675271,27.1650558],[88.3675539,27.1651668],[88.3676519,27.1652693],[88.3677739,27.1653552],[88.3679477,27.1654428],[88.3680819,27.1655056],[88.3681606,27.1655573],[88.3683224,27.1656729],[88.3684109,27.1657392],[88.3684914,27.1658109],[88.3686345,27.1658794],[88.3688414,27.1659781],[88.3691539,27.1661153],[88.369351,27.1662049],[88.3695303,27.1663142],[88.3696094,27.1663894],[88.369685,27.16649],[88.3697305,27.1665432],[88.3698163,27.1665915],[88.3698702,27.1666002],[88.3699065,27.1666034],[88.3699668,27.1665932],[88.3700364,27.1665732],[88.3701221,27.1665817],[88.3701968,27.1665889],[88.3703412,27.166622],[88.370453,27.1666411],[88.3706221,27.1666696],[88.3707913,27.1667019],[88.3709125,27.1667103],[88.3710474,27.1667315],[88.3711847,27.1667433],[88.371399,27.1667473],[88.3715882,27.1667342],[88.3717832,27.1667214],[88.3722396,27.1665951],[88.3725927,27.1665273],[88.3729532,27.1665422],[88.3732078,27.1666188],[88.3734072,27.1667536],[88.3735227,27.1669055],[88.3735788,27.1669636],[88.3736861,27.1670471],[88.37376,27.1671362],[88.3738354,27.1672752],[88.3739086,27.1673091],[88.374142,27.1674538],[88.3743801,27.1675385],[88.3745493,27.1676303],[88.3746516,27.167692],[88.3748551,27.1678373],[88.375028,27.1679278],[88.3751565,27.1679725],[88.3752605,27.1679423],[88.3754021,27.1679302],[88.3755777,27.1679844],[88.3757305,27.1680012],[88.3758125,27.1679888],[88.3759586,27.1679382],[88.3760801,27.1678953],[88.3762316,27.167902],[88.3764943,27.1680033],[88.3766781,27.1680886],[88.3768235,27.1681673],[88.3769993,27.1682463],[88.3771165,27.1682529],[88.3772049,27.1682206],[88.377301,27.1681598],[88.3774469,27.1680335],[88.3775717,27.1679529],[88.377687,27.1679268],[88.3777829,27.1679424],[88.3779858,27.1679626],[88.3781436,27.1679775],[88.3782975,27.1679393],[88.3785152,27.1679123],[88.3786363,27.1678402],[88.3786975,27.1678237],[88.378812,27.1678281],[88.3790254,27.1678551],[88.3792076,27.167899],[88.3792976,27.1679118],[88.3794167,27.1678947],[88.3795863,27.1678263],[88.3797607,27.1677046],[88.3799049,27.1675681],[88.3800728,27.1674804],[88.3802657,27.1674114]]}},{"type":"Feature","properties":{"kind":"road","highway":"unclassified","motorable":true,"name":null,"ref":null,"bridge":false,"osm_id":593437315},"geometry":{"type":"LineString","coordinates":[[88.370602,27.1652531],[88.3705554,27.165156],[88.3704695,27.1650081],[88.3703981,27.164943],[88.3702523,27.1648101],[88.3700189,27.1646883],[88.3697936,27.1645452],[88.3696085,27.1643757],[88.3694726,27.1641593],[88.3693502,27.164025],[88.3692514,27.1639522],[88.3692262,27.1638835],[88.3692478,27.1638313],[88.3693591,27.1638504],[88.3695415,27.1639758],[88.3697165,27.1640572],[88.3699813,27.1641867],[88.3703146,27.1643281],[88.3705675,27.164408],[88.3707745,27.1644852],[88.3708857,27.1645256],[88.3710174,27.164557],[88.3710904,27.1646195],[88.3711632,27.1646306],[88.3712107,27.1646156],[88.3711695,27.1645135],[88.3710207,27.1643649],[88.3708664,27.1642122],[88.3707681,27.1641047],[88.3707008,27.164007],[88.3706841,27.1639295],[88.370733,27.1638377],[88.3708394,27.1637707],[88.3709229,27.1637467],[88.3710258,27.1637489],[88.3711106,27.1637385],[88.3711292,27.1636884],[88.371108,27.1636358],[88.3710531,27.1635749],[88.3709739,27.1634942],[88.3709367,27.1634331],[88.3709196,27.1633299],[88.3709291,27.1632388],[88.3709392,27.1631348],[88.3709185,27.163002],[88.37086,27.1628111],[88.3708985,27.1627562],[88.3709806,27.1627865],[88.3710775,27.1629264],[88.3711571,27.1630305],[88.3712901,27.1631759],[88.3714474,27.1632638],[88.3715638,27.1633046],[88.3716933,27.1633615],[88.3717909,27.1633849],[88.3718314,27.1633388],[88.3717516,27.1632508],[88.3716369,27.1631133],[88.3714878,27.1628973],[88.3712986,27.1625358],[88.3712367,27.1624445],[88.3711937,27.1623163],[88.3712262,27.1622465],[88.3712116,27.1621164],[88.3711648,27.1619862],[88.3710844,27.161869],[88.3709865,27.1617013],[88.3707913,27.1615909],[88.3705993,27.1614845],[88.370562,27.1613918],[88.3705608,27.1612948],[88.3705727,27.1612195],[88.3705964,27.1610254],[88.3706573,27.1608653],[88.3707136,27.1607388],[88.3707525,27.1606253],[88.3706893,27.1604489],[88.370672,27.1603367],[88.3705718,27.1601805],[88.3705518,27.1600301],[88.3705861,27.1599379],[88.37069,27.1598014],[88.3706966,27.1600251],[88.3707317,27.1601919],[88.3707788,27.160357],[88.3708256,27.1604559],[88.3709783,27.1605063],[88.3711474,27.1605701],[88.3712279,27.1606023],[88.3712982,27.1606074]]}},{"type":"Feature","properties":{"kind":"road","highway":"secondary","motorable":true,"name":"MDR","ref":"MDR","bridge":false,"osm_id":593437320},"geometry":{"type":"LineString","coordinates":[[88.3576844,27.1636551],[88.3578095,27.1636862],[88.3579953,27.1637033],[88.3581651,27.1637036],[88.3582841,27.1636821],[88.3583843,27.1636136],[88.358441,27.1635324],[88.3585285,27.1634573],[88.3585879,27.1634454],[88.3586583,27.1634781],[88.3587015,27.1635243],[88.358721,27.1635859],[88.3587147,27.163644],[88.3587117,27.163653],[88.3586957,27.1637005],[88.3586993,27.1637569],[88.3587139,27.1638084],[88.3587625,27.1638838],[88.3587939,27.1639148],[88.3588485,27.1639472],[88.3589278,27.1639719],[88.3590112,27.1639907],[88.3593193,27.1640339],[88.3596258,27.1640679],[88.359903,27.1641064],[88.359951,27.1640914],[88.3600243,27.164083],[88.3602002,27.1641051],[88.3607986,27.1641948],[88.3612876,27.1642471],[88.3613995,27.1642706],[88.361478,27.1642961],[88.3615803,27.1643345],[88.3617014,27.1643634],[88.3617863,27.1643793],[88.3618487,27.1643845],[88.3620266,27.1643906],[88.3622888,27.1643865],[88.3623563,27.1643848],[88.362405,27.1643694],[88.3624166,27.1643513],[88.3624185,27.1643319],[88.3624004,27.1643008],[88.3623473,27.1642757],[88.3622777,27.1642583],[88.3621903,27.1642359],[88.3620845,27.1642083],[88.361917,27.1641622],[88.3618601,27.1641391],[88.361728,27.1640689],[88.3615965,27.1639794],[88.3614356,27.1638919],[88.3613978,27.1638727],[88.3612895,27.1638361],[88.3611805,27.1638223],[88.3611118,27.1638022],[88.3609794,27.1637464],[88.3609443,27.163708]]}},{"type":"Feature","properties":{"kind":"road","highway":"unclassified","motorable":true,"name":null,"ref":null,"bridge":false,"osm_id":593462132},"geometry":{"type":"LineString","coordinates":[[88.3517688,27.184404],[88.3516157,27.1844738],[88.3515155,27.1844826],[88.3514244,27.1844733],[88.3512934,27.184413],[88.3512324,27.1843849],[88.3509669,27.1843512],[88.3508824,27.184384],[88.3508273,27.1844526],[88.350806,27.1845056],[88.3507613,27.1845833],[88.3506809,27.1847108],[88.350464,27.184874],[88.3503303,27.185033],[88.3501859,27.1852392],[88.3499757,27.1854369],[88.349809,27.1854866],[88.3496281,27.1855385],[88.3494941,27.1856166],[88.3494287,27.1857476],[88.3492663,27.1860632],[88.3491382,27.1862013],[88.3488238,27.1864368],[88.3486247,27.1866409],[88.3484321,27.1868785],[88.3481962,27.1872602],[88.3480188,27.187421],[88.3477996,27.1876356],[88.3476922,27.1877873],[88.3476301,27.1879011],[88.3475776,27.1879481],[88.3474919,27.1879783],[88.3473307,27.1879537],[88.347086,27.1879176],[88.3469373,27.1879299],[88.3467362,27.1879712],[88.3466101,27.1880435],[88.3465824,27.1880737],[88.3465003,27.1881633],[88.3464194,27.1882398],[88.3463675,27.1882596],[88.3463188,27.1882523],[88.3463169,27.1881901],[88.3464116,27.1880886],[88.3465825,27.1879463],[88.3467771,27.1878494],[88.3469648,27.1878064],[88.3472366,27.1877821],[88.347347,27.187776],[88.3473942,27.1877543],[88.3474223,27.1877006],[88.3474683,27.1875228],[88.3475041,27.1873897],[88.3475409,27.1872043],[88.3476311,27.1870597],[88.3477672,27.1868482],[88.3478588,27.18664],[88.3479141,27.1864927],[88.3479276,27.1863553],[88.3479679,27.1860024],[88.348005,27.1858854],[88.3479874,27.1858171],[88.347934,27.1858067],[88.3478826,27.1858323],[88.3476298,27.1862072],[88.3474017,27.1864225],[88.3472681,27.1866507],[88.3471131,27.1869436],[88.3469053,27.1871803],[88.3468419,27.1872191],[88.3467853,27.1872537],[88.3466675,27.1872287],[88.3464972,27.18717],[88.3463141,27.1871208],[88.3460416,27.1870526],[88.3458202,27.1870678],[88.3454491,27.1869306],[88.3452923,27.1869049],[88.3452206,27.1868393],[88.3451475,27.1867724],[88.3450003,27.1865682],[88.3447558,27.1865413],[88.3445665,27.1865464],[88.3444595,27.1865826],[88.3443726,27.1868614],[88.3443299,27.1869379],[88.3442673,27.1870086],[88.3441874,27.1870862],[88.3440477,27.1871113],[88.3438868,27.1870032],[88.3436347,27.1869258],[88.3432049,27.1868649],[88.3428615,27.1868965],[88.3425759,27.186983],[88.3423868,27.1870158],[88.3421132,27.1870379],[88.3419241,27.1871077],[88.3415663,27.1872427],[88.3413418,27.1872484],[88.3410532,27.1873218],[88.3407016,27.187396],[88.3404514,27.1874781],[88.3402678,27.1875282],[88.3402121,27.1875056],[88.3401529,27.187444],[88.3400921,27.1873298],[88.3400685,27.1872351],[88.3400533,27.1871314],[88.3400552,27.1870524],[88.3401055,27.1869809],[88.3401274,27.1869455],[88.3401952,27.1868413],[88.3402915,27.1866534],[88.3403506,27.1864896],[88.3404064,27.1863468],[88.3404537,27.1861289],[88.3404774,27.185938],[88.3404926,27.1858328],[88.3404993,27.1856795],[88.3404334,27.1855427],[88.3403439,27.1854149],[88.3402526,27.1852752],[88.3402087,27.1851444],[88.3402123,27.1850379],[88.3403069,27.1848732],[88.3403424,27.1847064],[88.3403322,27.1844704],[88.3402866,27.1840405],[88.3402863,27.1839476],[88.3403426,27.1839255],[88.3404034,27.1839343],[88.3404268,27.1840991],[88.3404587,27.1842733],[88.3405566,27.1845953],[88.3405925,27.184886],[88.3407265,27.1851555],[88.3408292,27.1852966],[88.3409385,27.1854406],[88.3410648,27.1855842],[88.3412339,27.185727],[88.3413617,27.1858059],[88.3414966,27.1858482],[88.341653,27.1858615],[88.3418094,27.185852],[88.3419265,27.1858331],[88.3420564,27.1857782],[88.3423438,27.1856665],[88.3425673,27.1855945],[88.3427335,27.1855458],[88.3429228,27.185496],[88.3430077,27.1854443],[88.3430615,27.1854032],[88.343106,27.185346],[88.3431529,27.185255],[88.3432849,27.1849797],[88.3433696,27.1847987],[88.3434366,27.1846237],[88.3434774,27.184517],[88.3435154,27.1844317],[88.3435645,27.1843571],[88.3436489,27.1842334],[88.3437387,27.1841305],[88.3438304,27.1840253],[88.3438878,27.1839561],[88.343907,27.1839147],[88.3439094,27.1838735],[88.343892,27.1838323],[88.3438431,27.18382],[88.3437971,27.1838254],[88.3436211,27.1840134],[88.343482,27.1841648],[88.3434319,27.1842134],[88.3433687,27.1842547],[88.3433421,27.1842604],[88.3433082,27.1842489],[88.3432892,27.1842299],[88.3432872,27.1841908],[88.3433203,27.1841239],[88.3434754,27.1838804],[88.3436317,27.1836345],[88.3439106,27.1832577],[88.344032,27.1829755],[88.3441378,27.1827507],[88.344203,27.1826123],[88.3443248,27.182146],[88.344396,27.1818601],[88.3445259,27.1816423],[88.3447366,27.1812408],[88.3448324,27.1810363],[88.3449644,27.180809],[88.3451003,27.1806292],[88.3451961,27.1805205],[88.3452833,27.1804215],[88.3453347,27.1803715],[88.3454234,27.1803203],[88.3455243,27.1802565],[88.3457019,27.1800971],[88.3459193,27.1797345],[88.346045,27.1796154],[88.3461173,27.1795469],[88.3461305,27.1795216],[88.3461336,27.1795],[88.3461244,27.1794698],[88.3461071,27.1794504],[88.3460737,27.1794531],[88.3460434,27.1794666],[88.3459051,27.1795647],[88.3456842,27.1797308],[88.3456026,27.1797658],[88.3454637,27.1798096],[88.3453706,27.1798413],[88.3453264,27.1798676],[88.3450324,27.1800903],[88.3447904,27.1802508],[88.3445615,27.1804815],[88.3444541,27.1806113],[88.3444298,27.1806386],[88.344391,27.1806638],[88.3443468,27.1806623],[88.3443146,27.1806364],[88.3443123,27.1806089],[88.3443268,27.18056],[88.3443547,27.1805281],[88.3443982,27.180479],[88.3445493,27.1802951],[88.3446659,27.1801234],[88.3448647,27.1798579],[88.3450737,27.1796086],[88.3451267,27.1795538],[88.3451898,27.1795062],[88.3452994,27.1794317],[88.345408,27.1793589],[88.3454497,27.1793128],[88.3455128,27.1792088],[88.3456196,27.1791051],[88.3458136,27.1789708],[88.3458666,27.1789147],[88.3459644,27.1787655],[88.3461383,27.1785744],[88.3463584,27.1786854],[88.3464525,27.1787],[88.3467964,27.1786835],[88.3470561,27.1786921],[88.3471582,27.1786879],[88.3472209,27.1786754],[88.347303,27.1786192],[88.3474231,27.1784316],[88.3474461,27.1783117],[88.3474003,27.1781641],[88.347404,27.1780584],[88.3474871,27.1779733],[88.3476569,27.1777824],[88.3478529,27.1775481],[88.3481295,27.177236],[88.3486325,27.1766827],[88.3489866,27.1763408],[88.3491148,27.176205],[88.3491417,27.17619],[88.3492988,27.1761028],[88.3494728,27.1760652],[88.3495873,27.1760474],[88.3497208,27.1759857],[88.3500668,27.1758022],[88.3501565,27.1757425],[88.3502829,27.1756583],[88.350515,27.1755693],[88.3506682,27.1755314],[88.3507513,27.1754841],[88.3507704,27.1754348],[88.3506448,27.1754102],[88.3504232,27.1754491],[88.3501985,27.1754944],[88.3500498,27.1755371],[88.3499528,27.1755605],[88.3497626,27.1755245],[88.3495987,27.175534],[88.349456,27.1755567],[88.3493183,27.1755979],[88.3492094,27.1756218],[88.3491424,27.1756247],[88.3491086,27.1756306],[88.3489995,27.1755302],[88.3489454,27.1754097],[88.3489135,27.1753378],[88.3489241,27.1752469],[88.3489603,27.1751427],[88.3491178,27.1749647],[88.3491727,27.1749221],[88.3493988,27.1747469],[88.3497416,27.1744836],[88.349877,27.1744258],[88.3499025,27.1744466],[88.3498895,27.1745234],[88.3498076,27.1746806],[88.3498118,27.174762],[88.3499222,27.1749317],[88.3499289,27.1749419],[88.350012,27.1749741],[88.3500716,27.174959],[88.3501014,27.1748965],[88.3500909,27.1748259],[88.3500865,27.1747961],[88.3501418,27.1746863],[88.3502951,27.1744249],[88.3504037,27.1742564],[88.3504655,27.1741339],[88.3505023,27.1739948],[88.3505294,27.1738321],[88.3505772,27.173722],[88.3506517,27.1736349],[88.3507858,27.1735326],[88.3509251,27.1734618],[88.3512089,27.1733488],[88.3514022,27.1732554],[88.3516618,27.1731011],[88.3518598,27.1730026],[88.3520025,27.1729363],[88.3520961,27.1728624],[88.3522984,27.1726863],[88.3523686,27.1726219],[88.3524857,27.1725462],[88.3525687,27.1724515],[88.3526858,27.1722791],[88.3527646,27.1721371],[88.3528008,27.1720026],[88.3528306,27.1718549],[88.3528753,27.1717697],[88.3529541,27.1717034],[88.3529839,27.1716958],[88.3530171,27.1717151],[88.3530392,27.171728],[88.353052,27.1718056],[88.353052,27.1719439],[88.3530392,27.1720803],[88.3530201,27.1722053],[88.3529817,27.1723265],[88.3529136,27.1724458],[88.352739,27.1726939],[88.352639,27.1728473],[88.3525879,27.1729704],[88.3525666,27.1730689],[88.3525709,27.1731693],[88.3526283,27.1732659],[88.3526891,27.1733014],[88.352724,27.1733218]]}},{"type":"Feature","properties":{"kind":"road","highway":"unclassified","motorable":true,"name":"Earthern Road","ref":null,"bridge":false,"osm_id":605869508},"geometry":{"type":"LineString","coordinates":[[88.3357894,27.1687102],[88.3358404,27.1686923],[88.3361788,27.1685024],[88.3362914,27.1684273],[88.336392,27.1684158],[88.3365557,27.1685016],[88.3366871,27.1685088],[88.3367847,27.1684267],[88.3368911,27.168374],[88.3370703,27.1682479],[88.3372689,27.1681194],[88.3374218,27.1680597],[88.3376122,27.1679833],[88.3378056,27.1679313],[88.3378995,27.167917],[88.3380362,27.1678836],[88.3382159,27.1678979],[88.3383313,27.1679886],[88.3384439,27.1680888],[88.3386102,27.1681747],[88.3387899,27.1681867],[88.338924,27.1681819],[88.3391171,27.1681914],[88.3392459,27.1681795],[88.3394471,27.16817],[88.339517,27.1681611],[88.3395608,27.1681318],[88.3395837,27.1681015],[88.3395919,27.1680507],[88.3395827,27.1679958],[88.3395407,27.167874],[88.3395186,27.1677522],[88.3395097,27.167688],[88.3394749,27.1676073],[88.3394831,27.1675321],[88.3395885,27.1672611],[88.3396207,27.1671188],[88.3396419,27.1670641],[88.3396683,27.1670336],[88.339833,27.1669131],[88.3398907,27.1668793],[88.3399964,27.1668361],[88.3401175,27.1667597],[88.3402344,27.1666702],[88.3403501,27.1666041],[88.3404656,27.1665739],[88.3405314,27.1665472],[88.3405663,27.1665226],[88.3406055,27.1664758],[88.3406355,27.166404],[88.3406541,27.1662967],[88.3406674,27.1661803],[88.3406635,27.1660554],[88.3406336,27.1659553],[88.340605,27.1659091],[88.3405702,27.1658702],[88.3405004,27.1657699],[88.3404924,27.1656745],[88.3405621,27.165579],[88.340662,27.1655621],[88.3408556,27.1655313],[88.3410036,27.1655064],[88.3411167,27.1654746],[88.3412254,27.1654352],[88.3412307,27.1652849],[88.3412281,27.1651584],[88.3412495,27.1650367],[88.3412898,27.164853],[88.3413461,27.1646645],[88.3413407,27.1644735],[88.3413032,27.164273],[88.3413005,27.1641084],[88.3412871,27.1639772],[88.3413194,27.1638035],[88.3414269,27.1637203],[88.3415878,27.1636583],[88.3416441,27.1635533],[88.3416545,27.1634379],[88.3416599,27.1632899],[88.341684,27.1630894],[88.3417321,27.1629591],[88.3417404,27.1629367],[88.3418218,27.1628386],[88.3419768,27.1628391],[88.3421227,27.1629179],[88.3422334,27.1630322],[88.3424283,27.1631978],[88.3426847,27.1633394],[88.342972,27.1633763],[88.3431476,27.1634032],[88.3433512,27.1634617],[88.343489,27.1635871],[88.3435832,27.1636456],[88.3437453,27.1636896],[88.3439165,27.1636678],[88.3440789,27.1636042],[88.344149,27.1635214],[88.3441638,27.1634405],[88.3441919,27.1633305],[88.3442407,27.1631469],[88.344296,27.162969],[88.3443788,27.1628184],[88.3445036,27.1626779],[88.3445729,27.1626021],[88.3447082,27.1625749],[88.3448087,27.1626059],[88.3449129,27.1626612],[88.3449484,27.1627151],[88.3449829,27.1628499],[88.3450178,27.1629553],[88.3451276,27.1631508],[88.3452412,27.1633231],[88.3452725,27.1634997],[88.3452836,27.1636574],[88.3452782,27.1638841],[88.345356,27.1639963],[88.3454069,27.1640917],[88.3454069,27.1642254],[88.3453667,27.164402],[88.3453721,27.1645595],[88.3454874,27.1647193],[88.3456323,27.1648124],[88.3458227,27.1648697],[88.3462277,27.1649675],[88.3463699,27.1650582],[88.3465335,27.1651035],[88.3466998,27.1650773],[88.34685,27.1649938],[88.3470511,27.1649174],[88.3472094,27.1649699],[88.3472282,27.1651107],[88.347145,27.1652682],[88.3470806,27.1654162],[88.3470672,27.1656214],[88.3471182,27.1657502],[88.3472121,27.1658266],[88.347322,27.1658743],[88.3473596,27.1659626],[88.3473435,27.1660819],[88.3472791,27.1661989],[88.347196,27.1663683],[88.3471853,27.1665067],[88.3472738,27.1666499],[88.3473489,27.1667883],[88.347365,27.1669195],[88.3473006,27.1670054],[88.3471611,27.1671247],[88.3469519,27.167225],[88.3467802,27.1673348],[88.3466917,27.1673753],[88.346453,27.1674135],[88.3462679,27.167497],[88.3461318,27.1676287],[88.3460031,27.1677766],[88.3457637,27.1681151],[88.3457154,27.1682439],[88.3456834,27.1683701],[88.3457758,27.1684341],[88.3458831,27.1685125],[88.3460001,27.1686285],[88.3460913,27.1687192],[88.3461745,27.168774],[88.3462684,27.1687526],[88.3464316,27.1685906],[88.3465844,27.1685327],[88.3467695,27.1685828],[88.3469109,27.1686413],[88.3470064,27.1687827],[88.3471157,27.1689404],[88.3471611,27.168819],[88.3470753,27.1686949],[88.3469599,27.1685518],[88.3468339,27.1684515],[88.3466864,27.168399],[88.3465319,27.1683566],[88.3463272,27.1683789],[88.3462574,27.1683025],[88.3462655,27.1682047],[88.3463699,27.1680268],[88.3464986,27.1679099],[88.3467025,27.1678096],[88.3468848,27.1677046],[88.3470753,27.1676068],[88.3471557,27.1675113],[88.3472443,27.1674588],[88.3474441,27.1674433],[88.3476318,27.1674171],[88.3478652,27.1673216],[88.3479872,27.167182],[88.3480516,27.1670221],[88.3479417,27.1668993],[88.347821,27.1668492],[88.3477485,27.166762],[88.3477271,27.1666475],[88.3477244,27.1665115],[88.3478129,27.1663182],[88.3479336,27.1662108],[88.3479899,27.166113],[88.3479926,27.1660056],[88.347896,27.1659054],[88.3477673,27.1657908],[88.3477136,27.1656787],[88.3477351,27.165588],[88.3478048,27.1654639],[88.3479094,27.1653875],[88.347947,27.165335],[88.3478156,27.1652038],[88.3477083,27.1650868],[88.3476332,27.1649246],[88.3475661,27.16481],[88.3474562,27.1647337],[88.3472657,27.1646645],[88.3470619,27.1645952],[88.3468795,27.1645857],[88.3466783,27.1645809],[88.346512,27.1645189],[88.3464611,27.1644115],[88.3464316,27.1643041],[88.3463372,27.1642436],[88.3462842,27.164155],[88.3462242,27.1640718],[88.3461417,27.1639766],[88.3461078,27.1639199],[88.3460248,27.163845],[88.3459325,27.1637199],[88.3459926,27.1636058],[88.3460797,27.1635614],[88.3462031,27.1635991],[88.3463109,27.1636932],[88.346386,27.1638101],[88.3464503,27.1639199],[88.3465523,27.1640416],[88.3466381,27.1641132],[88.3467534,27.1641371],[88.3468875,27.164211],[88.3469734,27.1643399],[88.347086,27.1644187],[88.3473462,27.1644521],[88.3475769,27.1644521],[88.3476949,27.1644592],[88.3477861,27.1645046],[88.3478317,27.1646167],[88.347896,27.1647718],[88.3479658,27.1649007],[88.3480167,27.1649938],[88.3481026,27.1650821],[88.3482233,27.1651537],[88.3483386,27.1651823],[88.3484432,27.1652062],[88.3484781,27.1652801],[88.3484808,27.165378],[88.3484834,27.1654854],[88.3485478,27.1656285],[88.3486551,27.1657025],[88.3486631,27.1657884],[88.3486363,27.1658863],[88.3486685,27.1659531],[88.3487409,27.1660247],[88.3487892,27.1661177],[88.348757,27.1662036],[88.3486766,27.1662896],[88.3485988,27.1664113],[88.348572,27.1665377],[88.3486336,27.1666714],[88.3487302,27.1668193],[88.3488241,27.1669697],[88.3488858,27.1671081],[88.3489281,27.1672085],[88.3489311,27.1673749],[88.3488533,27.167499],[88.3487686,27.1676062],[88.3487034,27.1676235],[88.3486696,27.1676592],[88.3485838,27.1677021],[88.3485141,27.1677809],[88.3484122,27.1678739],[88.3483022,27.1679598],[88.3482324,27.1680362],[88.3481895,27.1681316],[88.3481815,27.168239],[88.3482179,27.1683728],[88.3483413,27.1685565],[88.348529,27.1687307],[88.3487007,27.1688739],[88.3489448,27.1690242],[88.3491272,27.169134],[88.3492532,27.1692414],[88.3493605,27.169387],[88.3495482,27.1696017],[88.3496153,27.1697616],[88.3496046,27.1699072],[88.3496046,27.1700384],[88.34961,27.1701267],[88.3496475,27.1702198],[88.3497307,27.1703033],[88.3498138,27.1703247],[88.349897,27.1703176],[88.3499828,27.1703558],[88.3500525,27.1704608],[88.3501115,27.1705777],[88.3501598,27.1706612],[88.3501974,27.17074],[88.3502457,27.170771],[88.3502993,27.1707614],[88.35031,27.1707137],[88.3502886,27.1705848],[88.3502483,27.1704345],[88.3502322,27.1702985],[88.3502001,27.1701649],[88.3500954,27.1700981],[88.350015,27.1700718],[88.3499292,27.1700002],[88.3499184,27.1699072],[88.3499506,27.1697568],[88.3500069,27.1695802],[88.3499855,27.169344],[88.3499077,27.1691626],[88.349846,27.1689956],[88.349728,27.1688143],[88.3495885,27.1687212],[88.3494759,27.168652],[88.349449,27.1685685],[88.34939,27.1683227],[88.3493712,27.1681974],[88.3493914,27.168127],[88.3495577,27.168022],[88.3497347,27.1679337],[88.3499278,27.1678144],[88.3501344,27.1676688],[88.3502832,27.1675245],[88.3502832,27.1674028],[88.3503208,27.1672954],[88.350365,27.1671892],[88.3504267,27.1670388],[88.3504441,27.1668837],[88.3504736,27.1667453],[88.3505219,27.1666117],[88.350597,27.1664852],[88.3506802,27.1664494],[88.3507124,27.1665067],[88.3507974,27.1666218],[88.3507659,27.1667906],[88.3507648,27.1669334],[88.3508895,27.1670992],[88.350919,27.1672352],[88.3508949,27.1673975],[88.3508278,27.1675383],[88.3506758,27.1676921],[88.3504997,27.167832],[88.3503395,27.1679552],[88.3501866,27.1680506],[88.3500606,27.1681151],[88.3499989,27.1682105],[88.3500391,27.1683346],[88.3501545,27.1684205],[88.3503073,27.1685923],[88.3504254,27.1687331],[88.3505541,27.1688572],[88.3506399,27.1690075],[88.3506989,27.1691817],[88.3507338,27.1693249],[88.3507982,27.1694275],[88.3509269,27.1694466],[88.3510986,27.169511],[88.3512381,27.1695779],[88.3514178,27.1696089],[88.3516592,27.1696375],[88.3518925,27.1695755],[88.3520159,27.1694633],[88.3521581,27.1694299],[88.3522841,27.1695063],[88.3524263,27.169628],[88.3526596,27.1698213],[88.3527991,27.1699048],[88.3529091,27.1699549],[88.3530164,27.1699764],[88.3531317,27.1699525],[88.3532578,27.1698761],[88.3533597,27.1698117],[88.3534321,27.1697091],[88.3535314,27.1695779],[88.3536199,27.169523],[88.3537111,27.169585],[88.3537459,27.1697186],[88.3537969,27.1698308],[88.3538425,27.1699],[88.3539391,27.1701052],[88.3540222,27.1701983],[88.3541536,27.1703009],[88.3542556,27.1703558],[88.3543414,27.1704512],[88.3544353,27.1705491],[88.3545399,27.1706183],[88.3546686,27.1706731],[88.3547866,27.1706898],[88.3549449,27.1707614],[88.3549395,27.1708664],[88.3548778,27.1709643],[88.354733,27.1710239],[88.3544755,27.171043],[88.3543441,27.1710764],[88.3542207,27.1710812],[88.3540276,27.1710335],[88.3538774,27.1710287],[88.3536413,27.1710836],[88.3535126,27.1711814],[88.3532685,27.1713723],[88.3531532,27.171494],[88.3530647,27.1716419],[88.3530171,27.1717151]]}},{"type":"Feature","properties":{"kind":"road","highway":"unclassified","motorable":true,"name":null,"ref":null,"bridge":false,"osm_id":606048457},"geometry":{"type":"LineString","coordinates":[[88.371058,27.176154],[88.3709898,27.1759154],[88.370926,27.1758491],[88.3709026,27.1757961],[88.3709153,27.1757146],[88.3709515,27.1755726],[88.3709771,27.1754211],[88.370992,27.1752696],[88.37096,27.1751465],[88.3708621,27.1750101],[88.3708089,27.1749401],[88.3707897,27.1748359],[88.3707855,27.1747355],[88.3707812,27.1746124],[88.3707578,27.1745196],[88.3707067,27.1744533],[88.3706024,27.174423],[88.3704406,27.1744022],[88.3702916,27.1743889],[88.3702171,27.1743548],[88.370166,27.1742715],[88.370166,27.1740802],[88.3701128,27.1738965],[88.3700106,27.1737242],[88.3699233,27.1735632],[88.3698594,27.1733473],[88.3697721,27.173209],[88.369638,27.1730727],[88.3695422,27.1728492],[88.3694805,27.1726806],[88.3693336,27.1725291],[88.3692463,27.1724268],[88.369208,27.1723208],[88.3692357,27.1721863],[88.3692442,27.1720746],[88.3691377,27.1719704],[88.3689121,27.1718776],[88.3686566,27.1717564],[88.3685821,27.1717015],[88.3685438,27.1715973],[88.3684458,27.1714856],[88.3682798,27.1713606],[88.3681563,27.1712564],[88.3680648,27.1711257],[88.3680328,27.1710102],[88.3679285,27.1707886],[88.3678391,27.1706295],[88.3677071,27.1705121],[88.3674793,27.1703947],[88.3672175,27.1702564],[88.3669194,27.1700878],[88.3667151,27.1699761],[88.3662216,27.1698605],[88.3658912,27.1697837],[88.3656177,27.1697599],[88.3654714,27.1697127],[88.3651951,27.1695537],[88.3650162,27.1694685],[88.3647821,27.1693359],[88.364516,27.1691314],[88.3642882,27.168906],[88.3640199,27.1686162],[88.3638943,27.1684836],[88.3638159,27.1684492],[88.3637637,27.1683023],[88.3636963,27.1682734],[88.3636772,27.1682185],[88.363719,27.1681529],[88.3639917,27.1681027],[88.3642165,27.1681723],[88.3643304,27.1681739],[88.3644244,27.1682142],[88.3646347,27.1682446]]}},{"type":"Feature","properties":{"kind":"road","highway":"unclassified","motorable":true,"name":null,"ref":null,"bridge":false,"osm_id":606048461},"geometry":{"type":"LineString","coordinates":[[88.3630921,27.1690981],[88.3631939,27.1693719],[88.3632189,27.1696536],[88.3632558,27.169964],[88.3633096,27.170133],[88.3634536,27.1703719],[88.3634792,27.1705386],[88.3635213,27.1706116],[88.3636403,27.1706098],[88.3638056,27.1706627],[88.3638666,27.1707772],[88.3639859,27.1709401],[88.3640868,27.171097],[88.3640692,27.1711471],[88.3641829,27.1712128],[88.3642917,27.1713047],[88.3644908,27.1713262],[88.3647433,27.171395],[88.3647749,27.1714028],[88.3648562,27.1714227],[88.3649837,27.1714768],[88.3653444,27.1716847],[88.3653867,27.1717772],[88.3655059,27.1719363],[88.3656379,27.1721901],[88.3658104,27.1723863],[88.3660754,27.1727775],[88.3662084,27.1729704],[88.366383,27.1731371],[88.3666259,27.173288],[88.3667023,27.1734098],[88.3669493,27.1734742],[88.3672643,27.1734969],[88.3675028,27.173531],[88.3676518,27.1736598],[88.3677149,27.1738112],[88.3677497,27.1738946],[88.3678519,27.1740727],[88.3679158,27.174228],[88.3679456,27.174387],[88.3679924,27.1745234]]}},{"type":"Feature","properties":{"kind":"road","highway":"residential","motorable":true,"name":null,"ref":null,"bridge":false,"osm_id":606048464},"geometry":{"type":"LineString","coordinates":[[88.3646553,27.1660908],[88.3650251,27.1660602],[88.3651654,27.1659787],[88.365354,27.1659452],[88.365478,27.165946],[88.3656233,27.1658798],[88.3658632,27.1657446],[88.3660423,27.1656363],[88.3662363,27.1655238],[88.3663829,27.1654811],[88.3665685,27.1654442],[88.3666293,27.1653964],[88.3666675,27.1652304],[88.3667148,27.165038],[88.3667047,27.1647945]]}},{"type":"Feature","properties":{"kind":"road","highway":"residential","motorable":true,"name":null,"ref":null,"bridge":false,"osm_id":606048466},"geometry":{"type":"LineString","coordinates":[[88.3552511,27.1627558],[88.3552283,27.1626838],[88.3551979,27.1625425],[88.3551844,27.1624312],[88.3552364,27.1622922],[88.3553628,27.1621966],[88.3555795,27.1621651],[88.3557022,27.1621768],[88.3557887,27.1622056],[88.3558505,27.1622332],[88.3559457,27.1622421],[88.356038,27.1622254],[88.3561045,27.1621828],[88.3561586,27.1621354],[88.3562431,27.1620248],[88.356332,27.161893],[88.356461,27.1617016],[88.3565532,27.1615047]]}},{"type":"Feature","properties":{"kind":"road","highway":"residential","motorable":true,"name":null,"ref":null,"bridge":false,"osm_id":606048468},"geometry":{"type":"LineString","coordinates":[[88.3576087,27.1628844],[88.357529,27.1627668],[88.3574415,27.1625968],[88.3573425,27.1625706],[88.3572737,27.1626338],[88.3572474,27.1628041],[88.3572578,27.1629289],[88.357319,27.1631928],[88.3573314,27.1634006],[88.3573089,27.1634838],[88.3572392,27.1635505],[88.3571229,27.1636136]]}},{"type":"Feature","properties":{"kind":"road","highway":"residential","motorable":true,"name":null,"ref":null,"bridge":false,"osm_id":606048470},"geometry":{"type":"LineString","coordinates":[[88.358734,27.1647663],[88.3581042,27.1647283],[88.357775,27.1646623],[88.3575593,27.1646223],[88.3574876,27.1645961],[88.3572779,27.1644959],[88.3570451,27.1643483],[88.3569089,27.1642108],[88.3568079,27.1640628],[88.3567318,27.1639431],[88.3566562,27.1638444],[88.3566948,27.163774],[88.3568127,27.1636669],[88.35698,27.163626],[88.3571229,27.1636136]]}},{"type":"Feature","properties":{"kind":"road","highway":"path","motorable":false,"name":null,"ref":null,"bridge":false,"osm_id":606048472},"geometry":{"type":"LineString","coordinates":[[88.3670018,27.167321],[88.3668365,27.1674553],[88.3665256,27.167308],[88.366387,27.1672027],[88.3662349,27.1670945],[88.3661025,27.1670383]]}},{"type":"Feature","properties":{"kind":"road","highway":"residential","motorable":true,"name":null,"ref":null,"bridge":false,"osm_id":606048473},"geometry":{"type":"LineString","coordinates":[[88.3661025,27.1670383],[88.365828,27.1669745],[88.365521,27.1669537],[88.3652909,27.1669771],[88.3650634,27.166973],[88.3647825,27.1670074],[88.364362,27.1670538],[88.3643151,27.1671003],[88.364106,27.1670848],[88.3634947,27.1669762],[88.363011,27.1669652],[88.3626934,27.1669442],[88.3624027,27.1670254],[88.3622202,27.1671516],[88.3620884,27.167338],[88.3620242,27.1675485],[88.3619972,27.167774],[88.3620918,27.1679935],[88.362227,27.1681799],[88.3623453,27.1684114],[88.362423,27.1686338],[88.3624602,27.1688233],[88.3625261,27.1688881]]}},{"type":"Feature","properties":{"kind":"road","highway":"residential","motorable":true,"name":null,"ref":null,"bridge":false,"osm_id":606048476},"geometry":{"type":"LineString","coordinates":[[88.358531,27.1656839],[88.3587327,27.1660091],[88.3588016,27.166127],[88.3588033,27.1661356],[88.3588246,27.1662265],[88.358829,27.1662807],[88.3588121,27.1663271],[88.3587597,27.1663555],[88.3586883,27.1663725],[88.3585797,27.1663727],[88.3584414,27.1663459],[88.3583809,27.1663342],[88.3583553,27.1663292],[88.358272,27.1663244],[88.3581948,27.1663326],[88.3581267,27.1663538],[88.3580736,27.1663835],[88.3579681,27.1664425]]}},{"type":"Feature","properties":{"kind":"road","highway":"residential","motorable":true,"name":null,"ref":null,"bridge":false,"osm_id":606048477},"geometry":{"type":"LineString","coordinates":[[88.3562817,27.1643843],[88.356106,27.1643226],[88.3559876,27.1642958],[88.3558903,27.1642806],[88.3557164,27.1643286],[88.3555827,27.1643893],[88.355482,27.164464],[88.3554418,27.1645075],[88.355427,27.1645457],[88.3554192,27.164581],[88.3554364,27.164606],[88.3554552,27.1646275],[88.3554915,27.164681],[88.3555638,27.1647515],[88.355653,27.1648258],[88.3557913,27.164894],[88.3559112,27.1649396],[88.3560582,27.164992],[88.3562282,27.1650736]]}},{"type":"Feature","properties":{"kind":"road","highway":"tertiary","motorable":true,"name":null,"ref":null,"bridge":false,"osm_id":1214031870},"geometry":{"type":"LineString","coordinates":[[88.3585285,27.1634573],[88.3585124,27.1634052],[88.3584836,27.1633595],[88.3583223,27.1632212],[88.3581231,27.1630898],[88.3580355,27.1628945],[88.3580376,27.1626749],[88.3580423,27.162423],[88.3579382,27.1620219],[88.3579076,27.1619087],[88.3579188,27.1617518],[88.3579362,27.1616408],[88.3579674,27.1616157],[88.3580146,27.1616075],[88.358252,27.1616537],[88.3583151,27.1616567],[88.3583515,27.1616503],[88.3583873,27.1616267],[88.3585353,27.1614757],[88.3585948,27.1613692],[88.3586308,27.1612852],[88.3586441,27.1612344],[88.3586612,27.1611215],[88.3586658,27.1609763],[88.3586783,27.1609185],[88.358701,27.1608426],[88.3587558,27.160733],[88.3587736,27.1606721],[88.3587657,27.1606275],[88.3586325,27.1605646],[88.3584128,27.160449],[88.3583813,27.160414],[88.3583704,27.1603601],[88.3583677,27.1602778],[88.3583739,27.1600999],[88.3583798,27.1600449],[88.3583877,27.1599928],[88.3584104,27.1598955],[88.3584407,27.1597912],[88.3584515,27.1597267],[88.358447,27.1596685],[88.3584215,27.159614],[88.3584073,27.1595277],[88.3583932,27.159439],[88.3583903,27.1593243],[88.3583907,27.1592229],[88.3583845,27.1591782],[88.3583656,27.1591327],[88.358316,27.1590622],[88.3582326,27.1589545],[88.3580294,27.1587429],[88.3578494,27.1585602],[88.3576569,27.1584544],[88.357581,27.1582968],[88.3575376,27.1581086],[88.3575181,27.1580062],[88.3574691,27.157892],[88.3573979,27.1578133],[88.3572748,27.1577789],[88.3571847,27.1577733],[88.3570641,27.1577929],[88.3570222,27.157824],[88.3569657,27.1578898],[88.3568707,27.157976],[88.3568208,27.1580078],[88.3566692,27.1581067],[88.3564834,27.1581724],[88.3564203,27.1581818],[88.356301,27.158161],[88.3561619,27.1580783],[88.3561536,27.1580739],[88.3560936,27.158042],[88.3559842,27.1580235],[88.3558421,27.1580274],[88.3556375,27.1580331],[88.3553587,27.1580315],[88.3552851,27.1580382],[88.3550724,27.1580754],[88.3548771,27.1581176],[88.3547162,27.1581389],[88.3545291,27.1581287],[88.3542715,27.1581382],[88.3542279,27.1581302],[88.3542046,27.1581131],[88.3542076,27.1580866],[88.3542399,27.1580694],[88.3546292,27.1580038],[88.3549394,27.1579163],[88.3554384,27.1577662],[88.3556286,27.1577189],[88.3558384,27.1576461],[88.3561497,27.1575442],[88.3562387,27.1574944],[88.3564819,27.1573074],[88.3565409,27.1572807],[88.356588,27.157277],[88.3566198,27.1572773],[88.3566862,27.1572778],[88.3567523,27.1572757],[88.3568171,27.1572641],[88.356885,27.157242],[88.3571525,27.1571138],[88.3572603,27.1570662],[88.3573361,27.1570461],[88.3574064,27.1570439],[88.3574875,27.1570603],[88.3575651,27.1570865],[88.3576915,27.1571362],[88.3578155,27.1572491],[88.357887,27.1573213],[88.3579846,27.1575072],[88.3580528,27.1576807],[88.3580997,27.1577803],[88.3581374,27.1578455],[88.3581875,27.1579171],[88.3582081,27.1579235],[88.3582312,27.1579253],[88.3582642,27.1579145],[88.3582973,27.1578851],[88.3582443,27.1578445],[88.3581742,27.1577265],[88.358156,27.1576779],[88.3581137,27.1574788],[88.3580802,27.1571456],[88.3580672,27.1570872],[88.3580109,27.1570231],[88.3579899,27.1570036],[88.3579236,27.1569419],[88.3578595,27.1568809],[88.3577792,27.1567731],[88.3576678,27.1566856],[88.3575394,27.1566364],[88.3574611,27.1566634],[88.357393,27.1566849],[88.3572853,27.1567252],[88.3570698,27.1567732],[88.3569238,27.1567896],[88.3567977,27.156787],[88.3566545,27.1567543],[88.3562661,27.1567883],[88.3560506,27.1567997],[88.3558706,27.1568072],[88.3557416,27.1568261],[88.3556182,27.1568526],[88.3554709,27.1569107],[88.3553617,27.1569231],[88.3551595,27.156919],[88.3550055,27.1569188],[88.354737,27.1569314],[88.3546728,27.1569435],[88.3545989,27.1569672],[88.3544907,27.157012],[88.3543592,27.1570562],[88.3542908,27.1570762],[88.3542262,27.1570866],[88.3541523,27.1570817],[88.354103,27.1570666],[88.354074,27.1570516],[88.3540605,27.1570339],[88.3540734,27.1570119],[88.354089,27.1570022],[88.3540996,27.1569955],[88.3541972,27.1569817],[88.354315,27.1569651],[88.3544084,27.1569304],[88.3546103,27.1568085],[88.3549614,27.1567666],[88.355311,27.1566508],[88.3555229,27.1565315],[88.3557248,27.1564486],[88.356004,27.1563805],[88.356503,27.1563402],[88.3569216,27.1563114],[88.3570909,27.1562927],[88.3572273,27.1562349],[88.3573646,27.1561634],[88.3577913,27.1557917],[88.3580823,27.1555382],[88.358351,27.1552489],[88.3587489,27.1548688],[88.3588132,27.1548139],[88.3588363,27.1548064],[88.3589441,27.1548241],[88.3590178,27.1548808],[88.3591344,27.1550279],[88.3592243,27.1551714],[88.3592456,27.1554078],[88.3591915,27.1558519],[88.3591973,27.1558964],[88.359217,27.1559325],[88.3592525,27.1559402],[88.3592881,27.1559247],[88.3593104,27.1558904],[88.3593624,27.155745],[88.3595928,27.1553189],[88.3597419,27.1548923],[88.3597125,27.1546759],[88.3596304,27.1544888],[88.3594604,27.1542917],[88.3592438,27.1541564],[88.3590915,27.1542098],[88.3589037,27.1543205],[88.3585689,27.154517],[88.3581831,27.1547981],[88.3577271,27.1551345],[88.3576244,27.1551711],[88.357509,27.155164],[88.3572316,27.1550549],[88.3570417,27.1550095],[88.356554,27.1549868],[88.3560122,27.1551369],[88.3558589,27.1552606],[88.3557492,27.1554493],[88.3556632,27.1555573],[88.3555436,27.1555777],[88.3554411,27.1555754],[88.3553297,27.1555578],[88.3552417,27.1555301],[88.3552238,27.1555106],[88.3552211,27.1554914],[88.3552325,27.1554595]]}},{"type":"Feature","properties":{"kind":"road","highway":"steps","motorable":false,"name":null,"ref":null,"bridge":false,"osm_id":1226437491},"geometry":{"type":"LineString","coordinates":[[88.3593145,27.1670268],[88.3593084,27.1669037],[88.3591103,27.166935],[88.358913,27.1669231],[88.358851,27.1668355],[88.358511,27.166826],[88.3581409,27.1666692],[88.3578001,27.1665923],[88.3577665,27.1665617],[88.3577695,27.1665179]]}},{"type":"Feature","properties":{"kind":"road","highway":"unclassified","motorable":true,"name":null,"ref":null,"bridge":false,"osm_id":1226438616},"geometry":{"type":"LineString","coordinates":[[88.3712998,27.1732376],[88.3717719,27.1733282],[88.3719167,27.1737578],[88.3723035,27.1740234],[88.37277,27.1742031],[88.3736304,27.1742627],[88.3740217,27.1742118],[88.3745031,27.1742153],[88.374663,27.1741791],[88.3748219,27.1742006],[88.3749807,27.1741908],[88.3752116,27.1741208],[88.3754499,27.1740525],[88.3763334,27.1740543],[88.3766795,27.1739367],[88.3768539,27.1738972],[88.3770764,27.1738576],[88.3772024,27.1738878],[88.3773382,27.1739859],[88.3774268,27.1740948],[88.3775637,27.1741878],[88.3780845,27.1743105],[88.3782143,27.174343],[88.3783227,27.17433],[88.3784453,27.1742456],[88.378574,27.1742356],[88.3787035,27.1741298],[88.3788511,27.1740538],[88.3790048,27.1739979],[88.3791645,27.1739663],[88.3796289,27.1740279],[88.3799293,27.1740017],[88.3802092,27.1739831],[88.3803117,27.1739217],[88.3804093,27.1738858],[88.3805821,27.1738372],[88.3807832,27.1738327],[88.3809721,27.1738435],[88.3813354,27.1739359],[88.3814942,27.1739023]]}},{"type":"Feature","properties":{"kind":"road","highway":"tertiary","motorable":true,"name":null,"ref":null,"bridge":false,"osm_id":1226736963},"geometry":{"type":"LineString","coordinates":[[88.3545284,27.1627801],[88.354645,27.1626696],[88.3547215,27.1625733],[88.3548127,27.1622701],[88.3547447,27.1620377],[88.3548398,27.1618385],[88.3549349,27.1616618]]}},{"type":"Feature","properties":{"kind":"road","highway":"trunk","motorable":true,"name":"NH710","ref":"NH710","bridge":false,"osm_id":1226741942},"geometry":{"type":"LineString","coordinates":[[88.3477433,27.1436077],[88.3479048,27.1437896],[88.3480527,27.143999],[88.3480905,27.1440987],[88.3481163,27.1442037],[88.3481802,27.1444728],[88.348282,27.1447373],[88.3484479,27.1450606],[88.3486198,27.1452629],[88.3487678,27.1454437],[88.3489291,27.145655],[88.3489879,27.1458064],[88.348973,27.1460217],[88.3489228,27.1462381],[88.3488973,27.1464616],[88.3488702,27.1466136],[88.3488813,27.1467312],[88.3489137,27.1468437],[88.3489605,27.1469882],[88.3489881,27.1471061],[88.3490265,27.1472546],[88.3490453,27.147393],[88.3490458,27.1475111],[88.349041,27.1476504],[88.3490352,27.1477721],[88.3490447,27.1479026],[88.3490766,27.1480244],[88.3491411,27.1481914],[88.3491875,27.1483516],[88.349181,27.1484629],[88.3491369,27.1485772],[88.3490571,27.1486634],[88.3489197,27.1487473],[88.3487435,27.1488515],[88.3485802,27.1489814],[88.3484781,27.1490765],[88.3484197,27.1491851],[88.3484089,27.1492862],[88.3484226,27.1493799],[88.3484682,27.1495235],[88.3485153,27.1496211],[88.3485756,27.149723],[88.3486284,27.1498467],[88.3486508,27.1499942],[88.3486557,27.1501455],[88.3486557,27.1502863],[88.3486647,27.1503566],[88.3486889,27.1504315],[88.3487437,27.1505391],[88.3488442,27.1506116],[88.3489076,27.1506511],[88.3490636,27.1507126],[88.3492738,27.1508561],[88.349596,27.1510555],[88.3499635,27.1512295],[88.3500894,27.1513376],[88.3501483,27.1514048],[88.3501806,27.1514616],[88.3502045,27.1515213],[88.350218,27.1515955],[88.350198,27.1516508],[88.3501494,27.1517056],[88.3500292,27.1517357],[88.3498144,27.1517756],[88.3496301,27.151848],[88.3495203,27.151962],[88.3493893,27.1521506],[88.3492516,27.1524146],[88.3491783,27.1526636],[88.3491175,27.1528952],[88.3490803,27.1530113],[88.3490154,27.1531015],[88.3488982,27.1532314],[88.3487849,27.1533784],[88.3487753,27.1534875],[88.3487004,27.1536433],[88.3486932,27.1537892],[88.3487367,27.1539341],[88.3488038,27.154058],[88.3490036,27.1541841],[88.3492293,27.1542064],[88.349659,27.1541938],[88.3499565,27.1542762],[88.3500275,27.1543853],[88.3501106,27.1545203],[88.3501409,27.1546437],[88.3501983,27.1548318],[88.3503406,27.1550305],[88.3503819,27.1552071],[88.3504449,27.155452],[88.3504782,27.1555858],[88.3505104,27.1557186],[88.3506052,27.1558821],[88.350796,27.1562033],[88.351152,27.1565527],[88.3512895,27.1567098],[88.3514009,27.1568643],[88.3514543,27.1571585],[88.3515487,27.157538],[88.3515747,27.15768],[88.3516299,27.1578263],[88.3516864,27.157919],[88.3519053,27.1580914],[88.3521022,27.1582735],[88.3522827,27.1583901],[88.3524526,27.1584583],[88.3526293,27.1584985],[88.3528522,27.1585349],[88.3530898,27.1585638],[88.3533213,27.1585926],[88.3533999,27.1586062],[88.3534553,27.1586215],[88.3535289,27.1586512],[88.3535931,27.1586865],[88.3536722,27.1587451],[88.3537443,27.1587847],[88.3538262,27.1588206],[88.3539324,27.1588448],[88.3540027,27.1588537],[88.354129,27.1588687],[88.3542169,27.1588814],[88.3542649,27.1588901],[88.3544441,27.1589341],[88.3545067,27.1589442],[88.3545604,27.1589465],[88.3546527,27.1589453],[88.3547677,27.15894],[88.3548469,27.15894],[88.3549118,27.1589421],[88.3549925,27.1589522],[88.355076,27.1589619],[88.3553053,27.1589971],[88.3554708,27.1590296],[88.3555501,27.1590505],[88.3556956,27.1590979],[88.3557562,27.1591177],[88.3558801,27.1591546],[88.3559315,27.1591609],[88.3559752,27.1591573],[88.3564615,27.1590504],[88.3566666,27.1590144],[88.3567513,27.1590089],[88.3568063,27.1590152],[88.35686,27.1590361],[88.3568934,27.1590672],[88.356913,27.159103],[88.3569231,27.1591403],[88.3569292,27.1592414],[88.3569288,27.1593128],[88.3569288,27.159349],[88.3569479,27.1594242],[88.3569617,27.1595037],[88.3570075,27.159559],[88.357088,27.1596213],[88.3572224,27.1597553],[88.3573485,27.1598998],[88.357493,27.1599693],[88.3575565,27.160007],[88.3577132,27.1600742],[88.3577333,27.1600902],[88.3577592,27.1601177],[88.3577758,27.1601452],[88.3577851,27.1601808],[88.3577867,27.160215],[88.35779,27.1602631],[88.357787,27.1603111],[88.3577645,27.1603862],[88.3577327,27.1604627],[88.3576731,27.1605876],[88.3576371,27.1606549],[88.357598,27.1607071],[88.357515,27.1608071],[88.3574704,27.1608647],[88.3574313,27.1609182],[88.3573947,27.1609827],[88.3573702,27.1610572],[88.3573286,27.1612463],[88.3573013,27.1614233],[88.3572946,27.1615173],[88.3572972,27.1615934],[88.3573072,27.1616712],[88.3573311,27.161742],[88.3573983,27.1618802],[88.3574335,27.1619646],[88.3574483,27.1620282],[88.3574592,27.1620987],[88.3574833,27.1624443],[88.357497,27.1625445],[88.3575138,27.1626184],[88.3575559,27.1627454],[88.3575813,27.1628177],[88.3576087,27.1628844],[88.3576531,27.1629765],[88.3577118,27.1631338],[88.3577432,27.1632683],[88.3577518,27.163313],[88.3577555,27.1633797],[88.3577514,27.163445],[88.3577406,27.163503],[88.3577236,27.1635527],[88.3577071,27.1636032],[88.3576844,27.1636551],[88.3576515,27.1637233],[88.357617,27.1637886],[88.3575515,27.1639248],[88.3575388,27.1640346],[88.3575705,27.1641118],[88.3576177,27.1641731]]}},{"type":"Feature","properties":{"kind":"road","highway":"trunk","motorable":true,"name":"ODR","ref":"ODR","bridge":false,"osm_id":1226741943},"geometry":{"type":"LineString","coordinates":[[88.3596395,27.1658626],[88.3597748,27.1658766],[88.3599945,27.1659365],[88.3601954,27.166044],[88.3602993,27.1661144],[88.360424,27.1662387],[88.3604951,27.1663384],[88.3605374,27.1664383],[88.3605431,27.1665161],[88.3605294,27.1665876],[88.360494,27.1666706],[88.3603866,27.1667471],[88.3600641,27.1667693],[88.3597653,27.1667851],[88.359532,27.1668322],[88.3594472,27.166881],[88.3594436,27.1669297],[88.3594631,27.1669533],[88.3595267,27.1669376],[88.3596805,27.1668794],[88.3599527,27.1668637],[88.3607514,27.1669044],[88.3608991,27.1669449],[88.3610631,27.166925],[88.3613678,27.1668153],[88.3617905,27.1666005],[88.3618701,27.1665709],[88.3619733,27.1665558]]}},{"type":"Feature","properties":{"kind":"road","highway":"residential","motorable":true,"name":null,"ref":null,"bridge":false,"osm_id":1226741944},"geometry":{"type":"LineString","coordinates":[[88.3611177,27.1654515],[88.361085,27.1653901],[88.3609661,27.1652985],[88.3607982,27.1651874],[88.3605482,27.1650367],[88.360331,27.1649093],[88.3600902,27.1648236],[88.3599021,27.1647185],[88.3595704,27.164555],[88.3591327,27.1643893],[88.3587859,27.1643141],[88.358207,27.1642877],[88.3579556,27.164248],[88.3576963,27.1641603],[88.3576177,27.1641731]]}},{"type":"Feature","properties":{"kind":"road","highway":"residential","motorable":true,"name":null,"ref":null,"bridge":false,"osm_id":1226741946},"geometry":{"type":"LineString","coordinates":[[88.3619733,27.1665558],[88.3622997,27.1662411],[88.3624111,27.1661297]]}},{"type":"Feature","properties":{"kind":"road","highway":"residential","motorable":true,"name":null,"ref":null,"bridge":false,"osm_id":1226885566},"geometry":{"type":"LineString","coordinates":[[88.3569926,27.166155],[88.3570861,27.1662909],[88.3572717,27.1664279],[88.3575189,27.1664977],[88.3577695,27.1665179],[88.3578571,27.1664992],[88.3579681,27.1664425]]}},{"type":"Feature","properties":{"kind":"road","highway":"footway","motorable":false,"name":null,"ref":null,"bridge":false,"osm_id":1226885567},"geometry":{"type":"LineString","coordinates":[[88.3562282,27.1650736],[88.3563919,27.1651876],[88.3564622,27.1652736],[88.356495,27.1653345],[88.3566571,27.1655546],[88.3568547,27.1658145],[88.3569926,27.166155]]}},{"type":"Feature","properties":{"kind":"road","highway":"footway","motorable":false,"name":null,"ref":null,"bridge":false,"osm_id":1226885652},"geometry":{"type":"LineString","coordinates":[[88.3611177,27.1654515],[88.3611858,27.1654962],[88.3613144,27.1655552],[88.361568,27.1656724],[88.3616581,27.165714],[88.3618187,27.1657952],[88.3621836,27.1661241],[88.3622997,27.1662411]]}},{"type":"Feature","properties":{"kind":"road","highway":"residential","motorable":true,"name":null,"ref":null,"bridge":false,"osm_id":1226925114},"geometry":{"type":"LineString","coordinates":[[88.3611177,27.1654515],[88.3610854,27.1654703],[88.3608408,27.1654602],[88.3608208,27.1654689],[88.3608093,27.1654994],[88.3608169,27.1655227],[88.3608436,27.1655562]]}},{"type":"Feature","properties":{"kind":"road","highway":"footway","motorable":false,"name":null,"ref":null,"bridge":false,"osm_id":1226927590},"geometry":{"type":"LineString","coordinates":[[88.3539283,27.1619627],[88.35389,27.1616672],[88.3540337,27.1617921],[88.3540492,27.1615535]]}},{"type":"Feature","properties":{"kind":"road","highway":"unclassified","motorable":true,"name":null,"ref":null,"bridge":false,"osm_id":1238534188},"geometry":{"type":"LineString","coordinates":[[88.3694529,27.1952411],[88.3689856,27.1950967],[88.3685319,27.195121],[88.368431,27.1952629],[88.3682379,27.1952939],[88.3681279,27.1952605],[88.3678651,27.1950553],[88.3677605,27.1949766],[88.3675325,27.1949671],[88.3673421,27.1950076],[88.3671784,27.1949814],[88.3669612,27.1949551],[88.3668123,27.1949492],[88.3665522,27.1951078],[88.3663751,27.1952367],[88.3661605,27.1952627],[88.3660973,27.1952576],[88.3659712,27.1951955],[88.3658612,27.1950715],[88.3656987,27.1948761],[88.3654991,27.1947303],[88.365306,27.1946301],[88.3652585,27.1945108],[88.3652668,27.1944133],[88.3652848,27.1943277],[88.365317,27.194101],[88.3653357,27.193946],[88.3652124,27.1938028],[88.3651346,27.1936692],[88.3650944,27.1935261],[88.365097,27.1933877],[88.3652043,27.1931682],[88.3652043,27.1930155],[88.3651587,27.1929082],[88.3650085,27.1927507],[88.3649549,27.1926577],[88.3649281,27.1925288],[88.3648422,27.1924143],[88.3647808,27.1923806],[88.3647224,27.1923485],[88.3646582,27.1923027],[88.3645002,27.1921793],[88.364405,27.1920684],[88.3643353,27.1919515],[88.3642924,27.1917559],[88.3642307,27.1915698],[88.3641878,27.1914815],[88.3640885,27.1914242],[88.3639437,27.1913574],[88.3638364,27.1912882],[88.363764,27.1911857],[88.3635333,27.1908779],[88.3633187,27.1905319],[88.3632061,27.1902957],[88.3630693,27.189988],[88.3629647,27.1896635],[88.3629557,27.1893961],[88.3628882,27.189046],[88.3628196,27.1888817],[88.3626497,27.1885849],[88.3625141,27.1884253],[88.3622593,27.1881962],[88.3620688,27.188003],[88.3619133,27.1877644],[88.3618543,27.187564],[88.3617792,27.187261],[88.361688,27.1869436],[88.3615592,27.1866359],[88.3613741,27.18655],[88.361181,27.1864593],[88.3610254,27.186371],[88.3609128,27.1862708],[88.3607787,27.1862064],[88.3606526,27.1862303],[88.3605078,27.1863209],[88.3604005,27.1863973],[88.3602771,27.1864164],[88.3602362,27.1863976],[88.3602047,27.186383],[88.36009,27.1861778],[88.3599878,27.1858786],[88.3599905,27.1854985],[88.3598625,27.1851696],[88.3597196,27.1850378],[88.3597026,27.1848635],[88.3597239,27.1846779],[88.3599216,27.1844058],[88.3601719,27.1841431],[88.360497,27.1838595],[88.3607653,27.1836259],[88.3608036,27.183535],[88.3608307,27.183391],[88.3608473,27.1832953],[88.360882,27.1831531],[88.3609508,27.1830185],[88.3610716,27.1828409],[88.3612098,27.1826345],[88.3612661,27.1825367],[88.3612862,27.1824627],[88.3612916,27.1823637],[88.3612983,27.1821943],[88.3613326,27.1820779],[88.3613704,27.1819923],[88.3614657,27.1817762],[88.3616129,27.1814502],[88.361733,27.1811181],[88.3617781,27.180994],[88.3618433,27.1808932],[88.3620313,27.1807756],[88.3623677,27.1805945],[88.3627175,27.180423],[88.3631068,27.1803059],[88.3634596,27.1801604],[88.3635856,27.1801532],[88.3637506,27.1801353],[88.3639182,27.1800721],[88.3640644,27.1800017],[88.3642387,27.1798788],[88.3644359,27.1798168],[88.3645955,27.1797953],[88.3647457,27.17975],[88.3649831,27.1796522],[88.3650917,27.1795674],[88.3653292,27.1794474],[88.3654836,27.1793817],[88.3656823,27.1793353],[88.365919,27.1793001],[88.3661433,27.1792865],[88.3662906,27.1792618],[88.3665733,27.1791606],[88.3666015,27.1790395],[88.3665914,27.1789112],[88.3664791,27.1788288],[88.3663756,27.1787818],[88.3662423,27.1787785],[88.3661114,27.1787949],[88.3660238,27.1787823],[88.3659393,27.1786977],[88.3658776,27.1785617],[88.3656818,27.178421],[88.3654941,27.1783088],[88.3654243,27.1781656],[88.3653744,27.1780144],[88.3654096,27.1777628],[88.3654489,27.1776456],[88.3654591,27.1774808],[88.3655025,27.1773504],[88.3654591,27.177278],[88.3653774,27.177256],[88.3653438,27.177247],[88.3652392,27.1772613],[88.3650541,27.1772231],[88.3648583,27.177185],[88.3646062,27.1771229],[88.3644372,27.177049],[88.3642602,27.1769941],[88.3641422,27.1770251],[88.3641154,27.1771086],[88.3640215,27.177173],[88.3639088,27.1771563],[88.3637506,27.1770585],[88.3635548,27.1768939],[88.3633751,27.1767316],[88.3631846,27.176524],[88.362962,27.1762759],[88.3628279,27.1760444],[88.3626804,27.1758344],[88.3624631,27.1755338],[88.3622459,27.1752331],[88.362101,27.1749993],[88.3619803,27.1748585],[88.361806,27.1746581],[88.3616289,27.1743837],[88.3614922,27.1742667],[88.3613044,27.1741641],[88.3610791,27.1740138],[88.3609289,27.1738611],[88.3608431,27.1736583],[88.3607465,27.1734626],[88.3606285,27.1732192],[88.3605131,27.1730235],[88.3604166,27.1728136],[88.36032,27.1727372],[88.3602208,27.172699],[88.360033,27.1726943],[88.3599177,27.1727468],[88.3597675,27.1728374],[88.3595958,27.1728732],[88.359459,27.1728422],[88.3593008,27.1727706],[88.3592042,27.1726776],[88.3591828,27.172532],[88.3591586,27.1723673],[88.3591264,27.1722743],[88.3590648,27.1722051],[88.3589306,27.1721693],[88.3588153,27.1721836],[88.3586812,27.1722385],[88.3585721,27.1722684],[88.3585458,27.1722802],[88.3584788,27.1722993],[88.3583769,27.1722849],[88.3583031,27.1722545],[88.3582361,27.1722277],[88.3581301,27.1721966],[88.3580539,27.1721694],[88.3579952,27.1721482],[88.357918,27.1721608],[88.3578201,27.1722097],[88.3577732,27.1722526],[88.3577322,27.1723001],[88.3576696,27.1723511],[88.3575625,27.1724569],[88.3574313,27.1725511],[88.3572516,27.1725749],[88.3570665,27.1726274],[88.3569002,27.1727205],[88.3567715,27.1728422],[88.3566964,27.1729233],[88.3566186,27.1730617],[88.3564067,27.1730724],[88.3562042,27.1732061],[88.3560258,27.1733457],[88.355822,27.1733815],[88.3556637,27.1734173],[88.3554679,27.1734889],[88.3553231,27.1734232],[88.3551071,27.1734543],[88.3549127,27.1734889],[88.3546606,27.1734459],[88.3544406,27.1734197],[88.3542234,27.1733886],[88.3540356,27.1734029],[88.353813,27.1734602],[88.3535635,27.1735079],[88.3534026,27.1735366],[88.3532202,27.1735604],[88.3530754,27.1735724],[88.352893,27.173558],[88.3527508,27.1735318],[88.3527341,27.1735211],[88.3526462,27.173465],[88.352606,27.1733815],[88.3526275,27.1733314],[88.352724,27.1733218],[88.3528367,27.1733862],[88.3529735,27.1734364],[88.3531129,27.1734292],[88.3532926,27.1733672],[88.3536601,27.1732598],[88.3538988,27.1731572],[88.3541375,27.1730641],[88.3543253,27.1730426],[88.3545426,27.1730403],[88.3548886,27.173045],[88.3550736,27.1730235],[88.3552399,27.1729353],[88.3553955,27.1728756],[88.3555001,27.1728446],[88.3556637,27.1728112],[88.3558622,27.1727563],[88.3559239,27.1727324],[88.3559668,27.172668],[88.3559239,27.1726036],[88.3559119,27.1726042],[88.355822,27.1726084],[88.3556423,27.1726776],[88.3554786,27.172711],[88.3553097,27.1727229],[88.3551595,27.1727372],[88.3549502,27.1727491],[88.3546686,27.1727611],[88.3544889,27.1727491],[88.3543012,27.1726799],[88.3542247,27.1726385],[88.3541778,27.1726131],[88.3541134,27.1725511],[88.3540785,27.1724747],[88.3540705,27.1723888],[88.3540812,27.1722743],[88.3541027,27.1721812],[88.3542046,27.1720691],[88.3543897,27.1719975],[88.3549046,27.1718066],[88.3555403,27.1715942],[88.355889,27.1715465],[88.3561036,27.1714701],[88.3565193,27.1713103],[88.3567554,27.1711909],[88.3571121,27.1710478],[88.3571463,27.1710262],[88.3574152,27.1708569],[88.3577076,27.1706564],[88.3579624,27.1704822],[88.3580884,27.1703653],[88.3581769,27.1701983],[88.3582091,27.1700503],[88.3581957,27.1699716],[88.3581018,27.1699811],[88.3579704,27.1700336],[88.3578175,27.1700527],[88.35767,27.1700503],[88.3575842,27.1700217],[88.3574715,27.1699835],[88.3573642,27.1698952],[88.3572543,27.1698213],[88.3570719,27.1697091],[88.35686,27.1696972],[88.3566937,27.1697425],[88.3565193,27.1697664],[88.3562592,27.1696781],[88.3559373,27.1695802],[88.3556262,27.1695063],[88.3554706,27.1694633],[88.3553901,27.1694037],[88.3553392,27.1692891],[88.3553231,27.169134],[88.3553794,27.1689527],[88.3554009,27.1687856],[88.3553928,27.1684778],[88.3553714,27.1682535],[88.3553445,27.1680554],[88.3553687,27.1678502],[88.3553553,27.1676879],[88.3552855,27.1675137],[88.3551675,27.167404],[88.355028,27.1673658],[88.3548671,27.1674087],[88.3546767,27.1674445],[88.35464,27.1674525],[88.3545452,27.1674732],[88.3544353,27.1674875],[88.3542904,27.1674565],[88.3541644,27.1673896],[88.3540517,27.1673037],[88.3539719,27.1672823],[88.3539036,27.1672167],[88.3538935,27.1670914],[88.35388,27.167015],[88.3539149,27.166997],[88.3539558,27.1669917],[88.3540094,27.1670048],[88.3541134,27.1670436],[88.3541992,27.1671104],[88.3542824,27.167194],[88.354395,27.1672178],[88.3545184,27.1672107],[88.3547008,27.1671534],[88.3548269,27.16712],[88.3549181,27.1671057],[88.3550307,27.1671152],[88.3551648,27.1671104],[88.355197,27.1670484],[88.3550763,27.166941],[88.3549905,27.1669195],[88.3548966,27.1668778],[88.3547598,27.1667966],[88.3546338,27.1667286],[88.354513,27.1667048],[88.3543709,27.1666737],[88.3542308,27.1666517],[88.354161,27.1666242],[88.3541268,27.1665896],[88.3541067,27.1665395],[88.3541114,27.1665001],[88.3541389,27.1664643],[88.3541965,27.1664417],[88.3542442,27.1664291],[88.354326,27.1664286],[88.3544797,27.1664424],[88.3545695,27.1664544],[88.3546735,27.1664663],[88.354847,27.1665384],[88.3549541,27.1666439],[88.3550219,27.1666877],[88.355133,27.166712],[88.3552533,27.1667119],[88.3554384,27.1667406],[88.3556879,27.1668122],[88.3558568,27.1669172],[88.3560687,27.1671009],[88.3561599,27.1672512],[88.3562109,27.1673873],[88.3561787,27.1676772],[88.3562203,27.1678716],[88.3563128,27.1680136],[88.3564684,27.1680626],[88.3565757,27.1681031],[88.3567125,27.1681079],[88.356801,27.1680435],[88.3567876,27.1679433],[88.3566642,27.1678955],[88.3565776,27.1678823],[88.3564852,27.1678326],[88.3564185,27.1677332],[88.3564132,27.1676285],[88.3564226,27.1675185],[88.3564836,27.167376],[88.3564993,27.1671736],[88.35647,27.1669401],[88.3563705,27.1667146],[88.3561655,27.1665508],[88.3559668,27.166459],[88.3557603,27.1662848],[88.3555886,27.1661678],[88.3554451,27.166076],[88.3553036,27.1659554],[88.3551443,27.1658075],[88.3550403,27.1657178],[88.3549801,27.1656734],[88.3549138,27.1656315],[88.3548599,27.1656066],[88.3547881,27.1655858],[88.3546771,27.165585],[88.3546112,27.1655648],[88.3545929,27.1655214],[88.3546137,27.1654798]]}},{"type":"Feature","properties":{"kind":"road","highway":"unclassified","motorable":true,"name":null,"ref":null,"bridge":false,"osm_id":1246476577},"geometry":{"type":"LineString","coordinates":[[88.3668063,27.1691721],[88.3673806,27.169109],[88.3679015,27.1690518],[88.367992,27.1690939]]}},{"type":"Feature","properties":{"kind":"road","highway":"unclassified","motorable":true,"name":null,"ref":null,"bridge":false,"osm_id":1246476578},"geometry":{"type":"LineString","coordinates":[[88.3661025,27.1670383],[88.366352,27.1672129],[88.3665465,27.1674471],[88.3669822,27.1676765],[88.3672427,27.1678087],[88.3673891,27.1679026],[88.367458,27.1679715],[88.367458,27.1680424],[88.3674279,27.168119],[88.3673235,27.1683038],[88.3672277,27.1682588]]}},{"type":"Feature","properties":{"kind":"road","highway":"residential","motorable":true,"name":null,"ref":null,"bridge":false,"osm_id":1249023070},"geometry":{"type":"LineString","coordinates":[[88.3708394,27.1637707],[88.3708114,27.1636935],[88.3706894,27.1635967],[88.3706154,27.1634455],[88.3706328,27.1632905],[88.3705806,27.1631432],[88.3704847,27.1630037],[88.3703279,27.1629417],[88.3701363,27.1628874],[88.3698923,27.1628061],[88.3696832,27.1627402],[88.3695351,27.1626937],[88.3694393,27.1623798],[88.3694262,27.1621434],[88.3694175,27.1618643],[88.3694045,27.1615814],[88.3694088,27.1612714],[88.3694567,27.1610311],[88.3695264,27.1608334],[88.3695046,27.160628],[88.3695874,27.1604536],[88.3696048,27.1602908],[88.369631,27.1601474],[88.3696658,27.1599769],[88.3696622,27.1598642],[88.3696832,27.1597444],[88.3696917,27.1596327],[88.3696719,27.1595431],[88.3696179,27.1594442],[88.3695787,27.1593339],[88.3695468,27.1592592],[88.3694983,27.159181],[88.3694239,27.159008],[88.369288,27.1589609],[88.3691731,27.1589181],[88.369056,27.1588607],[88.3689819,27.1587866],[88.3689111,27.1587306],[88.3688461,27.1586464],[88.3687851,27.1585254],[88.3687784,27.1583489],[88.3686457,27.158178],[88.3685248,27.158136]]}},{"type":"Feature","properties":{"kind":"road","highway":"unclassified","motorable":true,"name":null,"ref":null,"bridge":false,"osm_id":1250852175},"geometry":{"type":"LineString","coordinates":[[88.3571463,27.1710262],[88.3575845,27.1708939],[88.3579062,27.1709691],[88.3581745,27.1709772],[88.3581949,27.1710985],[88.3584109,27.1710965],[88.3584836,27.1709752],[88.3584404,27.1708194],[88.3582654,27.1708275],[88.3581222,27.1709104],[88.3579062,27.1709691]]}},{"type":"Feature","properties":{"kind":"road","highway":"unclassified","motorable":true,"name":null,"ref":null,"bridge":false,"osm_id":1250852176},"geometry":{"type":"LineString","coordinates":[[88.3559119,27.1726042],[88.3560581,27.1723241],[88.3562854,27.1721845],[88.3568014,27.1718468],[88.3569879,27.1716567],[88.3569424,27.1715576],[88.3565196,27.1718245],[88.3560008,27.1721317],[88.3559124,27.172149],[88.3558738,27.1721178],[88.3558903,27.1720725],[88.3562718,27.1718347],[88.3566037,27.1715839],[88.3569447,27.1713412],[88.3571463,27.1710262]]}},{"type":"Feature","properties":{"kind":"road","highway":"unclassified","motorable":true,"name":null,"ref":null,"bridge":false,"osm_id":1250852177},"geometry":{"type":"LineString","coordinates":[[88.3526891,27.1733014],[88.3527123,27.1730669],[88.3529519,27.1730585],[88.3530926,27.173138],[88.3533684,27.1731261],[88.3536974,27.1730416],[88.3537563,27.1729147],[88.3541462,27.1727066],[88.3542247,27.1726385]]}},{"type":"Feature","properties":{"kind":"road","highway":"unclassified","motorable":true,"name":null,"ref":null,"bridge":false,"osm_id":1250852178},"geometry":{"type":"LineString","coordinates":[[88.3527341,27.1735211],[88.3523833,27.173698],[88.3521076,27.1737098],[88.3518014,27.1737758],[88.3514249,27.173901],[88.3510122,27.1742901],[88.3505653,27.1745929],[88.3502344,27.1747452],[88.3500909,27.1748259]]}},{"type":"Feature","properties":{"kind":"road","highway":"unclassified","motorable":true,"name":null,"ref":null,"bridge":false,"osm_id":1250852181},"geometry":{"type":"LineString","coordinates":[[88.3653774,27.177256],[88.3657565,27.1767463],[88.3654817,27.1763588],[88.3659709,27.1755241],[88.3664534,27.1747908],[88.3666545,27.1744808],[88.3677149,27.1738112]]}},{"type":"Feature","properties":{"kind":"road","highway":"path","motorable":false,"name":null,"ref":null,"bridge":false,"osm_id":1260676169},"geometry":{"type":"LineString","coordinates":[[88.3661025,27.1670383],[88.3660012,27.1673215],[88.3659948,27.1673907]]}},{"type":"Feature","properties":{"kind":"road","highway":"path","motorable":false,"name":null,"ref":null,"bridge":false,"osm_id":1261894936},"geometry":{"type":"LineString","coordinates":[[88.3605482,27.1650367],[88.360609,27.1649416],[88.3606616,27.1648471],[88.3606852,27.1647591],[88.3606895,27.1647431],[88.3606927,27.1646429],[88.3606852,27.164555],[88.3606271,27.1644779],[88.3606854,27.1643949]]}},{"type":"Feature","properties":{"kind":"road","highway":"unclassified","motorable":true,"name":null,"ref":null,"bridge":false,"osm_id":1261988021},"geometry":{"type":"LineString","coordinates":[[88.3582973,27.1578851],[88.3583602,27.1579256],[88.3584261,27.1579459],[88.3585153,27.1579517],[88.3587312,27.1579549],[88.358813,27.1579619],[88.3588901,27.1579828],[88.3589228,27.1580003],[88.3589465,27.1580243],[88.3589655,27.1580658],[88.3589802,27.158111],[88.359031,27.1582001],[88.3591662,27.158373],[88.3593258,27.1585186],[88.3593735,27.1585657],[88.3594106,27.1586162],[88.3594373,27.1586717],[88.3594587,27.1587213],[88.3595063,27.1589059],[88.3595877,27.1591263]]}},{"type":"Feature","properties":{"kind":"road","highway":"footway","motorable":false,"name":null,"ref":null,"bridge":false,"osm_id":1261988036},"geometry":{"type":"LineString","coordinates":[[88.3568208,27.1580078],[88.3569231,27.158199],[88.357104,27.1580543],[88.357163,27.1580814],[88.3571081,27.1582496],[88.3571589,27.1583274],[88.3570715,27.1585697],[88.357004,27.1586773],[88.3570074,27.1587741],[88.3569333,27.1588808],[88.3569048,27.1589278],[88.3568934,27.1590672]]}},{"type":"Feature","properties":{"kind":"road","highway":"unclassified","motorable":true,"name":null,"ref":null,"bridge":false,"osm_id":1261988059},"geometry":{"type":"LineString","coordinates":[[88.3550508,27.1628007],[88.35506,27.1626982],[88.3550153,27.1625137],[88.3550031,27.1623292],[88.3550682,27.1621448],[88.3552308,27.1619603],[88.3554093,27.1617722],[88.3555642,27.1615045],[88.3556821,27.1612333],[88.3556799,27.1610034],[88.3556695,27.1609157],[88.3556946,27.1608257],[88.3557383,27.160805],[88.3557837,27.160839],[88.3558105,27.160935],[88.3557953,27.16099],[88.3557953,27.1610409],[88.3557875,27.1611445],[88.3558425,27.1611832],[88.3558825,27.1611458],[88.3558913,27.1611085],[88.3559113,27.1610403],[88.3559123,27.1609734],[88.3559092,27.1607983],[88.3559328,27.1605297],[88.3559168,27.1604223]]}},{"type":"Feature","properties":{"kind":"road","highway":"path","motorable":false,"name":null,"ref":null,"bridge":false,"osm_id":1263090489},"geometry":{"type":"LineString","coordinates":[[88.3584128,27.160449],[88.3584604,27.1603894],[88.3584866,27.1603461],[88.3585091,27.160275],[88.3585178,27.1602195],[88.3585191,27.1601629],[88.3585528,27.1600785],[88.3586027,27.1600363],[88.3586439,27.1600041],[88.3586601,27.1599919],[88.3586751,27.1599453],[88.3586875,27.1598798],[88.3587162,27.1597888],[88.35873,27.1597732]]}},{"type":"Feature","properties":{"kind":"road","highway":"path","motorable":false,"name":null,"ref":null,"bridge":false,"osm_id":1263090490},"geometry":{"type":"LineString","coordinates":[[88.3586601,27.1599919],[88.3587337,27.1599853],[88.3587861,27.1599786],[88.3588597,27.1599886],[88.3589396,27.1599853],[88.3589908,27.1599753]]}},{"type":"Feature","properties":{"kind":"road","highway":"path","motorable":false,"name":null,"ref":null,"bridge":false,"osm_id":1263090491},"geometry":{"type":"LineString","coordinates":[[88.3597,27.1594253],[88.3596182,27.1594322],[88.3594969,27.1594829],[88.3593961,27.1594881],[88.3593771,27.1594907],[88.3593552,27.1595622],[88.3593245,27.1596025],[88.3592879,27.1596428],[88.3592639,27.1596953],[88.3592441,27.159782],[88.3592381,27.1598026]]}},{"type":"Feature","properties":{"kind":"road","highway":"unclassified","motorable":true,"name":null,"ref":null,"bridge":false,"osm_id":1263090493},"geometry":{"type":"LineString","coordinates":[[88.3625684,27.1619813],[88.3625867,27.162052],[88.3626454,27.1621105],[88.3627323,27.162146],[88.362838,27.1621418],[88.362953,27.1621063],[88.3631197,27.1620562]]}},{"type":"Feature","properties":{"kind":"road","highway":"path","motorable":false,"name":null,"ref":null,"bridge":false,"osm_id":1263090494},"geometry":{"type":"LineString","coordinates":[[88.3608364,27.1636735],[88.3608854,27.1634967],[88.3610078,27.1634365],[88.3612172,27.1633333],[88.3613524,27.163213],[88.3614918,27.1631151],[88.3615458,27.1630729],[88.3616037,27.1630317],[88.3617164,27.1629236],[88.3616777,27.1627717],[88.3618581,27.1626771],[88.3620578,27.1625768],[88.3622541,27.1625168],[88.3622887,27.1624667],[88.3623308,27.1624342],[88.362352,27.1623733],[88.3624167,27.1622449],[88.3624423,27.1622299],[88.3624701,27.1621756],[88.3624756,27.1621003],[88.3624663,27.1619884]]}},{"type":"Feature","properties":{"kind":"road","highway":"unclassified","motorable":true,"name":null,"ref":null,"bridge":false,"osm_id":1263090495},"geometry":{"type":"LineString","coordinates":[[88.3623424,27.1620132],[88.3621557,27.1620461],[88.3620222,27.1620781],[88.3618578,27.1621101],[88.3617586,27.1621406],[88.3617106,27.1621862],[88.3617226,27.1622335],[88.3618168,27.162273],[88.3619314,27.162305],[88.3621745,27.1623385]]}},{"type":"Feature","properties":{"kind":"road","highway":"path","motorable":false,"name":null,"ref":null,"bridge":false,"osm_id":1263090496},"geometry":{"type":"LineString","coordinates":[[88.3617586,27.1621406],[88.3616439,27.1621695],[88.361536,27.1621893],[88.3614042,27.1622228],[88.3612947,27.1622593],[88.3611715,27.1622776],[88.3610824,27.162337],[88.360978,27.1623705],[88.3608514,27.162369],[88.3607435,27.1623873],[88.360622,27.1624101],[88.3604474,27.1624269]]}},{"type":"Feature","properties":{"kind":"road","highway":"unclassified","motorable":true,"name":null,"ref":null,"bridge":false,"osm_id":1263090500},"geometry":{"type":"LineString","coordinates":[[88.3624185,27.1643319],[88.3625209,27.1643474],[88.3626383,27.1643578],[88.3627932,27.1643808],[88.3628871,27.1643996],[88.362974,27.1644142],[88.3631431,27.164456]]}},{"type":"Feature","properties":{"kind":"road","highway":"residential","motorable":true,"name":null,"ref":null,"bridge":false,"osm_id":1263090511},"geometry":{"type":"LineString","coordinates":[[88.3592826,27.1651296],[88.3593493,27.1651419],[88.3594478,27.1651853],[88.3595463,27.1652137],[88.3596875,27.1651962],[88.3598238,27.1651516],[88.3598727,27.165147],[88.3599124,27.1651567],[88.359936,27.1651717],[88.3600381,27.1652698],[88.3601391,27.1653727],[88.3604005,27.1656079],[88.3604972,27.1657175],[88.3605079,27.1657586],[88.3605079,27.1657875],[88.3604829,27.1658374],[88.3604369,27.1658828],[88.3603781,27.1659407],[88.3603357,27.1659773],[88.3602745,27.1659928],[88.3602371,27.1659962],[88.3601954,27.166044]]}},{"type":"Feature","properties":{"kind":"road","highway":"residential","motorable":true,"name":null,"ref":null,"bridge":false,"osm_id":1263090518},"geometry":{"type":"LineString","coordinates":[[88.3611858,27.1654962],[88.3611345,27.1656091],[88.3611094,27.1656499],[88.3610365,27.1657567],[88.3609626,27.1658975],[88.3609024,27.165991],[88.3608163,27.1660742],[88.3606069,27.1658932]]}},{"type":"Feature","properties":{"kind":"road","highway":"residential","motorable":true,"name":null,"ref":null,"bridge":false,"osm_id":1263090520},"geometry":{"type":"LineString","coordinates":[[88.3613701,27.1659812],[88.3610365,27.1657567],[88.3608498,27.1656466]]}},{"type":"Feature","properties":{"kind":"road","highway":"residential","motorable":true,"name":null,"ref":null,"bridge":false,"osm_id":1263090521},"geometry":{"type":"LineString","coordinates":[[88.3609626,27.1658975],[88.3607528,27.1657588]]}},{"type":"Feature","properties":{"kind":"road","highway":"unclassified","motorable":true,"name":null,"ref":null,"bridge":false,"osm_id":1263090530},"geometry":{"type":"LineString","coordinates":[[88.3575593,27.1646223],[88.3576288,27.1647997],[88.3576437,27.1648703],[88.3576493,27.1648971],[88.3577144,27.1650022],[88.3577999,27.1650997],[88.3578975,27.165153],[88.3579728,27.1651941],[88.3579848,27.1652184],[88.3579643,27.1652428],[88.3579232,27.1652489],[88.357865,27.1652398],[88.3577435,27.1652063],[88.3576065,27.165156],[88.3575192,27.1651103],[88.3574713,27.1650494]]}},{"type":"Feature","properties":{"kind":"road","highway":"path","motorable":false,"name":null,"ref":null,"bridge":false,"osm_id":1263090532},"geometry":{"type":"LineString","coordinates":[[88.3559168,27.1604223],[88.3559085,27.1603678],[88.3559598,27.1603054],[88.3560283,27.1602445],[88.3560796,27.1601744],[88.3561532,27.1601135],[88.356244,27.1600709],[88.3563364,27.1600054],[88.3564237,27.1599506]]}},{"type":"Feature","properties":{"kind":"road","highway":"path","motorable":false,"name":null,"ref":null,"bridge":false,"osm_id":1263090541},"geometry":{"type":"LineString","coordinates":[[88.3606616,27.1648471],[88.3612884,27.1652563],[88.3611591,27.1654162],[88.3611177,27.1654515]]}},{"type":"Feature","properties":{"kind":"road","highway":"path","motorable":false,"name":null,"ref":null,"bridge":false,"osm_id":1263090542},"geometry":{"type":"LineString","coordinates":[[88.3622541,27.1625168],[88.3624609,27.1626356],[88.3625956,27.1626277],[88.3626799,27.1626556],[88.3626706,27.1626224],[88.3626517,27.1625987],[88.3626496,27.1625853],[88.3626638,27.1625705],[88.3627475,27.1625639],[88.362828,27.1624493]]}},{"type":"Feature","properties":{"kind":"road","highway":"path","motorable":false,"name":null,"ref":null,"bridge":false,"osm_id":1263090543},"geometry":{"type":"LineString","coordinates":[[88.3626799,27.1626556],[88.3627379,27.1627301],[88.3627443,27.1627703],[88.3626895,27.1628763],[88.3626283,27.1629279]]}},{"type":"Feature","properties":{"kind":"road","highway":"path","motorable":false,"name":null,"ref":null,"bridge":false,"osm_id":1263090544},"geometry":{"type":"LineString","coordinates":[[88.3626799,27.1626556],[88.3628764,27.1627531],[88.3630857,27.1628104]]}},{"type":"Feature","properties":{"kind":"road","highway":"path","motorable":false,"name":null,"ref":null,"bridge":false,"osm_id":1263090545},"geometry":{"type":"LineString","coordinates":[[88.3628764,27.1627531],[88.3630084,27.1626241]]}},{"type":"Feature","properties":{"kind":"road","highway":"path","motorable":false,"name":null,"ref":null,"bridge":false,"osm_id":1263090548},"geometry":{"type":"LineString","coordinates":[[88.3620778,27.1633429],[88.3618484,27.1633273],[88.3617212,27.1632844],[88.3615941,27.1631986],[88.3616409,27.1631414],[88.3615458,27.1630729]]}},{"type":"Feature","properties":{"kind":"road","highway":"residential","motorable":true,"name":null,"ref":null,"bridge":false,"osm_id":1263091384},"geometry":{"type":"LineString","coordinates":[[88.3629394,27.1660921],[88.3627578,27.1660207],[88.3626905,27.1659655],[88.3626424,27.1658971],[88.3626327,27.1657701],[88.3626737,27.1656379],[88.3627656,27.1655214],[88.3628634,27.1654466]]}},{"type":"Feature","properties":{"kind":"road","highway":"residential","motorable":true,"name":null,"ref":null,"bridge":false,"osm_id":1263249875},"geometry":{"type":"LineString","coordinates":[[88.3587117,27.163653],[88.3585643,27.1637625],[88.3584532,27.1638208],[88.3584333,27.1638491],[88.3585056,27.1641067]]}},{"type":"Feature","properties":{"kind":"road","highway":"path","motorable":false,"name":null,"ref":null,"bridge":false,"osm_id":1263257085},"geometry":{"type":"LineString","coordinates":[[88.3623554,27.1650584],[88.3623265,27.1652298],[88.3623597,27.1652522],[88.3624365,27.1652617],[88.3626379,27.1652541],[88.3626496,27.1653849]]}},{"type":"Feature","properties":{"kind":"road","highway":"path","motorable":false,"name":null,"ref":null,"bridge":false,"osm_id":1263257090},"geometry":{"type":"LineString","coordinates":[[88.3623265,27.1652298],[88.3621488,27.1651888],[88.361809,27.1651289]]}},{"type":"Feature","properties":{"kind":"road","highway":"path","motorable":false,"name":null,"ref":null,"bridge":false,"osm_id":1263257091},"geometry":{"type":"LineString","coordinates":[[88.3621488,27.1651888],[88.3620946,27.165442]]}},{"type":"Feature","properties":{"kind":"road","highway":"path","motorable":false,"name":null,"ref":null,"bridge":false,"osm_id":1263257093},"geometry":{"type":"LineString","coordinates":[[88.3623265,27.1652298],[88.3622481,27.1654988]]}},{"type":"Feature","properties":{"kind":"road","highway":"path","motorable":false,"name":null,"ref":null,"bridge":false,"osm_id":1263257095},"geometry":{"type":"LineString","coordinates":[[88.3615472,27.1653445],[88.3616218,27.1653864],[88.361653,27.165471],[88.3617676,27.1654623],[88.3618418,27.165445],[88.3619226,27.1654238],[88.3619659,27.1654011],[88.361963,27.1653241]]}},{"type":"Feature","properties":{"kind":"road","highway":"path","motorable":false,"name":null,"ref":null,"bridge":false,"osm_id":1263257097},"geometry":{"type":"LineString","coordinates":[[88.3619226,27.1654238],[88.3618797,27.1655214],[88.3618614,27.1656092]]}},{"type":"Feature","properties":{"kind":"road","highway":"path","motorable":false,"name":null,"ref":null,"bridge":false,"osm_id":1263257098},"geometry":{"type":"LineString","coordinates":[[88.361653,27.165471],[88.361636,27.1654897],[88.361568,27.1656724]]}},{"type":"Feature","properties":{"kind":"road","highway":"path","motorable":false,"name":null,"ref":null,"bridge":false,"osm_id":1263257100},"geometry":{"type":"LineString","coordinates":[[88.3588033,27.1661356],[88.3589421,27.1661827],[88.359019,27.1661723],[88.359078,27.1661592],[88.3591238,27.1661681],[88.359158,27.1661944],[88.3591766,27.16624],[88.3591844,27.1663057]]}},{"type":"Feature","properties":{"kind":"road","highway":"path","motorable":false,"name":null,"ref":null,"bridge":false,"osm_id":1263259488},"geometry":{"type":"LineString","coordinates":[[88.3619659,27.1654011],[88.3620629,27.1654313],[88.3620946,27.165442],[88.3622266,27.1654865],[88.3622481,27.1654988],[88.3622723,27.1655127],[88.3622509,27.1655401],[88.3624391,27.1656762]]}},{"type":"Feature","properties":{"kind":"road","highway":"path","motorable":false,"name":null,"ref":null,"bridge":false,"osm_id":1263267557},"geometry":{"type":"LineString","coordinates":[[88.3613817,27.1664558],[88.3614371,27.1663598],[88.3614939,27.1662976],[88.361749,27.1661744]]}},{"type":"Feature","properties":{"kind":"road","highway":"path","motorable":false,"name":null,"ref":null,"bridge":false,"osm_id":1263389476},"geometry":{"type":"LineString","coordinates":[[88.3615326,27.1653836],[88.3615472,27.1653445],[88.3615135,27.1653132],[88.3614804,27.1650407],[88.3615513,27.165014],[88.3616472,27.1648466]]}},{"type":"Feature","properties":{"kind":"road","highway":"path","motorable":false,"name":null,"ref":null,"bridge":false,"osm_id":1263389495},"geometry":{"type":"LineString","coordinates":[[88.3611094,27.1656499],[88.3614673,27.1658693]]}},{"type":"Feature","properties":{"kind":"road","highway":"path","motorable":false,"name":null,"ref":null,"bridge":false,"osm_id":1263389509},"geometry":{"type":"LineString","coordinates":[[88.3585583,27.165688],[88.3585491,27.1656303],[88.3584418,27.1655689],[88.3584196,27.1655349],[88.3584365,27.1654067],[88.3584242,27.1653359]]}},{"type":"Feature","properties":{"kind":"road","highway":"residential","motorable":true,"name":null,"ref":null,"bridge":false,"osm_id":1263389512},"geometry":{"type":"LineString","coordinates":[[88.3576437,27.1648703],[88.358417,27.1650333]]}},{"type":"Feature","properties":{"kind":"road","highway":"path","motorable":false,"name":null,"ref":null,"bridge":false,"osm_id":1263389519},"geometry":{"type":"LineString","coordinates":[[88.3583809,27.1663342],[88.3583449,27.166406],[88.3583272,27.1664281],[88.3582978,27.166445],[88.3582638,27.1664537],[88.3582206,27.1664537],[88.3581813,27.166449],[88.3581526,27.1664409],[88.3581486,27.1664246],[88.3580736,27.1663835]]}},{"type":"Feature","properties":{"kind":"road","highway":"path","motorable":false,"name":null,"ref":null,"bridge":false,"osm_id":1263421168},"geometry":{"type":"LineString","coordinates":[[88.3550724,27.1580754],[88.3550074,27.1581421],[88.3548973,27.1582223],[88.3547692,27.1582811],[88.3547371,27.1583078],[88.3547031,27.1586605],[88.354585,27.1587103],[88.3545029,27.158778],[88.3544608,27.1587851],[88.3544126,27.1587874],[88.3542828,27.1587472],[88.3542169,27.1588814]]}},{"type":"Feature","properties":{"kind":"road","highway":"path","motorable":false,"name":null,"ref":null,"bridge":false,"osm_id":1263421178},"geometry":{"type":"LineString","coordinates":[[88.3594926,27.1616373],[88.3595969,27.1615805],[88.3597209,27.1616448],[88.3598475,27.1616425],[88.3599638,27.1615253],[88.3600464,27.1614035],[88.3600723,27.161323]]}},{"type":"Feature","properties":{"kind":"road","highway":"residential","motorable":true,"name":null,"ref":null,"bridge":false,"osm_id":1263812681},"geometry":{"type":"LineString","coordinates":[[88.3618667,27.1678306],[88.3615351,27.1681031],[88.3615056,27.1683227],[88.3614412,27.1684826],[88.3614546,27.1686066],[88.3611971,27.16885],[88.3608323,27.1691149]]}},{"type":"Feature","properties":{"kind":"road","highway":"unclassified","motorable":true,"name":null,"ref":null,"bridge":false,"osm_id":1263812682},"geometry":{"type":"LineString","coordinates":[[88.3574152,27.1708569],[88.3575845,27.1708939],[88.3576321,27.1709043],[88.3579223,27.1706744],[88.3584352,27.1705365]]}},{"type":"Feature","properties":{"kind":"road","highway":"residential","motorable":true,"name":null,"ref":null,"bridge":false,"osm_id":1263812685},"geometry":{"type":"LineString","coordinates":[[88.35464,27.1674525],[88.3544782,27.1676259],[88.3540517,27.1679003],[88.3538881,27.1678574],[88.3534107,27.1678597]]}},{"type":"Feature","properties":{"kind":"road","highway":"residential","motorable":true,"name":null,"ref":null,"bridge":false,"osm_id":1263882890},"geometry":{"type":"LineString","coordinates":[[88.3661025,27.1670383],[88.3663087,27.167065],[88.366449,27.1671478],[88.3665682,27.1672332],[88.366706,27.1672893],[88.3668305,27.1673372],[88.3669621,27.1673427],[88.3670018,27.167321]]}},{"type":"Feature","properties":{"kind":"road","highway":"residential","motorable":true,"name":null,"ref":null,"bridge":false,"osm_id":1263883369},"geometry":{"type":"LineString","coordinates":[[88.3690808,27.1676406],[88.3689332,27.1676018],[88.368815,27.1676016],[88.3686922,27.1675958],[88.3686105,27.167587],[88.3684462,27.1675799],[88.3683707,27.1676015],[88.3683015,27.1676757],[88.3682111,27.1677337],[88.3681785,27.1677822],[88.3680885,27.1678901]]}},{"type":"Feature","properties":{"kind":"road","highway":"unclassified","motorable":true,"name":null,"ref":null,"bridge":false,"osm_id":1263933656},"geometry":{"type":"LineString","coordinates":[[88.3736304,27.1742627],[88.3735637,27.1742918],[88.3734856,27.1743145],[88.3734079,27.1743272],[88.3732964,27.1743462],[88.3731822,27.1743675],[88.3731143,27.1743734],[88.3730084,27.1743878],[88.3729169,27.1743975],[88.3728323,27.1744047],[88.3727163,27.174417],[88.3725979,27.1744302],[88.3724868,27.1744298],[88.3723942,27.1744289],[88.3722909,27.1744289],[88.3721819,27.1744255],[88.3719891,27.1744163],[88.3717899,27.1744046],[88.371576,27.1743871],[88.3713412,27.17437],[88.3711819,27.174361],[88.3710778,27.1743779],[88.3710316,27.1744211],[88.3710252,27.1744608],[88.371022,27.174502],[88.3710292,27.1745396],[88.3710599,27.1745614],[88.3710937,27.1745676],[88.3711298,27.1745653],[88.3711882,27.1745815],[88.3712644,27.1745975],[88.3713253,27.1746084],[88.3714029,27.1746265],[88.3714729,27.1746361],[88.3716053,27.1746593],[88.3717863,27.1747102],[88.371908,27.174733],[88.3720608,27.1747598],[88.3721907,27.1747856],[88.3723026,27.1748086],[88.3724519,27.1748467],[88.3725419,27.1748768],[88.3726386,27.174908],[88.3727204,27.1749472]]}},{"type":"Feature","properties":{"kind":"road","highway":"unclassified","motorable":true,"name":null,"ref":null,"bridge":false,"osm_id":1263933657},"geometry":{"type":"LineString","coordinates":[[88.3710599,27.1745614],[88.3710737,27.1745864],[88.3710837,27.174626],[88.3710823,27.1746563],[88.3711088,27.1746975],[88.3711409,27.1747361],[88.371171,27.1747666],[88.3712244,27.1748194],[88.3712665,27.1748695],[88.3713239,27.174933],[88.3713758,27.1749896],[88.3714132,27.1750217],[88.3714569,27.1750681],[88.3714871,27.1750924],[88.371525,27.1751357],[88.3715801,27.175179],[88.3716276,27.1752222],[88.3716589,27.1752575],[88.3716881,27.1752946],[88.3716951,27.175324],[88.3717028,27.1753469]]}},{"type":"Feature","properties":{"kind":"road","highway":"unclassified","motorable":true,"name":null,"ref":null,"bridge":false,"osm_id":1263933658},"geometry":{"type":"LineString","coordinates":[[88.3666259,27.173288],[88.3664167,27.1732741],[88.3663213,27.1732803],[88.3662073,27.1732586],[88.366094,27.173169],[88.3660071,27.1731172],[88.3658489,27.1730354],[88.3657273,27.1729952],[88.3656275,27.1729583],[88.3654831,27.1729242],[88.3653898,27.1729148],[88.3653323,27.172918],[88.3652429,27.1728903],[88.3651816,27.1728632],[88.3650509,27.1727805],[88.3649872,27.1727345],[88.3649376,27.1726898],[88.3648722,27.172655],[88.3648138,27.1726326],[88.3647585,27.1726002],[88.3646916,27.1725821],[88.3646258,27.1725647],[88.3645318,27.1725689],[88.3644685,27.1725891],[88.3644574,27.1726117],[88.364447,27.172651],[88.3644368,27.1727015],[88.3644426,27.1727378],[88.3644658,27.1727926],[88.3644802,27.1728144],[88.3645131,27.17283],[88.3645842,27.1728659],[88.3646058,27.1728761],[88.3647297,27.1729484],[88.3647921,27.1729854],[88.3648675,27.1730286],[88.3649177,27.1730513],[88.3649761,27.1730763],[88.3650562,27.173088],[88.3651081,27.1730917],[88.3651819,27.1730922],[88.3652373,27.1730988],[88.3652914,27.1731236],[88.3653351,27.1731458],[88.3653791,27.1731779],[88.3654177,27.1732082],[88.3654594,27.1732483],[88.365504,27.1732944],[88.3655479,27.1733248],[88.3655925,27.173375],[88.3656539,27.173412],[88.3656952,27.1734173],[88.3657745,27.173446],[88.3658204,27.1734502],[88.3658668,27.1734511],[88.3659988,27.173476],[88.3660441,27.1734973],[88.3661029,27.1735337],[88.3661386,27.1735654],[88.3661858,27.1736101],[88.366214,27.173635],[88.3662585,27.17368],[88.3663142,27.1736949],[88.3663799,27.1737086],[88.3664314,27.1737314],[88.3664523,27.1737524],[88.3664538,27.1737793],[88.3664406,27.1738018],[88.3664152,27.1738111],[88.3663589,27.1738116],[88.3663105,27.1737991],[88.366245,27.1737826],[88.3661806,27.1737646],[88.3660916,27.1737262],[88.3660067,27.1737183],[88.3658884,27.1737069],[88.3658142,27.1736913],[88.3657417,27.1736844],[88.3656376,27.1736801],[88.3655568,27.1736882],[88.3654531,27.1736929],[88.365353,27.1737004],[88.3652712,27.1737003],[88.3651693,27.173709],[88.3650605,27.1736949],[88.3649367,27.1736532],[88.3648558,27.1736194],[88.3647507,27.1735927],[88.3646204,27.1735575],[88.3645059,27.1735242],[88.3643897,27.1734919],[88.3642672,27.1734704],[88.3641137,27.1734193],[88.3639861,27.1734005],[88.3638415,27.1733939],[88.3637072,27.1733768],[88.363582,27.1733814],[88.3634745,27.1733957],[88.363439,27.1734315],[88.3634114,27.1734846],[88.3634068,27.1735421],[88.3634404,27.1736024],[88.3634822,27.1736445],[88.3635629,27.1737177],[88.3636095,27.1737627],[88.3636689,27.1737867],[88.3637551,27.1738055],[88.3638431,27.1738243],[88.3639252,27.1738193],[88.36397,27.1737941],[88.364034,27.1737831]]}},{"type":"Feature","properties":{"kind":"road","highway":"unclassified","motorable":true,"name":null,"ref":null,"bridge":false,"osm_id":1263938105},"geometry":{"type":"LineString","coordinates":[[88.3673235,27.1683038],[88.3674549,27.1683262],[88.3675753,27.168381],[88.3677188,27.1684356],[88.367808,27.1684675],[88.3679039,27.1684864],[88.3679591,27.1685155],[88.3680503,27.1685515],[88.3681208,27.1686073],[88.3681585,27.168633],[88.3681871,27.1686526],[88.3683987,27.168739]]}},{"type":"Feature","properties":{"kind":"road","highway":"path","motorable":false,"name":null,"ref":null,"bridge":false,"osm_id":1264010175},"geometry":{"type":"LineString","coordinates":[[88.3583223,27.1632212],[88.3579923,27.1632254],[88.357858,27.1629329],[88.357874,27.1629044],[88.3580355,27.1628945]]}},{"type":"Feature","properties":{"kind":"road","highway":"path","motorable":false,"name":null,"ref":null,"bridge":false,"osm_id":1264010176},"geometry":{"type":"LineString","coordinates":[[88.3579923,27.1632254],[88.3579101,27.1632789],[88.3577518,27.163313]]}},{"type":"Feature","properties":{"kind":"road","highway":"unclassified","motorable":true,"name":null,"ref":null,"bridge":false,"osm_id":1264094772},"geometry":{"type":"LineString","coordinates":[[88.3711292,27.1636884],[88.3712226,27.163687],[88.3713135,27.1636103],[88.3713613,27.1636061],[88.3714183,27.1635897],[88.3715045,27.1636034],[88.3715662,27.163587],[88.3716802,27.1636144],[88.3717557,27.163528],[88.371788,27.1635294],[88.3717957,27.1634883],[88.3718589,27.1634759],[88.3717909,27.1633849]]}},{"type":"Feature","properties":{"kind":"road","highway":"unclassified","motorable":true,"name":null,"ref":null,"bridge":false,"osm_id":1264094951},"geometry":{"type":"LineString","coordinates":[[88.3699988,27.1623433],[88.3706484,27.1624261],[88.3707285,27.1624659],[88.3707978,27.162581],[88.37086,27.1628111]]}},{"type":"Feature","properties":{"kind":"road","highway":"unclassified","motorable":true,"name":null,"ref":null,"bridge":false,"osm_id":1264095217},"geometry":{"type":"LineString","coordinates":[[88.3677202,27.1597436],[88.3678358,27.1595636],[88.3678755,27.1594493],[88.3678996,27.1592018]]}},{"type":"Feature","properties":{"kind":"road","highway":"unclassified","motorable":true,"name":null,"ref":null,"bridge":false,"osm_id":1264095575},"geometry":{"type":"LineString","coordinates":[[88.3583877,27.1599928],[88.3583205,27.159997],[88.358268,27.1598404],[88.3581994,27.1599026],[88.3581645,27.1598637],[88.3580135,27.1599359],[88.3579062,27.1599814],[88.35788,27.1600269],[88.3577333,27.1600902],[88.3576966,27.1601039],[88.357585,27.1600535],[88.3575453,27.1600621],[88.3575518,27.1600943],[88.3576297,27.1601429],[88.3576653,27.1602044],[88.3576734,27.1602378],[88.3575515,27.1604531],[88.3574662,27.160591],[88.357176,27.1607831],[88.3570221,27.160909],[88.3567071,27.1612397],[88.3566752,27.1612869],[88.3566292,27.1614003],[88.3565532,27.1615047]]}},{"type":"Feature","properties":{"kind":"road","highway":"service","motorable":true,"name":null,"ref":null,"bridge":false,"osm_id":1264096660},"geometry":{"type":"LineString","coordinates":[[88.3548865,27.1577447],[88.3549928,27.1577374],[88.3554334,27.15772],[88.3556286,27.1577189]]}},{"type":"Feature","properties":{"kind":"road","highway":"unclassified","motorable":true,"name":null,"ref":null,"bridge":false,"osm_id":1264100793},"geometry":{"type":"LineString","coordinates":[[88.3678996,27.1592018],[88.3679205,27.159084],[88.3681238,27.1588044],[88.3680915,27.1587345],[88.3679159,27.1586002]]}},{"type":"Feature","properties":{"kind":"road","highway":"unclassified","motorable":true,"name":null,"ref":null,"bridge":false,"osm_id":1264103313},"geometry":{"type":"LineString","coordinates":[[88.37069,27.1598014],[88.3707122,27.1596906],[88.3707384,27.1595385],[88.3707784,27.1595028],[88.3708108,27.1594754],[88.3708231,27.1594083],[88.37082,27.159326],[88.3708092,27.159204]]}},{"type":"Feature","properties":{"kind":"road","highway":"unclassified","motorable":true,"name":null,"ref":null,"bridge":false,"osm_id":1264489585},"geometry":{"type":"LineString","coordinates":[[88.3679159,27.1586002],[88.3677694,27.158519],[88.3677463,27.1583415],[88.3677617,27.1582078],[88.3677193,27.1581352],[88.3677293,27.1580447],[88.3677417,27.1579652],[88.367784,27.1578378],[88.3678033,27.1577822],[88.3678135,27.1577249],[88.3678026,27.1576591],[88.3677897,27.1575677],[88.367826,27.1575035]]}},{"type":"Feature","properties":{"kind":"road","highway":"unclassified","motorable":true,"name":null,"ref":null,"bridge":false,"osm_id":1264489586},"geometry":{"type":"LineString","coordinates":[[88.3677202,27.1597436],[88.3676172,27.1600473]]}},{"type":"Feature","properties":{"kind":"road","highway":"unclassified","motorable":true,"name":null,"ref":null,"bridge":false,"osm_id":1264489587},"geometry":{"type":"LineString","coordinates":[[88.3685248,27.158136],[88.3684221,27.1578833],[88.3682595,27.1576591],[88.3678977,27.1575144],[88.367826,27.1575035]]}},{"type":"Feature","properties":{"kind":"road","highway":"path","motorable":false,"name":null,"ref":null,"bridge":false,"osm_id":1265047392},"geometry":{"type":"LineString","coordinates":[[88.3699612,27.1586018],[88.3699036,27.1585839],[88.3698405,27.1585564],[88.369744,27.1585337],[88.369634,27.1585361],[88.3695281,27.1585266],[88.3694382,27.1585254],[88.3693859,27.1585087],[88.3693644,27.15848],[88.3693537,27.1584598],[88.3693014,27.1584371],[88.3692411,27.1584013],[88.3692048,27.1583679],[88.3691686,27.1583106],[88.3691432,27.1582151],[88.3690935,27.158128],[88.3690573,27.1580362],[88.3689876,27.1579121],[88.3688924,27.1577856],[88.3687355,27.1576567],[88.3686416,27.1575648],[88.3685812,27.1574873],[88.3685088,27.1574264]]}},{"type":"Feature","properties":{"kind":"road","highway":"path","motorable":false,"name":null,"ref":null,"bridge":false,"osm_id":1265047393},"geometry":{"type":"LineString","coordinates":[[88.3694239,27.159008],[88.3695254,27.1589466],[88.3695911,27.1588726],[88.3696461,27.1588153],[88.3696729,27.1588297],[88.3697131,27.1587998],[88.3697493,27.1587772],[88.3697695,27.158776],[88.3697949,27.1587342],[88.3698472,27.1586972],[88.3699076,27.1586722],[88.3699478,27.1586411],[88.3699612,27.1586018],[88.3699974,27.1585648],[88.3700484,27.1585194],[88.3700699,27.1584836],[88.3700833,27.1584657],[88.3701101,27.1584765],[88.3701329,27.1584562],[88.3701302,27.1584192],[88.3701248,27.1583894],[88.3701624,27.1583882],[88.3701973,27.1583774],[88.3702026,27.158344],[88.370216,27.1583261],[88.370259,27.1583166],[88.3703542,27.1583297],[88.3704185,27.158344],[88.3704561,27.1583488],[88.3704735,27.1583166],[88.3704548,27.1582664],[88.3704172,27.1582247],[88.3704132,27.1581805],[88.3704333,27.1581447],[88.3704722,27.158091],[88.3704963,27.1580696],[88.370503,27.1580278]]}},{"type":"Feature","properties":{"kind":"road","highway":"path","motorable":false,"name":null,"ref":null,"bridge":false,"osm_id":1266582073},"geometry":{"type":"LineString","coordinates":[[88.3727628,27.164631],[88.3726448,27.1646072],[88.3723779,27.1645833],[88.3716966,27.1645511],[88.3715987,27.164526],[88.3715223,27.1645284],[88.3714217,27.1645511],[88.3713841,27.1644962],[88.3713385,27.1644795],[88.3713184,27.1644938],[88.3712889,27.1645821],[88.3712688,27.1646],[88.3712107,27.1646156]]}},{"type":"Feature","properties":{"kind":"road","highway":"residential","motorable":true,"name":null,"ref":null,"bridge":false,"osm_id":1266582087},"geometry":{"type":"LineString","coordinates":[[88.3703146,27.1643281],[88.3704431,27.1644522],[88.3706271,27.164534],[88.3708006,27.164631],[88.3707458,27.1646797],[88.37061,27.164793],[88.3703981,27.164943]]}},{"type":"Feature","properties":{"kind":"road","highway":"path","motorable":false,"name":null,"ref":null,"bridge":false,"osm_id":1266733446},"geometry":{"type":"LineString","coordinates":[[88.3528928,27.1609331],[88.3527144,27.1606772],[88.3527364,27.1606692],[88.3527738,27.1606445],[88.3527898,27.1606047],[88.3527994,27.1605449],[88.3528036,27.1605031],[88.3528207,27.1604604],[88.3528393,27.1604372],[88.3528835,27.1604185],[88.3530807,27.1603729],[88.3531465,27.1603651],[88.3532172,27.160372],[88.3532738,27.1604103]]}},{"type":"Feature","properties":{"kind":"road","highway":"path","motorable":false,"name":null,"ref":null,"bridge":false,"osm_id":1266733448},"geometry":{"type":"LineString","coordinates":[[88.3518692,27.1603695],[88.3519166,27.1602938],[88.351983,27.1602324],[88.3520242,27.1601975],[88.3521351,27.1601384],[88.3522666,27.1600858],[88.3524439,27.1600067],[88.3525641,27.1599949],[88.3527527,27.1599854],[88.3529413,27.159986]]}},{"type":"Feature","properties":{"kind":"road","highway":"footway","motorable":false,"name":null,"ref":null,"bridge":false,"osm_id":1266779046},"geometry":{"type":"LineString","coordinates":[[88.3610463,27.1618715],[88.3608738,27.1619941],[88.360803,27.162038],[88.3606433,27.162058],[88.3606025,27.1620553],[88.3605052,27.1620579],[88.3603786,27.1620745],[88.3603,27.1620735],[88.3602101,27.1620487],[88.3601053,27.1620198],[88.360035,27.1620038],[88.3599899,27.1619926],[88.3599316,27.1619915],[88.3598686,27.1619997],[88.3598334,27.1620145],[88.3598148,27.162041],[88.3598029,27.1620776],[88.3597963,27.1621189],[88.3597817,27.1621466],[88.3597664,27.162169],[88.3597419,27.1622033]]}},{"type":"Feature","properties":{"kind":"road","highway":"footway","motorable":false,"name":null,"ref":null,"bridge":false,"osm_id":1266779047},"geometry":{"type":"LineString","coordinates":[[88.3598334,27.1620145],[88.3598029,27.1620071],[88.3597703,27.1619975],[88.3597408,27.1619926],[88.3597128,27.1619933],[88.3596823,27.162003],[88.3596217,27.1620399],[88.3595804,27.1620977],[88.3595455,27.1621092],[88.3595153,27.1621194],[88.3593861,27.1621494]]}},{"type":"Feature","properties":{"kind":"road","highway":"unclassified","motorable":true,"name":null,"ref":null,"bridge":false,"osm_id":1266786972},"geometry":{"type":"LineString","coordinates":[[88.3598207,27.1632273],[88.3594438,27.1631233],[88.3593631,27.163065],[88.359325,27.1630609],[88.3592972,27.1630737],[88.3592887,27.1631057],[88.3593102,27.1631438],[88.3594805,27.163295],[88.3596216,27.1634276]]}},{"type":"Feature","properties":{"kind":"road","highway":"unclassified","motorable":true,"name":null,"ref":null,"bridge":true,"osm_id":1266786973},"geometry":{"type":"LineString","coordinates":[[88.3599507,27.1632687],[88.3598207,27.1632273]]}},{"type":"Feature","properties":{"kind":"road","highway":"footway","motorable":false,"name":null,"ref":null,"bridge":false,"osm_id":1266786976},"geometry":{"type":"LineString","coordinates":[[88.3614804,27.1650407],[88.3614747,27.1650076],[88.3614491,27.1649573],[88.3614086,27.1649289],[88.3613575,27.1648995],[88.3612978,27.1648767],[88.3612575,27.1648637],[88.3612212,27.1648587],[88.361159,27.1648496],[88.3611369,27.1648456],[88.3610876,27.164829],[88.3610463,27.1648159],[88.3609987,27.1648003],[88.3609523,27.1647892],[88.3608815,27.1647771],[88.3608306,27.164769],[88.3607938,27.1647645],[88.3607666,27.1647635],[88.360736,27.16476],[88.3606852,27.1647591]]}},{"type":"Feature","properties":{"kind":"road","highway":"footway","motorable":false,"name":null,"ref":null,"bridge":false,"osm_id":1266786981},"geometry":{"type":"LineString","coordinates":[[88.3560936,27.158042],[88.3560396,27.1580662],[88.3559925,27.1580721],[88.3559686,27.1580809],[88.3559628,27.1580827],[88.3559494,27.1580868],[88.3559269,27.1581116],[88.3558944,27.1581435],[88.3558632,27.1581665],[88.3558221,27.1581913],[88.3558088,27.1582355],[88.3557876,27.1582603],[88.3557458,27.1582698],[88.3557153,27.1582709],[88.3556808,27.1582715],[88.3556357,27.1582798],[88.3555973,27.1582827],[88.3555615,27.1582904],[88.355519,27.1582963]]}},{"type":"Feature","properties":{"kind":"road","highway":"footway","motorable":false,"name":null,"ref":null,"bridge":false,"osm_id":1266786982},"geometry":{"type":"LineString","coordinates":[[88.3559628,27.1580827],[88.3559709,27.1580968],[88.3559896,27.158114],[88.3560089,27.1581306],[88.3560332,27.1581553],[88.3560564,27.1581774],[88.3560632,27.1582112],[88.356078,27.158246],[88.3560938,27.1582706],[88.3561097,27.1582994],[88.3561278,27.158318],[88.3561521,27.1583276]]}},{"type":"Feature","properties":{"kind":"road","highway":"unclassified","motorable":true,"name":null,"ref":null,"bridge":false,"osm_id":1266800150},"geometry":{"type":"LineString","coordinates":[[88.354089,27.1570022],[88.354067,27.1569815],[88.3540232,27.1569682],[88.3539634,27.1569491],[88.3539228,27.1569425],[88.3538598,27.1569292],[88.353785,27.1569045]]}},{"type":"Feature","properties":{"kind":"road","highway":"footway","motorable":false,"name":null,"ref":null,"bridge":false,"osm_id":1266800152},"geometry":{"type":"LineString","coordinates":[[88.3566198,27.1572773],[88.3566339,27.1572497],[88.3566518,27.1572165],[88.3566588,27.1571971],[88.3566565,27.1571749],[88.3566424,27.1571395],[88.3566214,27.157107],[88.3565996,27.157082],[88.3565684,27.1570508],[88.3565427,27.1570301]]}},{"type":"Feature","properties":{"kind":"road","highway":"footway","motorable":false,"name":null,"ref":null,"bridge":false,"osm_id":1266800153},"geometry":{"type":"LineString","coordinates":[[88.3567463,27.157813],[88.356751,27.1577688],[88.3567289,27.1577042],[88.3567043,27.1577004],[88.3567011,27.1576699],[88.3566402,27.1576471],[88.356606,27.1576329],[88.3566615,27.157573],[88.3566786,27.1575454],[88.3567417,27.1574912],[88.3567459,27.157476],[88.3567331,27.1574485],[88.3567118,27.1574152],[88.3566808,27.1573829],[88.3566487,27.1573515],[88.3566199,27.1573201],[88.3566081,27.157304],[88.3566198,27.1572773]]}},{"type":"Feature","properties":{"kind":"road","highway":"footway","motorable":false,"name":null,"ref":null,"bridge":false,"osm_id":1266800156},"geometry":{"type":"LineString","coordinates":[[88.3558421,27.1580274],[88.3558585,27.1579829],[88.3558494,27.1579756],[88.3558092,27.15797],[88.3557828,27.1579545],[88.3557746,27.1579391],[88.3557883,27.1579253],[88.3558193,27.1579018],[88.355833,27.1578807],[88.3558412,27.1578579],[88.3558375,27.1578385],[88.3558293,27.157823]]}},{"type":"Feature","properties":{"kind":"road","highway":"footway","motorable":false,"name":null,"ref":null,"bridge":false,"osm_id":1266800157},"geometry":{"type":"LineString","coordinates":[[88.3561536,27.1580739],[88.3561823,27.158043],[88.3562024,27.1580235],[88.3562087,27.1579966],[88.3562164,27.1579412],[88.3562443,27.1578898],[88.3562581,27.1578433],[88.3562609,27.1578294],[88.3562581,27.1578112],[88.3562624,27.1577811],[88.3562702,27.1577349]]}},{"type":"Feature","properties":{"kind":"road","highway":"footway","motorable":false,"name":null,"ref":null,"bridge":false,"osm_id":1266800162},"geometry":{"type":"LineString","coordinates":[[88.3556956,27.1590979],[88.3558013,27.1589632],[88.3557979,27.1588928],[88.3558166,27.1588419]]}},{"type":"Feature","properties":{"kind":"road","highway":"footway","motorable":false,"name":null,"ref":null,"bridge":false,"osm_id":1266800164},"geometry":{"type":"LineString","coordinates":[[88.3560353,27.1587806],[88.3561174,27.1587571],[88.3561603,27.1587157],[88.3561824,27.158676],[88.3561788,27.1586606],[88.3561382,27.1586358]]}},{"type":"Feature","properties":{"kind":"road","highway":"footway","motorable":false,"name":null,"ref":null,"bridge":false,"osm_id":1266800169},"geometry":{"type":"LineString","coordinates":[[88.3517403,27.1600298],[88.3518106,27.159914],[88.3518608,27.159856],[88.3519505,27.1598151],[88.3520275,27.1598065],[88.3520862,27.1598227],[88.3521482,27.1598208],[88.3522134,27.1597799],[88.3522807,27.1597562],[88.3523693,27.1597448],[88.3524345,27.1597333]]}},{"type":"Feature","properties":{"kind":"road","highway":"footway","motorable":false,"name":null,"ref":null,"bridge":false,"osm_id":1266800170},"geometry":{"type":"LineString","coordinates":[[88.356332,27.161893],[88.3563547,27.1620086],[88.3563684,27.1620777],[88.3563722,27.1621066],[88.356396,27.1621278]]}},{"type":"Feature","properties":{"kind":"road","highway":"footway","motorable":false,"name":null,"ref":null,"bridge":false,"osm_id":1266800171},"geometry":{"type":"LineString","coordinates":[[88.356332,27.161893],[88.3563811,27.1619122],[88.3564038,27.1619324],[88.3564089,27.1619829],[88.356396,27.1621278]]}},{"type":"Feature","properties":{"kind":"road","highway":"footway","motorable":false,"name":null,"ref":null,"bridge":false,"osm_id":1266800172},"geometry":{"type":"LineString","coordinates":[[88.356396,27.1621278],[88.3563964,27.1621694],[88.3563925,27.1622156],[88.3563759,27.1622497]]}},{"type":"Feature","properties":{"kind":"road","highway":"residential","motorable":true,"name":null,"ref":null,"bridge":false,"osm_id":1268006507},"geometry":{"type":"LineString","coordinates":[[88.353785,27.1569045],[88.3536555,27.1567975],[88.3535702,27.156736],[88.3534587,27.1566395],[88.3533255,27.1565054],[88.3533063,27.1564163],[88.353314,27.1563264],[88.3533212,27.1562963],[88.3533507,27.1563035],[88.3533954,27.1563279],[88.3534553,27.1563731],[88.3535326,27.1564337],[88.3536434,27.1564807],[88.3537613,27.1565034],[88.3538405,27.1564934],[88.353867,27.1564627],[88.3538458,27.1564235],[88.3537074,27.1563478],[88.3536281,27.1562357],[88.3535231,27.1560249],[88.3534505,27.1558565],[88.3533497,27.155677],[88.3532113,27.1555683],[88.3530907,27.1554281],[88.3530716,27.1553941],[88.3530861,27.1553554],[88.3531207,27.1553357],[88.353153,27.155339],[88.3531923,27.1553387],[88.3532435,27.15533],[88.3533023,27.1553066],[88.3533975,27.1552133],[88.3535962,27.1550885],[88.3536462,27.1550481],[88.3537017,27.1549508],[88.3537602,27.1549262],[88.3538156,27.1549755],[88.3538345,27.1550556],[88.3538958,27.1550632],[88.3540067,27.155029],[88.3542544,27.1549483],[88.3544089,27.1549519],[88.3546081,27.1549808],[88.3547585,27.1550514],[88.3548744,27.1551291],[88.3549882,27.155216],[88.3551244,27.1553444],[88.3552276,27.155433],[88.3552325,27.1554595]]}},{"type":"Feature","properties":{"kind":"road","highway":"residential","motorable":true,"name":null,"ref":null,"bridge":false,"osm_id":1268006508},"geometry":{"type":"LineString","coordinates":[[88.3538958,27.1550632],[88.3537963,27.1551302],[88.3537343,27.1552687],[88.3537538,27.1553931],[88.3540139,27.1553994],[88.3541856,27.1553223],[88.3543625,27.1552514],[88.3545236,27.1552278],[88.3546032,27.1552892],[88.3546262,27.1554073],[88.3544952,27.1554845],[88.3543466,27.1554656],[88.354136,27.1555648],[88.3539838,27.1556325],[88.3538794,27.1557161],[88.3539041,27.1557964],[88.3540103,27.1557822],[88.3541766,27.1556862],[88.3543695,27.1556185],[88.3545111,27.1555886],[88.3546155,27.1557539],[88.3545553,27.1557728],[88.3544825,27.1557155],[88.3544112,27.1556939],[88.3543724,27.1557532],[88.3542987,27.1557948],[88.3541749,27.1558153],[88.3540829,27.155883],[88.3540368,27.155998],[88.3540722,27.1560783],[88.3541182,27.1561586],[88.3541979,27.1562403],[88.3543749,27.1562718],[88.3545377,27.1562576],[88.3546574,27.1562168],[88.3547875,27.1562204],[88.3548709,27.1563144],[88.3548932,27.1563777],[88.3548343,27.1564139],[88.3547457,27.1564157],[88.3546574,27.1563705],[88.3545497,27.1563325],[88.3544908,27.1564157],[88.3545212,27.1565025],[88.3545863,27.1565785],[88.3546717,27.1566671],[88.3547875,27.1567359],[88.3549614,27.1567666]]}},{"type":"Feature","properties":{"kind":"road","highway":"footway","motorable":false,"name":null,"ref":null,"bridge":false,"osm_id":1268207458},"geometry":{"type":"LineString","coordinates":[[88.3631364,27.1616504],[88.3632045,27.1616377],[88.3632324,27.1616202],[88.3632314,27.1615687],[88.3632241,27.1615374],[88.363252,27.1615135],[88.3633223,27.1614859],[88.3633946,27.1614538],[88.3634535,27.1614216],[88.3635517,27.1614133],[88.3636241,27.1614023],[88.3636613,27.1613968],[88.3636726,27.1613673],[88.3636747,27.1613306],[88.3636912,27.1613168],[88.3637233,27.1613112],[88.3638349,27.1613168],[88.3638566,27.1612938],[88.3638927,27.1612515],[88.3639196,27.1612441],[88.3639934,27.1612598],[88.3640416,27.161191],[88.3640823,27.1612178],[88.3642062,27.1611139],[88.3642858,27.1610856],[88.3643141,27.1610446],[88.3643725,27.1610541],[88.3643743,27.160895],[88.3643159,27.1608762]]}},{"type":"Feature","properties":{"kind":"road","highway":"secondary","motorable":true,"name":"MDR","ref":"MDR","bridge":false,"osm_id":1271839298},"geometry":{"type":"LineString","coordinates":[[88.3609443,27.163708],[88.3609824,27.1636897],[88.3610474,27.1636674],[88.3612241,27.1636842],[88.3616763,27.1637148],[88.3627453,27.1638563],[88.363147,27.1638816],[88.3635309,27.1638841],[88.3638988,27.1639564],[88.3643538,27.1639728],[88.3644891,27.1640505],[88.3648184,27.1642542],[88.3650997,27.1644332],[88.3655293,27.1646648],[88.365588,27.1646867],[88.3656442,27.164701],[88.3656756,27.1646699],[88.3656868,27.1646123],[88.3656634,27.1642941],[88.3656549,27.1638698],[88.3657805,27.1632788],[88.3658798,27.1631767],[88.3660573,27.1631121],[88.3662692,27.1631062],[88.3665535,27.1630369],[88.3668767,27.1629152],[88.3671004,27.1627009],[88.3671878,27.162543],[88.3672978,27.1622542],[88.367397,27.1620168],[88.3674617,27.1619569],[88.3675915,27.1618509],[88.3677404,27.1617173],[88.3678611,27.1616027],[88.3679349,27.1615299],[88.3679891,27.16149],[88.3680287,27.1614768],[88.368065,27.1614854],[88.3680937,27.1615204],[88.3680985,27.1616039],[88.3681092,27.1616767],[88.3681373,27.161845],[88.368195,27.1621969],[88.368246,27.1623807],[88.3681467,27.1628985],[88.3681735,27.1631658],[88.3684318,27.1635003],[88.3685101,27.1640439],[88.3685798,27.1642174],[88.3686605,27.1642906],[88.3689551,27.1644494],[88.3692778,27.1646243],[88.3697418,27.164787],[88.3700511,27.164927],[88.3703067,27.1650391],[88.3704343,27.1651451],[88.370602,27.1652531],[88.3708584,27.1653672],[88.371238,27.1654985],[88.371478,27.1655904],[88.3716427,27.1656302],[88.3718486,27.1656495],[88.3722051,27.165651],[88.3727357,27.1656044],[88.3729385,27.1656071],[88.3731366,27.1656233],[88.3735388,27.165691],[88.373784,27.1657361],[88.3740103,27.1658231],[88.374135,27.1659252],[88.3742634,27.1660473],[88.3743693,27.1661298],[88.3744782,27.1662034],[88.3745468,27.1662256],[88.3746265,27.1662044],[88.3747767,27.1662209],[88.3748753,27.1661974],[88.3749301,27.1661745],[88.3749047,27.1658934],[88.374974,27.1657671],[88.3750787,27.1657025],[88.3751289,27.1656772],[88.3751786,27.1656521],[88.375256,27.1657301],[88.3753583,27.165795],[88.3754328,27.1658881],[88.3754638,27.1660303],[88.3755058,27.166117],[88.3755617,27.1662642],[88.3756771,27.1664205],[88.3758037,27.166477],[88.3759399,27.1665387],[88.3762371,27.1664774],[88.3764115,27.1664789],[88.3765646,27.1664959],[88.3767093,27.1665561],[88.3768329,27.1666048],[88.3769742,27.1666328],[88.3771506,27.1666226],[88.3773149,27.1666086],[88.3773801,27.1665338],[88.377419,27.1663955],[88.377455,27.16626],[88.3774826,27.1661259],[88.3775727,27.1660362],[88.3778853,27.1657957],[88.3781974,27.1655188],[88.3783137,27.1654838],[88.3784746,27.1654705],[88.3788315,27.165536],[88.3790951,27.1655662],[88.3792363,27.1655809],[88.3793537,27.1655976],[88.3795235,27.1656036],[88.3796965,27.1655942],[88.3798156,27.1655962],[88.3799672,27.165622],[88.3800532,27.1656785],[88.3801161,27.1657687],[88.3802143,27.165836],[88.3802923,27.1658877],[88.3803836,27.1659423],[88.3804503,27.1660195],[88.3805381,27.1660423],[88.3806527,27.1660019],[88.3806847,27.1658208],[88.3806788,27.1655769],[88.3806255,27.1654077],[88.3806089,27.1651972],[88.3804104,27.1650385],[88.3803781,27.164972],[88.3803693,27.1648415],[88.3803516,27.1647932],[88.3801673,27.1647002],[88.3798471,27.1645581],[88.3797691,27.1644581],[88.3797332,27.1643252],[88.3796034,27.1638395],[88.3793162,27.1631964],[88.3792286,27.1630807],[88.3791357,27.1629544],[88.3790073,27.1628477],[88.3789515,27.1627409],[88.3788332,27.1623982],[88.378754,27.1623008],[88.378671,27.1622599],[88.3784514,27.1621802],[88.3783621,27.1621376],[88.378132,27.1618104],[88.3780731,27.1617022],[88.3780712,27.161651],[88.3780756,27.1616091],[88.378087,27.161572],[88.3785074,27.1612567],[88.3788772,27.1609425],[88.3790602,27.1607955],[88.3792506,27.1607084],[88.3794506,27.1606551],[88.3795685,27.1606168],[88.3796653,27.1605672],[88.379734,27.1604253],[88.3797325,27.1602616],[88.3796654,27.1601518],[88.3795253,27.1601223],[88.3792472,27.1599763],[88.3791154,27.1599071],[88.3790183,27.1598041],[88.3789728,27.1596768],[88.37898,27.1594657],[88.3790406,27.1591482],[88.3791056,27.1587588],[88.3791113,27.15847],[88.3790934,27.1581271],[88.3790105,27.1573277],[88.3789132,27.1569195],[88.3788452,27.1566359],[88.3787944,27.1565019],[88.3787335,27.1564312],[88.3786153,27.156326],[88.3784784,27.1562358],[88.3784514,27.1561561],[88.3784429,27.156099],[88.3784581,27.1560388],[88.3785358,27.1559787],[88.3786626,27.1559306],[88.3789332,27.1558555],[88.3790934,27.1558043],[88.3793486,27.1556886],[88.379631,27.1556681],[88.3797845,27.1556706],[88.3799435,27.15559],[88.3801529,27.1553513],[88.3802401,27.1552743],[88.3803637,27.1552591],[88.3804796,27.1553013],[88.3805943,27.1553119],[88.380785,27.1553216],[88.3809864,27.1553472],[88.3811695,27.1553903],[88.3813297,27.1554938],[88.38141,27.155583],[88.3814746,27.1556567],[88.3815646,27.1557286],[88.3816775,27.1557603],[88.3817831,27.1557239],[88.3818754,27.1556752],[88.3819159,27.1554553],[88.3819958,27.1552884],[88.3820695,27.155184],[88.3822058,27.1550541],[88.382394,27.1549903],[88.3827087,27.1548956],[88.382946,27.1547925],[88.383241,27.1546144],[88.3834541,27.1544686],[88.3837122,27.1542131],[88.383939,27.1540551],[88.3840831,27.1539492],[88.3841578,27.1538522],[88.3842414,27.1537766],[88.3843096,27.1537395],[88.3843864,27.1537353],[88.3844675,27.1537177],[88.384842,27.1537163],[88.3852454,27.1537881],[88.3853772,27.1538],[88.3855032,27.1537692],[88.385683,27.153775],[88.3858454,27.1538131],[88.3859836,27.1538751],[88.3861155,27.1539734],[88.3862912,27.1542147],[88.3863705,27.154281],[88.3865605,27.1543381],[88.3866713,27.1543574],[88.3868229,27.1543499],[88.3869894,27.1543613],[88.3872975,27.1544583],[88.3876422,27.1545588],[88.3879398,27.1546779],[88.388178,27.1548582],[88.3883353,27.1550106],[88.3883903,27.1551064],[88.3884139,27.1552391],[88.3884681,27.1553032],[88.3888424,27.1555348],[88.3889707,27.1556139],[88.3891384,27.1557387],[88.3895132,27.1560256],[88.3898875,27.1562036],[88.3900974,27.1562841],[88.3902006,27.156327],[88.3902558,27.1563337],[88.3902982,27.1563286],[88.3903326,27.1563114]]}},{"type":"Feature","properties":{"kind":"road","highway":"unclassified","motorable":true,"name":null,"ref":null,"bridge":false,"osm_id":1273579957},"geometry":{"type":"LineString","coordinates":[[88.3716132,27.1709488],[88.3718047,27.1707336],[88.3721495,27.1703416],[88.3721964,27.1702525],[88.3721729,27.1701219],[88.3721346,27.1699533],[88.3722496,27.1698378],[88.3723858,27.1698472]]}},{"type":"Feature","properties":{"kind":"road","highway":"unclassified","motorable":true,"name":null,"ref":null,"bridge":false,"osm_id":1273579958},"geometry":{"type":"LineString","coordinates":[[88.3702523,27.1700536],[88.3703881,27.1700093],[88.370633,27.169979],[88.370848,27.1699658],[88.3709498,27.1699783],[88.3711396,27.1700226],[88.3715441,27.1702195],[88.3716782,27.1703123],[88.3717357,27.1703957],[88.3719571,27.1701703],[88.3719954,27.1700586],[88.3721346,27.1699533]]}},{"type":"Feature","properties":{"kind":"road","highway":"unclassified","motorable":true,"name":null,"ref":null,"bridge":false,"osm_id":1273579959},"geometry":{"type":"LineString","coordinates":[[88.3642917,27.1713047],[88.3642804,27.1714093],[88.3642838,27.1715296],[88.3643209,27.1715687],[88.3643209,27.1716273],[88.3643699,27.1716904],[88.3643699,27.1717656],[88.3643497,27.1718197],[88.3642821,27.1719234],[88.3642702,27.1719415]]}},{"type":"Feature","properties":{"kind":"road","highway":"unclassified","motorable":true,"name":null,"ref":null,"bridge":false,"osm_id":1273579960},"geometry":{"type":"LineString","coordinates":[[88.3673806,27.169109],[88.3673399,27.1690709],[88.3672881,27.1690429],[88.3671284,27.1689842],[88.3670603,27.1689549],[88.3669922,27.1689255],[88.3669519,27.1689001],[88.3669496,27.1688384]]}},{"type":"Feature","properties":{"kind":"road","highway":"unclassified","motorable":true,"name":null,"ref":null,"bridge":false,"osm_id":1273579961},"geometry":{"type":"LineString","coordinates":[[88.3679015,27.1690518],[88.3678757,27.1690202],[88.3679331,27.1689406],[88.3680822,27.1688781],[88.3681737,27.1688876],[88.3683936,27.1689243]]}},{"type":"Feature","properties":{"kind":"road","highway":"residential","motorable":true,"name":null,"ref":null,"bridge":false,"osm_id":1273579962},"geometry":{"type":"LineString","coordinates":[[88.3681737,27.1688876],[88.3681269,27.1688156],[88.3681205,27.1687361],[88.3681585,27.168633]]}},{"type":"Feature","properties":{"kind":"road","highway":"residential","motorable":true,"name":null,"ref":null,"bridge":false,"osm_id":1273579963},"geometry":{"type":"LineString","coordinates":[[88.3679591,27.1685155],[88.3678697,27.1685291],[88.3677088,27.1685279],[88.3676135,27.1685554],[88.3676082,27.1685828],[88.3676806,27.1686043],[88.3676793,27.1686234]]}},{"type":"Feature","properties":{"kind":"road","highway":"footway","motorable":false,"name":null,"ref":null,"bridge":false,"osm_id":1390875844},"geometry":{"type":"LineString","coordinates":[[88.3545284,27.1627801],[88.3546241,27.1627407],[88.3547241,27.1626598],[88.354864,27.1624253],[88.3548923,27.1621307],[88.35502,27.1619184],[88.355219,27.1617805],[88.3553237,27.1615159],[88.3553592,27.1612234],[88.3553153,27.1612197],[88.3553383,27.1610278],[88.3552273,27.1609235],[88.3545824,27.1608881],[88.354329,27.1610502]]}},{"type":"Feature","properties":{"kind":"road","highway":"unclassified","motorable":true,"name":null,"ref":null,"bridge":false,"osm_id":1476119215},"geometry":{"type":"LineString","coordinates":[[88.3597375,27.1635146],[88.3598168,27.1635798],[88.3600157,27.1636494],[88.3603214,27.1636931],[88.3608364,27.1636735],[88.3609443,27.163708]]}},{"type":"Feature","properties":{"kind":"road","highway":"unclassified","motorable":true,"name":null,"ref":null,"bridge":true,"osm_id":1476119216},"geometry":{"type":"LineString","coordinates":[[88.3596216,27.1634276],[88.3597375,27.1635146]]}}]}