{"type":"FeatureCollection","name":"teesta_west_rgb_0.5m","source":"OpenStreetMap roads, paths and places","licence":"ODbL 1.0 (c) OpenStreetMap contributors","features":[{"type":"Feature","properties":{"kind":"place","place":"village","name":"Assangthang","population":null,"osm_id":4217506952},"geometry":{"type":"Point","coordinates":[88.3285701,27.1550385]}},{"type":"Feature","properties":{"kind":"road","highway":"tertiary","motorable":true,"name":"ODR","ref":"ODR","bridge":false,"osm_id":134410484},"geometry":{"type":"LineString","coordinates":[[88.3229436,27.1601704],[88.3228363,27.1602141],[88.3226991,27.1602696],[88.3225999,27.160291],[88.3225088,27.1602977],[88.3222898,27.1602923],[88.3220498,27.1602555],[88.3219719,27.1602538],[88.3218857,27.1602805],[88.3217728,27.1603314],[88.3216473,27.1603704],[88.3214007,27.1604529],[88.3210819,27.1605158],[88.3206719,27.1606877],[88.3204739,27.1607142],[88.3203185,27.160718],[88.3201588,27.1606953],[88.3200034,27.1606915],[88.3198608,27.1606763],[88.3197564,27.1606214],[88.3196564,27.160521],[88.3195925,27.1604074],[88.3194989,27.1602994],[88.3193945,27.1602274],[88.3192136,27.1601877],[88.3190837,27.1601365],[88.3189745,27.1601248],[88.3188799,27.16005],[88.3188567,27.1599739],[88.3188823,27.1598037],[88.318876,27.1596516],[88.3188097,27.1594759],[88.3186971,27.1593093],[88.3186534,27.1590511],[88.3186266,27.1588079],[88.3185811,27.1585399],[88.318567,27.1582318],[88.3185796,27.1579647],[88.3185846,27.1577212],[88.3186772,27.1575316],[88.3188389,27.1572184],[88.3188751,27.157092],[88.3188866,27.1570064],[88.3188692,27.1569208],[88.3188713,27.1568254],[88.3188427,27.1567376],[88.3187923,27.1565269],[88.3187999,27.1563616],[88.3187589,27.1561665],[88.3187323,27.1559905],[88.3186784,27.155879],[88.3185581,27.1557812],[88.318341,27.1556208],[88.3182224,27.1554956],[88.318145,27.1553673],[88.3178498,27.1550322],[88.3176707,27.1548157],[88.3175517,27.1546081],[88.3174878,27.1544225],[88.3175048,27.1542615],[88.3175836,27.1541649],[88.3177135,27.1541175],[88.3178689,27.154144],[88.318003,27.1541876],[88.3182897,27.1543422],[88.3184472,27.1544388],[88.3185941,27.154543],[88.3187431,27.1546737],[88.3187665,27.1547606],[88.3189926,27.1548681],[88.3191674,27.1550095],[88.3193223,27.1551543],[88.3194548,27.1552685],[88.31953,27.1552995],[88.3195767,27.1552761],[88.319606,27.1552565],[88.3195974,27.1551829],[88.3195076,27.1551051],[88.3194143,27.1550351],[88.3192903,27.1549246],[88.3192079,27.1547806],[88.3192285,27.1546964],[88.3190773,27.1546377],[88.3189411,27.1545279],[88.3187416,27.1543766],[88.3184776,27.1541782],[88.3183882,27.1540911],[88.3183796,27.1540096],[88.3184925,27.1539944],[88.318584,27.1540456],[88.3188751,27.1542021],[88.318973,27.1543195],[88.3190859,27.154435],[88.3191966,27.1544729],[88.3192775,27.1544332],[88.3192711,27.1543536],[88.3191263,27.1541869],[88.3188604,27.1540182],[88.3186826,27.1539168],[88.3184583,27.1538047],[88.3181093,27.1535888],[88.317714,27.1532988],[88.3174534,27.1531371],[88.3172638,27.1530049],[88.3171638,27.1528893],[88.3171276,27.152789],[88.3172077,27.1527094],[88.3173534,27.1526545],[88.31753,27.1525684],[88.3176215,27.1524509],[88.3177054,27.1523313],[88.3177671,27.1521873],[88.3177927,27.1520225],[88.3177936,27.1518816],[88.3177617,27.1516657],[88.3177729,27.1515713],[88.3177855,27.1514869],[88.3178387,27.1514547],[88.317909,27.1514661],[88.3179515,27.1515267],[88.3179429,27.1516552],[88.3179277,27.1518911],[88.3179618,27.1521165],[88.317998,27.1522699],[88.3180555,27.1524707],[88.3180683,27.1526014],[88.3180321,27.1527321],[88.3179888,27.1528442],[88.3179726,27.1529432],[88.3180257,27.1530144],[88.3181193,27.1530674],[88.3182428,27.1530636],[88.3183642,27.1530125],[88.3184493,27.1529215],[88.3185089,27.1528325],[88.3186601,27.1527492],[88.3187715,27.1526858],[88.3187899,27.1526753],[88.3189556,27.1526362],[88.319144,27.1525637],[88.3192322,27.1525131],[88.3193243,27.1525351],[88.3194466,27.1525793],[88.3195084,27.1527352],[88.3195737,27.1528348],[88.3197556,27.1529298],[88.3198848,27.1529753],[88.3199577,27.1530375],[88.3200046,27.1531341],[88.3200152,27.1532042],[88.3199982,27.1533198],[88.3199155,27.1534406],[88.319875,27.1535619],[88.3198516,27.1536502],[88.3198884,27.153791],[88.3199408,27.153912],[88.3200054,27.1540719],[88.3200273,27.1541601],[88.3201158,27.1543056],[88.320187,27.1544449],[88.3202351,27.1545522],[88.3202732,27.1546373],[88.3203221,27.1547907],[88.3203821,27.1549416],[88.3204635,27.1550741],[88.3205415,27.1551617],[88.3206743,27.1552648],[88.3208455,27.1554014],[88.3209836,27.1555016],[88.3211446,27.1556224],[88.3212941,27.1557167],[88.3214694,27.155828],[88.3216112,27.1559461],[88.3217003,27.1560695],[88.3218005,27.1561928],[88.3218875,27.1562685],[88.3220556,27.1562762],[88.3222536,27.1563558],[88.3224165,27.1564315],[88.3226048,27.1565131],[88.322781,27.156579],[88.3231646,27.1566925],[88.3235937,27.1567852],[88.3240362,27.1567949],[88.3242966,27.1567964],[88.3245565,27.1567885],[88.3250509,27.1567379],[88.325395,27.1566961],[88.3256634,27.1566849],[88.3259381,27.1566688],[88.3262695,27.1566931],[88.3264747,27.1566683],[88.3266972,27.1565952],[88.3267794,27.1565831],[88.3269154,27.1565631],[88.3275782,27.1566211],[88.3278752,27.1566011],[88.3287622,27.1564023],[88.3291599,27.1563102],[88.3294289,27.1561647],[88.3296178,27.1560812],[88.3297409,27.1560832],[88.3298443,27.1561784],[88.3300962,27.156229],[88.3307903,27.1562904],[88.331363,27.1564162],[88.3317271,27.1565043],[88.3321271,27.1564163],[88.3324427,27.1561363],[88.3329242,27.1558386],[88.3330214,27.1557884],[88.3332362,27.1558849],[88.3339166,27.1561241],[88.3344033,27.1560828],[88.3347887,27.1561205],[88.3353967,27.1562747],[88.3358563,27.156498],[88.3374236,27.1574083],[88.3376548,27.1574235],[88.3378922,27.1573325],[88.3382479,27.1573361],[88.3386969,27.1573377],[88.3390109,27.1572626],[88.3392778,27.1571038],[88.3396919,27.156783],[88.3399087,27.1566319],[88.3401949,27.1565465],[88.3403657,27.156551],[88.3405572,27.1565205],[88.3406648,27.1564288],[88.3407502,27.1563174],[88.3408692,27.1560649],[88.3409899,27.1559329],[88.3413821,27.1557025],[88.3417564,27.1555861],[88.3419627,27.155619],[88.3421385,27.1557494],[88.3429056,27.1558626],[88.343291,27.1558437],[88.343461,27.1557026],[88.3436649,27.155565],[88.3437825,27.155538],[88.3439617,27.1555296],[88.3440209,27.1555312],[88.3441453,27.1555268],[88.3443249,27.1554241],[88.3445269,27.155333],[88.3448674,27.1552762],[88.3454722,27.1551548],[88.3458046,27.1550196],[88.3460379,27.1550605],[88.3462677,27.1551926],[88.3465364,27.1552335],[88.347353,27.1552681],[88.3476433,27.1552954],[88.3480883,27.1553373],[88.3483393,27.1555763],[88.3486292,27.1559758],[88.3489085,27.1562526],[88.3494516,27.1567009],[88.3495777,27.1568464],[88.3496863,27.1570073],[88.3497933,27.1572295],[88.3499157,27.157566],[88.350037,27.1578719],[88.3501332,27.1580108],[88.3503006,27.1582223],[88.3503382,27.1582748],[88.35036,27.1583365],[88.350471,27.1586286],[88.350581,27.158931],[88.3508989,27.1591371],[88.3512913,27.159395],[88.3516484,27.1598574],[88.3517403,27.1600298],[88.3518463,27.1602286],[88.3518692,27.1603695],[88.3518888,27.1604896],[88.3520968,27.1605629],[88.3521098,27.1606456],[88.3521726,27.1606512],[88.3522372,27.1606717],[88.3522878,27.1606913],[88.3523329,27.1606414],[88.3524277,27.1607763],[88.3525286,27.160801],[88.3528928,27.1609331],[88.3531968,27.1611816],[88.3533736,27.1613609],[88.35372,27.1616283],[88.3539283,27.1619627],[88.3541725,27.1623549],[88.3543754,27.1627321],[88.3543988,27.1629368],[88.3543987,27.1630006],[88.3544192,27.1630663],[88.3544513,27.1630882],[88.3545068,27.1630873],[88.3546234,27.1630455],[88.3547443,27.1629904],[88.3550508,27.1628007],[88.3551461,27.1627612],[88.3552511,27.1627558],[88.3553823,27.1627901],[88.3555013,27.1628667],[88.355604,27.162966],[88.3556695,27.163069],[88.3557854,27.1633338],[88.3561183,27.1641201],[88.3561789,27.1642638],[88.3562817,27.1643843],[88.3569198,27.1648759],[88.357284,27.1651801],[88.357611,27.1653534],[88.3580913,27.1655448],[88.3584432,27.1656624],[88.358531,27.1656839],[88.3585583,27.165688],[88.3589386,27.1657463],[88.3594186,27.1658433],[88.3596395,27.1658626]]}},{"type":"Feature","properties":{"kind":"road","highway":"tertiary","motorable":true,"name":null,"ref":null,"bridge":false,"osm_id":423300896},"geometry":{"type":"LineString","coordinates":[[88.279519,27.1329535],[88.2794524,27.1331149],[88.2794431,27.1331766],[88.2794478,27.1332485],[88.2794843,27.1333233],[88.2794863,27.1334346],[88.2794702,27.1335301],[88.279497,27.1336399],[88.2795162,27.133766],[88.2795024,27.1338452],[88.2794943,27.1340863],[88.2794461,27.1341961],[88.2794058,27.134356],[88.2794997,27.134504],[88.2795989,27.1347785],[88.2796177,27.1352702],[88.2794756,27.1358073],[88.2791698,27.1362537],[88.2788052,27.1365239],[88.2785139,27.1366983],[88.2779332,27.1369805],[88.2779497,27.1370783],[88.2780912,27.1371988],[88.2782314,27.1373678],[88.2792414,27.1379469],[88.2801267,27.1384588],[88.2806578,27.1387703],[88.2813432,27.1392858],[88.2818219,27.1395092],[88.2820701,27.1396934],[88.2821365,27.1397255],[88.2822744,27.1397826],[88.2829518,27.1400788],[88.2836821,27.1402894],[88.2846333,27.1404505],[88.2851637,27.1405942],[88.2853201,27.1406301],[88.2857467,27.1407171],[88.2860353,27.1409039],[88.2862377,27.1410044],[88.2868259,27.1414132],[88.2871274,27.1416743],[88.2872688,27.1417767],[88.288062,27.1423391],[88.2883273,27.1425783],[88.2885024,27.1428633],[88.2887001,27.143107],[88.2887212,27.1431614],[88.2887356,27.1432221],[88.2888178,27.1435521],[88.288847,27.1435923],[88.2888785,27.1436322],[88.2889055,27.1436747],[88.2889311,27.1437231],[88.2889516,27.1437762],[88.2889693,27.1438349],[88.2889761,27.1438902],[88.2889682,27.1439473],[88.2889518,27.1440081],[88.2889214,27.1441409],[88.2889136,27.1442098],[88.2889251,27.1449885],[88.2890048,27.1452857],[88.2890789,27.1454307],[88.2892588,27.1456417],[88.2893053,27.1457284],[88.2893191,27.1457729],[88.2893121,27.1458164],[88.2892912,27.1458511],[88.2892247,27.1459423],[88.2890656,27.1461128],[88.2887787,27.1466003],[88.2885604,27.1467649],[88.2884744,27.1468298],[88.2884077,27.146891],[88.2884005,27.1471143],[88.28865,27.1472943],[88.2890619,27.1474425],[88.289343,27.1475335],[88.2895319,27.1476918],[88.2898603,27.1479696],[88.2899317,27.1480401],[88.2900314,27.1482267],[88.2900846,27.1484068],[88.2903287,27.1484756],[88.2906135,27.1484053],[88.2907804,27.1483559],[88.2910361,27.1482635],[88.2912248,27.148181],[88.291513,27.1480737],[88.2917327,27.1480194],[88.2919808,27.1481173],[88.2921161,27.1482633],[88.292453,27.1485409],[88.292623,27.1486489],[88.2927386,27.1487374],[88.2931056,27.1488504],[88.2933601,27.1488334],[88.2934518,27.1488905],[88.2934574,27.1490143],[88.2933641,27.1491547],[88.2932358,27.149279],[88.2930058,27.1495237],[88.2928579,27.1498597],[88.2928235,27.1499379],[88.2928126,27.1501799],[88.2928648,27.1503113],[88.2931393,27.1505409],[88.2933591,27.1506394],[88.2937061,27.1507091],[88.294163,27.1507175],[88.2945262,27.1507295],[88.2945245,27.1508878],[88.2943777,27.1510385],[88.29433,27.1512353],[88.2943551,27.1513345],[88.2944385,27.1515886],[88.2945031,27.1517027],[88.2945753,27.1518055],[88.295083,27.1525495],[88.2953024,27.1528514],[88.2956066,27.1531864],[88.2956822,27.1533988],[88.2959187,27.1537438],[88.296117,27.1538811],[88.2961891,27.1539436],[88.296471,27.1540938],[88.2968857,27.1541271],[88.2968848,27.1542998],[88.2968371,27.154382],[88.2966958,27.1546281],[88.2966604,27.1548388],[88.2966741,27.1551125],[88.2966756,27.1553107],[88.2966973,27.1555234],[88.2967343,27.1556154],[88.2968124,27.1556925],[88.2969254,27.1557802],[88.2970091,27.1558892],[88.2970617,27.1559879],[88.2971342,27.1562513],[88.2971929,27.1563713],[88.2973042,27.15648],[88.297478,27.1565841],[88.2977428,27.1567076],[88.2979085,27.1568237],[88.298002,27.1569694],[88.2980583,27.1570843],[88.2981297,27.1572834],[88.298188,27.1574321],[88.2982721,27.157565],[88.2983646,27.157641],[88.2984865,27.1576802],[88.2987394,27.1577291],[88.2990201,27.1577678],[88.2991644,27.157806],[88.2993021,27.1578937],[88.299424,27.1580077],[88.299493,27.1581286],[88.2995061,27.1582649],[88.2995073,27.1584321],[88.2995358,27.1585324],[88.2996174,27.1586329],[88.2997584,27.1587663],[88.2998675,27.1588993],[88.2999619,27.159064],[88.3001202,27.1592581],[88.3003233,27.1595069],[88.3003681,27.1596364],[88.3003975,27.1597857],[88.3004222,27.1599423],[88.3004544,27.1600562],[88.300553,27.1601758],[88.3007061,27.1602895],[88.3007584,27.1604198],[88.3007854,27.1605703],[88.300758,27.1607662],[88.300756,27.1608451],[88.3008034,27.1609619],[88.3009147,27.1611236],[88.3010028,27.1612542],[88.3010953,27.1613905],[88.3012024,27.1615183],[88.3013653,27.1616414],[88.301692,27.161837],[88.3020825,27.1620279],[88.3023392,27.1621464],[88.3025241,27.162261],[88.3026091,27.1622853],[88.3026928,27.1622407],[88.3026748,27.1621526],[88.3026181,27.1621123],[88.3024297,27.162028],[88.3018803,27.1617273],[88.3017018,27.1615915],[88.3015739,27.1614861],[88.3015011,27.161377],[88.3014709,27.1612652],[88.3014692,27.1611146],[88.3014897,27.1609675],[88.3014418,27.1605291],[88.3012969,27.1603155],[88.3011857,27.1601653],[88.3011647,27.1600789],[88.3012056,27.1599915],[88.3015004,27.1598818],[88.3016546,27.1597945],[88.301757,27.1597085],[88.3017832,27.1596085],[88.301755,27.1595098],[88.30169,27.1594781],[88.3015784,27.1594619],[88.3014086,27.1594032],[88.3012146,27.1592877],[88.3010128,27.1591399],[88.3009339,27.1590012],[88.3008103,27.158645],[88.3007303,27.1584384],[88.3005734,27.1581569],[88.3005382,27.1580164],[88.3005249,27.1578856],[88.3005262,27.1576738],[88.3005045,27.1574922],[88.300417,27.1573236],[88.3002254,27.1570047],[88.3001468,27.1568376],[88.3001284,27.1566721],[88.3001332,27.1563739],[88.3001078,27.1562358],[88.3000514,27.1561348],[88.2999139,27.1560406],[88.2997695,27.1559303],[88.2996103,27.1557363],[88.2994893,27.1555677],[88.2994471,27.1554695],[88.2994234,27.1553594],[88.2993993,27.1551446],[88.299388,27.1548876],[88.2993901,27.1547699],[88.2995032,27.154461],[88.2996448,27.1541467],[88.2998049,27.1537911],[88.2997821,27.1532814],[88.2996105,27.1530199],[88.2995461,27.1529356],[88.2995394,27.1528472],[88.2995973,27.1526952],[88.2996238,27.1525462],[88.2995396,27.1524692],[88.299209,27.1523727],[88.2989616,27.1522619],[88.2986825,27.1518971],[88.298573,27.1517],[88.2985866,27.1516482],[88.298732,27.1516368],[88.2988416,27.151868],[88.2991038,27.1520462],[88.2993463,27.1520939],[88.2997549,27.1521378],[88.2998058,27.1521397],[88.2999164,27.1523692],[88.2998933,27.1525181],[88.2999875,27.1527512],[88.3004632,27.1528899],[88.3005984,27.1529602],[88.3009306,27.1532689],[88.3010394,27.1533994],[88.3011484,27.1536277],[88.3011182,27.1538686],[88.3010822,27.1540761],[88.3010627,27.1541854],[88.3010758,27.1543239],[88.3011356,27.1545638],[88.3012193,27.1546541],[88.3013889,27.1547147],[88.3016568,27.1547567],[88.3017606,27.154815],[88.3018072,27.1549275],[88.3018423,27.155208],[88.3019071,27.1553707],[88.3019766,27.1554738],[88.3020625,27.1555791],[88.3021093,27.1556503],[88.3021125,27.1557223],[88.3020947,27.1558889],[88.3020384,27.1560381],[88.3020166,27.1561226],[88.3020338,27.1562029],[88.3021004,27.1562581],[88.3022629,27.1563762],[88.3023186,27.156402],[88.3023981,27.1564125],[88.302803,27.1569589],[88.3028707,27.1570737],[88.302929,27.157242],[88.3029717,27.1573104],[88.3030336,27.1573628],[88.3031013,27.1573747],[88.3031699,27.1573602],[88.3034232,27.1571782],[88.3035538,27.1571479],[88.3037024,27.1571432],[88.3038988,27.157173],[88.3041145,27.1572397],[88.3043461,27.1572969],[88.3045754,27.1573479],[88.3047446,27.1573591],[88.305186,27.1573386],[88.3055469,27.1573],[88.305906,27.1572643],[88.3060968,27.1572505],[88.3062007,27.1573237],[88.3062201,27.1574481],[88.3062267,27.1576139],[88.3062626,27.1576925],[88.306326,27.1577741],[88.3064131,27.1578329],[88.3064919,27.1578519],[88.3065435,27.1578433],[88.3066387,27.1577941],[88.306731,27.157758],[88.3068137,27.1577442],[88.306891,27.1577687],[88.3069292,27.1578134],[88.3069474,27.1578456],[88.3069568,27.1578699],[88.3069615,27.15794],[88.3069495,27.1580345],[88.3069354,27.1581394],[88.3069385,27.1583483],[88.3069777,27.1584691],[88.3070184,27.1585327],[88.3070605,27.1586116],[88.3071165,27.1587764],[88.3071293,27.1588689],[88.307131,27.1589468],[88.307117,27.1590239],[88.3071107,27.1590527],[88.3071021,27.1590925],[88.3070945,27.1595301],[88.307101,27.1597085],[88.3070874,27.1598219],[88.3070552,27.1599885],[88.3070378,27.1600719],[88.3070404,27.1601424],[88.3070518,27.160196],[88.3070541,27.1602068],[88.3070862,27.1602638],[88.3071332,27.1603245],[88.3071871,27.1603768],[88.3072939,27.1604626],[88.3074121,27.1606466],[88.3074595,27.1607689],[88.3075989,27.1610812],[88.3077193,27.1613941],[88.3077607,27.1614602],[88.3078168,27.1615114],[88.3078923,27.1615487],[88.3079812,27.1615698],[88.3080742,27.1615797],[88.3081671,27.161581],[88.3087096,27.1616106],[88.3087329,27.1616133],[88.3087718,27.1616336],[88.308797,27.1616614],[88.3088097,27.161699],[88.308804,27.1617375],[88.3087821,27.1617707],[88.3087611,27.161813],[88.3087364,27.1618476],[88.3086164,27.1619536],[88.3085815,27.1619981],[88.3085556,27.1620505],[88.3085368,27.1621111],[88.3085172,27.1621769],[88.3084227,27.162594],[88.3084202,27.1626596],[88.3084257,27.1627293],[88.3084406,27.1628008],[88.3084625,27.1628751],[88.3085426,27.163061],[88.3085902,27.1630942],[88.3086308,27.1631334],[88.3086835,27.1631583],[88.3087368,27.1631835],[88.3087965,27.1632001],[88.3088486,27.1632119],[88.3092656,27.1632388],[88.3093161,27.1632322],[88.3093607,27.1632257],[88.3094014,27.163218],[88.3094384,27.1632093],[88.3095653,27.1631984],[88.3096118,27.1631936],[88.309709,27.1631794],[88.3097939,27.1631689],[88.3098959,27.1631562],[88.3108486,27.1632168],[88.3110747,27.1632691],[88.3113399,27.1636358],[88.3113812,27.1637351],[88.3114505,27.1639794],[88.3114874,27.1641094],[88.3115363,27.1641765],[88.3115906,27.1642348],[88.3116741,27.1642926],[88.3117642,27.1643344],[88.3118656,27.1643733],[88.3119767,27.1644005],[88.3121017,27.1644254],[88.3122139,27.1644509],[88.3122992,27.1644827],[88.3124369,27.1645589],[88.3125299,27.1646188],[88.3126975,27.1646862],[88.3127446,27.1647074],[88.3128829,27.1647699],[88.31309,27.1649025],[88.3131972,27.1650399],[88.3132397,27.1650966],[88.3132748,27.1651326],[88.313308,27.1651764],[88.3133504,27.1652108],[88.3134013,27.1652552],[88.3134647,27.1652841],[88.3135272,27.1653145],[88.3136042,27.165339],[88.3139574,27.1654832],[88.3142206,27.1655529],[88.314382,27.1655956],[88.3147861,27.1656908],[88.3149113,27.1657498],[88.3149701,27.1658489],[88.315038,27.1658918],[88.3151376,27.165939],[88.3153781,27.1659783],[88.3156267,27.166006],[88.3158908,27.1660584],[88.3162155,27.1661583],[88.3165541,27.1662898],[88.3166296,27.1662858],[88.3166953,27.1662746],[88.3167582,27.1662637],[88.3168269,27.1662336],[88.3169108,27.166209],[88.3169372,27.1661937],[88.3169649,27.1661842],[88.3170493,27.1662834],[88.3170706,27.1662993],[88.3170874,27.1663176],[88.3171019,27.1663406],[88.3171194,27.1663674],[88.3171811,27.1664768],[88.317204,27.16653],[88.3173847,27.1667933],[88.3175629,27.167061],[88.317674,27.1673563],[88.3177487,27.1675136],[88.3178569,27.1676562],[88.317974,27.1677352],[88.3181563,27.1678861],[88.3183419,27.1679767],[88.3184157,27.1680062],[88.3185536,27.1680128],[88.3187098,27.1679633],[88.3188237,27.1678958],[88.3190673,27.1677104],[88.3193182,27.167571],[88.3196187,27.1674379],[88.319804,27.1673316],[88.3200155,27.1672124],[88.3202566,27.1670318],[88.3203127,27.1669838],[88.3204593,27.1667041],[88.3205184,27.1665926],[88.3206419,27.166454],[88.320822,27.1663395],[88.3209624,27.1662522],[88.3210143,27.1662263],[88.3210611,27.1662099],[88.3211125,27.1661946],[88.3211854,27.166189],[88.321265,27.1661974],[88.3217262,27.1662827],[88.322012,27.1663942],[88.3222331,27.1664499],[88.3224136,27.1664782],[88.3225962,27.1664973],[88.3227202,27.1665109],[88.3227919,27.1665039],[88.3228687,27.166499],[88.3229469,27.1664836],[88.3230098,27.1664649],[88.3230716,27.1664358],[88.3231122,27.1664107],[88.3231776,27.1663753],[88.3232444,27.1663299],[88.3232865,27.1662918],[88.3233465,27.1662324],[88.3233778,27.1662017],[88.3237685,27.1657578],[88.3238084,27.1656961],[88.3238424,27.1656389],[88.3238729,27.165452],[88.3238942,27.1653758],[88.3239437,27.1653151],[88.3240348,27.1652859],[88.324118,27.1652511],[88.324187,27.16522],[88.3242614,27.1652008],[88.3245819,27.1650814],[88.3246361,27.1650657],[88.3247274,27.1650408],[88.3250031,27.1649883],[88.32528,27.1649259],[88.3254251,27.1648548],[88.3254834,27.1648263],[88.3256153,27.16473],[88.3258329,27.1645181],[88.3260012,27.1643873],[88.3261858,27.1642807],[88.3262989,27.1641927],[88.3263612,27.1641144],[88.3264133,27.1640615],[88.3265216,27.1640211],[88.3266401,27.1639903],[88.3268661,27.1639849],[88.3269368,27.1639623],[88.3269817,27.1639242],[88.3270399,27.1638763],[88.3271008,27.1638201],[88.3274036,27.1634787],[88.3275571,27.1633513],[88.3279699,27.1634255],[88.3282197,27.1633798],[88.3286704,27.1633058],[88.3289821,27.1633127],[88.3293261,27.1632857],[88.329524,27.1631944],[88.3296483,27.1631679],[88.3297362,27.1631753],[88.3299046,27.1632265],[88.3299734,27.1632435],[88.3300353,27.1632343],[88.3300861,27.1632222],[88.3301456,27.1632002],[88.3302054,27.1631525],[88.3302952,27.1630923],[88.3307369,27.1628769],[88.330953,27.1628155],[88.3310731,27.1627947],[88.3312389,27.1627828],[88.3313279,27.1627576],[88.3314168,27.1627025],[88.3316588,27.1625676],[88.332279,27.1623342],[88.3327741,27.1622255],[88.3330535,27.1621759],[88.3332188,27.1621381],[88.3334004,27.1621082],[88.3336301,27.1621594],[88.333682,27.1621996],[88.3337051,27.1622376],[88.3337416,27.1623233],[88.3337618,27.1624088],[88.3337777,27.1624956],[88.3337999,27.1625898],[88.3338437,27.1626647],[88.3338998,27.1627142],[88.3339867,27.1627839],[88.3341233,27.1629103],[88.3341433,27.1629752],[88.3341339,27.16304],[88.3340659,27.1631957],[88.3340414,27.1632537],[88.3340336,27.1633287],[88.3340478,27.1636323],[88.3341552,27.1643162],[88.3341682,27.1646046],[88.3341607,27.164893],[88.3341458,27.1652255],[88.3341323,27.1654858],[88.3341236,27.1657738],[88.3341177,27.1659346],[88.3341268,27.1659891],[88.3341553,27.1660174],[88.3341848,27.1660183],[88.3342091,27.166019],[88.3342431,27.1660014],[88.3342828,27.1659596],[88.3343081,27.1658986],[88.3343816,27.1652596],[88.3344055,27.1651628],[88.3345699,27.1647641],[88.3346455,27.1645416],[88.3347132,27.1642813],[88.3347422,27.1641506],[88.3347724,27.1640928],[88.3347905,27.1640477],[88.3349244,27.1638188],[88.3349778,27.1636977],[88.3350275,27.163542],[88.3350775,27.1633125],[88.3351074,27.163154],[88.3351108,27.1630937],[88.3351014,27.1628835],[88.3350781,27.1627944],[88.3348532,27.1625621],[88.3347503,27.1624142],[88.3344542,27.1619656],[88.3343994,27.1618412],[88.3343771,27.1617285],[88.3343966,27.1615959],[88.3342463,27.1610252],[88.3342345,27.1608855],[88.3341712,27.1607961],[88.3339816,27.160823],[88.3337537,27.1609616],[88.3334644,27.161061],[88.3331694,27.1611362],[88.3325746,27.1612258],[88.3324541,27.1612724],[88.3319825,27.161345],[88.3313424,27.1613182],[88.3311631,27.161318],[88.3306703,27.1615233],[88.3301808,27.1617563],[88.3300352,27.1617996],[88.3298711,27.161771],[88.3294014,27.1615002],[88.328984,27.1614563],[88.3283023,27.1614365],[88.3282367,27.1614346],[88.3275728,27.16156],[88.32729,27.1616479],[88.3269985,27.1617385],[88.3267258,27.1617396],[88.3264579,27.1616652],[88.3263549,27.1616383],[88.3261083,27.1617921],[88.3259083,27.1619526],[88.3255048,27.1619971],[88.3252993,27.1621945],[88.3251608,27.1622032],[88.3249086,27.1621893],[88.3245764,27.1623277],[88.3244932,27.162548],[88.3239847,27.1627645],[88.3234537,27.1628913],[88.3229465,27.1629335],[88.3225486,27.1629077],[88.3221612,27.1630033],[88.321808,27.1629822],[88.3213118,27.1630383],[88.3209712,27.163004],[88.3206079,27.1629054],[88.3204478,27.1629243],[88.3202586,27.1629443],[88.3200545,27.1628868],[88.3198603,27.1628272],[88.3197213,27.1628071],[88.3193259,27.1628428],[88.3191062,27.1628492],[88.3189474,27.162795],[88.3188528,27.1626958],[88.3187621,27.1625262],[88.3186871,27.1623724],[88.3186634,27.1622982],[88.3187118,27.1622549],[88.3187886,27.1622659],[88.3188223,27.1623621],[88.3189058,27.1625138],[88.3189913,27.1626237],[88.3190893,27.1626658],[88.3192426,27.1626628],[88.3195015,27.1626485],[88.3199346,27.1626011],[88.3204996,27.1624438],[88.3207689,27.1624944],[88.3210276,27.1624964],[88.3211843,27.1624666],[88.3212938,27.1624374],[88.3216511,27.1621435],[88.3220209,27.1618924],[88.3224046,27.1617902],[88.3225981,27.1617486],[88.3227105,27.1617208],[88.3228244,27.1617014],[88.3230407,27.1616804],[88.3231796,27.1616346],[88.323347,27.1615077],[88.3235271,27.1613278],[88.3237794,27.161199],[88.3239552,27.1611641],[88.3241347,27.1611233],[88.3243797,27.1610981],[88.3246014,27.1610184],[88.3247236,27.1608916],[88.3248925,27.1607564],[88.3251581,27.1606633],[88.3252871,27.1606964],[88.3254987,27.1607134],[88.3256122,27.1606872],[88.3257073,27.1605943],[88.3257564,27.1604729],[88.3258433,27.1603022],[88.3260988,27.1601798],[88.3264055,27.1600751],[88.3267719,27.1599847],[88.3275237,27.159941],[88.3279307,27.1600395],[88.3281704,27.160104],[88.3290408,27.1601857],[88.3299179,27.160117],[88.3306581,27.1597538],[88.330779,27.1595814],[88.3308667,27.1594573],[88.3309659,27.1594191],[88.3312248,27.1595659],[88.3314471,27.159629],[88.3319445,27.1594724],[88.3321809,27.1593087],[88.332299,27.1591638],[88.3324755,27.1591327],[88.3327281,27.1590015],[88.332948,27.1587833],[88.3330989,27.1586506],[88.3333718,27.1586891],[88.3335757,27.1585815],[88.3338181,27.1584288],[88.3340829,27.1584559],[88.3342892,27.1586292],[88.3343925,27.1587342],[88.3344083,27.1588633],[88.3344354,27.1588917],[88.3347337,27.1588406],[88.3355121,27.1589108],[88.3358625,27.1590019],[88.3358933,27.1590311],[88.3359934,27.1592022],[88.3362595,27.1593153],[88.3363604,27.1595192],[88.3363721,27.1597667],[88.3363804,27.1599465],[88.3365003,27.1601025],[88.3368004,27.1601213],[88.336931,27.1602195],[88.3371501,27.1603907],[88.3374267,27.1605495],[88.3376387,27.1606207],[88.3379062,27.1605845],[88.33822,27.1605127],[88.3384016,27.1604862],[88.3385598,27.1603747],[88.3386275,27.1602137],[88.3388233,27.1599815],[88.3391329,27.1597534],[88.3393904,27.1594401],[88.3394056,27.1594216],[88.339601,27.1592399],[88.3396382,27.1592053],[88.3400327,27.1590651],[88.3405626,27.158904],[88.3409542,27.1587987],[88.3412869,27.1586412],[88.3416777,27.1586534],[88.3418679,27.1587004],[88.3420845,27.1585884],[88.342364,27.1584716],[88.3425791,27.1584292],[88.3427051,27.1583071],[88.3430974,27.1580195],[88.3433511,27.1579934],[88.3436365,27.1579781],[88.3441481,27.1580133],[88.3444507,27.1580434],[88.3448511,27.1579558],[88.3450985,27.1578289],[88.3452423,27.1576558],[88.3453042,27.1573722],[88.3454188,27.1573071],[88.3455539,27.1571848],[88.3456791,27.1569685],[88.3459247,27.1568128],[88.3463897,27.1568272],[88.3467627,27.1567234],[88.3468886,27.1567374],[88.3470858,27.1570443],[88.3472748,27.1574479],[88.34749,27.1575987],[88.3478092,27.1577716],[88.3480058,27.1578679],[88.3481357,27.1579979],[88.3487484,27.1589387],[88.3489161,27.1592413],[88.3489804,27.1594649],[88.3491881,27.1597595],[88.3494276,27.1599461],[88.349586,27.1602055],[88.3496354,27.1603473],[88.3498235,27.1606034],[88.3499731,27.1608761],[88.3500538,27.1610507],[88.3501869,27.1611762],[88.3505479,27.1612585],[88.350903,27.161529],[88.3512087,27.1616848],[88.3514124,27.1618855],[88.3515072,27.1620494],[88.3517435,27.1621462],[88.3519002,27.1621789],[88.3524184,27.1624386],[88.3531128,27.163174],[88.3531525,27.1632419],[88.3532274,27.1634698],[88.3532655,27.1637128],[88.3535188,27.1641595],[88.3537743,27.1643661],[88.3540549,27.1649131],[88.3541495,27.1651324],[88.3542398,27.1653059],[88.3543157,27.1653989],[88.3544033,27.1654614],[88.3546137,27.1654798],[88.3546856,27.1654629],[88.3547694,27.165459],[88.3548948,27.1654864],[88.3550082,27.165528],[88.3554675,27.1658522],[88.3557571,27.1659525],[88.3559266,27.1660351],[88.3560888,27.166151],[88.3564884,27.1664377],[88.3566494,27.1666188],[88.356787,27.1668187],[88.3569161,27.1670932],[88.3571499,27.1671374],[88.3573453,27.1671605],[88.3574992,27.1671608],[88.3575778,27.1671513],[88.3577217,27.1671555],[88.358022,27.1671642],[88.3584262,27.1672091],[88.3587491,27.1672564],[88.3589604,27.1672195],[88.359115,27.1671731],[88.3593145,27.1670268],[88.3593266,27.167018],[88.3594631,27.1669533]]}},{"type":"Feature","properties":{"kind":"road","highway":"unclassified","motorable":true,"name":null,"ref":null,"bridge":false,"osm_id":605853687},"geometry":{"type":"LineString","coordinates":[[88.3031522,27.1355844],[88.3032299,27.1355332],[88.303257,27.135434],[88.3032941,27.1353378],[88.3033921,27.1352536],[88.3035645,27.1351934],[88.3037571,27.1351663],[88.3039328,27.1351393],[88.3040646,27.1350791],[88.3041863,27.1349889],[88.3043399,27.1349042],[88.3044088,27.1348338],[88.3045129,27.134737],[88.3046169,27.1346606],[88.3046812,27.1346444],[88.304786,27.1346143],[88.3049014,27.1346065],[88.3049948,27.1346166],[88.3050972,27.1346503],[88.3051472,27.1346816],[88.3051711,27.1347188],[88.3051731,27.1347497],[88.3051521,27.1347746],[88.3051081,27.1347898],[88.3050437,27.1347815],[88.3049606,27.1347463],[88.3049027,27.1347166],[88.3048652,27.1347079],[88.3048068,27.1347175],[88.3047423,27.1347495],[88.3046964,27.1348023],[88.3046382,27.1348735],[88.3046099,27.1349205],[88.3046006,27.1349729],[88.3046012,27.1350075],[88.3046166,27.1350327],[88.3046515,27.1350476],[88.3047063,27.1350507],[88.3047795,27.1350518],[88.3048702,27.1350653],[88.3049847,27.1350852],[88.3051298,27.1351011],[88.3052228,27.1351304],[88.3052855,27.1351501],[88.3054891,27.1352324],[88.3056502,27.1353036],[88.3058083,27.1354211],[88.3059168,27.1355216],[88.3060721,27.1357588],[88.3062034,27.1359179],[88.3063236,27.136004],[88.3063959,27.1360519],[88.3064365,27.1360907],[88.3064613,27.1361313],[88.3064943,27.1363764],[88.3065061,27.1365383],[88.3065434,27.1366135],[88.3065847,27.1366475],[88.3066301,27.1366707],[88.3066893,27.136672],[88.3067435,27.1366598],[88.3068254,27.1366123],[88.3069065,27.1365656],[88.3069856,27.1365234],[88.3070695,27.1364977],[88.3071459,27.1364852],[88.3072062,27.1364805],[88.3072481,27.1364808],[88.3072793,27.1364739],[88.3072914,27.1364452],[88.3072985,27.1363857],[88.3073347,27.1362487],[88.3073855,27.136138],[88.3074369,27.1360386],[88.307491,27.1359511],[88.3075286,27.1358626],[88.3076195,27.1357333],[88.307766,27.1356707],[88.3078867,27.1356114],[88.3079847,27.1355182],[88.3081442,27.1354358],[88.3082996,27.1353532],[88.3084084,27.1352934],[88.3084834,27.1352191],[88.3086374,27.1350559],[88.3087575,27.1349057],[88.3088482,27.13476],[88.3089279,27.1345585],[88.308955,27.1344401],[88.3089825,27.134311],[88.3090321,27.134164],[88.3090757,27.1341023],[88.3091165,27.1340598],[88.309169,27.134035],[88.3092424,27.1340144],[88.3093475,27.134033],[88.3094998,27.1340902],[88.3096256,27.1341624],[88.3097485,27.1342449],[88.3098242,27.1343178],[88.3098742,27.1343948],[88.3098902,27.1344951],[88.3098901,27.1346335],[88.30988,27.134819],[88.3098735,27.1349778],[88.3098797,27.1351079],[88.3098988,27.135217],[88.3099543,27.1353488],[88.3100267,27.1354632],[88.3101083,27.1355856],[88.3101713,27.1356073],[88.310221,27.1356054],[88.3103335,27.1355704],[88.3104738,27.1355167],[88.3106204,27.1354874],[88.3107436,27.1354832],[88.3109077,27.1355012],[88.3110218,27.1355322],[88.311123,27.1355853],[88.3112156,27.135643],[88.3113084,27.1357191],[88.3113823,27.1357809],[88.3114558,27.1358274],[88.311521,27.1358582],[88.311536,27.1358908],[88.3115276,27.1359025],[88.3115172,27.1359171],[88.3114529,27.135929],[88.3113979,27.1359212],[88.3113099,27.1358984],[88.3111688,27.1358395],[88.3110282,27.1357908],[88.3108943,27.1357711],[88.3107579,27.1357566],[88.310607,27.1357445],[88.3105543,27.1357476],[88.3104772,27.1357678],[88.3104117,27.1358005],[88.3103493,27.1358467],[88.3102648,27.13594],[88.3101736,27.1360122],[88.3100891,27.1360302],[88.3099616,27.1359753],[88.3098298,27.1359272],[88.3097386,27.1358671],[88.3096609,27.1357768],[88.3095933,27.1357077],[88.3095493,27.1356317],[88.3095349,27.1356118],[88.3094133,27.1355427],[88.3093153,27.1355246],[88.3092908,27.1355347],[88.3092274,27.1355607],[88.3091395,27.1356299],[88.3089375,27.135804],[88.3088632,27.1358852],[88.308799,27.1359454],[88.3087348,27.1359814],[88.3086875,27.1360266],[88.3087077,27.1360777],[88.3087821,27.1360777],[88.3088598,27.1360236],[88.3089511,27.1359634],[88.3090828,27.1358912],[88.3091904,27.1358839],[88.3092486,27.1359332],[88.309404,27.1360926],[88.3094987,27.1362159],[88.309573,27.1363152],[88.3096541,27.1363934],[88.3098704,27.1365046],[88.3100157,27.1365948],[88.3101509,27.1366791],[88.310259,27.1367452],[88.3103807,27.1368174],[88.3104922,27.1368655],[88.3105988,27.1369234],[88.3107542,27.1369505],[88.3108111,27.136953],[88.3108387,27.1369685],[88.3108725,27.1370106],[88.3108503,27.1371265],[88.3107319,27.137151],[88.3105771,27.1371804],[88.3104209,27.1371808],[88.3102887,27.1371625],[88.3101478,27.1371147],[88.310009,27.137066],[88.3099033,27.1370137],[88.3098167,27.1369734],[88.3096904,27.1369464],[88.3094437,27.1369467],[88.3093005,27.1369498],[88.3091884,27.1369405],[88.3089924,27.1368771],[88.3088304,27.1368315],[88.3087356,27.1368597],[88.308706,27.136965],[88.308648,27.1371159],[88.3086186,27.1372865],[88.3086031,27.1373918],[88.3086031,27.137479],[88.308563,27.1376165],[88.3085163,27.1377164],[88.3084865,27.1378077],[88.308421,27.1378664],[88.3083729,27.1379276],[88.3082718,27.1379794],[88.3080813,27.137977],[88.3079633,27.1379914],[88.3078629,27.1380302],[88.3077868,27.1380735],[88.3077469,27.1381164],[88.3077112,27.1381656],[88.307729,27.1382049],[88.3077702,27.1382062],[88.3078212,27.1381966],[88.3078748,27.1381489],[88.3079284,27.1380916],[88.3080277,27.1380677],[88.308135,27.1380892],[88.308253,27.138137],[88.3083522,27.138156],[88.3084542,27.1381728],[88.3085588,27.1381393],[88.3086392,27.1380916],[88.3087036,27.1380248],[88.3087599,27.1379579],[88.3088243,27.1378696],[88.308886,27.137829],[88.3089405,27.1378215],[88.3089665,27.1378732],[88.3089048,27.1379568],[88.3088485,27.1380176],[88.3087867,27.1380844],[88.3087381,27.1381608],[88.3086888,27.1382203],[88.3085907,27.1382905],[88.3084863,27.1383733],[88.3083281,27.1384234],[88.3082078,27.1384427],[88.3081119,27.1384936],[88.3080204,27.1385279],[88.3079091,27.1385635],[88.3078476,27.1385745],[88.3077919,27.1385983],[88.3077568,27.1386406],[88.3078157,27.1386909],[88.3079298,27.1386817],[88.3080508,27.1386506],[88.308205,27.1386303],[88.3083281,27.1385881],[88.3084461,27.1385714],[88.308548,27.1385475],[88.30865,27.138538],[88.308709,27.1385212],[88.3087894,27.1384616],[88.308875,27.1384187],[88.3089466,27.1383525],[88.3090386,27.1382621],[88.3090902,27.1382156],[88.3091605,27.1381888],[88.3091901,27.1381936],[88.3092141,27.1382108],[88.3092203,27.1382434],[88.3092097,27.1382735],[88.3091369,27.1383376],[88.309048,27.1384091],[88.308994,27.1384932],[88.3089278,27.1385806],[88.3088216,27.1386525],[88.3087582,27.1387186],[88.3086504,27.1387804],[88.3085483,27.1388434],[88.3084568,27.1388768],[88.3083678,27.1389066],[88.3082824,27.1389359],[88.3082031,27.1389496],[88.3081041,27.1389565],[88.3079575,27.1389867],[88.307898,27.1390095],[88.3078839,27.1390444],[88.3078914,27.1390814],[88.3080428,27.1390413],[88.3081788,27.1390355],[88.3083495,27.1390416],[88.3084783,27.139044],[88.308607,27.1390225],[88.3087358,27.1389652],[88.3089477,27.1388921],[88.3090732,27.138823],[88.309215,27.1387428],[88.3093465,27.1386628],[88.3094739,27.1385924],[88.3095807,27.1385781],[88.309663,27.1385781],[88.3098373,27.1385781],[88.3100117,27.1386163],[88.3101681,27.138674],[88.3105809,27.1388974],[88.3107171,27.1389743],[88.310899,27.139128],[88.3109741,27.1392354],[88.3110224,27.1393476],[88.3110274,27.1393732],[88.3110465,27.1394717],[88.3110465,27.1396054],[88.3110143,27.1397223],[88.3109821,27.1398631],[88.3109176,27.1400173],[88.3109388,27.1401677],[88.3110273,27.1403754],[88.3111239,27.1405926],[88.3111802,27.140688],[88.3113778,27.1408914],[88.311646,27.1411265],[88.3117077,27.1412232],[88.3117747,27.1413306],[88.311811,27.1413629],[88.3118753,27.1414369],[88.3119424,27.1414703],[88.3120684,27.1414392],[88.3121542,27.1413592],[88.3122535,27.1412685],[88.3123487,27.1412232],[88.3124936,27.1411277],[88.3125606,27.1410943],[88.3126559,27.1410048],[88.3127403,27.1408867],[88.3128167,27.1407399],[88.3128557,27.1406289],[88.3129335,27.1404881],[88.3130434,27.1403783],[88.3131587,27.1402658],[88.3132687,27.1402132],[88.3133893,27.1401436],[88.3134864,27.1400494],[88.3135788,27.1399374],[88.3136183,27.1398722],[88.3136827,27.1398053],[88.3138275,27.1397719],[88.3139563,27.1397886],[88.3140517,27.1398054],[88.3142501,27.1398748],[88.3144486,27.1399156],[88.3146096,27.1399295],[88.3149317,27.1399536],[88.3152131,27.1399491],[88.3156044,27.1399657],[88.3157564,27.1399845],[88.3159187,27.1400099],[88.3160594,27.1400254],[88.3161467,27.1400202],[88.3163019,27.140099],[88.3163383,27.1402393],[88.3162706,27.1403132],[88.3161846,27.1403045],[88.3160689,27.1402209],[88.3159534,27.1401937],[88.3157914,27.140176],[88.3155929,27.1401748],[88.3154496,27.1401748],[88.3153197,27.140181],[88.3152139,27.1401951],[88.3150745,27.1402703],[88.3149617,27.14033],[88.314842,27.1403538],[88.3146607,27.1403248],[88.3144838,27.1403311],[88.3142853,27.1403576],[88.3141193,27.1404113],[88.3140003,27.140478],[88.3138365,27.1406052],[88.3136981,27.1407007],[88.3135699,27.1408153],[88.3134463,27.1409224],[88.3133009,27.1410848],[88.3132073,27.1412029],[88.3131027,27.1413545],[88.3129978,27.1415096],[88.3129085,27.1419193],[88.3129719,27.1419616],[88.313022,27.142061],[88.3129514,27.1421395],[88.3129096,27.1422193],[88.3128485,27.142304],[88.3127362,27.1423623],[88.3125428,27.1424544],[88.3124182,27.1425955],[88.3123594,27.1427293],[88.3122602,27.1427937],[88.3121046,27.1428081],[88.3119383,27.1427818],[88.3117786,27.1427673],[88.3116406,27.1427742],[88.3113995,27.1427943],[88.311139,27.1428271],[88.3109572,27.1428312],[88.3107886,27.1428183],[88.3106643,27.1427866],[88.3105597,27.1427556],[88.3104926,27.142715],[88.3103974,27.1426018],[88.3103215,27.142469],[88.3102605,27.1423786],[88.3101814,27.1423056],[88.3100393,27.1422686],[88.3099186,27.1422663],[88.3097631,27.1422639],[88.3096316,27.1422352],[88.3094949,27.1421612],[88.309392,27.1420529],[88.3093326,27.1419403],[88.3092879,27.1417876],[88.309226,27.1416471],[88.3091689,27.1415131],[88.3090711,27.1414271],[88.3090473,27.1414151],[88.3089745,27.1413783],[88.3088862,27.1413989],[88.3088057,27.1414334],[88.3087307,27.1415085],[88.3086821,27.1416027],[88.3086875,27.1417793],[88.3087049,27.141981],[88.3087175,27.1422162],[88.3086926,27.1424306],[88.3086524,27.1425616],[88.3086011,27.1427209],[88.3085923,27.1427405],[88.3085479,27.1428398],[88.3084593,27.1429462],[88.30836,27.1430431],[88.3082691,27.1430706],[88.3080921,27.1431088],[88.3079311,27.1431327],[88.3077492,27.1432109],[88.30772,27.1432268],[88.3076767,27.143253],[88.3075455,27.1432521],[88.307395,27.1432375],[88.307282,27.1432411],[88.3070408,27.1432731],[88.3069547,27.1433164],[88.3069206,27.1433409],[88.3068521,27.1433901],[88.3067271,27.1434923],[88.3065735,27.1436158],[88.3063917,27.1437859],[88.306295,27.1438821],[88.3062287,27.1440182],[88.3062046,27.1441082],[88.3061503,27.144186],[88.3060615,27.144244],[88.3057478,27.1443022],[88.3055064,27.1443237],[88.3054128,27.1443056],[88.3053362,27.1442773],[88.3052046,27.1442181],[88.3048545,27.1440581],[88.3047563,27.1439974],[88.3046432,27.1439136],[88.3045541,27.1438297],[88.3044711,27.1437492],[88.3043939,27.1436886],[88.304375,27.1436811],[88.3043512,27.1436823],[88.3043289,27.1436906],[88.3043165,27.1437098],[88.3043141,27.1437263],[88.3043166,27.1437416],[88.304324,27.1437678],[88.3043718,27.1438473],[88.3044223,27.1439396],[88.3044858,27.1440473],[88.3045602,27.1441868],[88.3046042,27.144255],[88.304634,27.1442929],[88.3047108,27.1443394],[88.3048888,27.1444333],[88.3049594,27.1444683],[88.3051174,27.1445722],[88.3052783,27.1446537],[88.3054821,27.1447397],[88.3056967,27.1448065],[88.3058766,27.1448635],[88.3059771,27.1448689],[88.306012,27.1448708],[88.3065692,27.1447896],[88.3066926,27.1447347],[88.3067482,27.1446532],[88.3068184,27.1444965],[88.3068688,27.1444128],[88.3069122,27.1443263],[88.3069442,27.1442594],[88.3069892,27.1441834],[88.3070482,27.1440951],[88.307142,27.1440044],[88.3072384,27.1439646],[88.3072574,27.1439567],[88.3074693,27.1439376],[88.3076141,27.1439853],[88.3077159,27.1440377],[88.3078212,27.1442234],[88.3079365,27.1443308],[88.3080304,27.1444001],[88.3081162,27.1444215],[88.3082136,27.1444094],[88.3083252,27.1444017]]}},{"type":"Feature","properties":{"kind":"road","highway":"tertiary","motorable":true,"name":null,"ref":null,"bridge":false,"osm_id":605861242},"geometry":{"type":"LineString","coordinates":[[88.3156943,27.1494274],[88.3157886,27.1494087],[88.3159925,27.1494254],[88.3161213,27.1494373],[88.31625,27.1494111],[88.3163894,27.1493585],[88.3165451,27.149269],[88.316769,27.1491711],[88.3170359,27.1490137],[88.3173188,27.1488669],[88.317516,27.1488012],[88.317976,27.1486783],[88.3182522,27.1486114],[88.3185272,27.1485006],[88.3186559,27.1484481],[88.3188303,27.148429],[88.3189939,27.1484314],[88.319179,27.1484159],[88.3193453,27.1484159],[88.319474,27.1484039],[88.319584,27.1483562],[88.3196926,27.1483442],[88.3198616,27.1483251],[88.3200077,27.1483155],[88.3201445,27.1482988],[88.320276,27.1482416],[88.3203672,27.1481938],[88.3205388,27.1480959],[88.3206761,27.1480622],[88.3208637,27.1480989],[88.3210383,27.1481235],[88.3212001,27.1481386],[88.3214236,27.1481292],[88.3217826,27.1480738],[88.3219614,27.1480378],[88.322053,27.1480381],[88.3220803,27.148051],[88.3221498,27.148125],[88.3222119,27.1482502],[88.3221841,27.1483718],[88.3221329,27.1484826],[88.3221267,27.1485921],[88.3221186,27.1486574],[88.3221643,27.1487443],[88.3222387,27.1488261],[88.322343,27.1488943],[88.3224388,27.1489625],[88.3225103,27.1490278],[88.3225663,27.1491447],[88.3226119,27.1493167],[88.3226502,27.1494247],[88.3226907,27.1495232],[88.3227396,27.1496122],[88.3227822,27.1496615],[88.3228354,27.1496596],[88.3228716,27.149616],[88.3228482,27.1495156],[88.3227907,27.1494133],[88.3227888,27.1492809],[88.3227669,27.1491037],[88.322752,27.1489654],[88.3226517,27.1488981],[88.322558,27.1487636],[88.3224708,27.1486613],[88.3224501,27.1485741],[88.3224783,27.1484241],[88.3225261,27.1483095],[88.322599,27.148185],[88.322708,27.14806],[88.3227672,27.1479554],[88.3227937,27.1478324],[88.3227913,27.1476973],[88.3227692,27.1474609],[88.3227814,27.1473147],[88.3228451,27.1470675],[88.3228077,27.1469304],[88.3227161,27.1468587],[88.3225631,27.1468081],[88.322332,27.146763],[88.3221167,27.1467278],[88.3219834,27.1467294],[88.3218705,27.1467715],[88.3216611,27.146876],[88.3214404,27.1469715],[88.3212892,27.1470606],[88.3211338,27.1471705],[88.3210546,27.1471974],[88.3209891,27.1472197],[88.3208158,27.1472418],[88.3205846,27.1472588],[88.3203449,27.147263],[88.3201811,27.1472827],[88.3200419,27.1472878],[88.319982,27.1472776],[88.3199654,27.1472238],[88.3200127,27.1471843],[88.3201582,27.1471606],[88.3203822,27.1471184],[88.3205335,27.147036],[88.3207028,27.146957],[88.3208764,27.1468097],[88.3210758,27.1466834],[88.3212566,27.1465434],[88.3213473,27.1464632],[88.321453,27.1463663],[88.3215328,27.1462897],[88.3215994,27.146251],[88.3217751,27.1462375],[88.3219484,27.1462317],[88.3221081,27.1462091],[88.322398,27.1461997],[88.322606,27.1462183],[88.3227188,27.1462554],[88.3228473,27.1462897],[88.3230383,27.1462903],[88.3231716,27.1462818],[88.3233269,27.1462492],[88.3234437,27.1461986],[88.3235355,27.146214],[88.3236022,27.1462922],[88.3236973,27.1464668],[88.323763,27.1466031],[88.3237579,27.1467174],[88.3237791,27.1468199],[88.3238371,27.1469465],[88.3239495,27.1470932],[88.3240073,27.1471812],[88.3241488,27.1473221],[88.3243257,27.1474244],[88.3244199,27.1474308],[88.3244763,27.1473833],[88.3244128,27.1472867],[88.3242683,27.1472251],[88.3241902,27.1471776],[88.3241451,27.1470417],[88.3240368,27.1467703],[88.324054,27.1466603],[88.3240671,27.1464586],[88.3240764,27.1462891],[88.3241196,27.1461519],[88.3241159,27.1460291],[88.3239723,27.1458348],[88.3237949,27.1457251],[88.3235938,27.14573],[88.3234327,27.1457794],[88.3232717,27.1457754],[88.323069,27.1457213],[88.322805,27.1456512],[88.3224092,27.1455604],[88.3221726,27.1454701],[88.3218646,27.1453208],[88.3217514,27.1452874],[88.3215843,27.1453092],[88.3213845,27.145343],[88.3211354,27.1453524],[88.3209997,27.1453954],[88.3208997,27.1454807],[88.3207749,27.1456004],[88.3205834,27.1456888],[88.3201704,27.1458536],[88.3199566,27.1459107],[88.3198097,27.1459031],[88.3196181,27.1458652],[88.3192492,27.145807],[88.3189453,27.1457574],[88.3185847,27.1456928],[88.3181671,27.1457197],[88.3179853,27.1457304],[88.317849,27.1456834],[88.3177319,27.1456095],[88.317602,27.1455413],[88.3174083,27.1455148],[88.3171486,27.1454977],[88.3169868,27.1454504],[88.3168122,27.1453784],[88.3167051,27.145292],[88.3166178,27.144983],[88.3165559,27.1447598],[88.3164511,27.1445504],[88.3163311,27.1444653],[88.3161991,27.1444104],[88.3160054,27.1443459],[88.3159023,27.1442494],[88.3158171,27.1441543],[88.3157335,27.1439655],[88.31559,27.143872],[88.3154732,27.1438212],[88.3152794,27.1437378],[88.3151475,27.1436224],[88.3150751,27.1435467],[88.3150219,27.1434463],[88.3149985,27.1433174],[88.3149495,27.1431072],[88.3149087,27.1429333],[88.3148774,27.1427261],[88.3148869,27.1426093],[88.3149104,27.1425174],[88.3149165,27.142371],[88.3149055,27.1422794],[88.3148651,27.1421677],[88.3147504,27.142013],[88.3146003,27.1418946],[88.3144768,27.1418643],[88.3142793,27.1418721],[88.3141133,27.1419024],[88.3139222,27.1419424],[88.3137371,27.142027],[88.313653,27.1421105],[88.3135891,27.1422488],[88.3135699,27.1423739],[88.3135721,27.142497],[88.3135763,27.1426353],[88.3135183,27.1426929],[88.313497,27.1428009],[88.3134012,27.142924],[88.3133054,27.1430168],[88.3132118,27.1431286],[88.3131074,27.1432025],[88.3130349,27.1432862],[88.3128827,27.1433399],[88.3128099,27.143412],[88.3127354,27.1435105],[88.3126652,27.1436033],[88.3125822,27.1436583],[88.3124395,27.1436355],[88.312216,27.1435446],[88.3120393,27.1434726],[88.3118221,27.143395],[88.3113182,27.1433858],[88.3110945,27.1433872],[88.3108959,27.1433996],[88.3107788,27.1434773],[88.310683,27.143517],[88.3105804,27.1435034],[88.3102574,27.1434158],[88.3099434,27.143408],[88.3095906,27.1433308],[88.3092363,27.1432557],[88.3090366,27.1432417],[88.3089599,27.1432739],[88.3089046,27.1433553],[88.3088486,27.1434709],[88.3087906,27.1435579],[88.3087259,27.1436985],[88.3086554,27.1438394],[88.308576,27.1439813],[88.308479,27.1441222],[88.3083523,27.1443188],[88.3083252,27.1444017],[88.308421,27.1443717],[88.3084912,27.1443129],[88.3085806,27.1442353],[88.3086605,27.1441367],[88.3087407,27.1440035],[88.3087962,27.1439249],[88.3088575,27.1438506],[88.3089099,27.1437663],[88.3089715,27.1436888],[88.3090631,27.1436243],[88.3091908,27.1436168],[88.3092994,27.143645],[88.3097167,27.1438704],[88.3098572,27.1439102],[88.3100267,27.1439621],[88.3101836,27.1440162],[88.3104398,27.1441119],[88.3105275,27.1441599],[88.310738,27.1442297],[88.310838,27.1442069],[88.3109876,27.1441516],[88.3111005,27.1441459],[88.3111537,27.1441781],[88.3111564,27.1442373],[88.3110823,27.1442901],[88.3109547,27.1443664],[88.3108525,27.14441],[88.3107379,27.1444276],[88.310515,27.1443694],[88.3104238,27.1443505],[88.3102769,27.1443296],[88.3101619,27.1443618],[88.3100491,27.1444395],[88.3099372,27.1444727],[88.3098286,27.1444954],[88.3096098,27.1444954],[88.3094906,27.1445144],[88.3094268,27.1445693],[88.3093927,27.1446318],[88.3092973,27.1447835],[88.3092015,27.1448461],[88.3090738,27.1449086],[88.3089269,27.1449749],[88.3088396,27.1450639],[88.3087884,27.1451801],[88.308754,27.1453913],[88.30872,27.1455712],[88.308671,27.1457133],[88.3085986,27.1458497],[88.3085113,27.1459596],[88.3083708,27.1460505],[88.30824,27.1461465],[88.3081428,27.1462162],[88.3079859,27.1463407],[88.3079348,27.1464222],[88.3079135,27.1465093],[88.3079149,27.1465532],[88.3079435,27.1466009],[88.3079841,27.1466367],[88.3080331,27.1466558],[88.3080789,27.1466544],[88.3081164,27.14664],[88.3082285,27.1465439],[88.3083379,27.1464541],[88.3084885,27.1463836],[88.3086448,27.1463336],[88.3088035,27.1462297],[88.3089333,27.1461369],[88.3090326,27.1460185],[88.3090845,27.1459039],[88.3090909,27.1457978],[88.309123,27.1456643],[88.3091668,27.1455859],[88.30922,27.1455083],[88.3093201,27.1454533],[88.3094697,27.1454163],[88.3096188,27.1454117],[88.3097487,27.1453378],[88.3098807,27.1453109],[88.3100595,27.1453245],[88.3103724,27.1454011],[88.3105299,27.1455015],[88.3107236,27.1456133],[88.3108715,27.1457156],[88.3109568,27.1457804],[88.3109948,27.1458059],[88.3110217,27.1458221],[88.3110502,27.1458326],[88.3111115,27.1458451],[88.3113233,27.145853],[88.3114107,27.1458673],[88.3114964,27.1458955],[88.311688,27.1459732],[88.3119253,27.1460593],[88.312141,27.1460987],[88.3123731,27.1461082],[88.3126438,27.1461178],[88.3128511,27.1461246],[88.3128877,27.1461301],[88.3129029,27.1461341],[88.3129162,27.1461437],[88.3129259,27.1461566],[88.3129304,27.1461685],[88.3129307,27.1461898],[88.3129222,27.1462083],[88.3129059,27.1462274],[88.3128819,27.1462432],[88.3128526,27.1462516],[88.3128088,27.1462546],[88.312721,27.1462499],[88.3125792,27.1462461],[88.312454,27.1462477],[88.3123595,27.1462575],[88.3121913,27.1462956],[88.3120156,27.1463167],[88.3118863,27.1463096],[88.3116856,27.1462901],[88.3114625,27.1462441],[88.3112781,27.1462203],[88.3111184,27.1462386],[88.3109643,27.1462338],[88.3108002,27.146195],[88.3106896,27.1461664],[88.310576,27.1461582],[88.3104623,27.146173],[88.3103295,27.1462169],[88.3102022,27.1462779],[88.3100917,27.1463277],[88.3099821,27.1463795],[88.3099164,27.1464537],[88.3098861,27.1465196],[88.309896,27.1465877],[88.3099232,27.1466476],[88.3099422,27.1467047],[88.3099616,27.1467718],[88.3099584,27.1468388],[88.309937,27.1469918],[88.3099123,27.1472083],[88.3098978,27.1474363],[88.3098817,27.1476643],[88.3098723,27.1478438],[88.3098958,27.1480178],[88.3099499,27.1481105],[88.3100351,27.1481795],[88.3100744,27.148224],[88.3100992,27.1482826],[88.3101359,27.148415],[88.3101669,27.1485332],[88.3101935,27.148602],[88.3102719,27.1487094],[88.310325,27.1487813],[88.3104239,27.1489149],[88.3107245,27.1491945],[88.3108299,27.1493104],[88.310877,27.1493504],[88.310924,27.14938],[88.3109822,27.1493844],[88.3110416,27.1493575],[88.3110765,27.1493158],[88.3110905,27.1492782],[88.311075,27.1492313],[88.3109947,27.1491454],[88.3108982,27.1490439],[88.3107792,27.1489375],[88.3106864,27.148831],[88.310589,27.1486688],[88.3104996,27.1485125],[88.3104157,27.1483025],[88.3103909,27.1482122],[88.3103989,27.1481547],[88.3104371,27.1481083],[88.3105276,27.1480251],[88.310614,27.1479225],[88.3106605,27.1478172],[88.3106823,27.1477283],[88.3107219,27.1476569],[88.310779,27.1475967],[88.3109291,27.1475013],[88.3110827,27.1474183],[88.3112322,27.1473393],[88.311338,27.1472648],[88.311369,27.1472518],[88.3113987,27.1472393],[88.311485,27.1472231],[88.3116438,27.1472475],[88.3119867,27.1473773],[88.312189,27.1474423],[88.3123735,27.147502],[88.3124843,27.1475725],[88.3125855,27.1476459],[88.3129235,27.1479783],[88.3131176,27.1481877],[88.3132826,27.1483071],[88.313504,27.1484112],[88.313637,27.1484776],[88.3137956,27.1485211],[88.3138936,27.1485527],[88.3140365,27.14867],[88.314198,27.1487844],[88.3143938,27.1489095],[88.3145961,27.1489947],[88.3147696,27.1490687],[88.3149307,27.149099],[88.31519,27.1491462],[88.3153642,27.1492561],[88.3156943,27.1494274],[88.3157982,27.1494688],[88.3158877,27.1494911],[88.31609,27.1495158],[88.3162033,27.1495192],[88.3163609,27.1494776],[88.3165819,27.1494016],[88.3167702,27.1493472],[88.3171173,27.1492382],[88.3172973,27.1491787],[88.3174998,27.1491305],[88.3176544,27.1491252],[88.3178673,27.1491612],[88.3180163,27.1491726],[88.3181464,27.1491735],[88.3182824,27.1491745],[88.3185564,27.1492221],[88.3188159,27.1492856],[88.3189905,27.1492875],[88.3192519,27.1492667],[88.3194435,27.1492118],[88.3196287,27.1491796],[88.3198395,27.1491841],[88.3200183,27.1492485],[88.3201844,27.1493433],[88.3203354,27.1494447],[88.3203605,27.1495186],[88.320404,27.1496466],[88.3204262,27.1500992],[88.3204305,27.1502754],[88.3205399,27.1504874],[88.3206421,27.1507034],[88.3207528,27.150872],[88.3208635,27.1510008],[88.3209954,27.1511201],[88.3211721,27.1512413],[88.3214723,27.1513986],[88.3215922,27.151471],[88.3218029,27.1515182],[88.3220045,27.1515236],[88.3221633,27.1515837],[88.3222506,27.1517333],[88.3223591,27.1518849],[88.3224316,27.1520024],[88.3224752,27.152073],[88.3224986,27.1522169],[88.3224224,27.1525475],[88.3224203,27.1526839],[88.3224567,27.1528362],[88.3225183,27.1530264],[88.3225744,27.1531861],[88.3225936,27.1533736],[88.3226155,27.1536054],[88.3226836,27.1536868],[88.3228114,27.153774],[88.3230264,27.15388],[88.3232733,27.1540069],[88.3235437,27.154149],[88.3237271,27.15428],[88.3238316,27.1543697],[88.323975,27.1543528],[88.324144,27.1542646],[88.3243633,27.1541585],[88.3246273,27.1540448],[88.3247886,27.1539877],[88.3251283,27.1538468],[88.3255405,27.1536784],[88.3259258,27.1535161],[88.326257,27.1534319],[88.3266253,27.1533988],[88.3268484,27.1533627],[88.3273451,27.1532545],[88.3275648,27.1531643],[88.3277844,27.1530109],[88.327923,27.1528215],[88.3280649,27.1526651],[88.3281912,27.1526187],[88.328386,27.1525629],[88.3287442,27.1525208],[88.3290855,27.1525839],[88.3294133,27.152599],[88.3297614,27.152629],[88.3301109,27.1526266],[88.3301473,27.1526403],[88.3301961,27.1526633],[88.3302096,27.1527049],[88.3301555,27.1527951],[88.3299371,27.1529027],[88.3298256,27.1530109],[88.3297208,27.1531252],[88.3296025,27.1531582],[88.3294032,27.1531402],[88.3292308,27.1531312],[88.3290348,27.1531673],[88.3287577,27.1532394],[88.3285211,27.1533236],[88.328288,27.1533717],[88.3281325,27.1533838],[88.3275758,27.1534866],[88.3272692,27.1535665],[88.3271737,27.1536389],[88.3269204,27.153842],[88.3269183,27.1538912],[88.326946,27.1539291],[88.3269885,27.1539405],[88.3270808,27.1538892],[88.3271766,27.1538101],[88.3272681,27.1537438],[88.3274155,27.1537033],[88.3275006,27.1537071],[88.3275411,27.1537696],[88.3275198,27.1538265],[88.327407,27.1538681],[88.3272536,27.1539668],[88.3271373,27.1540524],[88.3269938,27.1541227],[88.3268618,27.1542136],[88.3267426,27.1542629],[88.3266284,27.154277],[88.326463,27.1542844],[88.3263076,27.1542957],[88.3261738,27.1543339],[88.3260256,27.1543713],[88.3258481,27.154442],[88.3256741,27.1545325],[88.3255094,27.1546005],[88.3253625,27.154658],[88.3251979,27.1547532],[88.3250066,27.154851],[88.3248261,27.1548925],[88.3245677,27.1549252],[88.3242638,27.154973],[88.3240263,27.1550187],[88.3238175,27.1550773],[88.3235792,27.1551523],[88.3234355,27.1551687],[88.3233275,27.1551585],[88.3232691,27.155134],[88.3231471,27.1550757],[88.3230457,27.1549949],[88.3229652,27.1548905],[88.3228702,27.1547717],[88.322834,27.1547187],[88.3226538,27.154651],[88.3224857,27.1546188],[88.3223899,27.1545752],[88.3223023,27.154478],[88.322252,27.1543727],[88.3221699,27.1542723],[88.3221152,27.1541738],[88.32201,27.1540793],[88.3219246,27.1539853],[88.3218065,27.1538725],[88.3216809,27.1537474],[88.3215596,27.153666],[88.3214468,27.1536035],[88.3213467,27.1535467],[88.321302,27.1534785],[88.3212381,27.15338],[88.3212105,27.1533099],[88.3211764,27.1532493],[88.3211168,27.1532208],[88.32107,27.1532796],[88.3211019,27.1533856],[88.3211499,27.153494],[88.3212072,27.1536176],[88.3212678,27.153731],[88.3213222,27.1538404],[88.3214198,27.1540016],[88.3214241,27.1540717],[88.3213793,27.1540849],[88.3212249,27.1539528],[88.3211217,27.1538518],[88.321038,27.1537948],[88.3209656,27.1537891],[88.3209486,27.1538459],[88.3209954,27.1539293],[88.3211211,27.1540657],[88.3212339,27.1541907],[88.3213127,27.1542721],[88.3214867,27.1543746],[88.3216265,27.1544928],[88.32175,27.1546515],[88.3218575,27.1548578],[88.3218904,27.1549535],[88.3219154,27.1550601],[88.3219189,27.1551991],[88.3219588,27.1553217],[88.3220535,27.1554144],[88.3222738,27.1555586],[88.322398,27.1556473],[88.3224969,27.155794],[88.3226234,27.155904],[88.3227983,27.1560365],[88.3228987,27.1561038],[88.3231392,27.1561474],[88.3232479,27.1561633],[88.323412,27.1561873],[88.3236375,27.156205],[88.3238966,27.1562464],[88.3241024,27.1562661],[88.3243846,27.1562478],[88.3246848,27.15628],[88.324777,27.1562961],[88.3250318,27.1563406],[88.325234,27.1563671],[88.3254639,27.1564278],[88.3256406,27.1565073],[88.3258173,27.1566134],[88.3259381,27.1566688]]}},{"type":"Feature","properties":{"kind":"road","highway":"unclassified","motorable":true,"name":null,"ref":null,"bridge":false,"osm_id":605861244},"geometry":{"type":"LineString","coordinates":[[88.3224046,27.1617902],[88.3222579,27.1618033],[88.3220516,27.1617763],[88.3218395,27.1618589],[88.3216074,27.161983],[88.3213964,27.1620634],[88.321236,27.1621727],[88.3210636,27.1621973],[88.3208017,27.162167],[88.320525,27.1621424],[88.3203525,27.1621462],[88.3202652,27.162131],[88.3201716,27.1620818],[88.3200268,27.1620344],[88.3198608,27.1620193],[88.3197011,27.1620704],[88.3195521,27.1621064],[88.319418,27.1621178],[88.3193009,27.1621045],[88.3192008,27.1620761],[88.3191306,27.1620155],[88.3191135,27.1619416],[88.3190773,27.1618393],[88.3190092,27.1617314],[88.3189134,27.1616783],[88.3187942,27.1616651],[88.3184834,27.161703],[88.3183024,27.1617143],[88.3181406,27.1616708],[88.3179261,27.1616402],[88.317802,27.1615882],[88.3176295,27.1614925],[88.3175408,27.1613414],[88.3175058,27.1612067],[88.3174957,27.1611893],[88.3173951,27.161016],[88.3173346,27.1608357],[88.3172264,27.1606139],[88.3171321,27.1604503],[88.3170763,27.1603198],[88.3170147,27.1600758],[88.3169835,27.1599387],[88.3169712,27.1598298],[88.3169738,27.1597342],[88.317025,27.159568],[88.3170282,27.1594077],[88.3170019,27.1592479],[88.3169468,27.1591832],[88.3168846,27.1590937],[88.3168322,27.1589325],[88.3167784,27.1588498],[88.3166696,27.1586856],[88.3164844,27.1585776],[88.3162992,27.1584791],[88.3161067,27.158404],[88.3159688,27.1583388],[88.315862,27.1582329],[88.3157679,27.1580998],[88.315731,27.1580163],[88.315693,27.1579044],[88.3156798,27.1578664],[88.3156587,27.1578059],[88.3155923,27.1576952],[88.3155219,27.1575877],[88.3154766,27.1574747],[88.3154182,27.1573349],[88.3153938,27.1572342],[88.3153865,27.1571321],[88.3153509,27.1569997],[88.3152617,27.1568802],[88.3151522,27.1567388],[88.3151022,27.1565458],[88.3151245,27.1563715],[88.3150938,27.1562206],[88.3150622,27.1560936],[88.3149392,27.1559429],[88.3147947,27.1558148],[88.3146272,27.1556542],[88.3144509,27.1554793],[88.3143312,27.1553691],[88.3142313,27.1552502],[88.314118,27.1551044],[88.3140609,27.1549739],[88.3140213,27.1548006],[88.3139915,27.1546624],[88.3140447,27.1544976],[88.3140873,27.1543119],[88.3140787,27.1541774],[88.3139979,27.1540316],[88.3139808,27.1539255],[88.3140277,27.1537967],[88.3139787,27.1536452],[88.3138808,27.1534898],[88.3137594,27.1532985],[88.3136359,27.1531545],[88.3134316,27.1530523],[88.313207,27.1529999],[88.3129835,27.1529013],[88.3127706,27.1528174],[88.3125971,27.1527833],[88.3124033,27.1527302],[88.3122458,27.1526886],[88.3121393,27.1526298],[88.3120237,27.15261],[88.3119252,27.1525094],[88.3118705,27.1523263],[88.3117234,27.1521706],[88.3115711,27.1520289],[88.3114283,27.1519102],[88.3112307,27.1517725],[88.3110987,27.1516115],[88.3109412,27.1514543],[88.3108092,27.1513312],[88.3107179,27.1512686],[88.3105918,27.1511532],[88.3103979,27.1510624],[88.3100124,27.1510518],[88.309857,27.1510405],[88.309742,27.1509912],[88.309693,27.150906],[88.309676,27.1507885],[88.3096994,27.1506597],[88.3097276,27.1504709],[88.3097165,27.1503093],[88.3096643,27.1502063],[88.3095602,27.1501021],[88.3094378,27.1499987],[88.3093373,27.1499434],[88.3091965,27.1498613],[88.3090963,27.1497816],[88.3089775,27.1496206],[88.3088911,27.1494525],[88.3088093,27.149306],[88.3087236,27.1490827],[88.3086955,27.1488627],[88.3086893,27.148644],[88.3086723,27.1483551],[88.3086116,27.1481125],[88.3084772,27.147967],[88.3082995,27.147848],[88.3081842,27.1477126],[88.3081057,27.147589],[88.3079755,27.1473813],[88.3078762,27.1472665],[88.3077061,27.1471168],[88.3075112,27.1469903],[88.3073473,27.1469052],[88.307162,27.1468086],[88.3070109,27.1466647],[88.3068534,27.1465321],[88.3067278,27.1464089],[88.3066615,27.1463291],[88.306556,27.1461732],[88.3065149,27.1460566],[88.3064943,27.1459334],[88.3065137,27.1458537],[88.3065434,27.1457998],[88.3066004,27.1457663],[88.3066978,27.1457508],[88.3068021,27.1457432],[88.3069064,27.1457167],[88.3069448,27.145675],[88.3069299,27.1456125],[88.3068055,27.1455778],[88.3065715,27.1455898],[88.3064502,27.1455709],[88.3063213,27.1455276],[88.3061531,27.145484],[88.305972,27.1454257],[88.305843,27.1454136],[88.3056484,27.1454163],[88.3055651,27.1454227],[88.3055311,27.1454041],[88.3055084,27.1453731],[88.3055039,27.1453547],[88.3055098,27.145334],[88.3055425,27.145311],[88.3055963,27.1453025],[88.3058313,27.1453005],[88.3060342,27.1453054],[88.3061999,27.1452939],[88.3063301,27.1452639],[88.3064659,27.1452252],[88.3066511,27.1452041],[88.3068385,27.1451927],[88.3069496,27.1451553],[88.3070667,27.1450795],[88.3071646,27.1449791],[88.3072259,27.144901],[88.3073238,27.1447116],[88.3074388,27.1445903],[88.3075857,27.1445392],[88.3078156,27.144524],[88.3080221,27.1445278],[88.3081839,27.1445145],[88.3082949,27.1444626],[88.3083252,27.1444017]]}},{"type":"Feature","properties":{"kind":"road","highway":"unclassified","motorable":true,"name":null,"ref":null,"bridge":false,"osm_id":605861246},"geometry":{"type":"LineString","coordinates":[[88.2974571,27.1414363],[88.297316,27.1413765],[88.2971673,27.1412893],[88.2970592,27.1412923],[88.2970085,27.1413885],[88.2969747,27.1415479],[88.2969781,27.1417584],[88.2970491,27.1419148],[88.2972113,27.1420621],[88.2973938,27.1421854],[88.2975019,27.1422937],[88.2975864,27.142432],[88.2977283,27.1425282],[88.2980527,27.1427027],[88.2982302,27.142964],[88.2983973,27.143052],[88.298598,27.1432002],[88.2987576,27.1433052],[88.2990284,27.1434575],[88.2991356,27.1435444],[88.2992364,27.143676],[88.2993499,27.1438093],[88.299412,27.1438842],[88.2995152,27.1440784],[88.2995747,27.1441378],[88.2996504,27.1441936],[88.3004566,27.1447079],[88.3005332,27.144761],[88.3007012,27.1449143],[88.3008248,27.1450624],[88.300889,27.1451571],[88.3009405,27.1453013],[88.3009834,27.1453711],[88.3010918,27.145459],[88.3012346,27.1455663],[88.3012962,27.1456252],[88.3013958,27.1457831],[88.3014498,27.1459033],[88.3015411,27.1460387],[88.3018545,27.146194],[88.30201,27.1462271],[88.3022127,27.1463143],[88.3023783,27.1464285],[88.302527,27.1464917],[88.3028007,27.1465639],[88.303061,27.1466661],[88.3032739,27.1467653],[88.303453,27.1468495],[88.3036263,27.1469813],[88.3037986,27.1470745],[88.3039211,27.1471962],[88.3040474,27.1473157],[88.3041646,27.1473653],[88.3042162,27.147389],[88.3043035,27.147473],[88.3043552,27.1475653],[88.3043907,27.1476666],[88.3044691,27.147676],[88.3045056,27.1476546],[88.3044969,27.1475157],[88.3044489,27.1474181],[88.304398,27.1473531],[88.304293,27.1472513],[88.3042017,27.147128],[88.3040936,27.1470017],[88.3039855,27.1469115],[88.3038762,27.146785],[88.3037605,27.1466571],[88.3034477,27.1464977],[88.303326,27.1464315],[88.3032145,27.1463503],[88.3031334,27.1462631],[88.3031297,27.1462342],[88.303157,27.146203],[88.3032122,27.1462055],[88.3032854,27.1462421],[88.303451,27.1463623],[88.3035997,27.1464315],[88.3039894,27.1464993],[88.3041849,27.1466048],[88.3042908,27.1467569],[88.3044175,27.1469028],[88.3045476,27.1470215],[88.3046518,27.1470799],[88.3047656,27.1472643],[88.3049278,27.1473966],[88.3050383,27.1475696],[88.3051113,27.1477209],[88.3052124,27.1479661],[88.3052644,27.1480805],[88.3053027,27.1481648],[88.30535,27.1483362],[88.3054195,27.1485297],[88.3054739,27.1487149],[88.3055165,27.1488527],[88.3056093,27.1490048],[88.305713,27.1491474],[88.3057476,27.1492355],[88.3057535,27.1493246],[88.3057656,27.1494682],[88.3057999,27.1495633],[88.3058488,27.1496557],[88.3059344,27.1497826],[88.3059639,27.1498311],[88.3059866,27.149889],[88.3060104,27.1499657],[88.3060208,27.1500566],[88.3060231,27.1502666],[88.3060386,27.1505105],[88.3060326,27.1507364],[88.3059956,27.1510394],[88.305999,27.1512108],[88.3061868,27.1513893],[88.3062916,27.1515096],[88.3064026,27.1516814],[88.3064599,27.1518613],[88.3065315,27.152052],[88.3066486,27.1521539],[88.3068894,27.1523105],[88.3070317,27.1523404],[88.3071466,27.1523915],[88.3072919,27.1524185],[88.3074406,27.1524606],[88.3075893,27.1525298],[88.307711,27.152614],[88.3078124,27.1526651],[88.3078968,27.1526411],[88.3078732,27.1525749],[88.3077549,27.1524697],[88.3076366,27.1523704],[88.3074778,27.1522923],[88.3073223,27.1522111],[88.3071876,27.152182],[88.3070411,27.1521224],[88.306757,27.1518835],[88.3067199,27.1518143],[88.306737,27.151768],[88.3067841,27.1517572],[88.3068956,27.1518113],[88.3070375,27.1519436],[88.307417,27.1520848],[88.3076015,27.1521528],[88.3076694,27.1521949],[88.3077318,27.152255],[88.3077626,27.1522853],[88.3077881,27.1523111],[88.307815,27.1523251],[88.3078394,27.152336],[88.3078561,27.1523358],[88.3078706,27.1523287],[88.3078781,27.1523146],[88.3078814,27.1522849],[88.3078759,27.1522179],[88.3078562,27.1521367],[88.3078198,27.1520482],[88.3077614,27.1519795],[88.3076899,27.1519312],[88.3075147,27.1518268],[88.3073582,27.1517131],[88.3071824,27.1515988],[88.3070873,27.1515252],[88.3070049,27.1514554],[88.3069519,27.1513828],[88.3068966,27.1512555],[88.3068459,27.1511213],[88.3068099,27.150987],[88.3067805,27.1507555],[88.3067568,27.1505991],[88.3067299,27.1504602],[88.3067295,27.1503969],[88.3067514,27.1503418],[88.3067738,27.1503023],[88.3068153,27.1502753],[88.3068367,27.1502711],[88.3068561,27.1502785],[88.3068702,27.150293],[88.3068804,27.1503302],[88.306877,27.1504115],[88.3068761,27.1504943],[88.3068958,27.1505912],[88.3070524,27.1509209],[88.3071587,27.1510538],[88.307229,27.1511386],[88.3073361,27.1512397],[88.3073959,27.1512762],[88.3074322,27.1512857],[88.3074649,27.1512837],[88.307487,27.1512779],[88.3075058,27.1512649],[88.3075152,27.1512447],[88.3075137,27.1512222],[88.3074919,27.1511835],[88.3074575,27.1511536],[88.3073512,27.1510768],[88.3072683,27.151004],[88.3071954,27.1508706],[88.3071527,27.1507145],[88.3071404,27.1505612],[88.3071668,27.1502889],[88.3071957,27.1501785],[88.3072149,27.1501116],[88.3072314,27.150074],[88.3072481,27.150047],[88.3072644,27.1500309],[88.3072865,27.1500265],[88.3073142,27.1500294],[88.3073265,27.150038],[88.3073404,27.150055],[88.3073448,27.1500803],[88.3073463,27.1501114],[88.3073367,27.1501826],[88.3073241,27.1502626],[88.3073041,27.1503951],[88.30731,27.1505145],[88.3073496,27.1506415],[88.3074018,27.1507377],[88.3074635,27.1508192],[88.3075817,27.1509399],[88.3078004,27.1510855],[88.3078667,27.1511812],[88.3079244,27.1512546],[88.308019,27.1513479],[88.3080738,27.1513728],[88.3081029,27.1513757],[88.3081391,27.1513732],[88.3081565,27.1513595],[88.3081581,27.1513351],[88.3081481,27.1513099],[88.308127,27.1512772],[88.3081035,27.1512426],[88.3079548,27.1511013],[88.3078804,27.1508796],[88.3078129,27.1507262],[88.3078095,27.1505969],[88.3078241,27.1504451],[88.3078553,27.1503535],[88.3078547,27.1502306],[88.307831,27.1500893],[88.3077722,27.1498295],[88.307787,27.1496986],[88.3078093,27.1496286],[88.3078158,27.1496082],[88.3078248,27.149588],[88.3078338,27.1495736],[88.3078512,27.149566],[88.3078789,27.1495618],[88.3078995,27.1495668],[88.3079145,27.1495813],[88.3079223,27.1496009],[88.3079196,27.1496228],[88.3079078,27.1496654],[88.3079033,27.1497252],[88.307903,27.1497806],[88.3079087,27.1498339],[88.3080574,27.150131],[88.3081622,27.1502874],[88.308196,27.1504558],[88.3082061,27.1506422],[88.3082126,27.1506799],[88.3082275,27.150766],[88.3082647,27.1508584],[88.3083481,27.1509613],[88.3085592,27.1511177],[88.3086234,27.1511959],[88.3086572,27.1513042],[88.3086639,27.1514244],[88.3086504,27.1515297],[88.3087217,27.1517441],[88.308898,27.1518221],[88.3089918,27.1518382],[88.309083,27.1518562],[88.3092418,27.1519104],[88.3093736,27.1519855],[88.3094987,27.1520878],[88.3096271,27.1521539],[88.309769,27.152169],[88.3100123,27.1522291],[88.3102016,27.1522772],[88.3104179,27.1523674],[88.3105665,27.1525268],[88.3106375,27.152623],[88.3107355,27.1527012],[88.3108164,27.1528729],[88.3109121,27.1530415],[88.3110429,27.153119],[88.3111699,27.1532176],[88.3113454,27.1533906],[88.3114904,27.1535612],[88.311681,27.1537298],[88.3118341,27.1538359],[88.3119838,27.1538976],[88.3121316,27.1539426],[88.312203,27.1539806],[88.3122538,27.1540036],[88.3122831,27.1540169],[88.3123635,27.1541266],[88.3124038,27.1542412],[88.312377,27.1543653],[88.3123404,27.1546282],[88.3123146,27.1547567],[88.3123239,27.1548545],[88.3123688,27.154946],[88.3124538,27.1550311],[88.3125542,27.1551506],[88.3126056,27.1552046],[88.3126371,27.1553104],[88.3126559,27.1554504],[88.3126595,27.1556263],[88.3126522,27.1558218],[88.3127156,27.155965],[88.3128185,27.1561401],[88.3129302,27.1562889],[88.3129929,27.1564648],[88.3130626,27.1566662],[88.3130644,27.1568451],[88.3130679,27.1570606],[88.3131189,27.1572418],[88.3132124,27.1575494],[88.3132988,27.1578602],[88.3134149,27.1581049],[88.313473,27.1583609],[88.3135372,27.1585327],[88.3136239,27.1586682],[88.3137634,27.1587947],[88.3139047,27.1588807],[88.3140576,27.1589476],[88.3141284,27.1590445],[88.3141722,27.1591918],[88.3142231,27.15935],[88.3142402,27.1595058],[88.3142553,27.1596593],[88.3143152,27.1597923],[88.3144162,27.1599212],[88.3145262,27.1600906],[88.3146638,27.1602266],[88.3147694,27.1603834],[88.314891,27.1604844],[88.3149759,27.1605759],[88.31506,27.1606451],[88.3151182,27.1606897],[88.315102,27.1607526],[88.3150536,27.160778],[88.3149855,27.1607507],[88.3149014,27.1606989],[88.3147967,27.1606161],[88.3146643,27.1605127],[88.3145525,27.1604332],[88.3144283,27.1603449],[88.314303,27.160239],[88.3141681,27.1601348],[88.3140672,27.1600331],[88.31401,27.1599519],[88.3139492,27.1598733],[88.3138357,27.1597582],[88.3137828,27.1597669],[88.3137519,27.1598225],[88.3138028,27.1599099],[88.3139101,27.1600046],[88.3140271,27.160146],[88.3141792,27.1603204],[88.3143642,27.1605533],[88.3145645,27.1607229],[88.3147557,27.1608827],[88.3149685,27.1610387],[88.3151268,27.1612582],[88.315236,27.1614706],[88.3153416,27.1616623],[88.3154131,27.1617515],[88.3154694,27.1619027],[88.3155633,27.1621046],[88.3156535,27.1622541],[88.3156999,27.1624194],[88.315791,27.1625007],[88.3159456,27.1625788],[88.3161011,27.1626336],[88.3163077,27.1627219],[88.3163902,27.1627896],[88.3164645,27.1628739],[88.3165387,27.1629662],[88.3166459,27.1630569],[88.3167755,27.1631427],[88.3168597,27.1632103],[88.3170402,27.1633709],[88.3171367,27.1634744],[88.317285,27.163604],[88.3174762,27.1636765],[88.3176836,27.163772],[88.3179949,27.1638365],[88.3181058,27.1639404],[88.3181489,27.164012],[88.3182007,27.1641163],[88.3183141,27.1642071],[88.318427,27.164255],[88.3185622,27.1642476],[88.3186808,27.1641609],[88.3188053,27.1640519],[88.3190065,27.163985],[88.3191783,27.1639802],[88.3193734,27.1640655],[88.3195056,27.164044],[88.3196086,27.163927],[88.3197691,27.1637702],[88.3200153,27.1637023],[88.3203115,27.1636803],[88.3204868,27.1637003],[88.320669,27.1637902],[88.3208299,27.1638555],[88.3210247,27.1638668],[88.3212203,27.1638157],[88.3213404,27.1637229],[88.3214438,27.1636332],[88.3216587,27.1635705],[88.3218292,27.1635716],[88.3219627,27.1635779],[88.3221015,27.1635461],[88.3221222,27.1635234],[88.322099,27.1635075],[88.3219321,27.1635134],[88.3217566,27.1634662],[88.3215704,27.1634349],[88.3214308,27.1634842],[88.3212671,27.1635113],[88.3211276,27.1635422],[88.3210498,27.1635238],[88.3209184,27.1634665],[88.3207625,27.1634029],[88.3205479,27.1633608],[88.3203109,27.1633083],[88.3201438,27.1632868],[88.3199972,27.1632916],[88.3198338,27.1632756],[88.3196684,27.1632555],[88.3196296,27.1632006],[88.3197018,27.1631604],[88.3198421,27.1631341],[88.3201112,27.1631206],[88.3203214,27.1630897],[88.3204983,27.163034],[88.3206843,27.1630459],[88.3208419,27.1630841],[88.3211046,27.1631],[88.3212888,27.1631032],[88.3214755,27.1630777],[88.321808,27.1629822]]}},{"type":"Feature","properties":{"kind":"road","highway":"unclassified","motorable":true,"name":null,"ref":null,"bridge":false,"osm_id":605869519},"geometry":{"type":"LineString","coordinates":[[88.3085556,27.1620505],[88.3086191,27.1620251],[88.3086821,27.1619917],[88.3087854,27.1619177],[88.3088806,27.1618509],[88.3090496,27.1617089],[88.309169,27.1616135],[88.3092776,27.1616039],[88.3093663,27.1616035],[88.309459,27.1615075],[88.3094996,27.1614534],[88.3094725,27.1614023],[88.3093745,27.1613783],[88.309284,27.1613666],[88.3091236,27.1613428],[88.3089816,27.1613127],[88.3088769,27.1612827],[88.3088126,27.1612556],[88.3086142,27.1611314],[88.3085871,27.1610743],[88.3085635,27.1609901],[88.3085939,27.1609239],[88.3086649,27.1609119],[88.308751,27.1609736],[88.3088377,27.1610365],[88.3089934,27.1610664],[88.3091221,27.1610394],[88.3091477,27.1610063],[88.3091391,27.1609642],[88.3091205,27.1609369],[88.3090849,27.1608916],[88.3090144,27.160783],[88.3088939,27.1606388],[88.3087999,27.1605079],[88.3087168,27.1604267],[88.3086437,27.1603416],[88.3085524,27.1602754],[88.308495,27.1602003],[88.3084781,27.1601131],[88.3085322,27.1600199],[88.3085964,27.1599447],[88.3086335,27.1598425],[88.3086403,27.1597222],[88.3086437,27.159629],[88.3085964,27.1594816],[88.3085389,27.1593343],[88.3084612,27.1591569],[88.3083868,27.1589705],[88.3083463,27.1588382],[88.3083463,27.1587119],[88.3083362,27.1586037],[88.308299,27.1584924],[88.308326,27.1583691],[88.3083767,27.1582579],[88.3084037,27.1581286],[88.3084173,27.1579963],[88.3084477,27.157849],[88.3085119,27.1577257],[88.308593,27.1575934],[88.3086572,27.1574701],[88.3086707,27.1573649],[88.3086065,27.1572356],[88.3085254,27.1570943],[88.3084781,27.1569409],[88.3084747,27.1568176],[88.3085153,27.1566733],[88.3085085,27.1565711],[88.3084274,27.1564869],[88.3082686,27.1564087],[88.3081266,27.1563546],[88.3079982,27.1563065],[88.3078833,27.1562493],[88.3077955,27.1562072],[88.3077302,27.1561646],[88.3076791,27.1561125],[88.3077065,27.1560438],[88.3077669,27.156035],[88.3078157,27.1560689],[88.3078935,27.1561381],[88.308032,27.1562102],[88.3082145,27.1562403],[88.3083598,27.1562914],[88.3085085,27.1563425],[88.3086268,27.1564327],[88.3086944,27.156529],[88.3087383,27.1566492],[88.3087552,27.1567876],[88.308762,27.1568838],[88.3087721,27.156974],[88.3087991,27.1570762],[88.3088769,27.1571694],[88.308985,27.1572266],[88.3091337,27.1573017],[88.3092418,27.1573709],[88.3093893,27.1574849],[88.3093961,27.1575781],[88.3093353,27.1576503],[88.3092744,27.1577255],[88.3091828,27.1578318],[88.3091616,27.1579164],[88.3091911,27.1581737],[88.3092008,27.1583558],[88.3091861,27.1584252],[88.3091716,27.1585025],[88.3091478,27.1585644],[88.3091127,27.1586336],[88.3090999,27.1586879],[88.3091269,27.158757],[88.3091709,27.1587931],[88.309208,27.1587811],[88.309208,27.15873],[88.3092114,27.1586578],[88.3092486,27.1585796],[88.3093027,27.1585105],[88.3093196,27.1584593],[88.3093196,27.1583661],[88.3093094,27.1582699],[88.3093533,27.1581436],[88.309406,27.1580166],[88.3094702,27.1579054],[88.3096118,27.1577603],[88.3096826,27.1576821],[88.3096944,27.1575721],[88.3096911,27.1573754],[88.3096997,27.1572236],[88.3097282,27.1571001],[88.3097612,27.1569589],[88.309724,27.1568184],[88.3096114,27.1567331],[88.3094783,27.15665],[88.3093567,27.156562],[88.3092925,27.1564748],[88.3092182,27.1563696],[88.3091371,27.1562734],[88.3090526,27.1561591],[88.3089647,27.1560358],[88.3089107,27.1558675],[88.3088532,27.1557291],[88.3088126,27.1556179],[88.3087721,27.1555217],[88.308691,27.1554555],[88.3085389,27.1554014],[88.3084105,27.1553473],[88.3083159,27.1552901],[88.308272,27.155221],[88.3082348,27.1551488],[88.3081807,27.1550767],[88.3081097,27.1550075],[88.3080658,27.1549383],[88.3080489,27.1548662],[88.3080354,27.1547669],[88.3080489,27.1546978],[88.3080923,27.1546774],[88.308129,27.154704],[88.3081266,27.154806],[88.3081942,27.1549053],[88.3082821,27.1549925],[88.3083767,27.1550406],[88.3084815,27.1550887],[88.3086133,27.1551338],[88.308718,27.1551699],[88.308816,27.155224],[88.3089039,27.1552992],[88.3090087,27.1554104],[88.30911,27.1555457],[88.3092047,27.15566],[88.30935,27.1557742],[88.3094851,27.1558404],[88.3096575,27.1559035],[88.3098434,27.1559577],[88.3099718,27.1560058],[88.3101745,27.156087],[88.310303,27.1561471],[88.3103841,27.1562313],[88.3104212,27.1563365],[88.3104854,27.1565831],[88.3105159,27.1567815],[88.3105395,27.1569078],[88.310553,27.1570642],[88.3105598,27.1572416],[88.3105598,27.1573979],[88.3105868,27.1575302],[88.3106139,27.1576174],[88.3106105,27.1577167],[88.3106172,27.1578279],[88.3106476,27.1579362],[88.3107727,27.1581226],[88.3108268,27.158309],[88.3108538,27.1584172],[88.3108842,27.1585135],[88.3109552,27.1585826],[88.3110363,27.1586397],[88.3111174,27.1587089],[88.3112026,27.1587914],[88.3113031,27.1588354],[88.3114413,27.1588469],[88.3115976,27.1588902],[88.3117101,27.1588959],[88.311782,27.1588825],[88.3117885,27.1588404],[88.3117358,27.1587961],[88.3116006,27.158739],[88.3114486,27.1586608],[88.3113303,27.1585826],[88.3112492,27.1584864],[88.3111816,27.1583721],[88.311118,27.1582114],[88.311084,27.1580775],[88.3110517,27.1579542],[88.3110532,27.1578911],[88.3111208,27.157879],[88.3111688,27.1579151],[88.31119,27.1580252],[88.311213,27.1581392],[88.3112744,27.1582515],[88.3113851,27.1583489],[88.3115082,27.1584418],[88.3116648,27.1585315],[88.3118879,27.1586638],[88.3121113,27.1587955],[88.3122226,27.158974],[88.3122444,27.1591233],[88.3122259,27.1592676],[88.3121954,27.1594185],[88.3122191,27.1595598],[88.3123475,27.1598725],[88.3124049,27.1599387],[88.312486,27.1599477],[88.3125671,27.1599417],[88.3126516,27.1599627],[88.3127235,27.1599895],[88.3127669,27.1600994],[88.3127518,27.1601919],[88.3127197,27.1602761],[88.3126566,27.1603237],[88.3126685,27.1604047],[88.3127192,27.1604468],[88.3128172,27.1605039],[88.3128928,27.1606176],[88.3129696,27.1607263],[88.3130713,27.1608406],[88.3131291,27.16099],[88.3131882,27.1610985],[88.3132236,27.1611694],[88.3132608,27.1612307],[88.3132462,27.1613143],[88.3131816,27.1613246],[88.3131242,27.1613151],[88.3130633,27.1612238],[88.313007,27.1611076],[88.3129809,27.161046],[88.3129422,27.1609399],[88.312824,27.1607866],[88.3127158,27.1606813],[88.3125773,27.1605701],[88.3124658,27.1604949],[88.3123509,27.1604438],[88.3122901,27.1604856],[88.3123035,27.16054],[88.3123982,27.1606152],[88.3124995,27.1607204],[88.3126212,27.1608708],[88.3127091,27.1610181],[88.312748,27.1610826],[88.3128307,27.1612195],[88.3128916,27.1613518],[88.3129591,27.1614871],[88.3130267,27.1615803],[88.3131112,27.1616315],[88.3132396,27.1617156],[88.3134424,27.161854],[88.3135911,27.1619953],[88.3136519,27.1621246],[88.3137229,27.162344],[88.3137938,27.1625034],[88.3138817,27.1626628],[88.3139696,27.1628251],[88.314098,27.1630205],[88.3142872,27.1632581],[88.3145542,27.1635678],[88.3146522,27.163697],[88.3147333,27.1638353],[88.3147998,27.163949],[88.3148178,27.1639797],[88.3149834,27.1641871],[88.3151861,27.1643916],[88.3154464,27.164578],[88.3156119,27.1646742],[88.3158789,27.1647524],[88.3160344,27.1648185],[88.3161662,27.1649147],[88.3163351,27.1650741],[88.3165379,27.1652665],[88.3166393,27.1653477],[88.3167238,27.1653988],[88.3168319,27.165507],[88.316788,27.1655611],[88.316646,27.1655521],[88.3164872,27.16551],[88.3163149,27.165477],[88.3161526,27.1654439],[88.3160107,27.165483],[88.3159837,27.1655672],[88.3160614,27.1656754],[88.3162236,27.1658167],[88.3163318,27.1659039],[88.316396,27.1660212],[88.3164906,27.1660512],[88.3166224,27.1660693],[88.3167643,27.1660963],[88.3168657,27.1661474],[88.3169649,27.1661842]]}},{"type":"Feature","properties":{"kind":"road","highway":"unclassified","motorable":true,"name":null,"ref":null,"bridge":false,"osm_id":605876029},"geometry":{"type":"LineString","coordinates":[[88.313504,27.1484112],[88.3133182,27.1482245],[88.3131805,27.14804],[88.3130588,27.147852],[88.3128983,27.1476675],[88.3128578,27.1475983],[88.3128395,27.1474984],[88.3128443,27.1474578],[88.3129051,27.1475081],[88.3130267,27.1476163],[88.3132126,27.1477276],[88.3133471,27.14783],[88.3134798,27.1479151],[88.3137533,27.1480734],[88.3138749,27.1481666],[88.3139662,27.1482117],[88.3140101,27.1481997],[88.3139865,27.1481426],[88.3139018,27.1480426],[88.3138715,27.1479463],[88.3138609,27.1478867],[88.3138474,27.1477905],[88.3139217,27.1477935],[88.3139586,27.1478558],[88.3140304,27.1479471],[88.3141847,27.1480164],[88.3142774,27.1480564],[88.3143078,27.1479932],[88.3143306,27.1478548],[88.3143585,27.1477506],[88.3144167,27.1476983],[88.3144697,27.1476416],[88.3145035,27.1476116],[88.3145643,27.1476146],[88.3146488,27.1476687],[88.3147164,27.1477469],[88.3147349,27.1478109],[88.3147224,27.1478831],[88.3147198,27.1480343],[88.3148009,27.1481245],[88.3149361,27.1481847],[88.3151557,27.1482659],[88.3153028,27.1482881],[88.3153895,27.1483295],[88.3154714,27.1483138],[88.3155388,27.1483424]]}},{"type":"Feature","properties":{"kind":"road","highway":"residential","motorable":true,"name":null,"ref":null,"bridge":false,"osm_id":1243219780},"geometry":{"type":"LineString","coordinates":[[88.3085923,27.1427405],[88.3086688,27.1427058],[88.3087184,27.1426353],[88.3087701,27.1425538],[88.308799,27.142501],[88.3088086,27.1424422],[88.3088355,27.1423509],[88.3088665,27.1422804],[88.308914,27.142235],[88.3089636,27.1421688],[88.3090084,27.1421112],[88.3090167,27.1420719],[88.3090153,27.1420211],[88.3090029,27.1419647],[88.3090201,27.1419254],[88.3090415,27.1418788],[88.3090449,27.1418034],[88.3090587,27.1417115],[88.3090677,27.1416428],[88.3090725,27.1415662],[88.3090663,27.1415049],[88.3090473,27.1414151]]}},{"type":"Feature","properties":{"kind":"road","highway":"path","motorable":false,"name":null,"ref":null,"bridge":false,"osm_id":1246476555},"geometry":{"type":"LineString","coordinates":[[88.3222273,27.1473429],[88.3223292,27.1473501],[88.3223748,27.1473668],[88.3223829,27.147405],[88.3223846,27.1474743],[88.3223695,27.1475112],[88.322352,27.14759],[88.3223264,27.1476509],[88.322285,27.1477236],[88.3222273,27.1477821],[88.3221951,27.1478811],[88.322175,27.1479348],[88.3221106,27.1479766],[88.3220803,27.148051],[88.3217179,27.1483187],[88.3216546,27.1484149],[88.3214501,27.1487055],[88.3213237,27.1488765],[88.3213239,27.1489661],[88.321325,27.1490207],[88.321376,27.149128],[88.321449,27.1492239],[88.3215279,27.1492652],[88.3214838,27.1493436],[88.3214769,27.1494003],[88.3214467,27.149424],[88.3214676,27.1494849]]}},{"type":"Feature","properties":{"kind":"road","highway":"path","motorable":false,"name":null,"ref":null,"bridge":false,"osm_id":1247357185},"geometry":{"type":"LineString","coordinates":[[88.3123688,27.154946],[88.3123301,27.1549238],[88.3122524,27.1549947],[88.3121158,27.1550436],[88.3119947,27.1551455],[88.3119413,27.1551584],[88.3118872,27.1551897],[88.3118223,27.1551902],[88.3117649,27.1551752],[88.3116379,27.1550537],[88.3115525,27.1549491],[88.3115184,27.1548613],[88.3115051,27.1547685],[88.3114653,27.1547111],[88.3113628,27.1546656],[88.3111751,27.1546369],[88.310919,27.1545204],[88.3108356,27.1544614],[88.3108014,27.1544057],[88.3107977,27.1543736],[88.3108204,27.1541694]]}},{"type":"Feature","properties":{"kind":"road","highway":"path","motorable":false,"name":null,"ref":null,"bridge":false,"osm_id":1248145113},"geometry":{"type":"LineString","coordinates":[[88.3210546,27.1471974],[88.3210324,27.1471484],[88.3209868,27.1470923],[88.3209492,27.1469825],[88.3209197,27.1469086],[88.3209009,27.1468537],[88.3208764,27.1468097],[88.3208419,27.1468011],[88.3208151,27.1467558],[88.3208098,27.1466866],[88.3207682,27.1466257],[88.3207467,27.1465923],[88.3207172,27.1465088],[88.3206823,27.1464801],[88.3206931,27.146424],[88.3206971,27.1463787],[88.3206649,27.1463369],[88.3206891,27.1463095],[88.3207226,27.1462641],[88.3207816,27.14622],[88.3208419,27.146183],[88.3208513,27.1461496],[88.3208768,27.146115],[88.3209251,27.1460553],[88.3209895,27.1460243],[88.3210458,27.1459908],[88.3210082,27.1459574]]}},{"type":"Feature","properties":{"kind":"road","highway":"unclassified","motorable":true,"name":null,"ref":null,"bridge":false,"osm_id":1248145114},"geometry":{"type":"LineString","coordinates":[[88.3144408,27.1515853],[88.3144408,27.1514779],[88.3143644,27.1513227],[88.3142866,27.1512571],[88.3141217,27.1511581],[88.3139889,27.1510745],[88.3136141,27.1508685],[88.3132955,27.1506626],[88.3131172,27.1505512],[88.3130755,27.1504196],[88.313121,27.1503116],[88.3132576,27.1501985],[88.3133088,27.1501513],[88.3134908,27.1500264],[88.3135212,27.149969],[88.3135193,27.1498964],[88.3134017,27.1497614],[88.3132405,27.1496551],[88.3129048,27.1495218],[88.3127284,27.149407],[88.3124675,27.1492106],[88.3123699,27.1491421],[88.3123396,27.1490847],[88.3123756,27.1490476],[88.3124325,27.1490442],[88.3125008,27.1490425],[88.3125501,27.1490526],[88.3125956,27.1490644],[88.3127531,27.1490948],[88.3129219,27.1491404],[88.3130679,27.1491741],[88.3131627,27.1491893],[88.3132557,27.149164],[88.3133467,27.1491032],[88.3134093,27.1490459],[88.3134738,27.1490256],[88.31358,27.1490948],[88.3136426,27.1491421],[88.3137298,27.1492669],[88.3138929,27.1494779],[88.3140902,27.1497142],[88.3142191,27.1498323],[88.3143083,27.1499116],[88.31446,27.1500517],[88.3144904,27.1500821],[88.3145207,27.1500989],[88.3145548,27.1500973],[88.3145719,27.1500635],[88.3145681,27.1499876],[88.3145055,27.1498256],[88.3144809,27.1496686],[88.3144752,27.149623],[88.3145719,27.1496028],[88.3147523,27.1496292],[88.3148597,27.1496849],[88.3150189,27.1498062],[88.3151346,27.149893],[88.31525,27.1499726],[88.31534,27.1500314],[88.3154121,27.1501462],[88.3155335,27.1502626],[88.315634,27.1503453],[88.3157516,27.1504331],[88.3159033,27.1505192],[88.3160588,27.1506086],[88.3162276,27.150693],[88.3164078,27.1507875],[88.3164613,27.1508148],[88.3165501,27.1508601],[88.3166677,27.1508803],[88.3169806,27.1509023],[88.3170209,27.1509059],[88.3171323,27.1509158],[88.3173504,27.1509293],[88.3176179,27.1508972],[88.3178303,27.1508753],[88.3179972,27.1508888],[88.3182115,27.1509444],[88.3183974,27.150963],[88.3184492,27.1509527],[88.3184827,27.1509461],[88.3185719,27.1509293],[88.3186724,27.1508753],[88.3188108,27.1508398],[88.3189436,27.1508516],[88.3190441,27.1509023],[88.3191408,27.1509681],[88.319285,27.1510676],[88.3194102,27.1511537],[88.3195012,27.1512921],[88.3195581,27.1514001],[88.3196377,27.1515115],[88.3197269,27.1515824],[88.3198805,27.151687],[88.32,27.1517461],[88.3201859,27.151795],[88.3203035,27.1518254],[88.3203908,27.1518825],[88.3206847,27.1521275],[88.3209028,27.1521899],[88.3211076,27.1521983],[88.3213049,27.1522186],[88.321468,27.1522726],[88.3216102,27.152357],[88.3216349,27.1524245],[88.3216026,27.1524954],[88.3215799,27.1525882],[88.3215931,27.1527434],[88.3215761,27.1528025],[88.3215192,27.1529071],[88.3214853,27.1529545],[88.3214433,27.1530134],[88.3214016,27.1531366],[88.3214206,27.1533256],[88.3215078,27.1534927],[88.3215571,27.1536007],[88.3215596,27.153666]]}},{"type":"Feature","properties":{"kind":"road","highway":"path","motorable":false,"name":null,"ref":null,"bridge":false,"osm_id":1249430612},"geometry":{"type":"LineString","coordinates":[[88.3214853,27.1529545],[88.3215467,27.1529426],[88.3216225,27.1529248],[88.3216927,27.1528692],[88.3217326,27.1528118],[88.3217648,27.152746],[88.32178,27.1526742],[88.3217828,27.1526076],[88.3217951,27.1525485],[88.3218369,27.1524819],[88.32189,27.1524042],[88.3219251,27.1523528],[88.3219317,27.1523114],[88.3219165,27.1522608],[88.3219829,27.1522304],[88.3220038,27.152195],[88.3220142,27.152173],[88.3220502,27.1521401],[88.3220787,27.1521249],[88.3221185,27.152103],[88.3221545,27.1520819],[88.3222219,27.1520616],[88.3222465,27.1520338],[88.3223252,27.152022],[88.3223679,27.1520161],[88.3224316,27.1520024]]}},{"type":"Feature","properties":{"kind":"road","highway":"residential","motorable":true,"name":null,"ref":null,"bridge":false,"osm_id":1249430649},"geometry":{"type":"LineString","coordinates":[[88.3284621,27.1529611],[88.3283843,27.1528884],[88.3283119,27.1528478],[88.3282596,27.1527774],[88.3281912,27.1526187]]}},{"type":"Feature","properties":{"kind":"road","highway":"service","motorable":true,"name":null,"ref":null,"bridge":false,"osm_id":1249554858},"geometry":{"type":"LineString","coordinates":[[88.3164613,27.1508148],[88.3164284,27.1509122],[88.3163828,27.1510614],[88.3163358,27.1511282],[88.3162661,27.1511807],[88.3162393,27.1512368],[88.316254,27.1513013],[88.3162996,27.1513824],[88.316431,27.1514934],[88.3165491,27.1515566],[88.3167636,27.1516771],[88.3169018,27.1517857]]}},{"type":"Feature","properties":{"kind":"road","highway":"unclassified","motorable":true,"name":null,"ref":null,"bridge":false,"osm_id":1249554863},"geometry":{"type":"LineString","coordinates":[[88.3182791,27.1523442],[88.318322,27.1524409],[88.3184655,27.1525149],[88.3186559,27.1526187],[88.3187715,27.1526858]]}},{"type":"Feature","properties":{"kind":"road","highway":"service","motorable":true,"name":null,"ref":null,"bridge":false,"osm_id":1249554869},"geometry":{"type":"LineString","coordinates":[[88.3195021,27.1533535],[88.3196036,27.1533619],[88.3197203,27.1533341],[88.3197876,27.1532826],[88.319853,27.1532328],[88.3199061,27.1531679],[88.3198995,27.1530919],[88.3198369,27.1530109],[88.3197556,27.1529298]]}},{"type":"Feature","properties":{"kind":"road","highway":"unclassified","motorable":true,"name":null,"ref":null,"bridge":false,"osm_id":1249554870},"geometry":{"type":"LineString","coordinates":[[88.3202351,27.1545522],[88.3201252,27.1544411],[88.3200038,27.1542876],[88.3199109,27.154161],[88.3198388,27.1540867],[88.3197288,27.1540479],[88.3196586,27.1539568],[88.3195638,27.1537897],[88.3195258,27.1536581],[88.3194614,27.1536041],[88.3191465,27.1534632],[88.3189341,27.1533729]]}},{"type":"Feature","properties":{"kind":"road","highway":"residential","motorable":true,"name":null,"ref":null,"bridge":false,"osm_id":1249865851},"geometry":{"type":"LineString","coordinates":[[88.311369,27.1472518],[88.311387,27.1473129],[88.3113907,27.1473837],[88.3113636,27.1474528],[88.3113148,27.1475075],[88.3112949,27.1475525],[88.3112226,27.1475878],[88.3111811,27.1476248],[88.3111088,27.1476988],[88.3110221,27.147821],[88.3109028,27.1479223],[88.3108884,27.147911],[88.3108306,27.1478563],[88.3108089,27.1478081],[88.3108233,27.1477486],[88.3108269,27.14771],[88.310779,27.1475967]]}},{"type":"Feature","properties":{"kind":"road","highway":"service","motorable":true,"name":null,"ref":null,"bridge":false,"osm_id":1249865883},"geometry":{"type":"LineString","coordinates":[[88.3199333,27.1493898],[88.3200608,27.1494125],[88.3202533,27.1494661],[88.3203605,27.1495186]]}},{"type":"Feature","properties":{"kind":"road","highway":"track","motorable":true,"name":null,"ref":null,"bridge":false,"osm_id":1252359433},"geometry":{"type":"LineString","coordinates":[[88.31953,27.1552995],[88.3194919,27.155509],[88.3194069,27.1557646],[88.3193131,27.1559967],[88.3193718,27.156281],[88.3194568,27.1565496],[88.3195359,27.1567165],[88.3196063,27.1567608],[88.3196649,27.1567348],[88.3196473,27.1566357],[88.319615,27.1564661],[88.3195945,27.1563253],[88.3196063,27.1562314],[88.3197645,27.1561923],[88.3199199,27.1561897],[88.3200306,27.1561973],[88.3200949,27.1563405],[88.3200896,27.156467],[88.3199716,27.156584],[88.3198911,27.1567606],[88.3198965,27.157004],[88.3199421,27.1571734],[88.3199286,27.1573978],[88.3200252,27.157393],[88.3200762,27.1573381],[88.3200601,27.1571877],[88.3201057,27.1570302],[88.3200788,27.1568465],[88.3200708,27.1566866],[88.3200279,27.156615],[88.3199716,27.156584]]}},{"type":"Feature","properties":{"kind":"road","highway":"tertiary","motorable":true,"name":null,"ref":null,"bridge":false,"osm_id":1252359434},"geometry":{"type":"LineString","coordinates":[[88.3229436,27.1601704],[88.3230884,27.1601615],[88.3232671,27.1601615],[88.3234577,27.1601589],[88.3237009,27.1601355],[88.3239589,27.1601224],[88.324167,27.160125],[88.3242315,27.160125],[88.3243047,27.1601433],[88.3243223,27.1601772],[88.3243165,27.1602111],[88.3242637,27.1602241],[88.324208,27.160232],[88.3241259,27.1602215],[88.3239442,27.1602215],[88.3237654,27.1602476],[88.3235397,27.1603154],[88.323188,27.1604849],[88.3230239,27.1606075],[88.3227073,27.1607457],[88.3224318,27.1608422],[88.322195,27.1608938],[88.321986,27.1609042],[88.3218874,27.1609011],[88.3218605,27.1609049],[88.3218005,27.1609297],[88.3217928,27.1609882],[88.3218456,27.1610117],[88.3219947,27.1610562],[88.3221768,27.1610743],[88.3224435,27.1611045],[88.3225734,27.1611094],[88.3226939,27.1610922],[88.3227748,27.1610698],[88.3228806,27.1610348],[88.323059,27.1609543],[88.3233785,27.1608265],[88.323654,27.1607144],[88.3237508,27.1606935],[88.3238094,27.1606909],[88.3238517,27.160705],[88.3238651,27.1607535],[88.3238491,27.1607854],[88.3238048,27.1608267],[88.3237438,27.1608565],[88.3236015,27.1609293],[88.3234475,27.1610274],[88.3232877,27.1611369],[88.3230649,27.1612516],[88.3229623,27.1613038],[88.3229477,27.1613559],[88.3229936,27.1613994],[88.3230632,27.1613883],[88.3232085,27.161309],[88.3235397,27.1611395],[88.3238475,27.1609961],[88.3241809,27.1609229],[88.3244397,27.1608912],[88.3247236,27.1608916]]}},{"type":"Feature","properties":{"kind":"road","highway":"unclassified","motorable":true,"name":null,"ref":null,"bridge":false,"osm_id":1261993529},"geometry":{"type":"LineString","coordinates":[[88.312748,27.1610826],[88.3126068,27.1610284],[88.3125217,27.1610072],[88.3124288,27.1610094],[88.3123045,27.1609958],[88.312164,27.1609526],[88.3120439,27.1609253],[88.3119596,27.1608624],[88.311866,27.1607874],[88.3117834,27.1607132],[88.3117042,27.1606488]]}},{"type":"Feature","properties":{"kind":"road","highway":"unclassified","motorable":true,"name":null,"ref":null,"bridge":false,"osm_id":1261997125},"geometry":{"type":"LineString","coordinates":[[88.3186534,27.1590511],[88.318737,27.1590584],[88.3189404,27.1591235],[88.3191241,27.1591695],[88.3193239,27.1592378],[88.3194594,27.1593171],[88.3196003,27.1593885],[88.3196824,27.159479],[88.3197716,27.1595298],[88.3198804,27.1595202],[88.3199606,27.159498],[88.3200623,27.1594393],[88.3202139,27.159352],[88.3203334,27.1592774],[88.3205742,27.1590886],[88.3207258,27.1589632],[88.3208257,27.1588601],[88.3208917,27.1587728],[88.3210005,27.1587014],[88.3211503,27.1586268],[88.3213162,27.1585411],[88.3214286,27.1584887],[88.321516,27.1584094],[88.3216979,27.1582649],[88.3217478,27.1581364],[88.3218317,27.1581046],[88.3220564,27.1581078],[88.3222526,27.1581285],[88.3224827,27.1581681],[88.3226646,27.1581697],[88.3228626,27.1581618],[88.3230588,27.1581221],[88.3232247,27.1581364],[88.3233709,27.158184],[88.3235154,27.15823],[88.3237116,27.158303],[88.3239934,27.1584062]]}},{"type":"Feature","properties":{"kind":"road","highway":"path","motorable":false,"name":null,"ref":null,"bridge":false,"osm_id":1262006244},"geometry":{"type":"LineString","coordinates":[[88.3218005,27.1561928],[88.3217823,27.1561074],[88.3217515,27.1560098],[88.321717,27.1559298],[88.32168,27.1558388],[88.3216689,27.1557642],[88.3216529,27.1557039],[88.3215568,27.1556403],[88.3215186,27.1555789],[88.3215075,27.1555076],[88.321521,27.1554243],[88.3215395,27.1553618],[88.3215691,27.1553569],[88.3215802,27.1553403],[88.3215793,27.155313],[88.3215768,27.1552705],[88.3215827,27.1552228],[88.3215861,27.155213],[88.3215334,27.1551422],[88.3214669,27.1550531],[88.3214516,27.1550228],[88.321426,27.1550084],[88.3214601,27.1549387]]}},{"type":"Feature","properties":{"kind":"road","highway":"path","motorable":false,"name":null,"ref":null,"bridge":false,"osm_id":1262006245},"geometry":{"type":"LineString","coordinates":[[88.321426,27.1550084],[88.3214028,27.154997],[88.3213796,27.1549931],[88.3213532,27.1550046],[88.3213231,27.15503],[88.3212674,27.1550567],[88.3212218,27.1550698],[88.321182,27.1550481],[88.3211174,27.1550224]]}},{"type":"Feature","properties":{"kind":"road","highway":"path","motorable":false,"name":null,"ref":null,"bridge":false,"osm_id":1262006246},"geometry":{"type":"LineString","coordinates":[[88.3215334,27.1551422],[88.3215224,27.1551578],[88.3215114,27.1551853],[88.3215159,27.1552016],[88.321522,27.1552417],[88.3215078,27.1552797],[88.3215057,27.1553068],[88.3215139,27.155356],[88.3215082,27.1553647],[88.3214687,27.1553774],[88.3214476,27.1553727],[88.3214366,27.1553784],[88.3214269,27.155402],[88.321411,27.1554287],[88.3213752,27.1554786]]}},{"type":"Feature","properties":{"kind":"road","highway":"unclassified","motorable":true,"name":null,"ref":null,"bridge":false,"osm_id":1262503144},"geometry":{"type":"LineString","coordinates":[[88.3082126,27.1506799],[88.3082704,27.1504476],[88.308312,27.1502988],[88.3083683,27.1500602],[88.3084273,27.1500089],[88.3084877,27.1500543],[88.3085601,27.1501354],[88.3086177,27.1502034],[88.3087144,27.1503382],[88.3087841,27.1504457],[88.3088418,27.1505673]]}},{"type":"Feature","properties":{"kind":"road","highway":"path","motorable":false,"name":null,"ref":null,"bridge":false,"osm_id":1264838424},"geometry":{"type":"LineString","coordinates":[[88.3117649,27.1551752],[88.3118317,27.1552636]]}},{"type":"Feature","properties":{"kind":"road","highway":"path","motorable":false,"name":null,"ref":null,"bridge":false,"osm_id":1264838425},"geometry":{"type":"LineString","coordinates":[[88.3118872,27.1551897],[88.3118317,27.1552636],[88.3118518,27.1553412],[88.3119196,27.1554694]]}},{"type":"Feature","properties":{"kind":"road","highway":"path","motorable":false,"name":null,"ref":null,"bridge":false,"osm_id":1264838433},"geometry":{"type":"LineString","coordinates":[[88.3245809,27.1574383],[88.3244549,27.1574634],[88.3243727,27.1574819],[88.3243591,27.1574737],[88.324347,27.1574717],[88.3242524,27.1574914],[88.3242245,27.1575072],[88.324139,27.1575317],[88.3240955,27.1575326]]}},{"type":"Feature","properties":{"kind":"road","highway":"path","motorable":false,"name":null,"ref":null,"bridge":false,"osm_id":1264838434},"geometry":{"type":"LineString","coordinates":[[88.324538,27.1568847],[88.3245447,27.157004],[88.3245568,27.1571412],[88.3245689,27.1573059],[88.3245809,27.1574383],[88.3246024,27.1575935],[88.3246239,27.157708],[88.3246319,27.1577629],[88.3247821,27.157745],[88.3249471,27.1577319],[88.3249484,27.1577629],[88.325002,27.157807]]}},{"type":"Feature","properties":{"kind":"road","highway":"path","motorable":false,"name":null,"ref":null,"bridge":false,"osm_id":1264838435},"geometry":{"type":"LineString","coordinates":[[88.3250509,27.1567379],[88.3249725,27.1567856],[88.3248666,27.1568238],[88.3247298,27.1568441],[88.3245742,27.1568727],[88.324538,27.1568847],[88.324479,27.1569014],[88.3243234,27.1569837],[88.3242175,27.1570481],[88.3241008,27.1571221],[88.323964,27.1572056],[88.3239171,27.1572259]]}},{"type":"Feature","properties":{"kind":"road","highway":"track","motorable":true,"name":null,"ref":null,"bridge":false,"osm_id":1264851167},"geometry":{"type":"LineString","coordinates":[[88.3201057,27.1570302],[88.3201539,27.157152],[88.320213,27.1572498],[88.3203122,27.1571138],[88.3203363,27.1569634],[88.320449,27.1569849],[88.3205107,27.1570851],[88.3205804,27.1571925],[88.3205402,27.1572617]]}},{"type":"Feature","properties":{"kind":"road","highway":"path","motorable":false,"name":null,"ref":null,"bridge":false,"osm_id":1266113268},"geometry":{"type":"LineString","coordinates":[[88.319137,27.1523511],[88.3189398,27.1523671],[88.3188393,27.152357],[88.3187682,27.1523215],[88.3187245,27.152292],[88.3186344,27.1522355],[88.3185595,27.1522017],[88.3184837,27.1521992],[88.3183936,27.1522059],[88.3183414,27.1522186],[88.3182817,27.1522456],[88.3182343,27.1522836]]}},{"type":"Feature","properties":{"kind":"road","highway":"path","motorable":false,"name":null,"ref":null,"bridge":false,"osm_id":1266113269},"geometry":{"type":"LineString","coordinates":[[88.3181669,27.1518549],[88.318147,27.1518853],[88.3181783,27.1519368],[88.3181897,27.1519823],[88.3181887,27.152092],[88.318202,27.1522051],[88.3182105,27.1522549],[88.3182343,27.1522836],[88.3182791,27.1523442]]}},{"type":"Feature","properties":{"kind":"road","highway":"service","motorable":true,"name":null,"ref":null,"bridge":false,"osm_id":1266113270},"geometry":{"type":"LineString","coordinates":[[88.3188962,27.1528303],[88.3190669,27.1527004]]}},{"type":"Feature","properties":{"kind":"road","highway":"service","motorable":true,"name":null,"ref":null,"bridge":false,"osm_id":1266113271},"geometry":{"type":"LineString","coordinates":[[88.318881,27.152935],[88.3189227,27.1528717],[88.3189189,27.1528447],[88.3188962,27.1528303],[88.3188829,27.1528278],[88.3188326,27.1527848],[88.3189047,27.1527333],[88.3189645,27.1526709],[88.3189556,27.1526362]]}},{"type":"Feature","properties":{"kind":"road","highway":"path","motorable":false,"name":null,"ref":null,"bridge":false,"osm_id":1266113300},"geometry":{"type":"LineString","coordinates":[[88.3170654,27.1507631],[88.3170184,27.1507201],[88.3169407,27.1506712],[88.3169031,27.150633],[88.3169018,27.1505864],[88.316883,27.1505172],[88.3168657,27.1504534]]}},{"type":"Feature","properties":{"kind":"road","highway":"path","motorable":false,"name":null,"ref":null,"bridge":false,"osm_id":1266113301},"geometry":{"type":"LineString","coordinates":[[88.3181464,27.1491735],[88.3180752,27.1492237],[88.3179934,27.1492654],[88.3179532,27.1493179],[88.3179358,27.1493597],[88.3178607,27.1494134],[88.3178473,27.1494361],[88.3178017,27.1494814],[88.3178003,27.1495208],[88.3177735,27.1495554],[88.3177158,27.1495661],[88.3176729,27.1495936],[88.3176595,27.1496521],[88.317634,27.1496903],[88.3176032,27.1497404],[88.3175629,27.1498168],[88.3175361,27.1498931],[88.3174825,27.1499122],[88.3174355,27.1499444],[88.3174101,27.1499802],[88.3173873,27.1500232],[88.3173926,27.150053],[88.3174101,27.1500733],[88.3174288,27.150133],[88.3174315,27.1501533],[88.317398,27.1502034],[88.3174127,27.1502583],[88.3174101,27.1503001],[88.3173738,27.1503478],[88.3173256,27.1503848],[88.3172974,27.1504277],[88.3172666,27.1504588],[88.3172102,27.1505327],[88.3171807,27.150633],[88.3171405,27.1506938],[88.3170761,27.1507285],[88.3170654,27.1507631],[88.3170868,27.150781],[88.3171016,27.1508215],[88.3171083,27.1508466],[88.31706,27.1508681],[88.3170209,27.1509059]]}},{"type":"Feature","properties":{"kind":"road","highway":"path","motorable":false,"name":null,"ref":null,"bridge":false,"osm_id":1266113330},"geometry":{"type":"LineString","coordinates":[[88.317921,27.1512273],[88.3180283,27.1512225],[88.3181785,27.151269],[88.318204,27.1512356],[88.3182456,27.1512356],[88.318326,27.1512643],[88.3184414,27.151306],[88.3184749,27.1512786],[88.3185111,27.151275],[88.3184963,27.1511843],[88.3184722,27.1511032],[88.3184548,27.151016],[88.3184492,27.1509527]]}},{"type":"Feature","properties":{"kind":"road","highway":"service","motorable":true,"name":null,"ref":null,"bridge":false,"osm_id":1266113350},"geometry":{"type":"LineString","coordinates":[[88.3117573,27.1536401],[88.3119223,27.1537619],[88.3119974,27.1538036],[88.3121395,27.1538382],[88.3122388,27.1538967],[88.3122538,27.1540036]]}},{"type":"Feature","properties":{"kind":"road","highway":"service","motorable":true,"name":null,"ref":null,"bridge":false,"osm_id":1268716495},"geometry":{"type":"LineString","coordinates":[[88.3217333,27.1564303],[88.3217568,27.1563884],[88.3218203,27.1563324],[88.3218875,27.1562685]]}},{"type":"Feature","properties":{"kind":"road","highway":"path","motorable":false,"name":null,"ref":null,"bridge":false,"osm_id":1270594501},"geometry":{"type":"LineString","coordinates":[[88.3089599,27.1432739],[88.3089352,27.1432419],[88.3089352,27.143198],[88.3089655,27.1431254],[88.3089883,27.1430141],[88.3090186,27.1429094],[88.3090509,27.1427879],[88.3091059,27.1426748],[88.3091343,27.1426141]]}},{"type":"Feature","properties":{"kind":"road","highway":"path","motorable":false,"name":null,"ref":null,"bridge":false,"osm_id":1270594509},"geometry":{"type":"LineString","coordinates":[[88.3091846,27.1441912],[88.3092974,27.1440545],[88.3093458,27.1439955],[88.3093287,27.1439786],[88.3093107,27.1439575],[88.309306,27.1439212],[88.30925,27.1438799],[88.3092405,27.143863],[88.3092481,27.1438259],[88.3092652,27.1437862],[88.3092993,27.1437474],[88.309305,27.1437221],[88.3092994,27.143645]]}},{"type":"Feature","properties":{"kind":"road","highway":"path","motorable":false,"name":null,"ref":null,"bridge":false,"osm_id":1271247630},"geometry":{"type":"LineString","coordinates":[[88.3096826,27.1576821],[88.3097112,27.1577134],[88.3097157,27.157773],[88.3096755,27.1578426],[88.3096241,27.15793],[88.3096017,27.1580453],[88.3096107,27.1581467],[88.3096667,27.158309],[88.3097052,27.1583845],[88.3097371,27.1584002],[88.3097779,27.1584051],[88.3098098,27.1583865],[88.3098176,27.1583551],[88.3098032,27.158309],[88.3097903,27.1582333],[88.3097947,27.1581644],[88.3098108,27.1581137],[88.3098342,27.1580812],[88.3098649,27.1580601],[88.3099073,27.1580211],[88.3099657,27.1579984],[88.309989,27.1579711],[88.3100155,27.1579409],[88.3100228,27.1578928],[88.3100242,27.1578356],[88.3100374,27.1578252],[88.310071,27.1578135],[88.3100827,27.1577927],[88.3100788,27.1577164],[88.3100701,27.1576475],[88.310073,27.1575824],[88.310073,27.1574953],[88.310073,27.1574316],[88.3101052,27.1573575],[88.3101344,27.1573237],[88.3101738,27.1573042],[88.3102221,27.1572704],[88.3102513,27.1572288],[88.3102542,27.1571507],[88.3102425,27.1570584],[88.3102294,27.1569466],[88.3102133,27.1569037]]}},{"type":"Feature","properties":{"kind":"road","highway":"unclassified","motorable":true,"name":null,"ref":null,"bridge":false,"osm_id":1273271487},"geometry":{"type":"LineString","coordinates":[[88.3174957,27.1611893],[88.31753,27.1611132],[88.317589,27.161013],[88.3177365,27.1610023],[88.3179055,27.1610786],[88.3180356,27.1610977],[88.318088,27.1611338],[88.3181573,27.1611353],[88.3180981,27.1610346],[88.3180508,27.1609489],[88.3181235,27.1608888],[88.3181961,27.1608166],[88.318186,27.1607339],[88.3181657,27.1606723],[88.3181877,27.1606046]]}},{"type":"Feature","properties":{"kind":"road","highway":"unclassified","motorable":true,"name":null,"ref":null,"bridge":false,"osm_id":1273271488},"geometry":{"type":"LineString","coordinates":[[88.3156798,27.1578664],[88.3157344,27.1577627],[88.3157131,27.1576831],[88.3157557,27.1576074],[88.3158387,27.1575789],[88.3159643,27.1575657]]}},{"type":"Feature","properties":{"kind":"road","highway":"unclassified","motorable":true,"name":null,"ref":null,"bridge":false,"osm_id":1273271489},"geometry":{"type":"LineString","coordinates":[[88.3163288,27.1583045],[88.3162579,27.158109],[88.3162663,27.1579091],[88.3163001,27.1577001],[88.3161514,27.1576204],[88.3161108,27.1578219],[88.3161092,27.1579662],[88.3161497,27.1580654],[88.3161176,27.1581992],[88.3160771,27.1582398],[88.3160196,27.1581857],[88.3159368,27.1582353],[88.315862,27.1582329]]}},{"type":"Feature","properties":{"kind":"road","highway":"unclassified","motorable":true,"name":null,"ref":null,"bridge":false,"osm_id":1273271493},"geometry":{"type":"LineString","coordinates":[[88.3147947,27.1558148],[88.3149038,27.1556907],[88.3150218,27.1556263],[88.3150728,27.1555857],[88.3148395,27.1555332],[88.3145364,27.1552898],[88.3145042,27.1552134],[88.314539,27.1551681],[88.314708,27.1551752],[88.3148448,27.1554903],[88.3149226,27.1555118],[88.3150272,27.1554927],[88.3151157,27.1554569],[88.3151881,27.1553877],[88.3151238,27.1552993],[88.3150916,27.155285]]}},{"type":"Feature","properties":{"kind":"road","highway":"unclassified","motorable":true,"name":null,"ref":null,"bridge":false,"osm_id":1273273270},"geometry":{"type":"LineString","coordinates":[[88.3267794,27.1565831],[88.326683,27.1565073],[88.3265984,27.1564364],[88.3265219,27.156345],[88.3264087,27.156334],[88.3263919,27.156293],[88.326419,27.1562496],[88.326483,27.1562455],[88.3265102,27.1561826],[88.3265611,27.1561049],[88.326578,27.1560642],[88.326661,27.1560447],[88.3266678,27.156007],[88.3267508,27.1559648],[88.3267965,27.156013],[88.3268372,27.1560251],[88.3268456,27.1559407],[88.3268084,27.1557749],[88.3268304,27.1556709],[88.3268287,27.1556378],[88.3268998,27.155689],[88.3270353,27.1557523],[88.3270726,27.1557855],[88.3270946,27.155793],[88.3271471,27.1557342],[88.3272267,27.1556378]]}},{"type":"Feature","properties":{"kind":"road","highway":"unclassified","motorable":true,"name":null,"ref":null,"bridge":false,"osm_id":1273273274},"geometry":{"type":"LineString","coordinates":[[88.3232479,27.1561633],[88.3234789,27.1559665],[88.3237905,27.155845],[88.3240265,27.1558922],[88.3240551,27.1560804],[88.3241874,27.1561032],[88.3243154,27.1560007],[88.3244178,27.1559323],[88.3242044,27.1557842],[88.323828,27.1557394],[88.3238224,27.1557202],[88.3238408,27.1557132],[88.32391,27.1557083],[88.3241278,27.155703],[88.3242599,27.1555868],[88.3241575,27.155507],[88.3241575,27.1554121],[88.3243111,27.1553286],[88.3244605,27.1553703],[88.3245373,27.1554387],[88.324772,27.1554615],[88.3249,27.1554463],[88.3250878,27.1554463],[88.3252409,27.1554612],[88.3254335,27.1554425],[88.3255999,27.1554007],[88.3257621,27.155264],[88.3258133,27.1551615],[88.3258773,27.155002],[88.3259604,27.154888],[88.326031,27.1548425]]}},{"type":"Feature","properties":{"kind":"road","highway":"unclassified","motorable":true,"name":null,"ref":null,"bridge":false,"osm_id":1273273278},"geometry":{"type":"LineString","coordinates":[[88.324777,27.1562961],[88.324834,27.1562284],[88.3249535,27.1561923],[88.3248894,27.1561714],[88.324851,27.15616],[88.3248852,27.1561183],[88.3249279,27.1560651],[88.3249769,27.156048],[88.3250047,27.1560006],[88.3250025,27.1559398],[88.3249748,27.1558866]]}}]}