{"type":"FeatureCollection","name":"islahiye_after_2023-02-07_0.5m","source":"Microsoft Global ML Building Footprints","licence":"ODbL 1.0 (c) Microsoft","features":[{"type":"Feature","properties":{"source":"Microsoft Global ML Building Footprints"},"geometry":{"type":"Polygon","coordinates":[[[36.62483195162415,37.02776120484023],[36.62490049283334,37.02785115318951],[36.6248014073046,37.02789927011358],[36.62473287493007,37.02780932306698],[36.62483195162415,37.02776120484023]]]}},{"type":"Feature","properties":{"source":"Microsoft Global ML Building Footprints"},"geometry":{"type":"Polygon","coordinates":[[[36.62543977775518,37.02602787018076],[36.62534592052292,37.02600397667011],[36.6253816320377,37.02591456457532],[36.62547548215494,37.02593845630277],[36.62543977775518,37.02602787018076]]]}},{"type":"Feature","properties":{"source":"Microsoft Global ML Building Footprints"},"geometry":{"type":"Polygon","coordinates":[[[36.62573844194412,37.03259306552329],[36.625778675079346,37.03262518334811],[36.62570223212242,37.03268620717784],[36.6256619989872,37.03265408937882],[36.62573844194412,37.03259306552329]]]}},{"type":"Feature","properties":{"source":"Microsoft Global ML Building Footprints"},"geometry":{"type":"Polygon","coordinates":[[[36.62574997770935,37.02688827453075],[36.62567021250019,37.02689424237645],[36.62566608023466,37.026859066098126],[36.62574584492479,37.02685309383156],[36.62574997770935,37.02688827453075]]]}},{"type":"Feature","properties":{"source":"Microsoft Global ML Building Footprints"},"geometry":{"type":"Polygon","coordinates":[[[36.625877828554735,37.020343399693225],[36.62587579988131,37.02027062354873],[36.62600887286294,37.020268258836126],[36.62601089516003,37.02034103509622],[36.625877828554735,37.020343399693225]]]}},{"type":"Feature","properties":{"source":"Microsoft Global ML Building Footprints"},"geometry":{"type":"Polygon","coordinates":[[[36.62866795026885,37.02770065496449],[36.62885962978346,37.02764474808691],[36.62894520376361,37.02783178011228],[36.62877955480034,37.02788009458128],[36.62873806438576,37.027789412502365],[36.62871203383436,37.027797004782336],[36.62866795026885,37.02770065496449]]]}},{"type":"Feature","properties":{"source":"Microsoft Global ML Building Footprints"},"geometry":{"type":"Polygon","coordinates":[[[36.63341052250405,37.02234398910167],[36.63331800783201,37.02241569711297],[36.633246960461264,37.022357267585114],[36.633339475133305,37.02228555951868],[36.63341052250405,37.02234398910167]]]}},{"type":"Feature","properties":{"source":"Microsoft Global ML Building Footprints"},"geometry":{"type":"Polygon","coordinates":[[[36.63537254557834,37.023596551457814],[36.63547830669516,37.02356208584701],[36.635490506633104,37.02358594886983],[36.635559481274505,37.02356347129621],[36.63553883522563,37.02352308770278],[36.6356376988783,37.02349086981853],[36.63568837554372,37.02358999318794],[36.635640093294725,37.023605727484664],[36.63565041631916,37.0236259192621],[36.63570559603228,37.02360793721319],[36.63573187282178,37.02365933445279],[36.63545137594677,37.023750743095384],[36.63537254557834,37.023596551457814]]]}},{"type":"Feature","properties":{"source":"Microsoft Global ML Building Footprints"},"geometry":{"type":"Polygon","coordinates":[[[36.63543368904551,37.02100564365416],[36.635468297309366,37.021003245601854],[36.63545721634486,37.02090122060419],[36.63567019027631,37.020886463337696],[36.63567955049275,37.02097264503647],[36.63563429325967,37.02097577844219],[36.635648144548746,37.021103310310934],[36.63544581809508,37.02111731845261],[36.63543368904551,37.02100564365416]]]}},{"type":"Feature","properties":{"source":"Microsoft Global ML Building Footprints"},"geometry":{"type":"Polygon","coordinates":[[[36.63560007698434,37.018492304975936],[36.635554586046,37.01850490119],[36.635583647112995,37.018571809803625],[36.635507030795786,37.01859302445652],[36.63547796972879,37.018526115861576],[36.63551725569367,37.01851523777689],[36.63550193207138,37.018479950365304],[36.63558475239534,37.01845702244952],[36.63560007698434,37.018492304975936]]]}},{"type":"Feature","properties":{"source":"Microsoft Global ML Building Footprints"},"geometry":{"type":"Polygon","coordinates":[[[36.63621839718934,37.02743848436995],[36.63623185324469,37.02711121217168],[36.63648103020387,37.02711774201784],[36.63646757414852,37.02744501418797],[36.63621839718934,37.02743848436995]]]}},{"type":"Feature","properties":{"source":"Microsoft Global ML Building Footprints"},"geometry":{"type":"Polygon","coordinates":[[[36.6382606438008,37.030416415990864],[36.63825612392636,37.03057264375239],[36.63812476575626,37.030570221756],[36.638129285630654,37.0304139939895],[36.6382606438008,37.030416415990864]]]}},{"type":"Feature","properties":{"source":"Microsoft Global ML Building Footprints"},"geometry":{"type":"Polygon","coordinates":[[[36.62503167694048,37.021135369262346],[36.62503366906422,37.021166457645194],[36.62499086560609,37.02116820370029],[36.62498887363526,37.02113711770376],[36.62503167694048,37.021135369262346]]]}},{"type":"Feature","properties":{"source":"Microsoft Global ML Building Footprints"},"geometry":{"type":"Polygon","coordinates":[[[36.62528465675582,37.0203698903866],[36.62538733672119,37.02036605752647],[36.625383278135956,37.02029674653817],[36.625474274640254,37.02029335488252],[36.625478207801805,37.02036052393724],[36.62542468062112,37.02036252201167],[36.62543168770671,37.020482186234545],[36.625291528434964,37.02048741812233],[36.62528465675582,37.0203698903866]]]}},{"type":"Feature","properties":{"source":"Microsoft Global ML Building Footprints"},"geometry":{"type":"Polygon","coordinates":[[[36.62581020876908,37.02434964671468],[36.62601901768197,37.024356974060474],[36.6260157230974,37.02441681821307],[36.625930057902345,37.02441381212494],[36.62592829294632,37.02444587147427],[36.625805149228455,37.0244415502242],[36.62581020876908,37.02434964671468]]]}},{"type":"Feature","properties":{"source":"Microsoft Global ML Building Footprints"},"geometry":{"type":"Polygon","coordinates":[[[36.62639623295894,37.01887804817548],[36.626385504376714,37.018878089543115],[36.6263859642911,37.01895304287166],[36.626259903449935,37.018953528940926],[36.62625940954114,37.018873035462036],[36.62626315570161,37.018873020808115],[36.62626252862422,37.01876934329427],[36.62639556279801,37.018768830335745],[36.62639623295894,37.01887804817548]]]}},{"type":"Feature","properties":{"source":"Microsoft Global ML Building Footprints"},"geometry":{"type":"Polygon","coordinates":[[[36.62729412317276,37.019642051764485],[36.62734508514404,37.019642051764485],[36.62734508514404,37.01968488282968],[36.62729412317276,37.01968488282968],[36.62729412317276,37.019642051764485]]]}},{"type":"Feature","properties":{"source":"Microsoft Global ML Building Footprints"},"geometry":{"type":"Polygon","coordinates":[[[36.62806041112313,37.031259295439405],[36.627972007788124,37.031261779917386],[36.62796446310089,37.03109069365514],[36.62805286643594,37.03108820917157],[36.62806041112313,37.031259295439405]]]}},{"type":"Feature","properties":{"source":"Microsoft Global ML Building Footprints"},"geometry":{"type":"Polygon","coordinates":[[[36.62908190931121,37.02334320334443],[36.62915670708734,37.023339395748465],[36.629163009100616,37.023418308539114],[36.62908821132448,37.02342211613113],[36.62908190931121,37.02334320334443]]]}},{"type":"Feature","properties":{"source":"Microsoft Global ML Building Footprints"},"geometry":{"type":"Polygon","coordinates":[[[36.63900753544113,37.029636341660535],[36.638846147944726,37.02962121058881],[36.63887579852188,37.02941977611122],[36.63903718470901,37.029434916117594],[36.63900753544113,37.029636341660535]]]}},{"type":"Feature","properties":{"source":"Microsoft Global ML Building Footprints"},"geometry":{"type":"Polygon","coordinates":[[[36.62733005817801,37.01970690249097],[36.6273974204136,37.01980006096743],[36.62726666129243,37.019860335959784],[36.6271992990568,37.01976717755723],[36.62733005817801,37.01970690249097]]]}},{"type":"Feature","properties":{"source":"Microsoft Global ML Building Footprints"},"geometry":{"type":"Polygon","coordinates":[[[36.62780942734681,37.02280392613292],[36.62788187650329,37.02281499437582],[36.62785811118649,37.02291415391571],[36.627785662030014,37.022903085687254],[36.62780942734681,37.02280392613292]]]}},{"type":"Feature","properties":{"source":"Microsoft Global ML Building Footprints"},"geometry":{"type":"Polygon","coordinates":[[[36.629039722516794,37.02117672830816],[36.62869325014076,37.0213634055512],[36.628625641449155,37.02128341593391],[36.62897210258186,37.021096725191946],[36.629039722516794,37.02117672830816]]]}},{"type":"Feature","properties":{"source":"Microsoft Global ML Building Footprints"},"geometry":{"type":"Polygon","coordinates":[[[36.63502501445326,37.021095386212686],[36.634889456496246,37.02110942265447],[36.634867231811434,37.02097252548845],[36.63500014012423,37.0209587633811],[36.63500903471889,37.021013521798224],[36.635073961627576,37.02100679888868],[36.63507995562472,37.021043720059744],[36.63501766918535,37.021050166076044],[36.63502501445326,37.021095386212686]]]}},{"type":"Feature","properties":{"source":"Microsoft Global ML Building Footprints"},"geometry":{"type":"Polygon","coordinates":[[[36.63675565226696,37.021634281233425],[36.63681272391417,37.02165057775124],[36.636798263107295,37.02168285398842],[36.63674119146005,37.021666557477516],[36.63675565226696,37.021634281233425]]]}},{"type":"Feature","properties":{"source":"Microsoft Global ML Building Footprints"},"geometry":{"type":"Polygon","coordinates":[[[36.637003007880196,37.023355011836],[36.63706196107692,37.02330589894567],[36.63715218697547,37.02337493967034],[36.6370932315347,37.02342405079889],[36.637003007880196,37.023355011836]]]}},{"type":"Feature","properties":{"source":"Microsoft Global ML Building Footprints"},"geometry":{"type":"Polygon","coordinates":[[[36.638743027680796,37.02553997910803],[36.63876897812011,37.025371211257934],[36.63896187244043,37.025390116453174],[36.63893592200112,37.02555888426129],[36.638743027680796,37.02553997910803]]]}},{"type":"Feature","properties":{"source":"Microsoft Global ML Building Footprints"},"geometry":{"type":"Polygon","coordinates":[[[36.63886695314165,37.02306723539124],[36.63887149226996,37.02301529972615],[36.638932883856576,37.023018723342176],[36.63892834502663,37.023070655591056],[36.63886695314165,37.02306723539124]]]}},{"type":"Feature","properties":{"source":"Microsoft Global ML Building Footprints"},"geometry":{"type":"Polygon","coordinates":[[[36.639396186532004,37.03059230138457],[36.63935087352214,37.03068780285804],[36.639163220149136,37.030631059358214],[36.639208533159,37.030535557813415],[36.639396186532004,37.03059230138457]]]}},{"type":"Feature","properties":{"source":"Microsoft Global ML Building Footprints"},"geometry":{"type":"Polygon","coordinates":[[[36.62501490697722,37.02164826101246],[36.62501827670312,37.02171453799861],[36.62483996187814,37.02172032717342],[36.624836586351954,37.02165405038064],[36.62501490697722,37.02164826101246]]]}},{"type":"Feature","properties":{"source":"Microsoft Global ML Building Footprints"},"geometry":{"type":"Polygon","coordinates":[[[36.62534897407585,37.02146349418428],[36.625457837509316,37.0214511877432],[36.62546619369194,37.0214982849082],[36.625313685912296,37.02151553362491],[36.62529974099159,37.02143693718369],[36.62534338952634,37.02143200294393],[36.62534897407585,37.02146349418428]]]}},{"type":"Feature","properties":{"source":"Microsoft Global ML Building Footprints"},"geometry":{"type":"Polygon","coordinates":[[[36.62569038966532,37.01989462187008],[36.6256932080899,37.01978850841005],[36.62579508621584,37.019790233404414],[36.6257922676401,37.01989635255251],[36.62569038966532,37.01989462187008]]]}},{"type":"Feature","properties":{"source":"Microsoft Global ML Building Footprints"},"geometry":{"type":"Polygon","coordinates":[[[36.62734810510053,37.02738390875448],[36.627415035008546,37.027327103999674],[36.62754311016822,37.02742328402991],[36.6274761802602,37.02748008871279],[36.62734810510053,37.02738390875448]]]}},{"type":"Feature","properties":{"source":"Microsoft Global ML Building Footprints"},"geometry":{"type":"Polygon","coordinates":[[[36.630028370542874,37.02863388447626],[36.62996674059689,37.028635430626395],[36.62996396182568,37.02856483739482],[36.63002559177166,37.02856329124326],[36.630028370542874,37.02863388447626]]]}},{"type":"Feature","properties":{"source":"Microsoft Global ML Building Footprints"},"geometry":{"type":"Polygon","coordinates":[[[36.632295073206805,37.02059432334229],[36.632236097848526,37.02063450617473],[36.63228449543738,37.02067978708779],[36.63219293159807,37.020742179103664],[36.631908783871324,37.020476329566044],[36.631998798891885,37.020414997738186],[36.63205442458226,37.02046704143033],[36.63207517188861,37.02045290523424],[36.632137422638884,37.020511142559954],[36.63210891246307,37.020530567978646],[36.63215129394147,37.020570220258435],[36.63221958119844,37.02052369272691],[36.632295073206805,37.02059432334229]]]}},{"type":"Feature","properties":{"source":"Microsoft Global ML Building Footprints"},"geometry":{"type":"Polygon","coordinates":[[[36.63335641165825,37.02187462319611],[36.6333942294547,37.02203264906441],[36.63347595260079,37.022020186714926],[36.63350560874649,37.02214415341726],[36.63331928686609,37.022172566473635],[36.633288642182215,37.022044467592316],[36.63324464951599,37.02205117624038],[36.63320783553908,37.021897288616245],[36.63335641165825,37.02187462319611]]]}},{"type":"Feature","properties":{"source":"Microsoft Global ML Building Footprints"},"geometry":{"type":"Polygon","coordinates":[[[36.635556821902185,37.02164544942546],[36.63562295960742,37.02153600981716],[36.635736979911215,37.0215799280102],[36.63567084998824,37.02168937055281],[36.635556821902185,37.02164544942546]]]}},{"type":"Feature","properties":{"source":"Microsoft Global ML Building Footprints"},"geometry":{"type":"Polygon","coordinates":[[[36.636374023149976,37.020100364281234],[36.63652151031178,37.020102160970744],[36.63652089659522,37.02013427660107],[36.63637340943342,37.02013247991234],[36.636374023149976,37.020100364281234]]]}},{"type":"Feature","properties":{"source":"Microsoft Global ML Building Footprints"},"geometry":{"type":"Polygon","coordinates":[[[36.63945252383519,37.02756147986865],[36.63944421126871,37.02769390922932],[36.63930079284421,37.02768816352819],[36.63930911699123,37.027555734621465],[36.63945252383519,37.02756147986865]]]}},{"type":"Feature","properties":{"source":"Microsoft Global ML Building Footprints"},"geometry":{"type":"Polygon","coordinates":[[[36.62852234267754,37.02669957491337],[36.62858668685617,37.02667386139897],[36.62860347640664,37.02670063945913],[36.62853913403049,37.02672635583932],[36.62852234267754,37.02669957491337]]]}},{"type":"Feature","properties":{"source":"Microsoft Global ML Building Footprints"},"geometry":{"type":"Polygon","coordinates":[[[36.630411634908484,37.025503111616025],[36.63027682999885,37.02551618044242],[36.630256929898756,37.02538534349539],[36.63039173480839,37.02537227464648],[36.630411634908484,37.025503111616025]]]}},{"type":"Feature","properties":{"source":"Microsoft Global ML Building Footprints"},"geometry":{"type":"Polygon","coordinates":[[[36.63096180059865,37.02594789038222],[36.63092212322342,37.0259516393821],[36.630911792332356,37.02588195007766],[36.63099643739955,37.02587395220369],[36.63101070520001,37.025970198792244],[36.63096573787539,37.025974450135415],[36.63096180059865,37.02594789038222]]]}},{"type":"Feature","properties":{"source":"Microsoft Global ML Building Footprints"},"geometry":{"type":"Polygon","coordinates":[[[36.63259071233454,37.018981028464054],[36.632690356325284,37.018894891859894],[36.63280325396484,37.0189781504503],[36.63270361391259,37.0190642835555],[36.63259071233454,37.018981028464054]]]}},{"type":"Feature","properties":{"source":"Microsoft Global ML Building Footprints"},"geometry":{"type":"Polygon","coordinates":[[[36.63435472292714,37.01908098861205],[36.63443747877447,37.0191724516466],[36.63430638711715,37.01924807368714],[36.63422362600215,37.01915661378238],[36.63435472292714,37.01908098861205]]]}},{"type":"Feature","properties":{"source":"Microsoft Global ML Building Footprints"},"geometry":{"type":"Polygon","coordinates":[[[36.635968166830104,37.026722767731265],[36.63606683052463,37.02690499648854],[36.63557509853851,37.027074687439764],[36.63546668095479,37.026874411549834],[36.635600021810035,37.02682839709798],[36.63560978915992,37.02684644000353],[36.635968166830104,37.026722767731265]]]}},{"type":"Feature","properties":{"source":"Microsoft Global ML Building Footprints"},"geometry":{"type":"Polygon","coordinates":[[[36.63714467910087,37.0247122895292],[36.63717435364965,37.024772361084175],[36.63714299520401,37.02478223487758],[36.637091356761246,37.02467768222987],[36.63715403138849,37.02465795142435],[36.63717599909099,37.02470242958523],[36.63714467910087,37.0247122895292]]]}},{"type":"Feature","properties":{"source":"Microsoft Global ML Building Footprints"},"geometry":{"type":"Polygon","coordinates":[[[36.638334834845864,37.02569632092858],[36.63838890503367,37.025701599070956],[36.63839484837585,37.02566281417768],[36.63848083723868,37.02567121291763],[36.63847437481033,37.025713409383265],[36.63841359321165,37.025707472701086],[36.63839226719806,37.02584672088221],[36.63831298685197,37.02583897739721],[36.638334834845864,37.02569632092858]]]}},{"type":"Feature","properties":{"source":"Microsoft Global ML Building Footprints"},"geometry":{"type":"Polygon","coordinates":[[[36.63980809060901,37.02361207771519],[36.639827298139615,37.023513823298046],[36.63995821942455,37.023530137201426],[36.6399390118939,37.02362839159747],[36.63980809060901,37.02361207771519]]]}},{"type":"Feature","properties":{"source":"Microsoft Global ML Building Footprints"},"geometry":{"type":"Polygon","coordinates":[[[36.62475658814406,37.021580430206235],[36.624643821266744,37.02159985734697],[36.62461506488075,37.02149345340474],[36.62472783175802,37.021474026236795],[36.62475658814406,37.021580430206235]]]}},{"type":"Feature","properties":{"source":"Microsoft Global ML Building Footprints"},"geometry":{"type":"Polygon","coordinates":[[[36.624836386447626,37.02426484053028],[36.62470517815903,37.02426055153403],[36.62471186590011,37.02413014318954],[36.6248430741887,37.02413443219315],[36.624836386447626,37.02426484053028]]]}},{"type":"Feature","properties":{"source":"Microsoft Global ML Building Footprints"},"geometry":{"type":"Polygon","coordinates":[[[36.624911258981996,37.02765682200263],[36.62483760767602,37.027644817724784],[36.624858109277916,37.02756464739466],[36.62493175383669,37.02757665058549],[36.624911258981996,37.02765682200263]]]}},{"type":"Feature","properties":{"source":"Microsoft Global ML Building Footprints"},"geometry":{"type":"Polygon","coordinates":[[[36.625240122100216,37.02243222650154],[36.62533184337675,37.022439852943926],[36.62532315605209,37.02250645302594],[36.6252314398903,37.022498832140535],[36.625240122100216,37.02243222650154]]]}},{"type":"Feature","properties":{"source":"Microsoft Global ML Building Footprints"},"geometry":{"type":"Polygon","coordinates":[[[36.62609615363263,37.02143943643613],[36.626116181094844,37.02147773126333],[36.62606501437894,37.021494789148754],[36.62604498977536,37.021456493377144],[36.62609615363263,37.02143943643613]]]}},{"type":"Feature","properties":{"source":"Microsoft Global ML Building Footprints"},"geometry":{"type":"Polygon","coordinates":[[[36.62786455318171,37.02303493987985],[36.62783854952576,37.02312576508822],[36.62780657311848,37.02311992941598],[36.6277937582382,37.0231647027242],[36.627690632767596,37.023145882405046],[36.62772945297984,37.02301029170295],[36.62786455318171,37.02303493987985]]]}},{"type":"Feature","properties":{"source":"Microsoft Global ML Building Footprints"},"geometry":{"type":"Polygon","coordinates":[[[36.628160193114205,37.02391257171858],[36.62827548567794,37.02382715304126],[36.62834770350194,37.02388928533011],[36.62833185077441,37.023901030394335],[36.628378658623284,37.02394130128891],[36.62827921878708,37.02401497479308],[36.628160193114205,37.02391257171858]]]}},{"type":"Feature","properties":{"source":"Microsoft Global ML Building Footprints"},"geometry":{"type":"Polygon","coordinates":[[[36.6287958342417,37.026705929309784],[36.628713510772535,37.026740120345735],[36.628627447788794,37.026608063333256],[36.6287097688988,37.026573868617916],[36.6287958342417,37.026705929309784]]]}},{"type":"Feature","properties":{"source":"Microsoft Global ML Building Footprints"},"geometry":{"type":"Polygon","coordinates":[[[36.63140857415807,37.02500365981716],[36.63119777300007,37.02501578037546],[36.63118385421478,37.02486148123448],[36.6312585681746,37.024857181178625],[36.63126038050625,37.02487727211819],[36.631297737673485,37.02487512416738],[36.63128966645459,37.024785649124176],[36.63138839611088,37.024779972390036],[36.63140857415807,37.02500365981716]]]}},{"type":"Feature","properties":{"source":"Microsoft Global ML Building Footprints"},"geometry":{"type":"Polygon","coordinates":[[[36.6323855545023,37.0185613513602],[36.63244541726445,37.018783511559725],[36.63239825028269,37.018791616559994],[36.63237121699987,37.01869132447938],[36.63232866947905,37.018698635697426],[36.63229583030619,37.018576764265674],[36.6323855545023,37.0185613513602]]]}},{"type":"Feature","properties":{"source":"Microsoft Global ML Building Footprints"},"geometry":{"type":"Polygon","coordinates":[[[36.63377750489589,37.02402967630855],[36.63382980862583,37.02402853356367],[36.63383123901389,37.02407026465435],[36.63377893903977,37.024071410238925],[36.63377750489589,37.02402967630855]]]}},{"type":"Feature","properties":{"source":"Microsoft Global ML Building Footprints"},"geometry":{"type":"Polygon","coordinates":[[[36.63455005179182,37.02244440298296],[36.634455815521555,37.0225126007447],[36.63442378373085,37.02248438643606],[36.634375193154014,37.02251955089608],[36.63430312162487,37.02245606869271],[36.634445948471935,37.02235270635926],[36.63455005179182,37.02244440298296]]]}},{"type":"Feature","properties":{"source":"Microsoft Global ML Building Footprints"},"geometry":{"type":"Polygon","coordinates":[[[36.63922630354864,37.02736795379564],[36.639239808967346,37.02731142036164],[36.63928121809903,37.02731772534162],[36.6392677132137,37.02737425653834],[36.63922630354864,37.02736795379564]]]}},{"type":"Feature","properties":{"source":"Microsoft Global ML Building Footprints"},"geometry":{"type":"Polygon","coordinates":[[[36.624147761126096,37.01896504196081],[36.624024443315655,37.018962802321994],[36.62402837470155,37.01882480380684],[36.62409378193574,37.01882599535882],[36.62409204055702,37.01888693332444],[36.62414995636804,37.01888798516463],[36.624147761126096,37.01896504196081]]]}},{"type":"Feature","properties":{"source":"Microsoft Global ML Building Footprints"},"geometry":{"type":"Polygon","coordinates":[[[36.624222178264986,37.01950650969558],[36.62408913635454,37.019508769796154],[36.6240860394853,37.019392172316856],[36.62421907137768,37.019389919816994],[36.624222178264986,37.01950650969558]]]}},{"type":"Feature","properties":{"source":"Microsoft Global ML Building Footprints"},"geometry":{"type":"Polygon","coordinates":[[[36.62534198982135,37.02845911179152],[36.625415390807404,37.02841482236074],[36.62550054963775,37.02850476452809],[36.62539812965725,37.02856656365355],[36.62534264738899,37.02850796502852],[36.62537166638348,37.028490455267914],[36.62534198982135,37.02845911179152]]]}},{"type":"Feature","properties":{"source":"Microsoft Global ML Building Footprints"},"geometry":{"type":"Polygon","coordinates":[[[36.62887394325052,37.02757405065695],[36.6288781455374,37.027633819333545],[36.62878991098637,37.02763777822386],[36.62878570869949,37.02757800955038],[36.62887394325052,37.02757405065695]]]}},{"type":"Feature","properties":{"source":"Microsoft Global ML Building Footprints"},"geometry":{"type":"Polygon","coordinates":[[[36.63034675084888,37.02568072963584],[36.63041463148363,37.02574202772099],[36.630342368434846,37.02579303337537],[36.63027448780005,37.025731735331384],[36.63034675084888,37.02568072963584]]]}},{"type":"Feature","properties":{"source":"Microsoft Global ML Building Footprints"},"geometry":{"type":"Polygon","coordinates":[[[36.6308025315005,37.018456090363564],[36.63089845149856,37.01855338452799],[36.63077491664042,37.01863102660762],[36.63067899770638,37.01853372497056],[36.6308025315005,37.018456090363564]]]}},{"type":"Feature","properties":{"source":"Microsoft Global ML Building Footprints"},"geometry":{"type":"Polygon","coordinates":[[[36.63095505300964,37.02756689907504],[36.63097758651874,37.02763031737054],[36.63086737653592,37.027655281928666],[36.630844837881334,37.027591864819556],[36.63095505300964,37.02756689907504]]]}},{"type":"Feature","properties":{"source":"Microsoft Global ML Building Footprints"},"geometry":{"type":"Polygon","coordinates":[[[36.63120224262042,37.02739580006919],[36.631270512892655,37.027385260249865],[36.63128751241169,37.027455441178326],[36.63121924807019,37.027465980072314],[36.63120224262042,37.02739580006919]]]}},{"type":"Feature","properties":{"source":"Microsoft Global ML Building Footprints"},"geometry":{"type":"Polygon","coordinates":[[[36.63129037335669,37.021705060880315],[36.63135216575701,37.021808891391814],[36.631238380364294,37.02185205768487],[36.63117659105091,37.021748232419384],[36.63129037335669,37.021705060880315]]]}},{"type":"Feature","properties":{"source":"Microsoft Global ML Building Footprints"},"geometry":{"type":"Polygon","coordinates":[[[36.63246135152632,37.02235210684414],[36.63223033541176,37.0224145475258],[36.632181455891086,37.022299270395116],[36.63214776604106,37.022308376337385],[36.6321273995741,37.022260344153736],[36.63204317494903,37.022283109019035],[36.631992666111,37.02216398910823],[36.63209373566113,37.022136671226235],[36.632083959757004,37.02211361572976],[36.632266847514344,37.02206418333188],[36.63229580223524,37.02213247018209],[36.6323607741363,37.02211490542309],[36.63246135152632,37.02235210684414]]]}},{"type":"Feature","properties":{"source":"Microsoft Global ML Building Footprints"},"geometry":{"type":"Polygon","coordinates":[[[36.633726401576595,37.02281887814199],[36.63373948218115,37.022857848285454],[36.633614357800255,37.02288461985242],[36.633579814328016,37.02278170685955],[36.63381394433803,37.02273162549521],[36.63383539978673,37.022795562995675],[36.633726401576595,37.02281887814199]]]}},{"type":"Feature","properties":{"source":"Microsoft Global ML Building Footprints"},"geometry":{"type":"Polygon","coordinates":[[[36.635248594774964,37.02384922766175],[36.63548313472246,37.02384363155992],[36.63548717293227,37.023951765686974],[36.63525264196554,37.02395734846146],[36.635248594774964,37.02384922766175]]]}},{"type":"Feature","properties":{"source":"Microsoft Global ML Building Footprints"},"geometry":{"type":"Polygon","coordinates":[[[36.63927721776744,37.02126068653206],[36.6392813071444,37.021365518903266],[36.63919287982973,37.02136771284198],[36.639186203295885,37.021196557880444],[36.63925482154289,37.02119485541365],[36.6392574028915,37.021261178152585],[36.63927721776744,37.02126068653206]]]}},{"type":"Feature","properties":{"source":"Microsoft Global ML Building Footprints"},"geometry":{"type":"Polygon","coordinates":[[[36.62667335750157,37.0316695657862],[36.626677790005296,37.03156905319352],[36.62713975188273,37.03158203606744],[36.627135328180245,37.03168254889029],[36.62667335750157,37.0316695657862]]]}},{"type":"Feature","properties":{"source":"Microsoft Global ML Building Footprints"},"geometry":{"type":"Polygon","coordinates":[[[36.62815540686601,37.03200526425597],[36.62816388362578,37.0321856497924],[36.62808764149042,37.03218793304029],[36.628079180323844,37.03200754278336],[36.62815540686601,37.03200526425597]]]}},{"type":"Feature","properties":{"source":"Microsoft Global ML Building Footprints"},"geometry":{"type":"Polygon","coordinates":[[[36.6285677435763,37.022625975285855],[36.628572634377946,37.02249974926072],[36.62868517945344,37.02250252895714],[36.62868028865184,37.02262875497765],[36.6285677435763,37.022625975285855]]]}},{"type":"Feature","properties":{"source":"Microsoft Global ML Building Footprints"},"geometry":{"type":"Polygon","coordinates":[[[36.62889606267014,37.02685741171548],[36.628839092198994,37.026883072052364],[36.6288115456866,37.02684408699995],[36.6288685161577,37.026818426649896],[36.62889606267014,37.02685741171548]]]}},{"type":"Feature","properties":{"source":"Microsoft Global ML Building Footprints"},"geometry":{"type":"Polygon","coordinates":[[[36.6289975367649,37.01867366119552],[36.628865913300494,37.018688107116574],[36.62885107728727,37.01860193053693],[36.628982700751685,37.01858748459949],[36.6289975367649,37.01867366119552]]]}},{"type":"Feature","properties":{"source":"Microsoft Global ML Building Footprints"},"geometry":{"type":"Polygon","coordinates":[[[36.62933841172544,37.031347541000706],[36.62934232041805,37.0315230656862],[36.628865038047664,37.0315298390766],[36.62886112935505,37.03135431440674],[36.62933841172544,37.031347541000706]]]}},{"type":"Feature","properties":{"source":"Microsoft Global ML Building Footprints"},"geometry":{"type":"Polygon","coordinates":[[[36.62979503502713,37.02142359989887],[36.62975482798719,37.021422782077885],[36.62975837893369,37.02131149603261],[36.62995405319472,37.02131547610044],[36.62994975108649,37.021450303396584],[36.62988541982258,37.02144899488347],[36.62988521496029,37.021455415225056],[36.62979407900307,37.02145356149826],[36.62979503502713,37.02142359989887]]]}},{"type":"Feature","properties":{"source":"Microsoft Global ML Building Footprints"},"geometry":{"type":"Polygon","coordinates":[[[36.63017515073704,37.030554719496166],[36.63017784380117,37.03048070031938],[36.63021426594958,37.03048154688741],[36.630211566475744,37.030555563879744],[36.63017515073704,37.030554719496166]]]}},{"type":"Feature","properties":{"source":"Microsoft Global ML Building Footprints"},"geometry":{"type":"Polygon","coordinates":[[[36.63318074167741,37.022731261723095],[36.63312523917981,37.02263358435563],[36.633238683414135,37.0225924940459],[36.63330681602864,37.022712398867164],[36.63324453455962,37.02273496110622],[36.633231902802706,37.02271273082568],[36.63318074167741,37.022731261723095]]]}},{"type":"Feature","properties":{"source":"Microsoft Global ML Building Footprints"},"geometry":{"type":"Polygon","coordinates":[[[36.636353224942695,37.018590414329665],[36.635985575400085,37.01863025096763],[36.63596377305088,37.01850197672534],[36.63607594457351,37.01848982237032],[36.636070938221735,37.01846038261958],[36.63616311702869,37.018450394571666],[36.63615811067692,37.01842095480565],[36.636321398849255,37.018403261682124],[36.636353224942695,37.018590414329665]]]}},{"type":"Feature","properties":{"source":"Microsoft Global ML Building Footprints"},"geometry":{"type":"Polygon","coordinates":[[[36.639480104304454,37.03348479921713],[36.6394428912776,37.03348196744757],[36.63945149987826,37.03340982292882],[36.63948871290513,37.033412654701095],[36.639480104304454,37.03348479921713]]]}},{"type":"Feature","properties":{"source":"Microsoft Global ML Building Footprints"},"geometry":{"type":"Polygon","coordinates":[[[36.62224337845218,37.03261768772227],[36.62205282751959,37.03268265188623],[36.6219162272152,37.032427315055855],[36.62210677814783,37.03236235067348],[36.62224337845218,37.03261768772227]]]}},{"type":"Feature","properties":{"source":"Microsoft Global ML Building Footprints"},"geometry":{"type":"Polygon","coordinates":[[[36.62230040952441,37.03275842543407],[36.62211004174778,37.03282352912095],[36.62205858516291,37.0327276439786],[36.622248952939536,37.032662540209536],[36.62230040952441,37.03275842543407]]]}},{"type":"Feature","properties":{"source":"Microsoft Global ML Building Footprints"},"geometry":{"type":"Polygon","coordinates":[[[36.623861236193356,37.02510043396894],[36.62388944438734,37.02494742634553],[36.62403121243232,37.02496408547066],[36.62400300423834,37.02511709306051],[36.623861236193356,37.02510043396894]]]}},{"type":"Feature","properties":{"source":"Microsoft Global ML Building Footprints"},"geometry":{"type":"Polygon","coordinates":[[[36.62538288054496,37.02575712541773],[36.625385586240746,37.025674601379734],[36.62551424412054,37.02567729005556],[36.62551153818918,37.025759821274654],[36.62538288054496,37.02575712541773]]]}},{"type":"Feature","properties":{"source":"Microsoft Global ML Building Footprints"},"geometry":{"type":"Polygon","coordinates":[[[36.627278504573866,37.02152714707291],[36.62713746642615,37.021528967623446],[36.62713504513522,37.021409910230055],[36.62727609355724,37.02140808166228],[36.627278504573866,37.02152714707291]]]}},{"type":"Feature","properties":{"source":"Microsoft Global ML Building Footprints"},"geometry":{"type":"Polygon","coordinates":[[[36.628609264798925,37.0274359299647],[36.6285447200925,37.02747066737127],[36.628495789745884,37.02741272115863],[36.62856033235858,37.027377981246055],[36.628609264798925,37.0274359299647]]]}},{"type":"Feature","properties":{"source":"Microsoft Global ML Building Footprints"},"geometry":{"type":"Polygon","coordinates":[[[36.636825646227905,37.024263392489445],[36.63672112240691,37.02426573455026],[36.636718908977514,37.024202769018196],[36.63682343300366,37.02420043279141],[36.636825646227905,37.024263392489445]]]}},{"type":"Feature","properties":{"source":"Microsoft Global ML Building Footprints"},"geometry":{"type":"Polygon","coordinates":[[[36.63940402334864,37.02069349292367],[36.6392351490192,37.02069685240752],[36.6392324348115,37.020609877269095],[36.63925387913342,37.02060944946992],[36.63925271964591,37.0205722943663],[36.639400149616066,37.02056936147877],[36.63940402334864,37.02069349292367]]]}},{"type":"Feature","properties":{"source":"Microsoft Global ML Building Footprints"},"geometry":{"type":"Polygon","coordinates":[[[36.62480208559007,37.02359382587965],[36.6248752354755,37.02360336606533],[36.62487096786248,37.02362422390378],[36.625012042641494,37.02364262282488],[36.62500350741553,37.02368433847448],[36.62496170748098,37.023678886945774],[36.62494378350643,37.02376648974166],[36.62483667117419,37.02375252021364],[36.62484819372929,37.0236962041318],[36.62478288133157,37.02368768611934],[36.62480208559007,37.02359382587965]]]}},{"type":"Feature","properties":{"source":"Microsoft Global ML Building Footprints"},"geometry":{"type":"Polygon","coordinates":[[[36.62532423911824,37.02282213189442],[36.62536580036972,37.022828121341156],[36.62535996934042,37.02285391324623],[36.62531840758043,37.022847926050694],[36.62532423911824,37.02282213189442]]]}},{"type":"Feature","properties":{"source":"Microsoft Global ML Building Footprints"},"geometry":{"type":"Polygon","coordinates":[[[36.62541508585022,37.02737991062647],[36.62541007693334,37.02741369872181],[36.625346593132925,37.02740770043736],[36.625351602049804,37.02737391233935],[36.62541508585022,37.02737991062647]]]}},{"type":"Feature","properties":{"source":"Microsoft Global ML Building Footprints"},"geometry":{"type":"Polygon","coordinates":[[[36.62587120310355,37.02351722087729],[36.625747939983235,37.023514169614],[36.625754586553455,37.02334301837327],[36.62587784967376,37.023346069643424],[36.62587120310355,37.02351722087729]]]}},{"type":"Feature","properties":{"source":"Microsoft Global ML Building Footprints"},"geometry":{"type":"Polygon","coordinates":[[[36.62689342815455,37.021531241942746],[36.626636086999326,37.02153621747418],[36.62663258160863,37.02142064413526],[36.62688992276386,37.021415668596255],[36.62689342815455,37.021531241942746]]]}},{"type":"Feature","properties":{"source":"Microsoft Global ML Building Footprints"},"geometry":{"type":"Polygon","coordinates":[[[36.62796829017159,37.0186610902562],[36.62804383482316,37.01864195386476],[36.62807911652756,37.01873074653691],[36.628003570351886,37.018749879070384],[36.62796829017159,37.0186610902562]]]}},{"type":"Feature","properties":{"source":"Microsoft Global ML Building Footprints"},"geometry":{"type":"Polygon","coordinates":[[[36.63074689514421,37.02355420656606],[36.63064605478999,37.02356647911528],[36.630612490128975,37.023390682590765],[36.63071331542257,37.023378411846075],[36.63074689514421,37.02355420656606]]]}},{"type":"Feature","properties":{"source":"Microsoft Global ML Building Footprints"},"geometry":{"type":"Polygon","coordinates":[[[36.63201518509604,37.02089607893083],[36.63199517448051,37.020923004668866],[36.631951531717625,37.02090232882098],[36.631971542333154,37.0208754030756],[36.63201518509604,37.02089607893083]]]}},{"type":"Feature","properties":{"source":"Microsoft Global ML Building Footprints"},"geometry":{"type":"Polygon","coordinates":[[[36.63582327107171,37.02827546123769],[36.63588909767536,37.02826828169358],[36.63589341436728,37.0282935066069],[36.635827587763636,37.02830068614864],[36.63582327107171,37.02827546123769]]]}},{"type":"Feature","properties":{"source":"Microsoft Global ML Building Footprints"},"geometry":{"type":"Polygon","coordinates":[[[36.63748689462271,37.026788104063215],[36.637447954594705,37.027044709251115],[36.637096383945035,37.0270106854195],[36.63709400868165,37.02702633779861],[36.63702373923754,37.02701954128275],[36.63705321908583,37.026825388525566],[36.63716840973281,37.026836529883624],[36.63718025901248,37.02675844592856],[36.63748689462271,37.026788104063215]]]}},{"type":"Feature","properties":{"source":"Microsoft Global ML Building Footprints"},"geometry":{"type":"Polygon","coordinates":[[[36.62466317054724,37.023496164772276],[36.62454682416507,37.02352121402255],[36.62450059777623,37.02338438938698],[36.624616953292495,37.02335933162327],[36.62466317054724,37.023496164772276]]]}},{"type":"Feature","properties":{"source":"Microsoft Global ML Building Footprints"},"geometry":{"type":"Polygon","coordinates":[[[36.6250458901869,37.021810129218146],[36.62504297569989,37.02170524779037],[36.62521187146858,37.02170224656199],[36.62521478595555,37.02180712799389],[36.6250458901869,37.021810129218146]]]}},{"type":"Feature","properties":{"source":"Microsoft Global ML Building Footprints"},"geometry":{"type":"Polygon","coordinates":[[[36.625251579431335,37.02758108092712],[36.625258357376225,37.02766854062187],[36.6251381182351,37.02767447967446],[36.62513134029021,37.027587019986555],[36.625251579431335,37.02758108092712]]]}},{"type":"Feature","properties":{"source":"Microsoft Global ML Building Footprints"},"geometry":{"type":"Polygon","coordinates":[[[36.626237627583464,37.02226983372627],[36.62629007867358,37.02227107350677],[36.62628708949539,37.022351496182026],[36.62623464555764,37.02235025364135],[36.626237627583464,37.02226983372627]]]}},{"type":"Feature","properties":{"source":"Microsoft Global ML Building Footprints"},"geometry":{"type":"Polygon","coordinates":[[[36.627350281907866,37.02480910470734],[36.62727156287645,37.024886648894736],[36.62712828327719,37.024793930554864],[36.6272070064112,37.02471638892765],[36.627350281907866,37.02480910470734]]]}},{"type":"Feature","properties":{"source":"Microsoft Global ML Building Footprints"},"geometry":{"type":"Polygon","coordinates":[[[36.6283055983957,37.02114072542103],[36.62842003526044,37.02131086271674],[36.62831594415059,37.021355493459374],[36.62826187739708,37.021275110617594],[36.62819317526038,37.02130456394481],[36.628132802112454,37.02121480511087],[36.6283055983957,37.02114072542103]]]}},{"type":"Feature","properties":{"source":"Microsoft Global ML Building Footprints"},"geometry":{"type":"Polygon","coordinates":[[[36.63030677469041,37.026334530829686],[36.630401398245965,37.0263201284886],[36.630431003871315,37.02644410414918],[36.630336369828356,37.02645850806299],[36.63030677469041,37.026334530829686]]]}},{"type":"Feature","properties":{"source":"Microsoft Global ML Building Footprints"},"geometry":{"type":"Polygon","coordinates":[[[36.6333303629268,37.02256517100514],[36.63335177922085,37.02258336618684],[36.63328688507572,37.02263205537072],[36.63319387942178,37.02255304411244],[36.633288685288655,37.02248190719333],[36.63336027428171,37.02254272891137],[36.6333303629268,37.02256517100514]]]}},{"type":"Feature","properties":{"source":"Microsoft Global ML Building Footprints"},"geometry":{"type":"Polygon","coordinates":[[[36.635168768517836,37.032050381645185],[36.635183307964525,37.032175637034115],[36.63490673312925,37.03219609648034],[36.6348921936826,37.032070841125154],[36.635168768517836,37.032050381645185]]]}},{"type":"Feature","properties":{"source":"Microsoft Global ML Building Footprints"},"geometry":{"type":"Polygon","coordinates":[[[36.63909900964686,37.02320262834727],[36.63936450004505,37.02322412454915],[36.63935049936579,37.02333434641424],[36.63903722069595,37.023308980932164],[36.63904825969306,37.02322207521517],[36.63909604796472,37.023225944530964],[36.63909900964686,37.02320262834727]]]}},{"type":"Feature","properties":{"source":"Microsoft Global ML Building Footprints"},"geometry":{"type":"Polygon","coordinates":[[[36.624599674697144,37.0230127591845],[36.6245732349173,37.02306909283101],[36.624462692867866,37.023036021526494],[36.62448913264771,37.02297968785546],[36.624599674697144,37.0230127591845]]]}},{"type":"Feature","properties":{"source":"Microsoft Global ML Building Footprints"},"geometry":{"type":"Polygon","coordinates":[[[36.62760060729648,37.026702021813065],[36.62754943498485,37.02671498587503],[36.627534260053224,37.0266768163326],[36.627585431332115,37.0266638496665],[36.62760060729648,37.026702021813065]]]}},{"type":"Feature","properties":{"source":"Microsoft Global ML Building Footprints"},"geometry":{"type":"Polygon","coordinates":[[[36.62835412194755,37.02426685448743],[36.628248595111046,37.02428414330696],[36.628223243076135,37.02418550844759],[36.62832876991264,37.024168219605606],[36.62835412194755,37.02426685448743]]]}},{"type":"Feature","properties":{"source":"Microsoft Global ML Building Footprints"},"geometry":{"type":"Polygon","coordinates":[[[36.62858699542937,37.01889814748592],[36.628637590534396,37.01903154056673],[36.62866215934518,37.019025599841314],[36.62868076048673,37.01907464136011],[36.628550545789665,37.01910612717923],[36.628481349543094,37.01892369264477],[36.62858699542937,37.01889814748592]]]}},{"type":"Feature","properties":{"source":"Microsoft Global ML Building Footprints"},"geometry":{"type":"Polygon","coordinates":[[[36.629612504448154,37.01936462523307],[36.62946464024859,37.01940513794748],[36.62942923197592,37.01932275216649],[36.629577089714694,37.01928224117832],[36.629612504448154,37.01936462523307]]]}},{"type":"Feature","properties":{"source":"Microsoft Global ML Building Footprints"},"geometry":{"type":"Polygon","coordinates":[[[36.63273395123812,37.01868381207057],[36.6328489215075,37.0186987560285],[36.63283190653967,37.018782207577296],[36.63287893983169,37.01878832100708],[36.63288171619008,37.01877470409732],[36.63305416968,37.01879712939451],[36.633035656390504,37.018887929484094],[36.63295988053115,37.018878080082125],[36.6329556267892,37.01889894292868],[36.63285372132313,37.01888569718282],[36.632867758671615,37.01881684975545],[36.63277734741873,37.01880509802313],[36.63276543195292,37.01886351338677],[36.63269907055402,37.018854887680604],[36.63273395123812,37.01868381207057]]]}},{"type":"Feature","properties":{"source":"Microsoft Global ML Building Footprints"},"geometry":{"type":"Polygon","coordinates":[[[36.635519458956004,37.02453804296843],[36.63552353358432,37.024564317799204],[36.63546013298283,37.02457058831738],[36.635466524090155,37.02461180070837],[36.6353529303764,37.02462302912794],[36.63534246409967,37.02455553842914],[36.635519458956004,37.02453804296843]]]}},{"type":"Feature","properties":{"source":"Microsoft Global ML Building Footprints"},"geometry":{"type":"Polygon","coordinates":[[[36.63763590485582,37.02330626451286],[36.63756888560703,37.02333568092202],[36.637531518382474,37.02328141445859],[36.637598541284426,37.02325199642494],[36.63763590485582,37.02330626451286]]]}},{"type":"Feature","properties":{"source":"Microsoft Global ML Building Footprints"},"geometry":{"type":"Polygon","coordinates":[[[36.63994150415194,37.026111249236656],[36.639914319450575,37.02629715755964],[36.6397464432962,37.0262815206274],[36.639773611918706,37.026095610768465],[36.63994150415194,37.026111249236656]]]}},{"type":"Feature","properties":{"source":"Microsoft Global ML Building Footprints"},"geometry":{"type":"Polygon","coordinates":[[[36.622660825807785,37.03024736170242],[36.6225005789233,37.03031885554219],[36.62216534294253,37.029839918693426],[36.6223255626069,37.02976844549917],[36.622660825807785,37.03024736170242]]]}},{"type":"Feature","properties":{"source":"Microsoft Global ML Building Footprints"},"geometry":{"type":"Polygon","coordinates":[[[36.624812652064165,37.01947952048281],[36.62465469580845,37.01948496661088],[36.62464984802312,37.01939518825502],[36.62480780427883,37.01938974212049],[36.624812652064165,37.01947952048281]]]}},{"type":"Feature","properties":{"source":"Microsoft Global ML Building Footprints"},"geometry":{"type":"Polygon","coordinates":[[[36.625898526483304,37.02836700453078],[36.62595618180055,37.028374056333774],[36.625947348689586,37.0284200847148],[36.62588969337234,37.028413032916085],[36.625898526483304,37.02836700453078]]]}},{"type":"Feature","properties":{"source":"Microsoft Global ML Building Footprints"},"geometry":{"type":"Polygon","coordinates":[[[36.6265270113945,37.02010034290909],[36.6265270113945,37.02030164749133],[36.626205146312714,37.02030164749133],[36.626205146312714,37.02010034290909],[36.6265270113945,37.02010034290909]]]}},{"type":"Feature","properties":{"source":"Microsoft Global ML Building Footprints"},"geometry":{"type":"Polygon","coordinates":[[[36.62958834942434,37.02075159914493],[36.62959961411811,37.02074571104228],[36.62965568152479,37.0208140814231],[36.629591850307676,37.0208474497987],[36.62950949314775,37.02074702087871],[36.629562060032434,37.02071954100473],[36.62958834942434,37.02075159914493]]]}},{"type":"Feature","properties":{"source":"Microsoft Global ML Building Footprints"},"geometry":{"type":"Polygon","coordinates":[[[36.62991636300256,37.020053228993675],[36.6299163669448,37.020098201368114],[36.62984758615494,37.020098201368114],[36.62984758615494,37.020053228993675],[36.62991636300256,37.020053228993675]]]}},{"type":"Feature","properties":{"source":"Microsoft Global ML Building Footprints"},"geometry":{"type":"Polygon","coordinates":[[[36.6316529086709,37.01940077748651],[36.631593274746976,37.01928553035147],[36.631675755761954,37.01925832252569],[36.6316838566215,37.01927397807443],[36.63178695534374,37.0192399633642],[36.63184417037593,37.019350535875],[36.63188999316202,37.01933542043038],[36.6319122869328,37.01937850484563],[36.631826647955776,37.01940675912194],[36.63179866860035,37.01935269605471],[36.6316529086709,37.01940077748651]]]}},{"type":"Feature","properties":{"source":"Microsoft Global ML Building Footprints"},"geometry":{"type":"Polygon","coordinates":[[[36.632022022922904,37.02644486465273],[36.63206038568299,37.026512333244455],[36.63195015090109,37.02655228364567],[36.631911793045276,37.02648481331207],[36.632022022922904,37.02644486465273]]]}},{"type":"Feature","properties":{"source":"Microsoft Global ML Building Footprints"},"geometry":{"type":"Polygon","coordinates":[[[36.63441456069308,37.023004831979875],[36.63446983448522,37.02297503911109],[36.634541336362766,37.02305959789337],[36.63448606436459,37.023089392850565],[36.63441456069308,37.023004831979875]]]}},{"type":"Feature","properties":{"source":"Microsoft Global ML Building Footprints"},"geometry":{"type":"Polygon","coordinates":[[[36.636134415967156,37.02961044890367],[36.63558993986971,37.02961251759491],[36.635589084615845,37.029469055430944],[36.636092319468155,37.029467143428725],[36.63609210565458,37.02943074252501],[36.63634791556964,37.02942977059436],[36.63634881631292,37.02958086332065],[36.63613424438037,37.02958166658009],[36.636134415967156,37.02961044890367]]]}},{"type":"Feature","properties":{"source":"Microsoft Global ML Building Footprints"},"geometry":{"type":"Polygon","coordinates":[[[36.63634719176954,37.02086927732434],[36.636201018262035,37.020907627034255],[36.636163630955984,37.02081678446104],[36.636309797276475,37.02077843659085],[36.63634719176954,37.02086927732434]]]}},{"type":"Feature","properties":{"source":"Microsoft Global ML Building Footprints"},"geometry":{"type":"Polygon","coordinates":[[[36.63924140598574,37.02107152018721],[36.63926740930664,37.021176636752095],[36.63924260629356,37.02118054802041],[36.639216594104234,37.02107543285945],[36.63924140598574,37.02107152018721]]]}},{"type":"Feature","properties":{"source":"Microsoft Global ML Building Footprints"},"geometry":{"type":"Polygon","coordinates":[[[36.625792640937334,37.025250212402646],[36.62578890779179,37.025353824048096],[36.6257231719395,37.02535231439759],[36.62572691429317,37.025248699288944],[36.625792640937334,37.025250212402646]]]}},{"type":"Feature","properties":{"source":"Microsoft Global ML Building Footprints"},"geometry":{"type":"Polygon","coordinates":[[[36.62580317436606,37.025709806223],[36.62579906869822,37.02572628529801],[36.62585325137892,37.02573488958126],[36.625844013626235,37.02577196748279],[36.625734251054965,37.02575453704496],[36.6257475989918,37.02570098077519],[36.62580317436606,37.025709806223]]]}},{"type":"Feature","properties":{"source":"Microsoft Global ML Building Footprints"},"geometry":{"type":"Polygon","coordinates":[[[36.62723351376427,37.02186990203792],[36.62723752609062,37.02195758608525],[36.62707948670092,37.02196219594316],[36.62707547437457,37.021874511901174],[36.62723351376427,37.02186990203792]]]}},{"type":"Feature","properties":{"source":"Microsoft Global ML Building Footprints"},"geometry":{"type":"Polygon","coordinates":[[[36.62737393932021,37.02042110276051],[36.6272215763196,37.02047263873983],[36.627170516436514,37.02037640829454],[36.62727884298764,37.0203397673686],[36.62729966301986,37.0203790125376],[36.62734370349317,37.02036411852662],[36.62737393932021,37.02042110276051]]]}},{"type":"Feature","properties":{"source":"Microsoft Global ML Building Footprints"},"geometry":{"type":"Polygon","coordinates":[[[36.62792276062781,37.02298858195496],[36.62795938250127,37.02289106501374],[36.62807369387463,37.02291842297997],[36.628080603094546,37.022900020765356],[36.62815689462412,37.02291828376252],[36.62811752659013,37.023023137629266],[36.62803027798219,37.02300225658297],[36.62802612135515,37.02301332486416],[36.62792276062781,37.02298858195496]]]}},{"type":"Feature","properties":{"source":"Microsoft Global ML Building Footprints"},"geometry":{"type":"Polygon","coordinates":[[[36.6279644204751,37.02270465236333],[36.6279376458531,37.022796016768304],[36.62782716747462,37.022775379099386],[36.627862281934796,37.022655592017706],[36.62792697640606,37.022667677144916],[36.62791864652363,37.02269610165206],[36.6279644204751,37.02270465236333]]]}},{"type":"Feature","properties":{"source":"Microsoft Global ML Building Footprints"},"geometry":{"type":"Polygon","coordinates":[[[36.62854608514661,37.02728904772981],[36.628405991216795,37.02719779100942],[36.628480032369126,37.027125338870405],[36.628620131101655,37.02721659097821],[36.62854608514661,37.02728904772981]]]}},{"type":"Feature","properties":{"source":"Microsoft Global ML Building Footprints"},"geometry":{"type":"Polygon","coordinates":[[[36.6286461653499,37.02466980069997],[36.628750432979984,37.02464813886953],[36.628805343439005,37.02481660958335],[36.6287211591619,37.024834099014534],[36.6287227045115,37.02483884156885],[36.62859335801899,37.02486570629243],[36.628559365250226,37.02476141323065],[36.62856438954661,37.024760369704126],[36.62855393023311,37.024728279502035],[36.628658166099214,37.024706630111744],[36.6286461653499,37.02466980069997]]]}},{"type":"Feature","properties":{"source":"Microsoft Global ML Building Footprints"},"geometry":{"type":"Polygon","coordinates":[[[36.629266413787185,37.02574933682031],[36.629304255576926,37.02579627707961],[36.629270982155035,37.02581337246567],[36.6292331432752,37.02576643072188],[36.629266413787185,37.02574933682031]]]}},{"type":"Feature","properties":{"source":"Microsoft Global ML Building Footprints"},"geometry":{"type":"Polygon","coordinates":[[[36.631187489665244,37.01961733218322],[36.631267817697506,37.01968538346206],[36.63117742678935,37.019753397037796],[36.631097101916474,37.019685343442674],[36.631187489665244,37.01961733218322]]]}},{"type":"Feature","properties":{"source":"Microsoft Global ML Building Footprints"},"geometry":{"type":"Polygon","coordinates":[[[36.631777356415725,37.02159901917367],[36.631810047079504,37.02157088881932],[36.63187576381288,37.02161957155801],[36.63184306953072,37.02164770288591],[36.631777356415725,37.02159901917367]]]}},{"type":"Feature","properties":{"source":"Microsoft Global ML Building Footprints"},"geometry":{"type":"Polygon","coordinates":[[[36.633615364763244,37.02162131279667],[36.63378945226322,37.021615981881254],[36.633794331243806,37.02171754704786],[36.6336202432772,37.02172286824246],[36.633615364763244,37.02162131279667]]]}},{"type":"Feature","properties":{"source":"Microsoft Global ML Building Footprints"},"geometry":{"type":"Polygon","coordinates":[[[36.63566540829362,37.02246461187633],[36.63546980831481,37.02251033178409],[36.63540428955219,37.022331697031994],[36.635462270247835,37.022277703723695],[36.63541830412693,37.02215783121989],[36.63540484298353,37.02214861678664],[36.6353809659234,37.02215419788037],[36.63535934810702,37.022095243294416],[36.635421100098505,37.02203774255948],[36.63549630470421,37.022020163987094],[36.63551252758237,37.0220050579467],[36.63568167018849,37.02212084917533],[36.635639451278884,37.022160164735524],[36.63570032953232,37.02214593487516],[36.63571987721107,37.02212773146854],[36.635857582401044,37.02222200120938],[36.63587498913282,37.022269460200796],[36.63566540829362,37.02246461187633]]]}},{"type":"Feature","properties":{"source":"Microsoft Global ML Building Footprints"},"geometry":{"type":"Polygon","coordinates":[[[36.63619536681089,37.03188987017918],[36.6362879381096,37.03190779685575],[36.63627072761161,37.031964417803266],[36.636178161001155,37.03194649204794],[36.63619536681089,37.03188987017918]]]}},{"type":"Feature","properties":{"source":"Microsoft Global ML Building Footprints"},"geometry":{"type":"Polygon","coordinates":[[[36.636480012341636,37.01896096292524],[36.63648357303074,37.0188496736712],[36.63661491555919,37.0188523526403],[36.63660971147507,37.019015006104695],[36.63652125630284,37.0190132019049],[36.636522899697866,37.01896183768939],[36.636480012341636,37.01896096292524]]]}},{"type":"Feature","properties":{"source":"Microsoft Global ML Building Footprints"},"geometry":{"type":"Polygon","coordinates":[[[36.63810773911956,37.03264824886881],[36.6382469451097,37.032679483912766],[36.63822291849244,37.03274772281282],[36.63808370996429,37.03271649500526],[36.63810773911956,37.03264824886881]]]}},{"type":"Feature","properties":{"source":"Microsoft Global ML Building Footprints"},"geometry":{"type":"Polygon","coordinates":[[[36.62302555981806,37.030760309974],[36.62286478075292,37.030826740679764],[36.622552728369705,37.0303454199311],[36.62271350743489,37.03027898880437],[36.62302555981806,37.030760309974]]]}},{"type":"Feature","properties":{"source":"Microsoft Global ML Building Footprints"},"geometry":{"type":"Polygon","coordinates":[[[36.62598334007809,37.02043157617717],[36.62598471533285,37.02041146247973],[36.62602848450777,37.02041337023868],[36.62602711117748,37.02043348157355],[36.62598334007809,37.02043157617717]]]}},{"type":"Feature","properties":{"source":"Microsoft Global ML Building Footprints"},"geometry":{"type":"Polygon","coordinates":[[[36.62695143359021,37.02163157810765],[36.626956001930914,37.02176554730485],[36.626817732619195,37.021768552884225],[36.62681388438826,37.02165599069934],[36.626866396345086,37.021654846303576],[36.62686566663871,37.0216334472318],[36.62695143359021,37.02163157810765]]]}},{"type":"Feature","properties":{"source":"Microsoft Global ML Building Footprints"},"geometry":{"type":"Polygon","coordinates":[[[36.62790891869541,37.01909390318416],[36.62790119437507,37.01906978072205],[36.627864411117145,37.019077287423656],[36.627821534281786,37.01894334955268],[36.62807078475701,37.01889246865688],[36.62804931298189,37.01882539538627],[36.62812635841908,37.01880967195421],[36.62813045499,37.01882246527685],[36.628340425492624,37.01877960275596],[36.628415487439206,37.01901408023654],[36.62839939418343,37.01901736453944],[36.628427302422836,37.019104519862026],[36.62824197371174,37.01914235194771],[36.62821213894772,37.01904915476452],[36.62828767066308,37.01903374029822],[36.62828252243939,37.01901765837489],[36.62790891869541,37.01909390318416]]]}},{"type":"Feature","properties":{"source":"Microsoft Global ML Building Footprints"},"geometry":{"type":"Polygon","coordinates":[[[36.62907567619578,37.0212060383706],[36.629194853912125,37.021360936939075],[36.6290780121236,37.02141824282725],[36.62913064708139,37.021486653783036],[36.628942911441634,37.02157872989257],[36.62890343848885,37.02152742014207],[36.628929539722265,37.02151461862821],[36.62888930862525,37.02146232930169],[36.62882309621162,37.021494799914045],[36.62873098216015,37.02137507697674],[36.62907567619578,37.0212060383706]]]}},{"type":"Feature","properties":{"source":"Microsoft Global ML Building Footprints"},"geometry":{"type":"Polygon","coordinates":[[[36.63183918753655,37.02153982260614],[36.63189530055434,37.02157524836728],[36.63186659280956,37.021604237327665],[36.63181047979173,37.02156881158004],[36.63183918753655,37.02153982260614]]]}},{"type":"Feature","properties":{"source":"Microsoft Global ML Building Footprints"},"geometry":{"type":"Polygon","coordinates":[[[36.63664487258869,37.02152315453232],[36.63654014479845,37.02163292112075],[36.63634665205558,37.02151523991402],[36.636451379845866,37.02140547315557],[36.63664487258869,37.02152315453232]]]}},{"type":"Feature","properties":{"source":"Microsoft Global ML Building Footprints"},"geometry":{"type":"Polygon","coordinates":[[[36.63715380841258,37.025245211885945],[36.63716879661721,37.02533879265154],[36.63706711822583,37.02534917270432],[36.637052137198246,37.02525558553773],[36.63715380841258,37.025245211885945]]]}},{"type":"Feature","properties":{"source":"Microsoft Global ML Building Footprints"},"geometry":{"type":"Polygon","coordinates":[[[36.63718328165022,37.02324888148063],[36.6372564060998,37.02318765414538],[36.63738846902491,37.02328818469491],[36.63731533995907,37.023349415814316],[36.63718328165022,37.02324888148063]]]}},{"type":"Feature","properties":{"source":"Microsoft Global ML Building Footprints"},"geometry":{"type":"Polygon","coordinates":[[[36.62558821788169,37.024676258554166],[36.62565006601839,37.024688630721236],[36.62563994834389,37.02472086935001],[36.62557809754804,37.02470849665623],[36.62558821788169,37.024676258554166]]]}},{"type":"Feature","properties":{"source":"Microsoft Global ML Building Footprints"},"geometry":{"type":"Polygon","coordinates":[[[36.628288634435904,37.02524252201754],[36.628112580891276,37.02538822767388],[36.627990318786956,37.02529406734074],[36.62813287186114,37.02517608726123],[36.62816409844514,37.02520013825249],[36.62819760445019,37.025172409935024],[36.628288634435904,37.02524252201754]]]}},{"type":"Feature","properties":{"source":"Microsoft Global ML Building Footprints"},"geometry":{"type":"Polygon","coordinates":[[[36.63069102122269,37.01857992708247],[36.63064067273902,37.01860587942886],[36.630611848087554,37.0185702256385],[36.63066219597094,37.01854427640289],[36.63069102122269,37.01857992708247]]]}},{"type":"Feature","properties":{"source":"Microsoft Global ML Building Footprints"},"geometry":{"type":"Polygon","coordinates":[[[36.63285596983275,37.02152974071292],[36.632973649155396,37.021490818030415],[36.63304712763322,37.02163243283722],[36.63292943480258,37.02167135333834],[36.63285596983275,37.02152974071292]]]}},{"type":"Feature","properties":{"source":"Microsoft Global ML Building Footprints"},"geometry":{"type":"Polygon","coordinates":[[[36.63367220705017,37.02877729658326],[36.633683050314055,37.02897176897494],[36.6335652664938,37.0289759545424],[36.633554423229945,37.02878148216142],[36.63367220705017,37.02877729658326]]]}},{"type":"Feature","properties":{"source":"Microsoft Global ML Building Footprints"},"geometry":{"type":"Polygon","coordinates":[[[36.6348695337133,37.031342913097895],[36.63504783747238,37.031337792488124],[36.63505477580497,37.03149176121368],[36.634876485527144,37.0314968814259],[36.6348695337133,37.031342913097895]]]}},{"type":"Feature","properties":{"source":"Microsoft Global ML Building Footprints"},"geometry":{"type":"Polygon","coordinates":[[[36.636353868040274,37.02128819011173],[36.636380828953534,37.02132131473997],[36.63632048254478,37.02135262513828],[36.63629352163152,37.021319500523695],[36.636353868040274,37.02128819011173]]]}},{"type":"Feature","properties":{"source":"Microsoft Global ML Building Footprints"},"geometry":{"type":"Polygon","coordinates":[[[36.62451071912036,37.021558228907054],[36.624523600930615,37.021589062181214],[36.624412573024266,37.02161863140453],[36.62436265600951,37.02149915244401],[36.62456057532084,37.02144644199847],[36.62459761052535,37.02153508775836],[36.62451071912036,37.021558228907054]]]}},{"type":"Feature","properties":{"source":"Microsoft Global ML Building Footprints"},"geometry":{"type":"Polygon","coordinates":[[[36.62676923356694,37.02481464121924],[36.62683502459025,37.024736416248764],[36.626971827148495,37.024809754330214],[36.62688369200407,37.02491454615228],[36.62685781043898,37.024900671404694],[36.62683497230275,37.02492782570598],[36.626786005844984,37.02490157820658],[36.62683118644229,37.02484785332871],[36.62676923356694,37.02481464121924]]]}},{"type":"Feature","properties":{"source":"Microsoft Global ML Building Footprints"},"geometry":{"type":"Polygon","coordinates":[[[36.63032413254493,37.02024400465565],[36.630091944391026,37.020423809589076],[36.63001017519509,37.02035649755417],[36.63024236334899,37.02017669246147],[36.63032413254493,37.02024400465565]]]}},{"type":"Feature","properties":{"source":"Microsoft Global ML Building Footprints"},"geometry":{"type":"Polygon","coordinates":[[[36.6311591259382,37.028438018892366],[36.63104492977419,37.02843477751277],[36.63104725612726,37.02838254154761],[36.63116144800086,37.02838577642721],[36.6311591259382,37.028438018892366]]]}},{"type":"Feature","properties":{"source":"Microsoft Global ML Building Footprints"},"geometry":{"type":"Polygon","coordinates":[[[36.63126374616564,37.023587019853764],[36.63130345738779,37.02358338514556],[36.63130905160487,37.023622344396905],[36.631269340068215,37.02362597691303],[36.63126374616564,37.023587019853764]]]}},{"type":"Feature","properties":{"source":"Microsoft Global ML Building Footprints"},"geometry":{"type":"Polygon","coordinates":[[[36.63164557780774,37.024163546790795],[36.63157390484705,37.02418196544091],[36.63155904416825,37.02414509726423],[36.63152134597384,37.02415478501893],[36.63148223121757,37.02405776540872],[36.63156486498871,37.02403652999415],[36.63159806531492,37.02411887957844],[36.63162480031601,37.0241120106571],[36.63164557780774,37.024163546790795]]]}},{"type":"Feature","properties":{"source":"Microsoft Global ML Building Footprints"},"geometry":{"type":"Polygon","coordinates":[[[36.63311266341482,37.02011399756979],[36.633176906726646,37.02011169281247],[36.633183579781075,37.02023026816968],[36.63311933626761,37.02023256934067],[36.63311266341482,37.02011399756979]]]}},{"type":"Feature","properties":{"source":"Microsoft Global ML Building Footprints"},"geometry":{"type":"Polygon","coordinates":[[[36.63543129523492,37.02093340632496],[36.63529825619074,37.020935279753864],[36.63529554985954,37.02081325127338],[36.63542859959737,37.02081137769089],[36.63543129523492,37.02093340632496]]]}},{"type":"Feature","properties":{"source":"Microsoft Global ML Building Footprints"},"geometry":{"type":"Polygon","coordinates":[[[36.63912321570806,37.02120267161141],[36.63916402421711,37.02119914614769],[36.63917378381776,37.02127111431685],[36.63913296907302,37.02127464031594],[36.63912321570806,37.02120267161141]]]}},{"type":"Feature","properties":{"source":"Microsoft Global ML Building Footprints"},"geometry":{"type":"Polygon","coordinates":[[[36.627729276913485,37.02184958316478],[36.62777300811726,37.021656745989205],[36.62792623519117,37.021678896579274],[36.62790836652726,37.02175769030008],[36.627996666874935,37.02177045503073],[36.627987262315,37.02181192537031],[36.62791194731257,37.02180103781202],[36.62789548933263,37.021873610862215],[36.627729276913485,37.02184958316478]]]}},{"type":"Feature","properties":{"source":"Microsoft Global ML Building Footprints"},"geometry":{"type":"Polygon","coordinates":[[[36.6277541102085,37.018467945118715],[36.62800302865012,37.01841658919251],[36.62803031600377,37.01850090603156],[36.62792722856839,37.018522174628075],[36.62794542013748,37.01857838578638],[36.627799589131286,37.018608473036835],[36.6277541102085,37.018467945118715]]]}},{"type":"Feature","properties":{"source":"Microsoft Global ML Building Footprints"},"geometry":{"type":"Polygon","coordinates":[[[36.62851551528469,37.01945914458679],[36.62852557480151,37.01948911553893],[36.62862912096431,37.01946695985015],[36.62865014876078,37.01952962563493],[36.62851500970036,37.01955853365363],[36.62848392720258,37.01946590346458],[36.62851551528469,37.01945914458679]]]}},{"type":"Feature","properties":{"source":"Microsoft Global ML Building Footprints"},"geometry":{"type":"Polygon","coordinates":[[[36.62855888411366,37.02214312587915],[36.628441471824246,37.02213043707457],[36.62845667497031,37.02204076218395],[36.62857409388626,37.02205345828093],[36.62855888411366,37.02214312587915]]]}},{"type":"Feature","properties":{"source":"Microsoft Global ML Building Footprints"},"geometry":{"type":"Polygon","coordinates":[[[36.62901334395342,37.02401396782264],[36.62902170043368,37.02401167139973],[36.62905471781472,37.02408825516695],[36.62896359038012,37.02411329763472],[36.62892231865384,37.02401756794519],[36.62900509110881,37.02399482145696],[36.62901334395342,37.02401396782264]]]}},{"type":"Feature","properties":{"source":"Microsoft Global ML Building Footprints"},"geometry":{"type":"Polygon","coordinates":[[[36.634258128009996,37.02818873218416],[36.6342125533884,37.02818954705566],[36.6342114386746,37.02814993590778],[36.63425701322457,37.028149118490646],[36.634258128009996,37.02818873218416]]]}},{"type":"Feature","properties":{"source":"Microsoft Global ML Building Footprints"},"geometry":{"type":"Polygon","coordinates":[[[36.63528234365609,37.02180189929196],[36.63529498763368,37.02176159812567],[36.63538079851895,37.021778759689454],[36.635354246165996,37.021863392094836],[36.6353668654138,37.021865915851095],[36.63535042824294,37.02191830729115],[36.635181330321956,37.02188448897386],[36.63521167586819,37.02178776624401],[36.63528234365609,37.02180189929196]]]}},{"type":"Feature","properties":{"source":"Microsoft Global ML Building Footprints"},"geometry":{"type":"Polygon","coordinates":[[[36.6248003778791,37.02310327478406],[36.62480605276562,37.023226346746235],[36.62473640953775,37.023228389813404],[36.62473300284882,37.02315450855667],[36.62474517286977,37.02315415085419],[36.62474290915743,37.02310496391157],[36.6248003778791,37.02310327478406]]]}},{"type":"Feature","properties":{"source":"Microsoft Global ML Building Footprints"},"geometry":{"type":"Polygon","coordinates":[[[36.6260571783227,37.028532680455505],[36.62605405231644,37.028615220150755],[36.625936142908444,37.028612374078925],[36.62593926866541,37.02852984096272],[36.6260571783227,37.028532680455505]]]}},{"type":"Feature","properties":{"source":"Microsoft Global ML Building Footprints"},"geometry":{"type":"Polygon","coordinates":[[[36.62649863205067,37.02333843613288],[36.62662735687019,37.023364165255174],[36.6266067598244,37.023429851185554],[36.6264780371273,37.023404115316914],[36.62649863205067,37.02333843613288]]]}},{"type":"Feature","properties":{"source":"Microsoft Global ML Building Footprints"},"geometry":{"type":"Polygon","coordinates":[[[36.63061423195846,37.020454529450056],[36.63067658335139,37.02043452649945],[36.63072113003525,37.020523028937475],[36.63065877864232,37.02054303186478],[36.63061423195846,37.020454529450056]]]}},{"type":"Feature","properties":{"source":"Microsoft Global ML Building Footprints"},"geometry":{"type":"Polygon","coordinates":[[[36.63092017298433,37.02290970336532],[36.63088823570099,37.022989336863155],[36.63076063864487,37.02295671020652],[36.63079258225959,37.02287707829345],[36.63092017298433,37.02290970336532]]]}},{"type":"Feature","properties":{"source":"Microsoft Global ML Building Footprints"},"geometry":{"type":"Polygon","coordinates":[[[36.63231923529581,37.0282762538498],[36.63253434195354,37.02825050908225],[36.63254024096558,37.02828192272789],[36.63248252942327,37.02828882985865],[36.63250101299439,37.0283872591886],[36.63251937575786,37.0283850614681],[36.63250364505903,37.02830129183125],[36.63259283562441,37.0282906171761],[36.63261171246302,37.02839114074337],[36.632530391653376,37.02840087350435],[36.632538257002786,37.02844275827942],[36.63228117831429,37.02847352633736],[36.632261908208214,37.028370908639],[36.63233535926209,37.02836211775469],[36.63231923529581,37.0282762538498]]]}},{"type":"Feature","properties":{"source":"Microsoft Global ML Building Footprints"},"geometry":{"type":"Polygon","coordinates":[[[36.632757644662384,37.026133445460275],[36.63254662637274,37.02616568184653],[36.63253375349282,37.026111972744076],[36.632744767240375,37.026079737028894],[36.632757644662384,37.026133445460275]]]}},{"type":"Feature","properties":{"source":"Microsoft Global ML Building Footprints"},"geometry":{"type":"Polygon","coordinates":[[[36.63387945337447,37.023758801059365],[36.633603402652305,37.023812372697634],[36.63353414205585,37.02358488072272],[36.63383686896263,37.02352614892261],[36.63384025501223,37.023537273901475],[36.633983267165235,37.023509520227385],[36.63401989686946,37.02362983362816],[36.63388313559927,37.023656366539974],[36.63389514016941,37.02369579652349],[36.63386221668879,37.023702185808745],[36.63387945337447,37.023758801059365]]]}},{"type":"Feature","properties":{"source":"Microsoft Global ML Building Footprints"},"geometry":{"type":"Polygon","coordinates":[[[36.63694445258062,37.02346328168365],[36.637092956616215,37.02354074488759],[36.637027864271616,37.0236202876931],[36.63697335013202,37.02359185187237],[36.636918083046986,37.02365938817657],[36.63678837699061,37.02359173055151],[36.63686452275219,37.023498680433896],[36.63690023891262,37.02351731082325],[36.63694445258062,37.02346328168365]]]}},{"type":"Feature","properties":{"source":"Microsoft Global ML Building Footprints"},"geometry":{"type":"Polygon","coordinates":[[[36.637917174897595,37.0301810281868],[36.63789335281433,37.03031318934161],[36.63777773088898,37.030299900765066],[36.637801552972284,37.03016773958713],[36.637917174897595,37.0301810281868]]]}},{"type":"Feature","properties":{"source":"Microsoft Global ML Building Footprints"},"geometry":{"type":"Polygon","coordinates":[[[36.63876413808746,37.02385349875626],[36.638553164567924,37.023827563438616],[36.6385793758378,37.02369159217893],[36.6387903610009,37.023717528974366],[36.63876413808746,37.02385349875626]]]}},{"type":"Feature","properties":{"source":"Microsoft Global ML Building Footprints"},"geometry":{"type":"Polygon","coordinates":[[[36.63947681361437,37.02109786331581],[36.639495577456415,37.02113711747354],[36.639437047469556,37.02115495235676],[36.63941828362751,37.021115698208256],[36.63947681361437,37.02109786331581]]]}},{"type":"Feature","properties":{"source":"Microsoft Global ML Building Footprints"},"geometry":{"type":"Polygon","coordinates":[[[36.62501482578289,37.0196160340865],[36.624883642169635,37.01962055712029],[36.62487878652919,37.01953077919544],[36.62500997014244,37.01952625615632],[36.62501482578289,37.0196160340865]]]}},{"type":"Feature","properties":{"source":"Microsoft Global ML Building Footprints"},"geometry":{"type":"Polygon","coordinates":[[[36.625067909780725,37.02657393524893],[36.62490494559019,37.02659893063085],[36.62487463095287,37.02647295734899],[36.625037595143446,37.026447961925626],[36.625067909780725,37.02657393524893]]]}},{"type":"Feature","properties":{"source":"Microsoft Global ML Building Footprints"},"geometry":{"type":"Polygon","coordinates":[[[36.625737194312045,37.02547172977759],[36.62571139826183,37.02557020950529],[36.62554316388232,37.025542121139104],[36.62556895166092,37.02544363999396],[36.625737194312045,37.02547172977759]]]}},{"type":"Feature","properties":{"source":"Microsoft Global ML Building Footprints"},"geometry":{"type":"Polygon","coordinates":[[[36.62574769095456,37.01962372997097],[36.6257706435523,37.01946089255689],[36.62589248199775,37.01947184059602],[36.62588026048467,37.01955854626303],[36.625954423016665,37.01956521027846],[36.625950673409925,37.019591811885164],[36.62599305167002,37.01959562223091],[36.62598636860744,37.019643035231326],[36.62581950291038,37.01962804121115],[36.62581920482471,37.01963015598035],[36.62574769095456,37.01962372997097]]]}},{"type":"Feature","properties":{"source":"Microsoft Global ML Building Footprints"},"geometry":{"type":"Polygon","coordinates":[[[36.62727407563761,37.02021426926371],[36.62723209836543,37.02020442662844],[36.62724559544377,37.020167731449874],[36.627287573510266,37.0201775719304],[36.62727407563761,37.02021426926371]]]}},{"type":"Feature","properties":{"source":"Microsoft Global ML Building Footprints"},"geometry":{"type":"Polygon","coordinates":[[[36.63171173252452,37.0251235050464],[36.631716245007475,37.02526688789588],[36.63151929631072,37.025270849657936],[36.63151639217763,37.02517882802725],[36.63163701500747,37.025176401610956],[36.63163539409599,37.025125040650714],[36.63171173252452,37.0251235050464]]]}},{"type":"Feature","properties":{"source":"Microsoft Global ML Building Footprints"},"geometry":{"type":"Polygon","coordinates":[[[36.632484585917446,37.027291663982],[36.632432521584605,37.027303556460446],[36.632412659789836,37.02724813578832],[36.63246472412268,37.02723624330122],[36.632484585917446,37.027291663982]]]}},{"type":"Feature","properties":{"source":"Microsoft Global ML Building Footprints"},"geometry":{"type":"Polygon","coordinates":[[[36.63385611571182,37.019409777560526],[36.63389791326005,37.019523091648054],[36.63376555847068,37.0195542146103],[36.63372376755295,37.01944089161427],[36.63385611571182,37.019409777560526]]]}},{"type":"Feature","properties":{"source":"Microsoft Global ML Building Footprints"},"geometry":{"type":"Polygon","coordinates":[[[36.634195900470914,37.020099592520715],[36.634034050304365,37.02009758468368],[36.63403610355941,37.019991596817334],[36.63419796319043,37.01999359572972],[36.634195900470914,37.020099592520715]]]}},{"type":"Feature","properties":{"source":"Microsoft Global ML Building Footprints"},"geometry":{"type":"Polygon","coordinates":[[[36.639211587006656,37.02844336660172],[36.6392097373338,37.028377018959226],[36.639260674073626,37.02837611390777],[36.639262523746446,37.02844246155105],[36.639211587006656,37.02844336660172]]]}},{"type":"Feature","properties":{"source":"Microsoft Global ML Building Footprints"},"geometry":{"type":"Polygon","coordinates":[[[36.62465070622926,37.02360315239498],[36.62464382531998,37.023651784979],[36.62458416350357,37.02364640423861],[36.62459104020326,37.02359777127149],[36.62465070622926,37.02360315239498]]]}},{"type":"Feature","properties":{"source":"Microsoft Global ML Building Footprints"},"geometry":{"type":"Polygon","coordinates":[[[36.625865216323234,37.01865598583365],[36.62599282322085,37.01865385369263],[36.62599749551028,37.018831526699636],[36.62603502994428,37.01883089955077],[36.62603578532528,37.01885962436289],[36.62587062615118,37.01886239317422],[36.625865216323234,37.01865598583365]]]}},{"type":"Feature","properties":{"source":"Microsoft Global ML Building Footprints"},"geometry":{"type":"Polygon","coordinates":[[[36.6271403454745,37.018951322344165],[36.62719511356049,37.01906263485452],[36.62699438536179,37.01912560705511],[36.62693960882336,37.01901429728871],[36.6271403454745,37.018951322344165]]]}},{"type":"Feature","properties":{"source":"Microsoft Global ML Building Footprints"},"geometry":{"type":"Polygon","coordinates":[[[36.627363616110884,37.02020048361493],[36.62741123378613,37.020186958215845],[36.62743749099474,37.02024588774731],[36.62733663098295,37.02027453615798],[36.627295654916296,37.020182554744224],[36.627348891272256,37.02016743637743],[36.627363616110884,37.02020048361493]]]}},{"type":"Feature","properties":{"source":"Microsoft Global ML Building Footprints"},"geometry":{"type":"Polygon","coordinates":[[[36.63137252728115,37.03009356572464],[36.63137338889273,37.02999721395611],[36.631484980357,37.0299978561615],[36.6314841102987,37.030094207880595],[36.63137252728115,37.03009356572464]]]}},{"type":"Feature","properties":{"source":"Microsoft Global ML Building Footprints"},"geometry":{"type":"Polygon","coordinates":[[[36.63210149788987,37.02366913045114],[36.63240158710914,37.023534899077],[36.632506810133634,37.02368484497487],[36.6323158894401,37.0237702445929],[36.63227699897301,37.02371483155508],[36.63216783414444,37.0237636614281],[36.63210149788987,37.02366913045114]]]}},{"type":"Feature","properties":{"source":"Microsoft Global ML Building Footprints"},"geometry":{"type":"Polygon","coordinates":[[[36.63589582343023,37.0243963782258],[36.6359126391078,37.02451694412664],[36.63576162565638,37.02453036939114],[36.63574480997877,37.024409803511595],[36.63589582343023,37.0243963782258]]]}},{"type":"Feature","properties":{"source":"Microsoft Global ML Building Footprints"},"geometry":{"type":"Polygon","coordinates":[[[36.63872717616386,37.026275792172996],[36.638913315501604,37.0262896355868],[36.63890092991037,37.02639578270498],[36.63871479057263,37.026381939310525],[36.63872717616386,37.026275792172996]]]}},{"type":"Feature","properties":{"source":"Microsoft Global ML Building Footprints"},"geometry":{"type":"Polygon","coordinates":[[[36.62453851056478,37.024517820648185],[36.62445421398391,37.0245269020739],[36.62444801071213,37.024490180684786],[36.624532308074464,37.02448110388084],[36.62453851056478,37.024517820648185]]]}},{"type":"Feature","properties":{"source":"Microsoft Global ML Building Footprints"},"geometry":{"type":"Polygon","coordinates":[[[36.62571490414334,37.023644449031465],[36.6257229373426,37.0235313161648],[36.6258860279419,37.02353869786897],[36.62587799474264,37.023651830724646],[36.62571490414334,37.023644449031465]]]}},{"type":"Feature","properties":{"source":"Microsoft Global ML Building Footprints"},"geometry":{"type":"Polygon","coordinates":[[[36.626402995549306,37.02454345765997],[36.626449477604794,37.0245471146594],[36.62644308817033,37.02459888003916],[36.626396610291906,37.024595225967914],[36.626402995549306,37.02454345765997]]]}},{"type":"Feature","properties":{"source":"Microsoft Global ML Building Footprints"},"geometry":{"type":"Polygon","coordinates":[[[36.62672771421414,37.02086713984925],[36.626604821525476,37.02089450590664],[36.62656525836937,37.020781249287175],[36.62668814184672,37.0207538852402],[36.62672771421414,37.02086713984925]]]}},{"type":"Feature","properties":{"source":"Microsoft Global ML Building Footprints"},"geometry":{"type":"Polygon","coordinates":[[[36.62675780098322,37.02209151180013],[36.626855877090414,37.02209004852689],[36.626858001409296,37.02218081010071],[36.626759933384236,37.02218227873158],[36.62675780098322,37.02209151180013]]]}},{"type":"Feature","properties":{"source":"Microsoft Global ML Building Footprints"},"geometry":{"type":"Polygon","coordinates":[[[36.62764070199492,37.02396887922819],[36.627570165076094,37.02409762091399],[36.6274429285746,37.02405318528454],[36.62751345275034,37.02392444618349],[36.62764070199492,37.02396887922819]]]}},{"type":"Feature","properties":{"source":"Microsoft Global ML Building Footprints"},"geometry":{"type":"Polygon","coordinates":[[[36.628658133307084,37.02416761271488],[36.62852944170239,37.02419540592483],[36.628515247363964,37.02415350149328],[36.6284889774711,37.02415917493944],[36.62846734278706,37.02409532165435],[36.62862230086167,37.02406185569406],[36.628658133307084,37.02416761271488]]]}},{"type":"Feature","properties":{"source":"Microsoft Global ML Building Footprints"},"geometry":{"type":"Polygon","coordinates":[[[36.63636649365399,37.0308417899105],[36.636532536082676,37.030853896741114],[36.636508016392874,37.031068373626404],[36.636341955316304,37.031056265470255],[36.63636649365399,37.0308417899105]]]}},{"type":"Feature","properties":{"source":"Microsoft Global ML Building Footprints"},"geometry":{"type":"Polygon","coordinates":[[[36.636407882255455,37.02747129061079],[36.63640230204276,37.02761368926691],[36.63618257596063,37.02760820133743],[36.63618815569271,37.027465814936335],[36.636407882255455,37.02747129061079]]]}},{"type":"Feature","properties":{"source":"Microsoft Global ML Building Footprints"},"geometry":{"type":"Polygon","coordinates":[[[36.638590083224415,37.023505702650965],[36.638623514149046,37.0233866766174],[36.638752568300255,37.023409788934316],[36.638719129370266,37.02352880628712],[36.638590083224415,37.023505702650965]]]}},{"type":"Feature","properties":{"source":"Microsoft Global ML Building Footprints"},"geometry":{"type":"Polygon","coordinates":[[[36.63867141941948,37.031321156340006],[36.63869770695695,37.03123956691931],[36.63879833963438,37.031260224371614],[36.63877205039775,37.031341819043845],[36.63867141941948,37.031321156340006]]]}},{"type":"Feature","properties":{"source":"Microsoft Global ML Building Footprints"},"geometry":{"type":"Polygon","coordinates":[[[36.63876825573001,37.02871790338281],[36.63876621860478,37.02875932343928],[36.6386921973688,37.028757003204035],[36.63869423832308,37.028715579130655],[36.63876825573001,37.02871790338281]]]}},{"type":"Feature","properties":{"source":"Microsoft Global ML Building Footprints"},"geometry":{"type":"Polygon","coordinates":[[[36.63946827236838,37.02138722730411],[36.63941755122558,37.021396948911764],[36.63939746049857,37.021330129981536],[36.639448181641384,37.02132040836534],[36.63946827236838,37.02138722730411]]]}},{"type":"Feature","properties":{"source":"Microsoft Global ML Building Footprints"},"geometry":{"type":"Polygon","coordinates":[[[36.625411014500926,37.02745213513296],[36.62532254325032,37.02745060269058],[36.62532335759171,37.02742063811762],[36.62541182884232,37.02742217056062],[36.625411014500926,37.02745213513296]]]}},{"type":"Feature","properties":{"source":"Microsoft Global ML Building Footprints"},"geometry":{"type":"Polygon","coordinates":[[[36.631349093305474,37.027297894909324],[36.63145046539468,37.02726403990089],[36.63147242864186,37.02730595566878],[36.631371059679914,37.0273398096141],[36.631349093305474,37.027297894909324]]]}},{"type":"Feature","properties":{"source":"Microsoft Global ML Building Footprints"},"geometry":{"type":"Polygon","coordinates":[[[36.63469352218079,37.02308581965448],[36.63458856464277,37.023115378627715],[36.634570459335634,37.02307439943031],[36.63467541456926,37.02304483522538],[36.63469352218079,37.02308581965448]]]}},{"type":"Feature","properties":{"source":"Microsoft Global ML Building Footprints"},"geometry":{"type":"Polygon","coordinates":[[[36.635326362022525,37.03113364635452],[36.6353555423516,37.03127981992798],[36.635078270091924,37.03131509498787],[36.63504908976281,37.031168921482305],[36.635326362022525,37.03113364635452]]]}},{"type":"Feature","properties":{"source":"Microsoft Global ML Building Footprints"},"geometry":{"type":"Polygon","coordinates":[[[36.63713621642527,37.0314648559242],[36.63723818658934,37.03148344627089],[36.637216645856064,37.031558744250034],[36.63711467569203,37.03154015392179],[36.63713621642527,37.0314648559242]]]}},{"type":"Feature","properties":{"source":"Microsoft Global ML Building Footprints"},"geometry":{"type":"Polygon","coordinates":[[[36.637153533447886,37.019448530357025],[36.63697569728169,37.01945333026879],[36.63697424820195,37.01941910442573],[36.63702247285546,37.01941780281096],[36.63701839731872,37.019321542543096],[36.637148020256504,37.01931804393115],[36.637153533447886,37.019448530357025]]]}},{"type":"Feature","properties":{"source":"Microsoft Global ML Building Footprints"},"geometry":{"type":"Polygon","coordinates":[[[36.63724400500912,37.025093457687916],[36.63726550744112,37.025204294114495],[36.637080776151656,37.02522712688782],[36.63706269684113,37.02513389319048],[36.636688122711696,37.02518021149023],[36.63666054715206,37.02503800618924],[36.63710457810107,37.024983099038295],[36.63712875143084,37.02510770304303],[36.63724400500912,37.025093457687916]]]}},{"type":"Feature","properties":{"source":"Microsoft Global ML Building Footprints"},"geometry":{"type":"Polygon","coordinates":[[[36.63739977377849,37.02429435716332],[36.637448032688795,37.02429355627436],[36.637449704592534,37.024357771183354],[36.63740144568222,37.024358572071634],[36.63739977377849,37.02429435716332]]]}},{"type":"Feature","properties":{"source":"Microsoft Global ML Building Footprints"},"geometry":{"type":"Polygon","coordinates":[[[36.63742948280161,37.03284745130167],[36.63745066259373,37.03270601315477],[36.637545861720795,37.03271509786457],[36.63754314477305,37.0327332415894],[36.63759074394393,37.03273778656477],[36.637572281492204,37.03286107834057],[36.63742948280161,37.03284745130167]]]}},{"type":"Feature","properties":{"source":"Microsoft Global ML Building Footprints"},"geometry":{"type":"Polygon","coordinates":[[[36.639743792006286,37.02453821848101],[36.63977851466252,37.02437952881346],[36.63995419754284,37.0244040215767],[36.6399510159487,37.02441856795207],[36.64003040721789,37.02442963625155],[36.640008412748365,37.024530155464966],[36.63992772659349,37.02451890214589],[36.63991817821204,37.024562540162364],[36.639743792006286,37.02453821848101]]]}},{"type":"Feature","properties":{"source":"Microsoft Global ML Building Footprints"},"geometry":{"type":"Polygon","coordinates":[[[36.62443043602203,37.019058711734615],[36.62443331067371,37.019145468697545],[36.62435022034976,37.01914722383052],[36.624347345851845,37.019060471509555],[36.62443043602203,37.019058711734615]]]}},{"type":"Feature","properties":{"source":"Microsoft Global ML Building Footprints"},"geometry":{"type":"Polygon","coordinates":[[[36.628105013791014,37.02149579132727],[36.628140878508766,37.02148711953862],[36.62816022369598,37.02153812106514],[36.62812436307335,37.0215467918578],[36.628105013791014,37.02149579132727]]]}},{"type":"Feature","properties":{"source":"Microsoft Global ML Building Footprints"},"geometry":{"type":"Polygon","coordinates":[[[36.63062527119123,37.019939312844116],[36.6306735229204,37.01989044462574],[36.63076450432697,37.01994770709741],[36.630617905052965,37.02009617919087],[36.630555047311034,37.02005661394422],[36.63058949177823,37.02002172945363],[36.63050783870901,37.019970338163866],[36.63057173614879,37.01990561861109],[36.63062527119123,37.019939312844116]]]}},{"type":"Feature","properties":{"source":"Microsoft Global ML Building Footprints"},"geometry":{"type":"Polygon","coordinates":[[[36.630728590340944,37.020344066403794],[36.63067979378579,37.02036789845688],[36.63065233274574,37.02033205504621],[36.63070112930086,37.020308222981875],[36.630728590340944,37.020344066403794]]]}},{"type":"Feature","properties":{"source":"Microsoft Global ML Building Footprints"},"geometry":{"type":"Polygon","coordinates":[[[36.63075735564272,37.01943828080899],[36.630709994374016,37.01938427272264],[36.630817298279695,37.0193242859081],[36.63086465919636,37.01937828823761],[36.63075735564272,37.01943828080899]]]}},{"type":"Feature","properties":{"source":"Microsoft Global ML Building Footprints"},"geometry":{"type":"Polygon","coordinates":[[[36.63087582032103,37.02176284006812],[36.63091603926509,37.02174428764611],[36.63093927606401,37.02177639872814],[36.630899057119954,37.021794951142304],[36.63087582032103,37.02176284006812]]]}},{"type":"Feature","properties":{"source":"Microsoft Global ML Building Footprints"},"geometry":{"type":"Polygon","coordinates":[[[36.63252780391007,37.025197542968215],[36.63255457568535,37.02534213984454],[36.63253620168807,37.025344308197184],[36.63257246583051,37.025540173796905],[36.63214198496472,37.02559095151341],[36.63212279703731,37.025487316079925],[36.6319784299159,37.025504353102164],[36.631939630241625,37.025294792769714],[36.632065623365754,37.025279924054956],[36.632073383300614,37.0253218361759],[36.632150745476075,37.02531270650572],[36.63213794751647,37.02524355078531],[36.63252780391007,37.025197542968215]]]}},{"type":"Feature","properties":{"source":"Microsoft Global ML Building Footprints"},"geometry":{"type":"Polygon","coordinates":[[[36.63281193726448,37.01914351377124],[36.63284185705944,37.01907471189872],[36.63294238982219,37.01910258241092],[36.63291247002719,37.01917138425824],[36.63281193726448,37.01914351377124]]]}},{"type":"Feature","properties":{"source":"Microsoft Global ML Building Footprints"},"geometry":{"type":"Polygon","coordinates":[[[36.63538974469883,37.02535783983783],[36.63539521731827,37.02547858771695],[36.63525181932923,37.025482730242246],[36.63524635691938,37.02536197406271],[36.63538974469883,37.02535783983783]]]}},{"type":"Feature","properties":{"source":"Microsoft Global ML Building Footprints"},"geometry":{"type":"Polygon","coordinates":[[[36.6379869720206,37.02314298520847],[36.63782837521583,37.02315358434566],[36.637810612759445,37.02298430767414],[36.63796922337737,37.02297369872726],[36.6379869720206,37.02314298520847]]]}},{"type":"Feature","properties":{"source":"Microsoft Global ML Building Footprints"},"geometry":{"type":"Polygon","coordinates":[[[36.624645773386206,37.01861860294021],[36.624529423678936,37.01862090459052],[36.62452609361731,37.01851389125877],[36.624642452699284,37.01851158941977],[36.624645773386206,37.01861860294021]]]}},{"type":"Feature","properties":{"source":"Microsoft Global ML Building Footprints"},"geometry":{"type":"Polygon","coordinates":[[[36.62508572527541,37.028262398128135],[36.62522289504099,37.028209659871784],[36.62524386341911,37.02824442430458],[36.62510669365352,37.0282971625368],[36.62508572527541,37.028262398128135]]]}},{"type":"Feature","properties":{"source":"Microsoft Global ML Building Footprints"},"geometry":{"type":"Polygon","coordinates":[[[36.626076336554455,37.022163239694116],[36.626074553028765,37.02208617258502],[36.626219342884156,37.0220840366254],[36.6262211264098,37.022161103736664],[36.626076336554455,37.022163239694116]]]}},{"type":"Feature","properties":{"source":"Microsoft Global ML Building Footprints"},"geometry":{"type":"Polygon","coordinates":[[[36.6266768458872,37.01995698515823],[36.626712824385976,37.019950979765404],[36.626724428590414,37.01999529837033],[36.62668844958719,37.02000130183331],[36.6266768458872,37.01995698515823]]]}},{"type":"Feature","properties":{"source":"Microsoft Global ML Building Footprints"},"geometry":{"type":"Polygon","coordinates":[[[36.62887196485147,37.025745421328345],[36.628949632871965,37.02582645687991],[36.628811680519426,37.025910731694836],[36.62880827218689,37.02590717526423],[36.62868815344717,37.02598054877639],[36.62861390229699,37.02590307131624],[36.62887196485147,37.025745421328345]]]}},{"type":"Feature","properties":{"source":"Microsoft Global ML Building Footprints"},"geometry":{"type":"Polygon","coordinates":[[[36.62949485506572,37.01888144200785],[36.62959024629004,37.0189338366524],[36.629554691511636,37.018975099216746],[36.62958310443689,37.01899070689044],[36.6295447634059,37.01903520749118],[36.62942096078283,37.01896720766742],[36.62949485506572,37.01888144200785]]]}},{"type":"Feature","properties":{"source":"Microsoft Global ML Building Footprints"},"geometry":{"type":"Polygon","coordinates":[[[36.629579170127094,37.02152144609695],[36.62954804686249,37.02148105427267],[36.62952548010019,37.02149213868131],[36.62948597423505,37.02144087371295],[36.62952800208557,37.02142023033454],[36.6294454057295,37.021313036457094],[36.629537625883245,37.02126773937388],[36.62959868040209,37.02134696721823],[36.62972126089065,37.021286757639],[36.6297739353775,37.02135511106111],[36.62972140088239,37.02138091514913],[36.62976090674753,37.021432180157944],[36.629579170127094,37.02152144609695]]]}},{"type":"Feature","properties":{"source":"Microsoft Global ML Building Footprints"},"geometry":{"type":"Polygon","coordinates":[[[36.632324147986346,37.01970582241556],[36.63220006710937,37.019794110057845],[36.63213817907112,37.01973866241446],[36.63226225563474,37.01965037084329],[36.632324147986346,37.01970582241556]]]}},{"type":"Feature","properties":{"source":"Microsoft Global ML Building Footprints"},"geometry":{"type":"Polygon","coordinates":[[[36.634517578404804,37.023686305640936],[36.63444680473312,37.02369804714452],[36.63444039125265,37.02367341387616],[36.63451116699436,37.02366167202531],[36.634517578404804,37.023686305640936]]]}},{"type":"Feature","properties":{"source":"Microsoft Global ML Building Footprints"},"geometry":{"type":"Polygon","coordinates":[[[36.635438803154244,37.02290270747515],[36.635354405375445,37.02292529257907],[36.635299082267906,37.02279348455189],[36.63538348182629,37.0227709036487],[36.635438803154244,37.02290270747515]]]}},{"type":"Feature","properties":{"source":"Microsoft Global ML Building Footprints"},"geometry":{"type":"Polygon","coordinates":[[[36.63588560401288,37.02170647198856],[36.63591402217391,37.02166120748005],[36.635944031789656,37.021673219298314],[36.635915614470036,37.02171848245946],[36.63588560401288,37.02170647198856]]]}},{"type":"Feature","properties":{"source":"Microsoft Global ML Building Footprints"},"geometry":{"type":"Polygon","coordinates":[[[36.637298119822916,37.02044446630126],[36.63704116842992,37.02052241896343],[36.63696723854358,37.02036710037093],[36.63689372367479,37.02038940298466],[36.63687413095482,37.020348233203265],[36.63720460911402,37.0202479741043],[36.637298119822916,37.02044446630126]]]}},{"type":"Feature","properties":{"source":"Microsoft Global ML Building Footprints"},"geometry":{"type":"Polygon","coordinates":[[[36.63884097035896,37.024435310166446],[36.63886824650894,37.02434499212178],[36.639035546373464,37.02437719708311],[36.63900826755546,37.02446752392407],[36.63884097035896,37.024435310166446]]]}},{"type":"Feature","properties":{"source":"Microsoft Global ML Building Footprints"},"geometry":{"type":"Polygon","coordinates":[[[36.62470428967802,37.025044201694826],[36.62469944075244,37.02507268387018],[36.62466130449025,37.02506854557694],[36.62466615060816,37.02504006522649],[36.62470428967802,37.025044201694826]]]}},{"type":"Feature","properties":{"source":"Microsoft Global ML Building Footprints"},"geometry":{"type":"Polygon","coordinates":[[[36.62539507406687,37.01877075633258],[36.62539646229792,37.01881355918554],[36.62527584377851,37.01881605312203],[36.6252775790673,37.01886955665257],[36.625213249190274,37.01887088675106],[36.62521012567039,37.01877458037064],[36.62539507406687,37.01877075633258]]]}},{"type":"Feature","properties":{"source":"Microsoft Global ML Building Footprints"},"geometry":{"type":"Polygon","coordinates":[[[36.625615641930125,37.022307515979705],[36.625656100727795,37.02231239931356],[36.62564953152725,37.02234709306235],[36.62568886530717,37.02235184280322],[36.62568354215932,37.02237995579287],[36.62571500950873,37.02238375386489],[36.62572016303598,37.02235653668908],[36.62576474178099,37.02236191729271],[36.625756020427154,37.02240797711971],[36.6257129311863,37.022402776300694],[36.625708341426886,37.02242700483442],[36.62559558575812,37.02241338906419],[36.625615641930125,37.022307515979705]]]}},{"type":"Feature","properties":{"source":"Microsoft Global ML Building Footprints"},"geometry":{"type":"Polygon","coordinates":[[[36.62701538174346,37.02539827324562],[36.62713171155029,37.025475033419035],[36.62704134292743,37.02556231889778],[36.62692501711876,37.025485554950826],[36.62701538174346,37.02539827324562]]]}},{"type":"Feature","properties":{"source":"Microsoft Global ML Building Footprints"},"geometry":{"type":"Polygon","coordinates":[[[36.62774201169619,37.02818130470697],[36.627695456131306,37.02828340887321],[36.627566667360696,37.02824598945854],[36.62761321502126,37.02814388294541],[36.62774201169619,37.02818130470697]]]}},{"type":"Feature","properties":{"source":"Microsoft Global ML Building Footprints"},"geometry":{"type":"Polygon","coordinates":[[[36.6288224408447,37.025009108237214],[36.62891980431994,37.02492907939061],[36.629026737607326,37.025012008227925],[36.628929374262896,37.025092031113466],[36.6288224408447,37.025009108237214]]]}},{"type":"Feature","properties":{"source":"Microsoft Global ML Building Footprints"},"geometry":{"type":"Polygon","coordinates":[[[36.630440549545725,37.019929060781664],[36.630373650410334,37.0199400628424],[36.63038319019306,37.01997704176358],[36.63031371801401,37.01998846697326],[36.63032347317565,37.020026280740424],[36.63024720351362,37.02003881957582],[36.63023077901626,37.01997513193535],[36.630259083279356,37.01997047867264],[36.63024456385117,37.019914178081656],[36.63031052980256,37.0199033294863],[36.63029675011644,37.01984991543142],[36.630415110125156,37.0198304502229],[36.630440549545725,37.019929060781664]]]}},{"type":"Feature","properties":{"source":"Microsoft Global ML Building Footprints"},"geometry":{"type":"Polygon","coordinates":[[[36.63302899011605,37.01952521092305],[36.63305749972664,37.01946533665893],[36.63314040232379,37.01949050610874],[36.63311188812774,37.01955037896086],[36.63302899011605,37.01952521092305]]]}},{"type":"Feature","properties":{"source":"Microsoft Global ML Building Footprints"},"geometry":{"type":"Polygon","coordinates":[[[36.633735606976394,37.02617799703857],[36.63366057626451,37.02599647542167],[36.63412256812624,37.02587476017392],[36.63419759883812,37.0260562820817],[36.633735606976394,37.02617799703857]]]}},{"type":"Feature","properties":{"source":"Microsoft Global ML Building Footprints"},"geometry":{"type":"Polygon","coordinates":[[[36.63415731299706,37.027483849511874],[36.634636520427954,37.027379316427506],[36.63470608063311,37.02758255870756],[36.63474102284164,37.02757493651827],[36.634763527613885,37.02764069126374],[36.63466618860451,37.02766192448508],[36.63463822812985,37.02758022920952],[36.63460827766543,37.02758676251423],[36.634599412149065,37.02756085911803],[36.634212551983524,37.02764524761543],[36.63415731299706,37.027483849511874]]]}},{"type":"Feature","properties":{"source":"Microsoft Global ML Building Footprints"},"geometry":{"type":"Polygon","coordinates":[[[36.63832429794363,37.02783359802636],[36.63839917948548,37.02783035541721],[36.638403910934116,37.02789999453186],[36.63832902910882,37.02790323296629],[36.63832429794363,37.02783359802636]]]}},{"type":"Feature","properties":{"source":"Microsoft Global ML Building Footprints"},"geometry":{"type":"Polygon","coordinates":[[[36.62435803015568,37.01961168196962],[36.624359685663855,37.01964589567849],[36.62427834494761,37.019648409289296],[36.62427668644484,37.01961419567411],[36.62435803015568,37.01961168196962]]]}},{"type":"Feature","properties":{"source":"Microsoft Global ML Building Footprints"},"geometry":{"type":"Polygon","coordinates":[[[36.62491187240247,37.01884792274319],[36.624648105563736,37.01885881540659],[36.62464381645495,37.01879260364906],[36.62490757750523,37.01878171121521],[36.62491187240247,37.01884792274319]]]}},{"type":"Feature","properties":{"source":"Microsoft Global ML Building Footprints"},"geometry":{"type":"Polygon","coordinates":[[[36.62491531940783,37.01992549754287],[36.6249897186454,37.01991972278114],[36.62499089411964,37.01992938395399],[36.62491649438091,37.01993515459637],[36.62491531940783,37.01992549754287]]]}},{"type":"Feature","properties":{"source":"Microsoft Global ML Building Footprints"},"geometry":{"type":"Polygon","coordinates":[[[36.625880486776495,37.023402154414796],[36.6260264059303,37.02339822432205],[36.626028941825794,37.02345811654192],[36.62596464213582,37.02345984834712],[36.62596775953012,37.02353347421015],[36.625908818286916,37.023535064986454],[36.62590546729004,37.02345592195308],[36.62588278450071,37.02345653414378],[36.625880486776495,37.023402154414796]]]}},{"type":"Feature","properties":{"source":"Microsoft Global ML Building Footprints"},"geometry":{"type":"Polygon","coordinates":[[[36.62698088492374,37.024802169898194],[36.62685119311297,37.02473786875941],[36.62688725579693,37.024691506307825],[36.62701694760774,37.02475580748585],[36.62698088492374,37.024802169898194]]]}},{"type":"Feature","properties":{"source":"Microsoft Global ML Building Footprints"},"geometry":{"type":"Polygon","coordinates":[[[36.62814968582544,37.01877460069715],[36.6281297789214,37.01872629188106],[36.6282110911354,37.018704926598076],[36.62823100186031,37.01875323442381],[36.62814968582544,37.01877460069715]]]}},{"type":"Feature","properties":{"source":"Microsoft Global ML Building Footprints"},"geometry":{"type":"Polygon","coordinates":[[[36.62841773669075,37.02253042923033],[36.62841231659537,37.02264514130971],[36.62828793273884,37.02264138807637],[36.628293362547204,37.022526683234304],[36.62841773669075,37.02253042923033]]]}},{"type":"Feature","properties":{"source":"Microsoft Global ML Building Footprints"},"geometry":{"type":"Polygon","coordinates":[[[36.62860879759385,37.02171043013161],[36.62866932061916,37.021691575472985],[36.62869293595133,37.02173989750173],[36.62874880335931,37.021722493208394],[36.62881147481777,37.021850732318875],[36.62869508438448,37.02188699119766],[36.62860879759385,37.02171043013161]]]}},{"type":"Feature","properties":{"source":"Microsoft Global ML Building Footprints"},"geometry":{"type":"Polygon","coordinates":[[[36.62965928423272,37.02074288007518],[36.62969218598065,37.02073645798759],[36.62970865494824,37.02079022858857],[36.62965454605084,37.020800793112564],[36.62962323084325,37.020698520769955],[36.629644430407154,37.02069438282767],[36.62965928423272,37.02074288007518]]]}},{"type":"Feature","properties":{"source":"Microsoft Global ML Building Footprints"},"geometry":{"type":"Polygon","coordinates":[[[36.63134061390317,37.021921993896214],[36.63141255277663,37.02182051604259],[36.63154662713229,37.02188110388382],[36.63147469228149,37.021982575982115],[36.63134061390317,37.021921993896214]]]}},{"type":"Feature","properties":{"source":"Microsoft Global ML Building Footprints"},"geometry":{"type":"Polygon","coordinates":[[[36.63235237977737,37.02447749112673],[36.631803798892896,37.02449858062993],[36.63177738346397,37.0240606043963],[36.631809495515746,37.02405936988183],[36.631807562679455,37.02402732274068],[36.631944038899505,37.02402207605178],[36.63194262148623,37.02399857480472],[36.632853846470546,37.02396354367071],[36.632868575558454,37.02420811274592],[36.6325380637893,37.02422080043333],[36.63254019452589,37.02425612874454],[36.632339494202284,37.0242638444396],[36.63235237977737,37.02447749112673]]]}},{"type":"Feature","properties":{"source":"Microsoft Global ML Building Footprints"},"geometry":{"type":"Polygon","coordinates":[[[36.63241954192645,37.0282126632304],[36.63241104624286,37.02817980210129],[36.632483079499295,37.028167932831835],[36.63250272576767,37.02824392418317],[36.63244870082531,37.028252826126526],[36.632437550240574,37.02820969591448],[36.63241954192645,37.0282126632304]]]}},{"type":"Feature","properties":{"source":"Microsoft Global ML Building Footprints"},"geometry":{"type":"Polygon","coordinates":[[[36.63458195807216,37.02617612753998],[36.63476476945127,37.02611644230998],[36.634818333496874,37.02622101252476],[36.63463551426376,37.02628070023681],[36.63458195807216,37.02617612753998]]]}},{"type":"Feature","properties":{"source":"Microsoft Global ML Building Footprints"},"geometry":{"type":"Polygon","coordinates":[[[36.638627983803254,37.018912263940216],[36.63861200500489,37.01891760182416],[36.63863456284796,37.01896065707852],[36.63850355076394,37.01900441566889],[36.638476809090704,37.0189533834698],[36.63843800343746,37.01896634472604],[36.638400166705466,37.01889413933872],[36.638585968203415,37.018832070371836],[36.638627983803254,37.018912263940216]]]}},{"type":"Feature","properties":{"source":"Microsoft Global ML Building Footprints"},"geometry":{"type":"Polygon","coordinates":[[[36.62502338482557,37.01972659611364],[36.62497243687211,37.01972592136885],[36.62497401823687,37.019649802683595],[36.62502496624948,37.01965047458282],[36.62502338482557,37.01972659611364]]]}},{"type":"Feature","properties":{"source":"Microsoft Global ML Building Footprints"},"geometry":{"type":"Polygon","coordinates":[[[36.625305147578736,37.02436320731585],[36.62529393128628,37.02444141449838],[36.62521450632743,37.02443415380952],[36.62522572261992,37.02435594661953],[36.625305147578736,37.02436320731585]]]}},{"type":"Feature","properties":{"source":"Microsoft Global ML Building Footprints"},"geometry":{"type":"Polygon","coordinates":[[[36.62555285372589,37.022568363386746],[36.625652227204455,37.02258107394028],[36.62563965873191,37.02264371045089],[36.62554028525331,37.022630999907825],[36.62555285372589,37.022568363386746]]]}},{"type":"Feature","properties":{"source":"Microsoft Global ML Building Footprints"},"geometry":{"type":"Polygon","coordinates":[[[36.62569392308109,37.01864701377526],[36.62569177088311,37.01854638870448],[36.626009767964376,37.018542052755365],[36.6260119289803,37.018642677711654],[36.62569392308109,37.01864701377526]]]}},{"type":"Feature","properties":{"source":"Microsoft Global ML Building Footprints"},"geometry":{"type":"Polygon","coordinates":[[[36.62631912694816,37.02326108972153],[36.62643758806612,37.02327409026561],[36.626421156722955,37.0233695276161],[36.626302694486455,37.02335653358506],[36.62631912694816,37.02326108972153]]]}},{"type":"Feature","properties":{"source":"Microsoft Global ML Building Footprints"},"geometry":{"type":"Polygon","coordinates":[[[36.626798172806986,37.026034883340095],[36.62666872723768,37.025987167540286],[36.626643615379805,37.02603058235612],[36.62635842602456,37.025925440813346],[36.626402927958374,37.02584850320207],[36.62643166873653,37.02585909755508],[36.62645352473071,37.02582131157877],[36.62648889705382,37.025834352416055],[36.626515440531236,37.02578846241519],[36.62663482212181,37.0258324752511],[36.62670322262135,37.02571422018966],[36.62685355499466,37.02576964381081],[36.62678617539808,37.02588613378769],[36.626847074517144,37.02590858565698],[36.62689709251377,37.025822098412846],[36.62707496282517,37.02588767445529],[36.62700718152816,37.026004858733884],[36.62706587996051,37.026026495955534],[36.6269944237763,37.02615005208988],[36.62682517496142,37.0260876642372],[36.626907253748584,37.025945761751245],[36.626859826550856,37.02592827662658],[36.626798172806986,37.026034883340095]]]}},{"type":"Feature","properties":{"source":"Microsoft Global ML Building Footprints"},"geometry":{"type":"Polygon","coordinates":[[[36.63046996983789,37.01998143074234],[36.630536606021536,37.020040963903696],[36.63045458647646,37.02009948368916],[36.630387950292814,37.020039950573675],[36.63046996983789,37.01998143074234]]]}},{"type":"Feature","properties":{"source":"Microsoft Global ML Building Footprints"},"geometry":{"type":"Polygon","coordinates":[[[36.63185946363359,37.02187478744109],[36.631877854766884,37.02185398642014],[36.63194230061694,37.02189030811582],[36.63192391160875,37.02191110672324],[36.63185946363359,37.02187478744109]]]}},{"type":"Feature","properties":{"source":"Microsoft Global ML Building Footprints"},"geometry":{"type":"Polygon","coordinates":[[[36.636480340686425,37.03134645402567],[36.63636784533751,37.03134309762453],[36.636372358491286,37.03124687713696],[36.6364848538402,37.03125023354234],[36.636480340686425,37.03134645402567]]]}},{"type":"Feature","properties":{"source":"Microsoft Global ML Building Footprints"},"geometry":{"type":"Polygon","coordinates":[[[36.638183049172156,37.02898434882507],[36.63820396786286,37.02886462462105],[36.638369721983764,37.02888308258522],[36.638348803293106,37.029002806760154],[36.638183049172156,37.02898434882507]]]}},{"type":"Feature","properties":{"source":"Microsoft Global ML Building Footprints"},"geometry":{"type":"Polygon","coordinates":[[[36.6389460932757,37.029086501538565],[36.63919772788476,37.02910906762746],[36.63917928019223,37.02924017295626],[36.638927645583166,37.02921760690634],[36.6389460932757,37.029086501538565]]]}},{"type":"Feature","properties":{"source":"Microsoft Global ML Building Footprints"},"geometry":{"type":"Polygon","coordinates":[[[36.625396557713515,37.024481034018756],[36.62539319852403,37.02458160887042],[36.625202897354924,37.02457754685528],[36.625206256544416,37.02447697199826],[36.625396557713515,37.024481034018756]]]}},{"type":"Feature","properties":{"source":"Microsoft Global ML Building Footprints"},"geometry":{"type":"Polygon","coordinates":[[[36.625817158503196,37.028574516962486],[36.62583623407591,37.02849927913035],[36.62592804568915,37.02851410977314],[36.625908975203835,37.02858935354261],[36.625817158503196,37.028574516962486]]]}},{"type":"Feature","properties":{"source":"Microsoft Global ML Building Footprints"},"geometry":{"type":"Polygon","coordinates":[[[36.62592042976517,37.02257919079106],[36.62576514283187,37.02257391501125],[36.625772206507506,37.02244138366391],[36.62586323677875,37.022444476367866],[36.625861527824966,37.0224765404234],[36.625925784487,37.02247872350754],[36.62592042976517,37.02257919079106]]]}},{"type":"Feature","properties":{"source":"Microsoft Global ML Building Footprints"},"geometry":{"type":"Polygon","coordinates":[[[36.62796837372471,37.02242566187251],[36.62797166950776,37.02252838521792],[36.627928782305005,37.022529262334345],[36.627925486521924,37.02242653899013],[36.62796837372471,37.02242566187251]]]}},{"type":"Feature","properties":{"source":"Microsoft Global ML Building Footprints"},"geometry":{"type":"Polygon","coordinates":[[[36.628522462106886,37.01858573083717],[36.62849754489164,37.01854658755532],[36.628394367133296,37.018588464329156],[36.628445677711845,37.018669058658325],[36.62836340637778,37.018702445488906],[36.62828393645226,37.01857760366228],[36.62855589556845,37.01846722350525],[36.62860898587943,37.018550613419585],[36.628522462106886,37.01858573083717]]]}},{"type":"Feature","properties":{"source":"Microsoft Global ML Building Footprints"},"geometry":{"type":"Polygon","coordinates":[[[36.62904548415756,37.026309003737005],[36.62909681027587,37.0262978274978],[36.629130863882004,37.02639748058697],[36.62907952963239,37.02640865858211],[36.62904548415756,37.026309003737005]]]}},{"type":"Feature","properties":{"source":"Microsoft Global ML Building Footprints"},"geometry":{"type":"Polygon","coordinates":[[[36.62990423792941,37.01878011074693],[36.629952985840596,37.01880396311848],[36.6299219170991,37.01884444217762],[36.62987316918787,37.01882058981878],[36.62990423792941,37.01878011074693]]]}},{"type":"Feature","properties":{"source":"Microsoft Global ML Building Footprints"},"geometry":{"type":"Polygon","coordinates":[[[36.63640582987267,37.02854280980078],[36.6364261429606,37.028486296692506],[36.63647661995271,37.02849786025556],[36.63645630135063,37.02855437491209],[36.63640582987267,37.02854280980078]]]}},{"type":"Feature","properties":{"source":"Microsoft Global ML Building Footprints"},"geometry":{"type":"Polygon","coordinates":[[[36.63758407265537,37.03085717415045],[36.63766141237556,37.03086185399972],[36.63765886580296,37.03088867476742],[36.63770953638685,37.030891743689246],[36.63769308165752,37.03106504637824],[36.63749306513981,37.03105294335159],[36.63750822596628,37.0308932681528],[36.637580231912644,37.030897625251775],[36.63758407265537,37.03085717415045]]]}},{"type":"Feature","properties":{"source":"Microsoft Global ML Building Footprints"},"geometry":{"type":"Polygon","coordinates":[[[36.63866607036792,37.025913960020844],[36.63866796771096,37.025982450554935],[36.63853928462201,37.025984722706255],[36.638538039490655,37.02593977580157],[36.63855680577446,37.02593944444596],[36.638556153562774,37.025915900818504],[36.63858028164195,37.02591547478976],[36.63858099314561,37.02594115874676],[36.63862388750859,37.02594040136256],[36.638623176004934,37.02591471740531],[36.63866607036792,37.025913960020844]]]}},{"type":"Feature","properties":{"source":"Microsoft Global ML Building Footprints"},"geometry":{"type":"Polygon","coordinates":[[[36.63932080464379,37.02468334835145],[36.63932443719074,37.02459702083346],[36.639340512302454,37.02459745198691],[36.639343122483005,37.02453542095837],[36.63939805041741,37.024536894191485],[36.639397152228206,37.02455828425687],[36.63944671064706,37.024559613472725],[36.639441368264954,37.02468657526933],[36.63932080464379,37.02468334835145]]]}},{"type":"Feature","properties":{"source":"Microsoft Global ML Building Footprints"},"geometry":{"type":"Polygon","coordinates":[[[36.62384127514023,37.024984926965],[36.62385418555613,37.024937935535235],[36.623892571843115,37.024944657709206],[36.62387966142722,37.02499164913478],[36.62384127514023,37.024984926965]]]}},{"type":"Feature","properties":{"source":"Microsoft Global ML Building Footprints"},"geometry":{"type":"Polygon","coordinates":[[[36.625235972057546,37.02271358146213],[36.62523249642632,37.0226108657354],[36.62530100721212,37.022609391836646],[36.625301440541335,37.022622231334516],[36.62541133132253,37.02261986721241],[36.62541436462682,37.0227097436396],[36.625235972057546,37.02271358146213]]]}},{"type":"Feature","properties":{"source":"Microsoft Global ML Building Footprints"},"geometry":{"type":"Polygon","coordinates":[[[36.626053942136494,37.019947321718384],[36.62586071205028,37.01990162513451],[36.6258731284197,37.019868155158264],[36.6259002530715,37.019874569815606],[36.625917782063595,37.019827318063335],[36.62608389400312,37.01986660157283],[36.626053942136494,37.019947321718384]]]}},{"type":"Feature","properties":{"source":"Microsoft Global ML Building Footprints"},"geometry":{"type":"Polygon","coordinates":[[[36.62809187160376,37.02274002816213],[36.628060990395284,37.02282495508987],[36.62794087638894,37.022797121160785],[36.627971750730985,37.022712192610804],[36.62809187160376,37.02274002816213]]]}},{"type":"Feature","properties":{"source":"Microsoft Global ML Building Footprints"},"geometry":{"type":"Polygon","coordinates":[[[36.632801291970914,37.02505830776777],[36.632729063203264,37.02505534135533],[36.63273311306599,37.02499240214255],[36.63280534209267,37.02499536453212],[36.632801291970914,37.02505830776777]]]}},{"type":"Feature","properties":{"source":"Microsoft Global ML Building Footprints"},"geometry":{"type":"Polygon","coordinates":[[[36.63435166240187,37.01972396458328],[36.63421746428892,37.019757725659126],[36.63413366424106,37.019545378454914],[36.634138544172444,37.019544150776255],[36.63409010928238,37.01942141771589],[36.63426578681211,37.01937722119974],[36.634311915278836,37.01949410990116],[36.63426555593071,37.01950577285525],[36.63435166240187,37.01972396458328]]]}},{"type":"Feature","properties":{"source":"Microsoft Global ML Building Footprints"},"geometry":{"type":"Polygon","coordinates":[[[36.637517346886895,37.03311670914582],[36.63759048646605,37.033122139964796],[36.63758033771505,37.03320917446985],[36.637700001037146,37.03321805979624],[36.637687376980985,37.033326322077485],[36.63749459105528,37.03331200721924],[36.637517346886895,37.03311670914582]]]}},{"type":"Feature","properties":{"source":"Microsoft Global ML Building Footprints"},"geometry":{"type":"Polygon","coordinates":[[[36.62273070933643,37.02958527533957],[36.622864698825936,37.02952348922976],[36.623205635109095,37.02999475293092],[36.6230716725383,37.030056518759565],[36.62273070933643,37.02958527533957]]]}},{"type":"Feature","properties":{"source":"Microsoft Global ML Building Footprints"},"geometry":{"type":"Polygon","coordinates":[[[36.62470234406839,37.02454435903989],[36.62464605381237,37.024545497659645],[36.62464231861334,37.02442779526213],[36.62469860886936,37.024426656640614],[36.62470234406839,37.02454435903989]]]}},{"type":"Feature","properties":{"source":"Microsoft Global ML Building Footprints"},"geometry":{"type":"Polygon","coordinates":[[[36.62478694415001,37.03247863778648],[36.62471330816877,37.032522873268135],[36.624673359608636,37.03248049470973],[36.62474699558987,37.0324362592034],[36.62478694415001,37.03247863778648]]]}},{"type":"Feature","properties":{"source":"Microsoft Global ML Building Footprints"},"geometry":{"type":"Polygon","coordinates":[[[36.626261555109465,37.026039917541645],[36.626116848108765,37.02603642451687],[36.62612000800407,37.02595298717533],[36.62626471500477,37.02595648020396],[36.626261555109465,37.026039917541645]]]}},{"type":"Feature","properties":{"source":"Microsoft Global ML Building Footprints"},"geometry":{"type":"Polygon","coordinates":[[[36.627526666232924,37.02567153475479],[36.62764934476594,37.02556253014307],[36.62775916605492,37.02564130992619],[36.62763648752187,37.02575031442488],[36.627526666232924,37.02567153475479]]]}},{"type":"Feature","properties":{"source":"Microsoft Global ML Building Footprints"},"geometry":{"type":"Polygon","coordinates":[[[36.6276566032653,37.03240711322069],[36.62766085779239,37.03252049468004],[36.62718921222015,37.03253177316622],[36.62718495769306,37.03241839172372],[36.6276566032653,37.03240711322069]]]}},{"type":"Feature","properties":{"source":"Microsoft Global ML Building Footprints"},"geometry":{"type":"Polygon","coordinates":[[[36.629255104741446,37.02515992231825],[36.62907731088537,37.025248330224024],[36.62898583380826,37.02513107095425],[36.62911338157456,37.02506764780395],[36.62899903522821,37.02492107333983],[36.62912271791071,37.02485957193392],[36.62923586061132,37.025004603627835],[36.62916242401859,37.02504112002388],[36.629255104741446,37.02515992231825]]]}},{"type":"Feature","properties":{"source":"Microsoft Global ML Building Footprints"},"geometry":{"type":"Polygon","coordinates":[[[36.62992880863972,37.0202980495126],[36.62979505591466,37.020362447061586],[36.62963848831042,37.02015514648199],[36.62973880285417,37.02010684819358],[36.629751850154534,37.020124123274464],[36.629785288335796,37.020108023841836],[36.62992880863972,37.0202980495126]]]}},{"type":"Feature","properties":{"source":"Microsoft Global ML Building Footprints"},"geometry":{"type":"Polygon","coordinates":[[[36.630194251889655,37.03177067885949],[36.63019732440418,37.031690666229686],[36.630245558838865,37.03169184662468],[36.63025037223703,37.03156649875032],[36.63021017696096,37.03156551284252],[36.63021535215903,37.03143074294205],[36.6304270472797,37.031435935398925],[36.63041398606555,37.03177606847413],[36.630194251889655,37.03177067885949]]]}},{"type":"Feature","properties":{"source":"Microsoft Global ML Building Footprints"},"geometry":{"type":"Polygon","coordinates":[[[36.631443865519785,37.029445385249254],[36.6314495108131,37.029468042862156],[36.63139790826003,37.02947623701401],[36.631392262966756,37.02945357940354],[36.631443865519785,37.029445385249254]]]}},{"type":"Feature","properties":{"source":"Microsoft Global ML Building Footprints"},"geometry":{"type":"Polygon","coordinates":[[[36.63520154287175,37.02009804924415],[36.6350576911698,37.02009973733816],[36.63505659284161,37.020039787056376],[36.63520043928952,37.02003809902269],[36.63520154287175,37.02009804924415]]]}},{"type":"Feature","properties":{"source":"Microsoft Global ML Building Footprints"},"geometry":{"type":"Polygon","coordinates":[[[36.63541618482676,37.03069182023268],[36.635440460113855,37.03081831218773],[36.63535397713795,37.03082888955061],[36.63532970094482,37.03070239289189],[36.63541618482676,37.03069182023268]]]}},{"type":"Feature","properties":{"source":"Microsoft Global ML Building Footprints"},"geometry":{"type":"Polygon","coordinates":[[[36.63545600880323,37.021001305323225],[36.63543186903941,37.021001348489065],[36.635431412444646,37.02083332510244],[36.635565522264095,37.02083309278575],[36.63556569684716,37.020897338064955],[36.635455726795215,37.020897528564454],[36.63545600880323,37.021001305323225]]]}},{"type":"Feature","properties":{"source":"Microsoft Global ML Building Footprints"},"geometry":{"type":"Polygon","coordinates":[[[36.63735405774249,37.03299490204648],[36.63735706294314,37.032883612452395],[36.6374803872509,37.03288573466374],[36.637479115819865,37.03293281874138],[36.63752469219446,37.03293360303637],[36.63752134023991,37.03305773364527],[36.637454316159584,37.03305658027217],[36.637455934344565,37.03299665517504],[36.63735405774249,37.03299490204648]]]}},{"type":"Feature","properties":{"source":"Microsoft Global ML Building Footprints"},"geometry":{"type":"Polygon","coordinates":[[[36.63808754596961,37.02172130514413],[36.638090032017374,37.02182405850524],[36.63794792796473,37.02182625013914],[36.637945441916926,37.021723496781014],[36.63808754596961,37.02172130514413]]]}},{"type":"Feature","properties":{"source":"Microsoft Global ML Building Footprints"},"geometry":{"type":"Polygon","coordinates":[[[36.63866264947411,37.02602754201763],[36.63865505997983,37.02612352126672],[36.63854552594543,37.026118000701715],[36.638553115439706,37.02602202144565],[36.63866264947411,37.02602754201763]]]}},{"type":"Feature","properties":{"source":"Microsoft Global ML Building Footprints"},"geometry":{"type":"Polygon","coordinates":[[[36.627631413067974,37.02275902076358],[36.62778469705424,37.02279818142525],[36.62775073173672,37.022882927384416],[36.62759745086441,37.02284375899684],[36.627631413067974,37.02275902076358]]]}},{"type":"Feature","properties":{"source":"Microsoft Global ML Building Footprints"},"geometry":{"type":"Polygon","coordinates":[[[36.62796711097189,37.02627031803576],[36.62787747053769,37.02639041717554],[36.62788650134072,37.0263947133941],[36.62781220057961,37.02649427217451],[36.627702215193494,37.02644194894399],[36.62786616282968,37.02622229394343],[36.62796711097189,37.02627031803576]]]}},{"type":"Feature","properties":{"source":"Microsoft Global ML Building Footprints"},"geometry":{"type":"Polygon","coordinates":[[[36.62835252007752,37.0283495449947],[36.62846659955858,37.02832002627167],[36.628508295029974,37.02842272664659],[36.628367516095864,37.028459153955986],[36.62833998135062,37.0283913330018],[36.62836668080363,37.02838442436932],[36.62835252007752,37.0283495449947]]]}},{"type":"Feature","properties":{"source":"Microsoft Global ML Building Footprints"},"geometry":{"type":"Polygon","coordinates":[[[36.62843031152716,37.023077753854956],[36.628340437763725,37.02305818304983],[36.6283544928802,37.023017040381156],[36.628332024040134,37.02301214884503],[36.628349047079986,37.02296231832559],[36.628440048168734,37.022982129555714],[36.628420306158986,37.023039933966984],[36.62844164455408,37.02304457940002],[36.62843031152716,37.023077753854956]]]}},{"type":"Feature","properties":{"source":"Microsoft Global ML Building Footprints"},"geometry":{"type":"Polygon","coordinates":[[[36.62995701024285,37.031237478506014],[36.62946628499485,37.03124356531974],[36.62946285309517,37.031068027085794],[36.62995357834313,37.03106194025801],[36.62995701024285,37.031237478506014]]]}},{"type":"Feature","properties":{"source":"Microsoft Global ML Building Footprints"},"geometry":{"type":"Polygon","coordinates":[[[36.63245218999998,37.02715704276368],[36.63235912424088,37.02718870618133],[36.63232191553081,37.02711901269262],[36.632414978940425,37.0270873448453],[36.63245218999998,37.02715704276368]]]}},{"type":"Feature","properties":{"source":"Microsoft Global ML Building Footprints"},"geometry":{"type":"Polygon","coordinates":[[[36.63433278735758,37.02629858770983],[36.63456327511534,37.026197231637],[36.634623932360846,37.02628516086104],[36.63452720695908,37.02632769003355],[36.63454647509536,37.026355621239766],[36.63449502541357,37.02637824312202],[36.63458003189722,37.026501468872425],[36.634351595310015,37.02660190978533],[36.63433401479661,37.026576425050436],[36.634436911117035,37.02653117698585],[36.634388175507766,37.026460529697104],[36.63443139196234,37.026441525484245],[36.63433278735758,37.02629858770983]]]}},{"type":"Feature","properties":{"source":"Microsoft Global ML Building Footprints"},"geometry":{"type":"Polygon","coordinates":[[[36.63746013650047,37.025032010435666],[36.63746571577851,37.0249217094182],[36.637665254439064,37.024928131624904],[36.63765968425271,37.025038444075804],[36.63746013650047,37.025032010435666]]]}},{"type":"Feature","properties":{"source":"Microsoft Global ML Building Footprints"},"geometry":{"type":"Polygon","coordinates":[[[36.638021677322435,37.02080972857642],[36.63799098303304,37.0208615417745],[36.637877006360824,37.02081849979312],[36.63790769756688,37.02076669177051],[36.638021677322435,37.02080972857642]]]}},{"type":"Feature","properties":{"source":"Microsoft Global ML Building Footprints"},"geometry":{"type":"Polygon","coordinates":[[[36.63850877561202,37.024195460368404],[36.63842629530615,37.02418953343344],[36.638434824895306,37.02411387293626],[36.63851730571656,37.024119795305324],[36.63850877561202,37.024195460368404]]]}},{"type":"Feature","properties":{"source":"Microsoft Global ML Building Footprints"},"geometry":{"type":"Polygon","coordinates":[[[36.63871817704637,37.033407691546586],[36.638738722437715,37.03333794793021],[36.63888485596524,37.03336538924657],[36.6388643070595,37.03343512401338],[36.63871817704637,37.033407691546586]]]}},{"type":"Feature","properties":{"source":"Microsoft Global ML Building Footprints"},"geometry":{"type":"Polygon","coordinates":[[[36.62382826320438,37.025110267643136],[36.62375098539347,37.02519241449948],[36.62370378795491,37.02516411414213],[36.6237810703699,37.02508197001586],[36.62382826320438,37.025110267643136]]]}},{"type":"Feature","properties":{"source":"Microsoft Global ML Building Footprints"},"geometry":{"type":"Polygon","coordinates":[[[36.624795881133764,37.02148426448159],[36.62479980345839,37.02134085210008],[36.62496708648142,37.0213437685981],[36.62496317672238,37.02148718119317],[36.624795881133764,37.02148426448159]]]}},{"type":"Feature","properties":{"source":"Microsoft Global ML Building Footprints"},"geometry":{"type":"Polygon","coordinates":[[[36.62850231551829,37.02505314162481],[36.628417107442694,37.02512990518734],[36.62825936113068,37.02501829716461],[36.628379184987,37.02491034822403],[36.628437002355895,37.02495125500855],[36.628402385043955,37.024982439173655],[36.62850231551829,37.02505314162481]]]}},{"type":"Feature","properties":{"source":"Microsoft Global ML Building Footprints"},"geometry":{"type":"Polygon","coordinates":[[[36.629363462542855,37.021943316162066],[36.629246273756586,37.021969064623306],[36.62920578986271,37.02185161175463],[36.62888165066654,37.02192283096741],[36.62882607108341,37.02176158196921],[36.62936962758158,37.021642152536415],[36.62941354231395,37.02176955938095],[36.62931131379822,37.02179202085643],[36.629363462542855,37.021943316162066]]]}},{"type":"Feature","properties":{"source":"Microsoft Global ML Building Footprints"},"geometry":{"type":"Polygon","coordinates":[[[36.63291609861834,37.02437751568274],[36.632729874529474,37.02439987765389],[36.63273124311943,37.02440714235167],[36.632596168887275,37.02442335464457],[36.6325794239711,37.02433442850318],[36.63253875659879,37.024339311884454],[36.63253717861521,37.024330935684084],[36.632579144607085,37.02432589636265],[36.632575594144086,37.024307049907186],[36.63255331464627,37.02430972525396],[36.632543456736826,37.024257373427226],[36.632702121220376,37.024238320805196],[36.63270014874092,37.02422785054066],[36.632883749955354,37.024205803476995],[36.63291609861834,37.02437751568274]]]}},{"type":"Feature","properties":{"source":"Microsoft Global ML Building Footprints"},"geometry":{"type":"Polygon","coordinates":[[[36.634474064104,37.031266305543745],[36.63442388012291,37.031271293694026],[36.634430457398075,37.03131346444],[36.63440404477647,37.03131608978067],[36.634374607492816,37.031127350016696],[36.63443649242907,37.031121195354125],[36.63444324237859,37.03116444898781],[36.63445794977981,37.03116298711039],[36.634474064104,37.031266305543745]]]}},{"type":"Feature","properties":{"source":"Microsoft Global ML Building Footprints"},"geometry":{"type":"Polygon","coordinates":[[[36.63786982532362,37.02335778349166],[36.63787759125715,37.02327903759033],[36.63800677331688,37.0232871511726],[36.63799901424394,37.023365897496454],[36.63786982532362,37.02335778349166]]]}},{"type":"Feature","properties":{"source":"Microsoft Global ML Building Footprints"},"geometry":{"type":"Polygon","coordinates":[[[36.63934596739244,37.022185476614034],[36.63953225370945,37.022198686313736],[36.63952100234633,37.02229990922177],[36.63940390736829,37.02229161248528],[36.639405324416614,37.02227886401375],[36.63933613192959,37.022273961395484],[36.63934596739244,37.022185476614034]]]}},{"type":"Feature","properties":{"source":"Microsoft Global ML Building Footprints"},"geometry":{"type":"Polygon","coordinates":[[[36.639783083436434,37.02674011559431],[36.63997287826389,37.02674892830952],[36.639964735931045,37.02686069559579],[36.63977494187353,37.02685187232441],[36.639783083436434,37.02674011559431]]]}},{"type":"Feature","properties":{"source":"Microsoft Global ML Building Footprints"},"geometry":{"type":"Polygon","coordinates":[[[36.62527066943719,37.023624535649795],[36.625287566508014,37.02356877892374],[36.625364924245034,37.023583722191894],[36.62534802131901,37.02363948209821],[36.62527066943719,37.023624535649795]]]}},{"type":"Feature","properties":{"source":"Microsoft Global ML Building Footprints"},"geometry":{"type":"Polygon","coordinates":[[[36.62639707941469,37.022602964098716],[36.6262435093081,37.02255786918583],[36.626298253135445,37.022439031568716],[36.626451823242036,37.02248412655215],[36.62639707941469,37.022602964098716]]]}},{"type":"Feature","properties":{"source":"Microsoft Global ML Building Footprints"},"geometry":{"type":"Polygon","coordinates":[[[36.62759437173749,37.024408222733996],[36.627696168285,37.02447358519321],[36.62760840056591,37.0245607054511],[36.62750660865605,37.02449534604461],[36.62759437173749,37.024408222733996]]]}},{"type":"Feature","properties":{"source":"Microsoft Global ML Building Footprints"},"geometry":{"type":"Polygon","coordinates":[[[36.629701070144456,37.01990975672542],[36.62970238040667,37.0199110558181],[36.62959336695485,37.019981147691176],[36.62957502328386,37.019962960408286],[36.62949366996158,37.020015267746636],[36.62938622846001,37.01990874221839],[36.629579849367,37.01978425051943],[36.6295536441227,37.019758268618034],[36.62977492515924,37.01961599209221],[36.62979326883022,37.01963417945819],[36.6298127936276,37.0196216256373],[36.62988485804935,37.019693075973215],[36.629829537790215,37.01972864509358],[36.629889809852074,37.01978840347677],[36.629701070144456,37.01990975672542]]]}},{"type":"Feature","properties":{"source":"Microsoft Global ML Building Footprints"},"geometry":{"type":"Polygon","coordinates":[[[36.6318415879258,37.02756774725042],[36.63183249312856,37.02754917209683],[36.631757110109895,37.0275726963787],[36.63170344247208,37.027463105514755],[36.63192308952227,37.02739456158804],[36.63198584362323,37.02752273031626],[36.6318415879258,37.02756774725042]]]}},{"type":"Feature","properties":{"source":"Microsoft Global ML Building Footprints"},"geometry":{"type":"Polygon","coordinates":[[[36.632663683199375,37.0191101017634],[36.632511508471,37.019235845155876],[36.63239360010013,37.0191448855491],[36.632545778952206,37.01901913859865],[36.632663683199375,37.0191101017634]]]}},{"type":"Feature","properties":{"source":"Microsoft Global ML Building Footprints"},"geometry":{"type":"Polygon","coordinates":[[[36.635800053097206,37.01879926945241],[36.63569046431556,37.01883685861365],[36.63563934476017,37.018741863310275],[36.63574893778978,37.0187042665207],[36.635800053097206,37.01879926945241]]]}},{"type":"Feature","properties":{"source":"Microsoft Global ML Building Footprints"},"geometry":{"type":"Polygon","coordinates":[[[36.63687107226632,37.02536812432086],[36.63685851090333,37.0253245582785],[36.63686615260504,37.02532315389274],[36.63685266642063,37.025276380302735],[36.6369915545153,37.02525085554076],[36.63703613042662,37.025405409328826],[36.63677750947129,37.025452938412954],[36.6367589956893,37.025388727911235],[36.63687107226632,37.02536812432086]]]}},{"type":"Feature","properties":{"source":"Microsoft Global ML Building Footprints"},"geometry":{"type":"Polygon","coordinates":[[[36.62513466036938,37.0276756551234],[36.62519350300351,37.02777955647348],[36.624992212439615,37.027852224166416],[36.62494387745516,37.0277668899949],[36.62502849796608,37.02773634120818],[36.62501797968811,37.027717771438894],[36.62513466036938,37.0276756551234]]]}},{"type":"Feature","properties":{"source":"Microsoft Global ML Building Footprints"},"geometry":{"type":"Polygon","coordinates":[[[36.62618249421775,37.02281887063812],[36.626172015634715,37.02289070606866],[36.62589679873277,37.02286511579857],[36.62591313299459,37.02275313697191],[36.62604133067178,37.02276505709125],[36.626035478464985,37.0228052007797],[36.62618249421775,37.02281887063812]]]}},{"type":"Feature","properties":{"source":"Microsoft Global ML Building Footprints"},"geometry":{"type":"Polygon","coordinates":[[[36.62806578927346,37.0208696556136],[36.62798003678187,37.02090986894321],[36.62787930401174,37.02077293652684],[36.62806676294692,37.020685028131886],[36.62811127277554,37.020745533253525],[36.628009566332,37.02079322820839],[36.62806578927346,37.0208696556136]]]}},{"type":"Feature","properties":{"source":"Microsoft Global ML Building Footprints"},"geometry":{"type":"Polygon","coordinates":[[[36.629947227950794,37.03124293227085],[36.629944897281014,37.03133925147668],[36.62983496773083,37.03133755627409],[36.62983729840065,37.03124123706611],[36.629947227950794,37.03124293227085]]]}},{"type":"Feature","properties":{"source":"Microsoft Global ML Building Footprints"},"geometry":{"type":"Polygon","coordinates":[[[36.63071863300259,37.02153243154088],[36.6307914921505,37.02149403057687],[36.63084081700079,37.02155369357864],[36.630767957852875,37.021592094512485],[36.63071863300259,37.02153243154088]]]}},{"type":"Feature","properties":{"source":"Microsoft Global ML Building Footprints"},"geometry":{"type":"Polygon","coordinates":[[[36.63077541835901,37.0273079955242],[36.63060876903383,37.02734364966231],[36.630561442222316,37.02720262355502],[36.63072808292867,37.02716698050584],[36.63077541835901,37.0273079955242]]]}},{"type":"Feature","properties":{"source":"Microsoft Global ML Building Footprints"},"geometry":{"type":"Polygon","coordinates":[[[36.63229770263104,37.023471051059175],[36.632444843015236,37.023415783077276],[36.632498569384595,37.02350695791068],[36.63235142900036,37.02356222582627],[36.63229770263104,37.023471051059175]]]}},{"type":"Feature","properties":{"source":"Microsoft Global ML Building Footprints"},"geometry":{"type":"Polygon","coordinates":[[[36.63782200244336,37.024510117519725],[36.63759380084151,37.024533643737165],[36.637577780750135,37.024434648696655],[36.63780599088796,37.02441112156855],[36.63782200244336,37.024510117519725]]]}},{"type":"Feature","properties":{"source":"Microsoft Global ML Building Footprints"},"geometry":{"type":"Polygon","coordinates":[[[36.63931754829512,37.022036285696394],[36.63916500485556,37.02203051493022],[36.6391729935619,37.021895903374165],[36.63932553700142,37.02190167415057],[36.63931754829512,37.022036285696394]]]}},{"type":"Feature","properties":{"source":"Microsoft Global ML Building Footprints"},"geometry":{"type":"Polygon","coordinates":[[[36.62413313395354,37.01869289003107],[36.62408723402033,37.0187036859923],[36.62407671608045,37.01867517133061],[36.624122614584486,37.018664378266365],[36.62413313395354,37.01869289003107]]]}},{"type":"Feature","properties":{"source":"Microsoft Global ML Building Footprints"},"geometry":{"type":"Polygon","coordinates":[[[36.624569676521915,37.02507670317125],[36.624443100962964,37.025063470194326],[36.6244472447002,37.025038206589045],[36.62441823780127,37.0250351740305],[36.624424267240585,37.02499841362945],[36.62439262363597,37.024995103643676],[36.624404204794835,37.02492449535949],[36.62455715026185,37.024940485235554],[36.62456025806478,37.0249215375017],[36.62448642232211,37.02491381824967],[36.62450541445109,37.02479802642832],[36.624613531074345,37.02480932963574],[36.624569676521915,37.02507670317125]]]}},{"type":"Feature","properties":{"source":"Microsoft Global ML Building Footprints"},"geometry":{"type":"Polygon","coordinates":[[[36.62524081061869,37.022597616036535],[36.625233822409044,37.02253912879115],[36.62529080014733,37.02253478600973],[36.62529779381506,37.02259327602661],[36.62524081061869,37.022597616036535]]]}},{"type":"Feature","properties":{"source":"Microsoft Global ML Building Footprints"},"geometry":{"type":"Polygon","coordinates":[[[36.62524827923198,37.02095995158383],[36.62525175892176,37.02080367009193],[36.62544315399914,37.02080638667367],[36.62544168213847,37.0208727529061],[36.62551841740845,37.02087384205347],[36.625517872463405,37.020898316883844],[36.625577889025884,37.02089916537907],[36.62557695989107,37.02094106004399],[36.625386582978436,37.020938357918446],[36.625386060705296,37.02096190719246],[36.62524827923198,37.02095995158383]]]}},{"type":"Feature","properties":{"source":"Microsoft Global ML Building Footprints"},"geometry":{"type":"Polygon","coordinates":[[[36.62525336780203,37.02150862115621],[36.62530685258663,37.02150628995835],[36.62530875045797,37.02153404674944],[36.62525526567337,37.02153637794642],[36.62525336780203,37.02150862115621]]]}},{"type":"Feature","properties":{"source":"Microsoft Global ML Building Footprints"},"geometry":{"type":"Polygon","coordinates":[[[36.62527772834577,37.021537899720634],[36.62539996788714,37.02154004456338],[36.62539863421812,37.02158834314228],[36.625436166901686,37.021589003796144],[36.62543427555705,37.021657498441186],[36.625274513753176,37.02165468630118],[36.62527772834577,37.021537899720634]]]}},{"type":"Feature","properties":{"source":"Microsoft Global ML Building Footprints"},"geometry":{"type":"Polygon","coordinates":[[[36.62677536512372,37.02558000917152],[36.626784200885886,37.025523065588],[36.62685288428429,37.02552985850559],[36.62684404852217,37.025586802084035],[36.62677536512372,37.02558000917152]]]}},{"type":"Feature","properties":{"source":"Microsoft Global ML Building Footprints"},"geometry":{"type":"Polygon","coordinates":[[[36.62689186606454,37.02222447904195],[36.62688939422724,37.02230152176803],[36.62673660856744,37.02229839703132],[36.62673908040473,37.022221354302076],[36.62689186606454,37.02222447904195]]]}},{"type":"Feature","properties":{"source":"Microsoft Global ML Building Footprints"},"geometry":{"type":"Polygon","coordinates":[[[36.62783527410986,37.02785152754334],[36.627721016788534,37.02793584914911],[36.62763093530666,37.02785805282163],[36.6277451966142,37.027773734572044],[36.62783527410986,37.02785152754334]]]}},{"type":"Feature","properties":{"source":"Microsoft Global ML Building Footprints"},"geometry":{"type":"Polygon","coordinates":[[[36.62791302311382,37.021308244776556],[36.62772823071,37.02132692482711],[36.62771586397868,37.02124893916292],[36.627900656382536,37.021230259093215],[36.62791302311382,37.021308244776556]]]}},{"type":"Feature","properties":{"source":"Microsoft Global ML Building Footprints"},"geometry":{"type":"Polygon","coordinates":[[[36.62846556562504,37.026688950428735],[36.628521121774526,37.02673110924658],[36.62847022338754,37.026773856426715],[36.628414669206805,37.02673169912657],[36.62846556562504,37.026688950428735]]]}},{"type":"Feature","properties":{"source":"Microsoft Global ML Building Footprints"},"geometry":{"type":"Polygon","coordinates":[[[36.633082050816725,37.026434651126046],[36.632968340748285,37.0264455032031],[36.632960753957086,37.026394834551915],[36.633074464025526,37.02638398246763],[36.633082050816725,37.026434651126046]]]}},{"type":"Feature","properties":{"source":"Microsoft Global ML Building Footprints"},"geometry":{"type":"Polygon","coordinates":[[[36.63423749999858,37.02788985178409],[36.63412288856084,37.02790562463213],[36.63410807081317,37.02783700023165],[36.634048160288906,37.02784524513563],[36.63403648569985,37.02779117738836],[36.63421100766189,37.02776715960499],[36.63423749999858,37.02788985178409]]]}},{"type":"Feature","properties":{"source":"Microsoft Global ML Building Footprints"},"geometry":{"type":"Polygon","coordinates":[[[36.63944351619923,37.02839744106078],[36.63946209031575,37.02830781821653],[36.63970749990752,37.0283402338352],[36.639688925791,37.028429856641196],[36.63944351619923,37.02839744106078]]]}},{"type":"Feature","properties":{"source":"Microsoft Global ML Building Footprints"},"geometry":{"type":"Polygon","coordinates":[[[36.62441259748582,37.01894804598408],[36.624414872356674,37.01899080027661],[36.62425155237034,37.01899634010964],[36.62424939124306,37.01895572353528],[36.624305616156384,37.01895381637867],[36.62430300005489,37.01890464891625],[36.62435387021458,37.01890292339245],[36.62435637257249,37.018949953140826],[36.62441259748582,37.01894804598408]]]}},{"type":"Feature","properties":{"source":"Microsoft Global ML Building Footprints"},"geometry":{"type":"Polygon","coordinates":[[[36.625411212444305,37.02061645252414],[36.62524223327637,37.02061645252414],[36.62524223327637,37.02049224389148],[36.625411212444305,37.02049224389148],[36.625411212444305,37.02061645252414]]]}},{"type":"Feature","properties":{"source":"Microsoft Global ML Building Footprints"},"geometry":{"type":"Polygon","coordinates":[[[36.62583270516339,37.021316481337564],[36.62583756823182,37.021215980462415],[36.62596880059979,37.02122002842024],[36.62596393753137,37.02132052929002],[36.62583270516339,37.021316481337564]]]}},{"type":"Feature","properties":{"source":"Microsoft Global ML Building Footprints"},"geometry":{"type":"Polygon","coordinates":[[[36.62751177068889,37.02066390627505],[36.62753944328842,37.02073787145548],[36.62741631672176,37.02076722989768],[36.6273886464855,37.02069327106255],[36.62751177068889,37.02066390627505]]]}},{"type":"Feature","properties":{"source":"Microsoft Global ML Building Footprints"},"geometry":{"type":"Polygon","coordinates":[[[36.62961207117418,37.02287671143408],[36.62964794151132,37.0230164619187],[36.629874463094055,37.02297940012629],[36.62987551810397,37.02298351043275],[36.63004540929101,37.02295571407807],[36.630074422063714,37.02306874746063],[36.6300358104303,37.02307506480546],[36.63003771001363,37.02308246555076],[36.62941338788991,37.02318464724069],[36.62934551935592,37.02292032273578],[36.62961207117418,37.02287671143408]]]}},{"type":"Feature","properties":{"source":"Microsoft Global ML Building Footprints"},"geometry":{"type":"Polygon","coordinates":[[[36.63074522124671,37.028453793768335],[36.6308712397358,37.02845188559364],[36.63087195170676,37.0284818530844],[36.63091753286237,37.028481162893826],[36.630919617920256,37.02856892476385],[36.63074801827556,37.028571523125386],[36.63074522124671,37.028453793768335]]]}},{"type":"Feature","properties":{"source":"Microsoft Global ML Building Footprints"},"geometry":{"type":"Polygon","coordinates":[[[36.63171464628628,37.02839488816655],[36.63169689475727,37.02839434958621],[36.631700361894566,37.028321650301145],[36.631760960510455,37.02832348886134],[36.63175719437501,37.02840260299408],[36.63178665612265,37.028403496861664],[36.63178309356213,37.02847833447809],[36.63171077836341,37.028476140441605],[36.63171464628628,37.02839488816655]]]}},{"type":"Feature","properties":{"source":"Microsoft Global ML Building Footprints"},"geometry":{"type":"Polygon","coordinates":[[[36.63211137056351,37.02010034290909],[36.632312536239624,37.02010034290909],[36.632312536239624,37.020224552182434],[36.632170379161835,37.020224552182434],[36.632170379161835,37.02013674909645],[36.63211137056351,37.02013674909645],[36.63211137056351,37.02010034290909]]]}},{"type":"Feature","properties":{"source":"Microsoft Global ML Building Footprints"},"geometry":{"type":"Polygon","coordinates":[[[36.632238876809865,37.02174659224725],[36.63229111575959,37.02177664718255],[36.6323318260688,37.02173154146252],[36.63239008617478,37.02176506059014],[36.63221706736066,37.02195675963079],[36.63210657676359,37.02189319057696],[36.632238876809865,37.02174659224725]]]}},{"type":"Feature","properties":{"source":"Microsoft Global ML Building Footprints"},"geometry":{"type":"Polygon","coordinates":[[[36.63472182972382,37.02396868973506],[36.63476871327782,37.02402128240529],[36.634708180456904,37.02405567848694],[36.634661296902905,37.02400308584053],[36.63472182972382,37.02396868973506]]]}},{"type":"Feature","properties":{"source":"Microsoft Global ML Building Footprints"},"geometry":{"type":"Polygon","coordinates":[[[36.63524975209816,37.01860586177018],[36.63543787435957,37.01853442846893],[36.635488286232004,37.01861906488839],[36.63530016907707,37.01869050668337],[36.63524975209816,37.01860586177018]]]}},{"type":"Feature","properties":{"source":"Microsoft Global ML Building Footprints"},"geometry":{"type":"Polygon","coordinates":[[[36.637182316088754,37.023652918371795],[36.637270150080354,37.02363920050799],[36.63728328923488,37.02369282589414],[36.637195455243315,37.02370654374823],[36.637182316088754,37.023652918371795]]]}},{"type":"Feature","properties":{"source":"Microsoft Global ML Building Footprints"},"geometry":{"type":"Polygon","coordinates":[[[36.63756014091254,37.02648203628991],[36.637520362515566,37.02673093842486],[36.63743216426047,37.02674170151591],[36.637440137099176,37.02678332406327],[36.6373355262448,37.026772674071545],[36.63734306873443,37.02672545324902],[36.63729204690035,37.026720256075706],[36.63729204690035,37.026720256075706],[36.63719790901234,37.02671066702477],[36.63720903229708,37.026641028061356],[36.63720194145968,37.02660400997147],[36.63716308867222,37.02660005235225],[36.63715453029849,37.026653603955154],[36.63711758055102,37.02664984225031],[36.63713610141982,37.026533953098976],[36.63724053024617,37.0265445845926],[36.63725547785376,37.02645100267287],[36.637311175127195,37.026456676114705],[36.637301611013775,37.026457843255734],[36.63751202150864,37.02647927610869],[36.637521585622025,37.026478108968],[36.63756014091254,37.02648203628991]]]}},{"type":"Feature","properties":{"source":"Microsoft Global ML Building Footprints"},"geometry":{"type":"Polygon","coordinates":[[[36.62342548236314,37.03031288278136],[36.62331822103648,37.03035572700485],[36.623159928580414,37.03010313303913],[36.62326719291095,37.03006029346652],[36.62342548236314,37.03031288278136]]]}},{"type":"Feature","properties":{"source":"Microsoft Global ML Building Footprints"},"geometry":{"type":"Polygon","coordinates":[[[36.62466719497283,37.02322204844823],[36.62452915961085,37.02322633698971],[36.62452446984312,37.02313011725501],[36.6246625136272,37.0231258284464],[36.62466719497283,37.02322204844823]]]}},{"type":"Feature","properties":{"source":"Microsoft Global ML Building Footprints"},"geometry":{"type":"Polygon","coordinates":[[[36.62527991105778,37.0231862063627],[36.62528580440887,37.023094364842784],[36.62540886303188,37.02309939832255],[36.625402969680756,37.023191239836365],[36.62527991105778,37.0231862063627]]]}},{"type":"Feature","properties":{"source":"Microsoft Global ML Building Footprints"},"geometry":{"type":"Polygon","coordinates":[[[36.626447999229214,37.024367838186585],[36.62642384956091,37.024424219911474],[36.626316994689475,37.02439504661685],[36.62634115107281,37.024338660733235],[36.626447999229214,37.024367838186585]]]}},{"type":"Feature","properties":{"source":"Microsoft Global ML Building Footprints"},"geometry":{"type":"Polygon","coordinates":[[[36.63234796109659,37.028217400841974],[36.632396155822484,37.02820446159917],[36.63241678475005,37.02825344313384],[36.63236858900521,37.02826637994894],[36.63234796109659,37.028217400841974]]]}},{"type":"Feature","properties":{"source":"Microsoft Global ML Building Footprints"},"geometry":{"type":"Polygon","coordinates":[[[36.636451174261914,37.0192758925646],[36.63645345668932,37.01923957741469],[36.63654174725086,37.01924311494905],[36.63653946482346,37.019279430097285],[36.636451174261914,37.0192758925646]]]}},{"type":"Feature","properties":{"source":"Microsoft Global ML Building Footprints"},"geometry":{"type":"Polygon","coordinates":[[[36.63927605241503,37.029989728613806],[36.63931096872811,37.029762664706205],[36.63946584871918,37.02977784331416],[36.63944734864631,37.0298980824522],[36.63941402888576,37.02989481704174],[36.63939760123188,37.030001647443314],[36.63927605241503,37.029989728613806]]]}},{"type":"Feature","properties":{"source":"Microsoft Global ML Building Footprints"},"geometry":{"type":"Polygon","coordinates":[[[36.62667607109744,37.02131766723318],[36.62654245490705,37.02132415558227],[36.62653572516589,37.02123581158446],[36.62654374217131,37.02123542272943],[36.62653779442521,37.0211573442071],[36.62656718998707,37.021155916767206],[36.626563385929366,37.021105979285565],[36.62671838136757,37.02109846140819],[36.62672689818007,37.02121026518918],[36.6266681070563,37.021213120066875],[36.62667607109744,37.02131766723318]]]}},{"type":"Feature","properties":{"source":"Microsoft Global ML Building Footprints"},"geometry":{"type":"Polygon","coordinates":[[[36.626876884586636,37.03287012701499],[36.62701945718449,37.03283238539467],[36.62727107264008,37.03343810682444],[36.62712850004223,37.03347584814373],[36.626876884586636,37.03287012701499]]]}},{"type":"Feature","properties":{"source":"Microsoft Global ML Building Footprints"},"geometry":{"type":"Polygon","coordinates":[[[36.627479503353804,37.02568532929658],[36.62760582206518,37.025777531382424],[36.62751581998063,37.025856124075176],[36.62738950061966,37.025763928668894],[36.627479503353804,37.02568532929658]]]}},{"type":"Feature","properties":{"source":"Microsoft Global ML Building Footprints"},"geometry":{"type":"Polygon","coordinates":[[[36.62793641028957,37.02768277614444],[36.62797774493788,37.02772261171439],[36.62791889058117,37.027761534347306],[36.6278775539092,37.027721696847486],[36.62793641028957,37.02768277614444]]]}},{"type":"Feature","properties":{"source":"Microsoft Global ML Building Footprints"},"geometry":{"type":"Polygon","coordinates":[[[36.62824772289147,37.03065692927412],[36.62838987457693,37.03065623033933],[36.628394186071894,37.03121507160671],[36.62825203438639,37.031215770536356],[36.62824772289147,37.03065692927412]]]}},{"type":"Feature","properties":{"source":"Microsoft Global ML Building Footprints"},"geometry":{"type":"Polygon","coordinates":[[[36.628276854073775,37.02274919977637],[36.62824485174695,37.02286114884942],[36.62807914016393,37.02283095278851],[36.62811114249076,37.022719003670964],[36.628276854073775,37.02274919977637]]]}},{"type":"Feature","properties":{"source":"Microsoft Global ML Building Footprints"},"geometry":{"type":"Polygon","coordinates":[[[36.6286096889129,37.019972435853035],[36.62871541199092,37.01992474139243],[36.628773998840046,37.02000753011143],[36.62866827576208,37.02005522452007],[36.6286096889129,37.019972435853035]]]}},{"type":"Feature","properties":{"source":"Microsoft Global ML Building Footprints"},"geometry":{"type":"Polygon","coordinates":[[[36.63017510738723,37.02603071779606],[36.63031402487279,37.02592483342852],[36.6303676115068,37.02596964416181],[36.63039286923143,37.02595039245412],[36.6305388928091,37.026072501599124],[36.63037471759887,37.02619763741073],[36.63017510738723,37.02603071779606]]]}},{"type":"Feature","properties":{"source":"Microsoft Global ML Building Footprints"},"geometry":{"type":"Polygon","coordinates":[[[36.63381055914131,37.02010270336509],[36.63396867317478,37.02009899244136],[36.63397107025791,37.02016425650335],[36.63381295590022,37.02016795859595],[36.63381055914131,37.02010270336509]]]}},{"type":"Feature","properties":{"source":"Microsoft Global ML Building Footprints"},"geometry":{"type":"Polygon","coordinates":[[[36.63452842669395,37.02061766143975],[36.63441340778124,37.02061284739131],[36.63442013836005,37.02051033575453],[36.63453515727281,37.02051514980947],[36.63452842669395,37.02061766143975]]]}},{"type":"Feature","properties":{"source":"Microsoft Global ML Building Footprints"},"geometry":{"type":"Polygon","coordinates":[[[36.639458184912755,37.024812474212276],[36.63944319311631,37.02498079500087],[36.63923107152394,37.024968764453725],[36.639232967361224,37.02494745793665],[36.63918759876007,37.02494488484027],[36.6391930966883,37.0248830959048],[36.63914239060465,37.024880220088754],[36.63914978437017,37.02479712454145],[36.639251196537515,37.0248028761797],[36.63925138612126,37.024800745523606],[36.639458184912755,37.024812474212276]]]}},{"type":"Feature","properties":{"source":"Microsoft Global ML Building Footprints"},"geometry":{"type":"Polygon","coordinates":[[[36.623665564848274,37.03221240485445],[36.62371659381876,37.03227640745667],[36.62367358380909,37.032298260762175],[36.62362255084519,37.03223426020738],[36.623665564848274,37.03221240485445]]]}},{"type":"Feature","properties":{"source":"Microsoft Global ML Building Footprints"},"geometry":{"type":"Polygon","coordinates":[[[36.62398265665816,37.019896861576306],[36.62389256620243,37.01989960025549],[36.62388844638134,37.01981304665723],[36.623978529500626,37.01981031323187],[36.62398265665816,37.019896861576306]]]}},{"type":"Feature","properties":{"source":"Microsoft Global ML Building Footprints"},"geometry":{"type":"Polygon","coordinates":[[[36.62535644961823,37.02118821462618],[36.625537417131525,37.021194747273654],[36.625534023261224,37.02125458701937],[36.62535306098278,37.021248054566016],[36.62535644961823,37.02118821462618]]]}},{"type":"Feature","properties":{"source":"Microsoft Global ML Building Footprints"},"geometry":{"type":"Polygon","coordinates":[[[36.62626212356915,37.02321387757103],[36.626273127468735,37.02315613785374],[36.62641873393322,37.02317382610918],[36.62640772357048,37.023231573163784],[36.62626212356915,37.02321387757103]]]}},{"type":"Feature","properties":{"source":"Microsoft Global ML Building Footprints"},"geometry":{"type":"Polygon","coordinates":[[[36.62753692008454,37.02764582233594],[36.62761817500777,37.02771868825295],[36.6275298962545,37.02778143569627],[36.62744864133127,37.02770856983945],[36.62753692008454,37.02764582233594]]]}},{"type":"Feature","properties":{"source":"Microsoft Global ML Building Footprints"},"geometry":{"type":"Polygon","coordinates":[[[36.62767113822718,37.02716295791988],[36.62776126213223,37.02724346752847],[36.62766046377625,37.027315378905485],[36.62757034730037,37.027234869704714],[36.62767113822718,37.02716295791988]]]}},{"type":"Feature","properties":{"source":"Microsoft Global ML Building Footprints"},"geometry":{"type":"Polygon","coordinates":[[[36.628358120521305,37.019727295089986],[36.62847335924183,37.01969006097146],[36.628532453847725,37.01980665517803],[36.62861081808486,37.019781339768734],[36.62866364379163,37.019885565262385],[36.62847004274116,37.01994811841012],[36.628358120521305,37.019727295089986]]]}},{"type":"Feature","properties":{"source":"Microsoft Global ML Building Footprints"},"geometry":{"type":"Polygon","coordinates":[[[36.62911711025265,37.03311021793095],[36.62901254541338,37.033111877105014],[36.62901014724052,37.03301556226017],[36.62911471207983,37.033013903084],[36.62911711025265,37.03311021793095]]]}},{"type":"Feature","properties":{"source":"Microsoft Global ML Building Footprints"},"geometry":{"type":"Polygon","coordinates":[[[36.629379987030596,37.026563509946385],[36.6294191587501,37.02664987026246],[36.62931956582896,37.02667866278359],[36.62928039187787,37.02659229758044],[36.629379987030596,37.026563509946385]]]}},{"type":"Feature","properties":{"source":"Microsoft Global ML Building Footprints"},"geometry":{"type":"Polygon","coordinates":[[[36.630537378993786,37.02410720791622],[36.63058790041591,37.02430808331227],[36.630058068644296,37.024393051806335],[36.63001197781886,37.0242098567373],[36.63049026063693,37.024133154907105],[36.6304858139067,37.02411547449289],[36.630537378993786,37.02410720791622]]]}},{"type":"Feature","properties":{"source":"Microsoft Global ML Building Footprints"},"geometry":{"type":"Polygon","coordinates":[[[36.634948804192724,37.018649590639384],[36.635126474892914,37.018634399935294],[36.63514336153168,37.01876031132214],[36.634965692147915,37.018775511816955],[36.634948804192724,37.018649590639384]]]}},{"type":"Feature","properties":{"source":"Microsoft Global ML Building Footprints"},"geometry":{"type":"Polygon","coordinates":[[[36.63506180336822,37.02057821112402],[36.63510078458595,37.02056639609727],[36.63514836896543,37.02066647602556],[36.63510939632056,37.02067829061612],[36.63506180336822,37.02057821112402]]]}},{"type":"Feature","properties":{"source":"Microsoft Global ML Building Footprints"},"geometry":{"type":"Polygon","coordinates":[[[36.6357277519931,37.02212127841344],[36.63578918858048,37.02206757806526],[36.63591431494983,37.02215883727959],[36.63585287579638,37.02221253569173],[36.6357277519931,37.02212127841344]]]}},{"type":"Feature","properties":{"source":"Microsoft Global ML Building Footprints"},"geometry":{"type":"Polygon","coordinates":[[[36.63612636516093,37.023323797667075],[36.63619009374319,37.02340208511464],[36.63606375153058,37.02346764231815],[36.63600002294829,37.02338935493816],[36.63612636516093,37.023323797667075]]]}},{"type":"Feature","properties":{"source":"Microsoft Global ML Building Footprints"},"geometry":{"type":"Polygon","coordinates":[[[36.63795834662163,37.019266107068056],[36.63781775526455,37.01929545871657],[36.63776983393241,37.01914912909834],[36.63791042528948,37.019119777393286],[36.63795834662163,37.019266107068056]]]}},{"type":"Feature","properties":{"source":"Microsoft Global ML Building Footprints"},"geometry":{"type":"Polygon","coordinates":[[[36.625383631864324,37.022994112781895],[36.625371853458354,37.02302423194313],[36.62531808616841,37.023010829128296],[36.625329865644886,37.02298070722422],[36.625383631864324,37.022994112781895]]]}},{"type":"Feature","properties":{"source":"Microsoft Global ML Building Footprints"},"geometry":{"type":"Polygon","coordinates":[[[36.625628637047626,37.02059260543263],[36.62560019360738,37.0205936560464],[36.62559803537779,37.02055640841367],[36.62558732942027,37.02055680326096],[36.62558237656618,37.020471324756286],[36.6256733772052,37.02046796855043],[36.62567783477388,37.020544899212354],[36.62562598763022,37.02054681139138],[36.625628637047626,37.02059260543263]]]}},{"type":"Feature","properties":{"source":"Microsoft Global ML Building Footprints"},"geometry":{"type":"Polygon","coordinates":[[[36.628193023420316,37.02177561133019],[36.6283001418994,37.021772205449565],[36.62830383616074,37.021846270067364],[36.62819671738353,37.0218496699684],[36.628193023420316,37.02177561133019]]]}},{"type":"Feature","properties":{"source":"Microsoft Global ML Building Footprints"},"geometry":{"type":"Polygon","coordinates":[[[36.6282915527331,37.02173162957362],[36.62815090474161,37.02174326140813],[36.628124515970164,37.021539860047966],[36.62828639384715,37.021526472428846],[36.62829491522123,37.02159215418918],[36.62837452729189,37.021585570119015],[36.628382498899946,37.021647014300335],[36.6282816569438,37.02165535411569],[36.6282915527331,37.02173162957362]]]}},{"type":"Feature","properties":{"source":"Microsoft Global ML Building Footprints"},"geometry":{"type":"Polygon","coordinates":[[[36.630254409887996,37.01996640272226],[36.630208054653906,37.019976771974235],[36.63019899664005,37.019950958088955],[36.6302453497761,37.01994058930278],[36.630254409887996,37.01996640272226]]]}},{"type":"Feature","properties":{"source":"Microsoft Global ML Building Footprints"},"geometry":{"type":"Polygon","coordinates":[[[36.63427655787639,37.02220373724154],[36.63445069414288,37.02220853442618],[36.63444630462053,37.022310103901106],[36.63427216793406,37.022305316441916],[36.63427655787639,37.02220373724154]]]}},{"type":"Feature","properties":{"source":"Microsoft Global ML Building Footprints"},"geometry":{"type":"Polygon","coordinates":[[[36.6353084890489,37.020479201441006],[36.63540979538326,37.02044635037829],[36.63540137934768,37.02042980570221],[36.63548741280479,37.020401907227196],[36.635547269021615,37.020519555351264],[36.635359920377496,37.02058030767277],[36.6353084890489,37.020479201441006]]]}},{"type":"Feature","properties":{"source":"Microsoft Global ML Building Footprints"},"geometry":{"type":"Polygon","coordinates":[[[36.63896579306913,37.030640244974734],[36.63903219867199,37.0306610893299],[36.639006287681,37.03071369674547],[36.63893988449037,37.03069285687207],[36.63896579306913,37.030640244974734]]]}},{"type":"Feature","properties":{"source":"Microsoft Global ML Building Footprints"},"geometry":{"type":"Polygon","coordinates":[[[36.63953597665368,37.02497331308833],[36.6395587198385,37.02481617480434],[36.63979429293816,37.024837894060305],[36.639771547873295,37.02499504528909],[36.63953597665368,37.02497331308833]]]}},{"type":"Feature","properties":{"source":"Microsoft Global ML Building Footprints"},"geometry":{"type":"Polygon","coordinates":[[[36.62529715427088,37.02444227965082],[36.625301856114795,37.02441277742406],[36.625394237777996,37.024422162057206],[36.625389535934076,37.0244516642803],[36.62529715427088,37.02444227965082]]]}},{"type":"Feature","properties":{"source":"Microsoft Global ML Building Footprints"},"geometry":{"type":"Polygon","coordinates":[[[36.6256246848405,37.025442809652446],[36.625549734074795,37.02544549835572],[36.62554565103561,37.0253728375221],[36.625620601801316,37.02537014881624],[36.6256246848405,37.025442809652446]]]}},{"type":"Feature","properties":{"source":"Microsoft Global ML Building Footprints"},"geometry":{"type":"Polygon","coordinates":[[[36.626003373987544,37.025426644341124],[36.62598945222904,37.02546166235114],[36.62594559024763,37.02545055011483],[36.62595951200614,37.025415532099686],[36.626003373987544,37.025426644341124]]]}},{"type":"Feature","properties":{"source":"Microsoft Global ML Building Footprints"},"geometry":{"type":"Polygon","coordinates":[[[36.62655516577105,37.02517694231591],[36.6266243657743,37.02496661080703],[36.62665698345262,37.024973452786995],[36.62658778344937,37.02518378427695],[36.62655516577105,37.02517694231591]]]}},{"type":"Feature","properties":{"source":"Microsoft Global ML Building Footprints"},"geometry":{"type":"Polygon","coordinates":[[[36.627979934553004,37.02667242873119],[36.6280757634531,37.02661990078587],[36.628127081674336,37.02667956667055],[36.62803124921936,37.0267320965232],[36.627979934553004,37.02667242873119]]]}},{"type":"Feature","properties":{"source":"Microsoft Global ML Building Footprints"},"geometry":{"type":"Polygon","coordinates":[[[36.62834790767366,37.02109167448134],[36.628365584894304,37.02112574968528],[36.62830834887662,37.021144677513135],[36.6282906730722,37.02111060504762],[36.62834790767366,37.02109167448134]]]}},{"type":"Feature","properties":{"source":"Microsoft Global ML Building Footprints"},"geometry":{"type":"Polygon","coordinates":[[[36.62854312144709,37.019350290295385],[36.62825842424863,37.01937071777422],[36.628247425308714,37.01927299507326],[36.62829265757389,37.01926974958217],[36.62828213684875,37.019176275572704],[36.628401869315375,37.01916768455561],[36.628413107362704,37.0192675318001],[36.628532839829326,37.01925894079333],[36.62854312144709,37.019350290295385]]]}},{"type":"Feature","properties":{"source":"Microsoft Global ML Building Footprints"},"geometry":{"type":"Polygon","coordinates":[[[36.62911346756302,37.02150041662046],[36.62916214612508,37.021569202579215],[36.629043017552554,37.0216229434456],[36.628994337991294,37.02155416464316],[36.62911346756302,37.02150041662046]]]}},{"type":"Feature","properties":{"source":"Microsoft Global ML Building Footprints"},"geometry":{"type":"Polygon","coordinates":[[[36.63065488355059,37.02247491590533],[36.63063528806947,37.022557615100204],[36.63051099051818,37.022538841094345],[36.630530585999296,37.022456141879026],[36.63065488355059,37.02247491590533]]]}},{"type":"Feature","properties":{"source":"Microsoft Global ML Building Footprints"},"geometry":{"type":"Polygon","coordinates":[[[36.63095663880881,37.027112299136434],[36.630977092561146,37.02720138368018],[36.631031587952386,37.02719340893115],[36.631041303539675,37.027235724296546],[36.6308555217034,37.02726290084806],[36.630825365813976,37.02713150938897],[36.63095663880881,37.027112299136434]]]}},{"type":"Feature","properties":{"source":"Microsoft Global ML Building Footprints"},"geometry":{"type":"Polygon","coordinates":[[[36.63171850334415,37.023051115028586],[36.63199969597693,37.02296573244898],[36.632014846227186,37.02299753697353],[36.632095573394295,37.02297302461058],[36.632112996237865,37.02300959319666],[36.63215048684508,37.022998207286605],[36.632210610971995,37.02312440094031],[36.63180054791829,37.023248914014616],[36.63172924116107,37.02309924952328],[36.63173989193269,37.02309601547952],[36.63171850334415,37.023051115028586]]]}},{"type":"Feature","properties":{"source":"Microsoft Global ML Building Footprints"},"geometry":{"type":"Polygon","coordinates":[[[36.632939771184965,37.027066597093366],[36.6329516515473,37.0271533559441],[36.63286792729145,37.027160658521716],[36.632862714822394,37.02712256899823],[36.63284041371987,37.02712451414068],[36.63282839666168,37.02703675700575],[36.632967329462744,37.027024631258115],[36.632972679591006,37.02706372676055],[36.632939771184965,37.027066597093366]]]}},{"type":"Feature","properties":{"source":"Microsoft Global ML Building Footprints"},"geometry":{"type":"Polygon","coordinates":[[[36.63514607543367,37.01895561313159],[36.63516650487273,37.019052519614945],[36.6349917481896,37.01907600605096],[36.63497132075254,37.018979109094076],[36.63514607543367,37.01895561313159]]]}},{"type":"Feature","properties":{"source":"Microsoft Global ML Building Footprints"},"geometry":{"type":"Polygon","coordinates":[[[36.636487118753415,37.03015979554257],[36.63652880728656,37.02990846579429],[36.63681716224643,37.02993894858475],[36.63677549799314,37.03019026468612],[36.636487118753415,37.03015979554257]]]}},{"type":"Feature","properties":{"source":"Microsoft Global ML Building Footprints"},"geometry":{"type":"Polygon","coordinates":[[[36.63799102891546,37.033538912394846],[36.63799884353829,37.03342707722733],[36.63814993392933,37.03343380515444],[36.638146805646535,37.03347863030788],[36.63820160080091,37.03348107028808],[36.63819548555208,37.03356858564421],[36.63804307387152,37.03356179889326],[36.638044506906255,37.03354129073315],[36.63799102891546,37.033538912394846]]]}},{"type":"Feature","properties":{"source":"Microsoft Global ML Building Footprints"},"geometry":{"type":"Polygon","coordinates":[[[36.638240077349614,37.01885258984346],[36.63828357086568,37.01883581459443],[36.63832139451729,37.018898322915874],[36.638277901001224,37.01891509815108],[36.638240077349614,37.01885258984346]]]}},{"type":"Feature","properties":{"source":"Microsoft Global ML Building Footprints"},"geometry":{"type":"Polygon","coordinates":[[[36.638547860275004,37.0273660550585],[36.63854949447634,37.02731898180832],[36.63869422258987,37.02732218416082],[36.63869258838854,37.027369257409],[36.638547860275004,37.0273660550585]]]}},{"type":"Feature","properties":{"source":"Microsoft Global ML Building Footprints"},"geometry":{"type":"Polygon","coordinates":[[[36.63873673794586,37.03045384964235],[36.638878253346306,37.03049959110716],[36.63882753028859,37.03059961934278],[36.63868600390809,37.03055388229669],[36.63873673794586,37.03045384964235]]]}},{"type":"Feature","properties":{"source":"Microsoft Global ML Building Footprints"},"geometry":{"type":"Polygon","coordinates":[[[36.62210614561217,37.031022793719615],[36.622421281223495,37.03092294159887],[36.62244748125432,37.03097563853141],[36.62240113666987,37.030990320427875],[36.6223970105814,37.03098202150255],[36.62234272783238,37.0309992212291],[36.62236387773877,37.03104176815288],[36.62214937157126,37.03110973529453],[36.62210614561217,37.031022793719615]]]}},{"type":"Feature","properties":{"source":"Microsoft Global ML Building Footprints"},"geometry":{"type":"Polygon","coordinates":[[[36.62435526505882,37.02068746156348],[36.62425077560856,37.02069025256004],[36.6242472456281,37.02060583048958],[36.62420001975384,37.02060708929272],[36.62419817931452,37.02056316588357],[36.62428123483714,37.020560947400625],[36.62428213115752,37.02058233873578],[36.62435079282211,37.02058050472537],[36.62435526505882,37.02068746156348]]]}},{"type":"Feature","properties":{"source":"Microsoft Global ML Building Footprints"},"geometry":{"type":"Polygon","coordinates":[[[36.62655556383683,37.028092930136886],[36.626624619959934,37.02824659786319],[36.62650907227735,37.02827969233842],[36.62644002809006,37.028126021260505],[36.62655556383683,37.028092930136886]]]}},{"type":"Feature","properties":{"source":"Microsoft Global ML Building Footprints"},"geometry":{"type":"Polygon","coordinates":[[[36.627211794008154,37.02286524002533],[36.62714354382057,37.022851769916635],[36.62717852660616,37.02273875221482],[36.627306321831725,37.0227639743874],[36.627256957944866,37.022923407372666],[36.62719742607835,37.022911657953074],[36.627211794008154,37.02286524002533]]]}},{"type":"Feature","properties":{"source":"Microsoft Global ML Building Footprints"},"geometry":{"type":"Polygon","coordinates":[[[36.6313792086154,37.019575249079836],[36.63126180861612,37.01960765111973],[36.63122241061397,37.01951665068733],[36.631339813150426,37.01948425446898],[36.6313792086154,37.019575249079836]]]}},{"type":"Feature","properties":{"source":"Microsoft Global ML Building Footprints"},"geometry":{"type":"Polygon","coordinates":[[[36.63298202717567,37.022270501479824],[36.63305512176038,37.02222082212241],[36.63317559705656,37.02233381473695],[36.633102502471814,37.022383494020474],[36.63298202717567,37.022270501479824]]]}},{"type":"Feature","properties":{"source":"Microsoft Global ML Building Footprints"},"geometry":{"type":"Polygon","coordinates":[[[36.6332012622329,37.020063788233855],[36.633105194224434,37.020069274693654],[36.633096413839134,37.01997126515587],[36.633189813291864,37.01996593109087],[36.633194012606566,37.0200128052367],[36.63319668116234,37.02001265283492],[36.6332012622329,37.020063788233855]]]}},{"type":"Feature","properties":{"source":"Microsoft Global ML Building Footprints"},"geometry":{"type":"Polygon","coordinates":[[[36.634617275560416,37.0252121726886],[36.63526535954897,37.025142535075574],[36.635273869268936,37.02519301424763],[36.6353476349262,37.025185088016464],[36.63536836388619,37.025308050893756],[36.63464652091895,37.02538565418282],[36.634617275560416,37.0252121726886]]]}},{"type":"Feature","properties":{"source":"Microsoft Global ML Building Footprints"},"geometry":{"type":"Polygon","coordinates":[[[36.6347221174077,37.0235026019934],[36.6346063649255,37.0235366109785],[36.63456029057281,37.02343665137847],[36.63467604305497,37.023402642348636],[36.6347221174077,37.0235026019934]]]}},{"type":"Feature","properties":{"source":"Microsoft Global ML Building Footprints"},"geometry":{"type":"Polygon","coordinates":[[[36.63517354082427,37.02294693213462],[36.635296124298115,37.02287857108657],[36.63538106953492,37.022975666236704],[36.63525849008857,37.02304403180092],[36.63517354082427,37.02294693213462]]]}},{"type":"Feature","properties":{"source":"Microsoft Global ML Building Footprints"},"geometry":{"type":"Polygon","coordinates":[[[36.636471237175364,37.02316026842481],[36.636377035781635,37.02321685461595],[36.63627266563851,37.02310609130638],[36.63636686703224,37.02304950503273],[36.636471237175364,37.02316026842481]]]}},{"type":"Feature","properties":{"source":"Microsoft Global ML Building Footprints"},"geometry":{"type":"Polygon","coordinates":[[[36.63903835408441,37.023042861074984],[36.63904560870955,37.023011819531696],[36.639098620669294,37.02301971388812],[36.639091368673846,37.02305075581978],[36.63903835408441,37.023042861074984]]]}},{"type":"Feature","properties":{"source":"Microsoft Global ML Building Footprints"},"geometry":{"type":"Polygon","coordinates":[[[36.63921919620113,37.02232994890495],[36.639220912353395,37.022198558882636],[36.63932014322315,37.02219939062416],[36.639318427143316,37.022330775100706],[36.63921919620113,37.02232994890495]]]}},{"type":"Feature","properties":{"source":"Microsoft Global ML Building Footprints"},"geometry":{"type":"Polygon","coordinates":[[[36.62467736333434,37.02531583891712],[36.624721217400406,37.02520115568496],[36.624808378746145,37.02522239512764],[36.62483342958223,37.02515686933974],[36.62493765077886,37.02518227175791],[36.62486873891861,37.02536248386002],[36.62467736333434,37.02531583891712]]]}},{"type":"Feature","properties":{"source":"Microsoft Global ML Building Footprints"},"geometry":{"type":"Polygon","coordinates":[[[36.62712770903625,37.02328990896929],[36.627177198589585,37.023290827081354],[36.627175087073624,37.02336359720896],[36.62704784905798,37.02336123673809],[36.62705006709133,37.02328502589445],[36.627063470921144,37.023285273808426],[36.62706527736114,37.023223205110575],[36.62712961574424,37.02322439509863],[36.62712770903625,37.02328990896929]]]}},{"type":"Feature","properties":{"source":"Microsoft Global ML Building Footprints"},"geometry":{"type":"Polygon","coordinates":[[[36.628439036303504,37.02399776856183],[36.6285874906705,37.023984902523054],[36.628596411536186,37.0240505137283],[36.628447957169186,37.024063379755965],[36.628439036303504,37.02399776856183]]]}},{"type":"Feature","properties":{"source":"Microsoft Global ML Building Footprints"},"geometry":{"type":"Polygon","coordinates":[[[36.628860199243384,37.020245740652705],[36.62887661998359,37.02024243086321],[36.62904930775871,37.02015194363613],[36.629055949596236,37.02015060489557],[36.629157700171596,37.020097288230374],[36.629216914615824,37.02016933509348],[36.62922026865567,37.02017994293093],[36.62929873477651,37.02027541340132],[36.629278610537476,37.0202117664344],[36.62942958642539,37.02039546003972],[36.62944326691297,37.02043873924219],[36.62946940941605,37.02043346993261],[36.62949638965246,37.02051880011357],[36.62938198386377,37.02054185343933],[36.62935017883581,37.02044123605354],[36.62933700924483,37.02042521423995],[36.629303263927845,37.02044289650286],[36.62923113517931,37.02035514633014],[36.629197352170564,37.02036195567478],[36.62918324271927,37.02031733174427],[36.62912937603504,37.02034555747287],[36.62907647039937,37.020281193623546],[36.62893961439156,37.020352905133564],[36.62886562013752,37.02026288532187],[36.628860199243384,37.020245740652705]]]}},{"type":"Feature","properties":{"source":"Microsoft Global ML Building Footprints"},"geometry":{"type":"Polygon","coordinates":[[[36.63120904274592,37.022806645604554],[36.631183349580084,37.02290516462943],[36.63104310877068,37.02288185111556],[36.63106879365894,37.0227833306844],[36.63120904274592,37.022806645604554]]]}},{"type":"Feature","properties":{"source":"Microsoft Global ML Building Footprints"},"geometry":{"type":"Polygon","coordinates":[[[36.631371386634854,37.02817697315611],[36.631306685411,37.028188762222435],[36.63129271668906,37.0281399159057],[36.63135742198314,37.02812812609016],[36.631371386634854,37.02817697315611]]]}},{"type":"Feature","properties":{"source":"Microsoft Global ML Building Footprints"},"geometry":{"type":"Polygon","coordinates":[[[36.63197450199071,37.02060415271835],[36.63190324047142,37.02066756933595],[36.63185568735566,37.02063350559795],[36.63192694722051,37.02057009042419],[36.63197450199071,37.02060415271835]]]}},{"type":"Feature","properties":{"source":"Microsoft Global ML Building Footprints"},"geometry":{"type":"Polygon","coordinates":[[[36.63481649513721,37.03098041779772],[36.63498615228286,37.030973336825376],[36.63499622134001,37.03112708529764],[36.634826550751754,37.0311341668167],[36.63481649513721,37.03098041779772]]]}},{"type":"Feature","properties":{"source":"Microsoft Global ML Building Footprints"},"geometry":{"type":"Polygon","coordinates":[[[36.63601209805696,37.0206373165251],[36.63598275603862,37.020710210231506],[36.63584327335985,37.02067441083841],[36.63588937984313,37.02055989440732],[36.63596564613113,37.020579468817935],[36.63601373966153,37.020459990915946],[36.63621218992767,37.020510913881445],[36.63618596390108,37.02057605252709],[36.63627104890576,37.02059789033361],[36.63623241368178,37.02069385007671],[36.63601209805696,37.0206373165251]]]}},{"type":"Feature","properties":{"source":"Microsoft Global ML Building Footprints"},"geometry":{"type":"Polygon","coordinates":[[[36.636521831357605,37.031448879511494],[36.63651492757354,37.03154706625919],[36.636421345107486,37.03154287286446],[36.63642824889155,37.03144468611132],[36.636521831357605,37.031448879511494]]]}},{"type":"Feature","properties":{"source":"Microsoft Global ML Building Footprints"},"geometry":{"type":"Polygon","coordinates":[[[36.63765277330274,37.025056745566026],[36.63766258208289,37.02513735802638],[36.63747658273613,37.025151783642556],[36.637466773956014,37.025071171197524],[36.63765277330274,37.025056745566026]]]}},{"type":"Feature","properties":{"source":"Microsoft Global ML Building Footprints"},"geometry":{"type":"Polygon","coordinates":[[[36.6394363169426,37.021701094377825],[36.63933556599002,37.021703301306985],[36.63933193652289,37.02159767960824],[36.639432696920196,37.021595478099584],[36.6394363169426,37.021701094377825]]]}},{"type":"Feature","properties":{"source":"Microsoft Global ML Building Footprints"},"geometry":{"type":"Polygon","coordinates":[[[36.62613489543516,37.02098301245161],[36.62616935650196,37.02098600497119],[36.62616301360555,37.021032567506055],[36.62612855253875,37.0210295749883],[36.62613489543516,37.02098301245161]]]}},{"type":"Feature","properties":{"source":"Microsoft Global ML Building Footprints"},"geometry":{"type":"Polygon","coordinates":[[[36.62629015156387,37.02492701259209],[36.62660695191774,37.024975675156334],[36.62655737280265,37.025181331838695],[36.62624059394738,37.02513265500784],[36.62629015156387,37.02492701259209]]]}},{"type":"Feature","properties":{"source":"Microsoft Global ML Building Footprints"},"geometry":{"type":"Polygon","coordinates":[[[36.627096521512726,37.022932013885544],[36.62696708193459,37.02291920439603],[36.627000807198215,37.02270197104306],[36.627130246776346,37.022714780569224],[36.627096521512726,37.022932013885544]]]}},{"type":"Feature","properties":{"source":"Microsoft Global ML Building Footprints"},"geometry":{"type":"Polygon","coordinates":[[[36.62752163900629,37.01951499535967],[36.62756645081804,37.01959001909982],[36.62744763698402,37.019635260313855],[36.62740281981457,37.01956023865845],[36.62752163900629,37.01951499535967]]]}},{"type":"Feature","properties":{"source":"Microsoft Global ML Building Footprints"},"geometry":{"type":"Polygon","coordinates":[[[36.6283071520722,37.020915576535714],[36.62834100573991,37.020973668370885],[36.628250608311774,37.021007255249344],[36.628216754644065,37.02094916343986],[36.6283071520722,37.020915576535714]]]}},{"type":"Feature","properties":{"source":"Microsoft Global ML Building Footprints"},"geometry":{"type":"Polygon","coordinates":[[[36.63035896232606,37.018485006102345],[36.630374520539426,37.01851011078152],[36.630421922804416,37.01849138284306],[36.630459675638555,37.018552300666045],[36.63031961959551,37.018607626866654],[36.63026630986684,37.018521606548916],[36.63035896232606,37.018485006102345]]]}},{"type":"Feature","properties":{"source":"Microsoft Global ML Building Footprints"},"geometry":{"type":"Polygon","coordinates":[[[36.631139563260994,37.02602350065856],[36.63113743124655,37.025965733692466],[36.631209788069526,37.02596403157165],[36.63121436795244,37.02608812352149],[36.63107353333251,37.02609143650752],[36.631071091273476,37.0260251113913],[36.631139563260994,37.02602350065856]]]}},{"type":"Feature","properties":{"source":"Microsoft Global ML Building Footprints"},"geometry":{"type":"Polygon","coordinates":[[[36.632549239046256,37.020594156665986],[36.63252730090176,37.02056684098283],[36.632647043613986,37.02050553551513],[36.63272626469132,37.02060417551538],[36.63253049486022,37.02070440493377],[36.632473211927376,37.02063308073281],[36.632549239046256,37.020594156665986]]]}},{"type":"Feature","properties":{"source":"Microsoft Global ML Building Footprints"},"geometry":{"type":"Polygon","coordinates":[[[36.63532249261321,37.02242599507094],[36.6352396313189,37.02247936748941],[36.63513083743512,37.02237170111164],[36.635151958941506,37.0223580963618],[36.6351781743352,37.022384040085896],[36.63523991412308,37.0223442723552],[36.63532249261321,37.02242599507094]]]}},{"type":"Feature","properties":{"source":"Microsoft Global ML Building Footprints"},"geometry":{"type":"Polygon","coordinates":[[[36.63562731009091,37.02449761209507],[36.635322851606766,37.02454856417862],[36.63527328724003,37.02435984846223],[36.63546598320926,37.02432760011042],[36.63548483921833,37.0243993942187],[36.635596611551634,37.02438068873491],[36.63562731009091,37.02449761209507]]]}},{"type":"Feature","properties":{"source":"Microsoft Global ML Building Footprints"},"geometry":{"type":"Polygon","coordinates":[[[36.636928655404574,37.02240817473582],[36.63685418520833,37.022447644892615],[36.63675778388328,37.02233170369345],[36.636832254079536,37.022292233476435],[36.636928655404574,37.02240817473582]]]}},{"type":"Feature","properties":{"source":"Microsoft Global ML Building Footprints"},"geometry":{"type":"Polygon","coordinates":[[[36.637214421600646,37.02576098275063],[36.63698058119768,37.025809210103155],[36.636920173517986,37.0256225200352],[36.63703197322068,37.02559946236015],[36.63699690670235,37.02549105959474],[36.63711893849406,37.02546589160019],[36.637214421600646,37.02576098275063]]]}},{"type":"Feature","properties":{"source":"Microsoft Global ML Building Footprints"},"geometry":{"type":"Polygon","coordinates":[[[36.638769298765666,37.02592043642153],[36.63879975513697,37.02574827754358],[36.638947021178254,37.02576488311264],[36.63891062210038,37.0259706338763],[36.63877124531131,37.02595491793396],[36.638777188017876,37.025921326003655],[36.638769298765666,37.02592043642153]]]}},{"type":"Feature","properties":{"source":"Microsoft Global ML Building Footprints"},"geometry":{"type":"Polygon","coordinates":[[[36.63883680225742,37.02202751440206],[36.63883807874418,37.021845493598526],[36.63895341007099,37.02184601561553],[36.63895285442382,37.021925248253645],[36.639154013714766,37.021926158747476],[36.639153292875214,37.022028946910396],[36.63883680225742,37.02202751440206]]]}},{"type":"Feature","properties":{"source":"Microsoft Global ML Building Footprints"},"geometry":{"type":"Polygon","coordinates":[[[36.63968615559544,37.0261507181895],[36.6396793775504,37.026261805771355],[36.63951764298534,37.02625551593709],[36.63952441131484,37.02614442796819],[36.63968615559544,37.0261507181895]]]}},{"type":"Feature","properties":{"source":"Microsoft Global ML Building Footprints"},"geometry":{"type":"Polygon","coordinates":[[[36.624691203352235,37.020060843167755],[36.6247896701906,37.02005386611808],[36.62479310354904,37.02008477959957],[36.62469463610436,37.02009175118693],[36.624691203352235,37.020060843167755]]]}},{"type":"Feature","properties":{"source":"Microsoft Global ML Building Footprints"},"geometry":{"type":"Polygon","coordinates":[[[36.62648032455347,37.02853381941255],[36.62658248537251,37.02850168800015],[36.62663553953829,37.02860919707158],[36.62653337871929,37.02864132843851],[36.62648032455347,37.02853381941255]]]}},{"type":"Feature","properties":{"source":"Microsoft Global ML Building Footprints"},"geometry":{"type":"Polygon","coordinates":[[[36.62765011628727,37.02789727172989],[36.62755230506822,37.02797876948067],[36.62744602608349,37.02789747363349],[36.6275438373025,37.02781597579549],[36.62765011628727,37.02789727172989]]]}},{"type":"Feature","properties":{"source":"Microsoft Global ML Building Footprints"},"geometry":{"type":"Polygon","coordinates":[[[36.629911083167066,37.022770913359224],[36.62979704639052,37.02280360930551],[36.629760018805605,37.02272130383013],[36.62987405304298,37.022688602204326],[36.629911083167066,37.022770913359224]]]}},{"type":"Feature","properties":{"source":"Microsoft Global ML Building Footprints"},"geometry":{"type":"Polygon","coordinates":[[[36.63267408138377,37.02129764327932],[36.632641421952485,37.02123970993017],[36.63273286925821,37.02120685218238],[36.63276552629401,37.02126478130735],[36.63267408138377,37.02129764327932]]]}},{"type":"Feature","properties":{"source":"Microsoft Global ML Building Footprints"},"geometry":{"type":"Polygon","coordinates":[[[36.633819537411,37.01978513554231],[36.63377499775348,37.019667382152555],[36.63389298294505,37.01963893274798],[36.63394605869381,37.01977925378058],[36.63386896060337,37.01979784848],[36.633860421205625,37.01977527737577],[36.633819537411,37.01978513554231]]]}},{"type":"Feature","properties":{"source":"Microsoft Global ML Building Footprints"},"geometry":{"type":"Polygon","coordinates":[[[36.63436924608446,37.01895614722267],[36.63438993080923,37.019011152460116],[36.6343136583835,37.019029437392035],[36.63429297365868,37.018974432167816],[36.63436924608446,37.01895614722267]]]}},{"type":"Feature","properties":{"source":"Microsoft Global ML Building Footprints"},"geometry":{"type":"Polygon","coordinates":[[[36.63461328379242,37.02050496123593],[36.63461559436823,37.020564867228416],[36.63454860267352,37.020566514379],[36.63454629209771,37.020506608387805],[36.63461328379242,37.02050496123593]]]}},{"type":"Feature","properties":{"source":"Microsoft Global ML Building Footprints"},"geometry":{"type":"Polygon","coordinates":[[[36.639246780176514,37.02620810466431],[36.6390931625712,37.026194285101205],[36.639114352318636,37.02604415398869],[36.63920056688036,37.02605190993551],[36.63920295299315,37.02603499360521],[36.63927035750117,37.02604105738189],[36.639246780176514,37.02620810466431]]]}},{"type":"Feature","properties":{"source":"Microsoft Global ML Building Footprints"},"geometry":{"type":"Polygon","coordinates":[[[36.639274952642076,37.02739611608323],[36.63941333123234,37.02741437123515],[36.63941850847861,37.02738935820529],[36.63949161414893,37.02739900243788],[36.639463139294456,37.027536573982815],[36.639251655033874,37.02750867464282],[36.639274952642076,37.02739611608323]]]}},{"type":"Feature","properties":{"source":"Microsoft Global ML Building Footprints"},"geometry":{"type":"Polygon","coordinates":[[[36.62461338208964,37.02005431212939],[36.62443765142602,37.02006043979005],[36.624432165109624,37.01995997855205],[36.6245784388519,37.01995487803619],[36.624580192609116,37.019986940052206],[36.62460964074089,37.0199859132062],[36.62461338208964,37.02005431212939]]]}},{"type":"Feature","properties":{"source":"Microsoft Global ML Building Footprints"},"geometry":{"type":"Polygon","coordinates":[[[36.625098775154505,37.019617414271124],[36.625097981774864,37.019638811060005],[36.625160614470616,37.01964029155324],[36.62515746858578,37.01972493328787],[36.62503856648517,37.019722116073716],[36.62504249809046,37.019616084010025],[36.625098775154505,37.019617414271124]]]}},{"type":"Feature","properties":{"source":"Microsoft Global ML Building Footprints"},"geometry":{"type":"Polygon","coordinates":[[[36.62718680153099,37.02337180217774],[36.62721428396247,37.02325246330605],[36.627273958265015,37.02326121972139],[36.6272708034554,37.02327491907821],[36.62731750450215,37.023281774447334],[36.627312257207834,37.02330456014384],[36.627418631814315,37.023320175144285],[36.62740527506509,37.02337817505625],[36.62737673553651,37.02337398566938],[36.627371011215416,37.02339884276233],[36.62718680153099,37.02337180217774]]]}},{"type":"Feature","properties":{"source":"Microsoft Global ML Building Footprints"},"geometry":{"type":"Polygon","coordinates":[[[36.62950858193612,37.02141528319333],[36.62945392047264,37.02143606275937],[36.6293962565429,37.02133938250637],[36.62945091652132,37.02131860042404],[36.62950858193612,37.02141528319333]]]}},{"type":"Feature","properties":{"source":"Microsoft Global ML Building Footprints"},"geometry":{"type":"Polygon","coordinates":[[[36.63077118242028,37.02375237915048],[36.63067230267481,37.023757158456945],[36.63066590569391,37.02367269947217],[36.63076478585633,37.02366792566549],[36.63077118242028,37.02375237915048]]]}},{"type":"Feature","properties":{"source":"Microsoft Global ML Building Footprints"},"geometry":{"type":"Polygon","coordinates":[[[36.63141785623034,37.01963909188973],[36.63150271899556,37.01971790255409],[36.631341341169815,37.01982867009245],[36.63125648237718,37.01974985681628],[36.63141785623034,37.01963909188973]]]}},{"type":"Feature","properties":{"source":"Microsoft Global ML Building Footprints"},"geometry":{"type":"Polygon","coordinates":[[[36.63208567034551,37.021293956826604],[36.63220757264501,37.02134710314588],[36.63216470022611,37.021409789056854],[36.63204279792666,37.021356642781434],[36.63208567034551,37.021293956826604]]]}},{"type":"Feature","properties":{"source":"Microsoft Global ML Building Footprints"},"geometry":{"type":"Polygon","coordinates":[[[36.63456482252514,37.01924428823745],[36.63469016241281,37.019404498642245],[36.63451193260102,37.01949338899295],[36.63438658261171,37.0193331838137],[36.63456482252514,37.01924428823745]]]}},{"type":"Feature","properties":{"source":"Microsoft Global ML Building Footprints"},"geometry":{"type":"Polygon","coordinates":[[[36.634707422091054,37.02582687437677],[36.63501252745327,37.02580769510979],[36.635021865338096,37.025902461537555],[36.6349993304969,37.02590387684232],[36.63500541730968,37.025965594477206],[36.634722853374264,37.02598334093925],[36.634707422091054,37.02582687437677]]]}},{"type":"Feature","properties":{"source":"Microsoft Global ML Building Footprints"},"geometry":{"type":"Polygon","coordinates":[[[36.635169696839576,37.02480114233581],[36.63528640195934,37.02478716747243],[36.635331647903456,37.02502801112723],[36.63521496343229,37.02504198347375],[36.635169696839576,37.02480114233581]]]}},{"type":"Feature","properties":{"source":"Microsoft Global ML Building Footprints"},"geometry":{"type":"Polygon","coordinates":[[[36.635304718184,37.02368400793832],[36.63535882909991,37.02378554794131],[36.6352816117179,37.02381177734385],[36.6352729153207,37.02379545842961],[36.63515708924773,37.0238348025249],[36.6351058771309,37.02373870223068],[36.63523760090019,37.023693957907255],[36.63524339849831,37.02370483719835],[36.635304718184,37.02368400793832]]]}},{"type":"Feature","properties":{"source":"Microsoft Global ML Building Footprints"},"geometry":{"type":"Polygon","coordinates":[[[36.62599554167315,37.02303764402387],[36.626010975328185,37.022954714829396],[36.62616174280029,37.02297259200838],[36.62615901451709,37.022987258722054],[36.626287606398314,37.023002506434985],[36.62627490529818,37.02307078499952],[36.62599554167315,37.02303764402387]]]}},{"type":"Feature","properties":{"source":"Microsoft Global ML Building Footprints"},"geometry":{"type":"Polygon","coordinates":[[[36.62717200101525,37.020194368945674],[36.62721746469603,37.020185334777764],[36.62723317998634,37.020235750411665],[36.62718771630556,37.02024478457357],[36.62717200101525,37.020194368945674]]]}},{"type":"Feature","properties":{"source":"Microsoft Global ML Building Footprints"},"geometry":{"type":"Polygon","coordinates":[[[36.627659950092756,37.01862370635825],[36.627629715134816,37.01862983955279],[36.627611791696005,37.01857351101406],[36.62774532942692,37.01854642271441],[36.627772214585136,37.01863091553694],[36.627668911812165,37.01865187061422],[36.627659950092756,37.01862370635825]]]}},{"type":"Feature","properties":{"source":"Microsoft Global ML Building Footprints"},"geometry":{"type":"Polygon","coordinates":[[[36.62791237496748,37.02058460750513],[36.62796512611485,37.02067499124324],[36.62784171927203,37.020720904905964],[36.62778896481786,37.020630515556554],[36.62791237496748,37.02058460750513]]]}},{"type":"Feature","properties":{"source":"Microsoft Global ML Building Footprints"},"geometry":{"type":"Polygon","coordinates":[[[36.630374349716305,37.02686126201848],[36.630201325133925,37.02687332753819],[36.63018887336707,37.02675942554093],[36.6301755637031,37.02676035292109],[36.630141086600965,37.02644497423704],[36.63033274459992,37.026431609278184],[36.63033562694392,37.02645797552368],[36.63045807585221,37.02644944359189],[36.63046597483224,37.02652169948364],[36.63029179657902,37.026533835774146],[36.6302943541652,37.02655721252014],[36.63035140534187,37.026553237343045],[36.63035930432186,37.02662549313607],[36.63038592364976,37.02662363837246],[36.63039907118666,37.026743905106066],[36.63036180435352,37.02674650383758],[36.630374349716305,37.02686126201848]]]}},{"type":"Feature","properties":{"source":"Microsoft Global ML Building Footprints"},"geometry":{"type":"Polygon","coordinates":[[[36.63088525667265,37.02678371133422],[36.63105009940539,37.026771350537246],[36.631071325892,37.02695177364306],[36.63090648315926,37.026964134410676],[36.63088525667265,37.02678371133422]]]}},{"type":"Feature","properties":{"source":"Microsoft Global ML Building Footprints"},"geometry":{"type":"Polygon","coordinates":[[[36.630975027700224,37.02740531530057],[36.63106617622543,37.02740367027469],[36.63106530196672,37.02737279570012],[36.63116608623142,37.027370971138666],[36.63116979451342,37.02750152538896],[36.63097785042827,37.027505000268455],[36.630975027700224,37.02740531530057]]]}},{"type":"Feature","properties":{"source":"Microsoft Global ML Building Footprints"},"geometry":{"type":"Polygon","coordinates":[[[36.6314037637769,37.029584429666535],[36.63140773191632,37.029486033006215],[36.63151490918678,37.02948878767369],[36.63151094104736,37.029587184330445],[36.6314037637769,37.029584429666535]]]}},{"type":"Feature","properties":{"source":"Microsoft Global ML Building Footprints"},"geometry":{"type":"Polygon","coordinates":[[[36.63217511157961,37.01938115755159],[36.632281214307774,37.01931497033794],[36.63228798682233,37.01931717030956],[36.63232593991467,37.01929349503853],[36.63229094663744,37.01925773371259],[36.632305517569776,37.01922913825032],[36.632351196958254,37.01920064325497],[36.63238937466229,37.01921304485042],[36.63240420442619,37.019228200115805],[36.63238870343777,37.0192586260478],[36.632353525671235,37.01928057007124],[36.6324250953957,37.019353710601294],[36.63237679450154,37.01938384084191],[36.632406723659045,37.01941442684873],[36.632373412697575,37.019435206309694],[36.63240073931962,37.01946313264537],[36.632443754657274,37.01943629957911],[36.63251521382754,37.01945951220888],[36.63253127921444,37.019475930164845],[36.63250922229806,37.019489689313886],[36.63245756973376,37.01947291062305],[36.632443363446534,37.01950079037983],[36.632359831043615,37.01955289803141],[36.63230558486899,37.01949746141862],[36.63231201404941,37.01948484418978],[36.63222706953807,37.019398035466274],[36.63217511157961,37.01938115755159]]]}},{"type":"Feature","properties":{"source":"Microsoft Global ML Building Footprints"},"geometry":{"type":"Polygon","coordinates":[[[36.63412826071819,37.02032747032162],[36.634133069976905,37.020454763289614],[36.63391967623315,37.020459914694804],[36.63391485537512,37.02033261009023],[36.63412826071819,37.02032747032162]]]}},{"type":"Feature","properties":{"source":"Microsoft Global ML Building Footprints"},"geometry":{"type":"Polygon","coordinates":[[[36.63504425108931,37.02638282595336],[36.63519290074685,37.02660392854568],[36.63507420918863,37.02665478939031],[36.635027267191504,37.02658496763532],[36.63496479795032,37.02661173651184],[36.63493238561898,37.02656352623197],[36.63486783406975,37.026591187412016],[36.63479853874068,37.02648811709342],[36.63504425108931,37.02638282595336]]]}},{"type":"Feature","properties":{"source":"Microsoft Global ML Building Footprints"},"geometry":{"type":"Polygon","coordinates":[[[36.636076591356776,37.024750187074275],[36.63609757779225,37.02487766099782],[36.635678349236414,37.024921653770306],[36.63563899910163,37.0246826366747],[36.63576292088742,37.02466962567672],[36.63575702942822,37.02463384022751],[36.63634896126397,37.024571691096085],[36.63637323291138,37.024719041625005],[36.636076591356776,37.024750187074275]]]}},{"type":"Feature","properties":{"source":"Microsoft Global ML Building Footprints"},"geometry":{"type":"Polygon","coordinates":[[[36.63894437563319,37.026660357988874],[36.639011901163116,37.02666711929825],[36.63900648349496,37.02670162448497],[36.638938954403365,37.026694866595285],[36.63894437563319,37.026660357988874]]]}},{"type":"Feature","properties":{"source":"Microsoft Global ML Building Footprints"},"geometry":{"type":"Polygon","coordinates":[[[36.624399018164794,37.02131023519911],[36.62443561891546,37.02139052949795],[36.62430535470308,37.021428388295114],[36.6242687510224,37.02134808760854],[36.624399018164794,37.02131023519911]]]}},{"type":"Feature","properties":{"source":"Microsoft Global ML Building Footprints"},"geometry":{"type":"Polygon","coordinates":[[[36.62599705978403,37.0242271491435],[36.62599809252656,37.02425924932746],[36.62595788591823,37.02426007384908],[36.6259568531757,37.02422797366547],[36.62599705978403,37.0242271491435]]]}},{"type":"Feature","properties":{"source":"Microsoft Global ML Building Footprints"},"geometry":{"type":"Polygon","coordinates":[[[36.62620811548482,37.02330273274603],[36.62607168926674,37.02329709151881],[36.626078406318335,37.02319368505126],[36.626214832042535,37.02319933388899],[36.62620811548482,37.02330273274603]]]}},{"type":"Feature","properties":{"source":"Microsoft Global ML Building Footprints"},"geometry":{"type":"Polygon","coordinates":[[[36.62765785510765,37.020601867243734],[36.627709877177146,37.02070411699699],[36.62775275631442,37.02069021242833],[36.62780605787315,37.02079499495679],[36.62766648747879,37.02084025386772],[36.627561158325946,37.02063322888556],[36.62765785510765,37.020601867243734]]]}},{"type":"Feature","properties":{"source":"Microsoft Global ML Building Footprints"},"geometry":{"type":"Polygon","coordinates":[[[36.627729996744115,37.020958527019424],[36.62786762116374,37.020913307038654],[36.62792142645544,37.02101769440124],[36.62778380203582,37.021062914319884],[36.627729996744115,37.020958527019424]]]}},{"type":"Feature","properties":{"source":"Microsoft Global ML Building Footprints"},"geometry":{"type":"Polygon","coordinates":[[[36.62811121509057,37.02211917121806],[36.62796484598197,37.02212048803706],[36.62796332385403,37.022012638261],[36.62810970253037,37.0220113295336],[36.62811121509057,37.02211917121806]]]}},{"type":"Feature","properties":{"source":"Microsoft Global ML Building Footprints"},"geometry":{"type":"Polygon","coordinates":[[[36.6301213649608,37.01941048154694],[36.6300701517391,37.019443281315695],[36.63004187265942,37.01941513303966],[36.630093089132046,37.0193823340387],[36.6301213649608,37.01941048154694]]]}},{"type":"Feature","properties":{"source":"Microsoft Global ML Building Footprints"},"geometry":{"type":"Polygon","coordinates":[[[36.630248869522234,37.02535545325712],[36.629792054995704,37.02545681446685],[36.62975952328422,37.025363387440756],[36.63003956365643,37.0253012500593],[36.630024339605654,37.025257517394934],[36.63020112136293,37.0252182917324],[36.630248869522234,37.02535545325712]]]}},{"type":"Feature","properties":{"source":"Microsoft Global ML Building Footprints"},"geometry":{"type":"Polygon","coordinates":[[[36.63092117860004,37.022109378073026],[36.63104860681922,37.02211972430086],[36.631036728056,37.02221298507322],[36.63090929983683,37.02220263885809],[36.63092117860004,37.022109378073026]]]}},{"type":"Feature","properties":{"source":"Microsoft Global ML Building Footprints"},"geometry":{"type":"Polygon","coordinates":[[[36.63339796151121,37.0306683429081],[36.633538972008886,37.030670044702525],[36.63353783690995,37.03072998578359],[36.63339683166615,37.03072828405393],[36.63339796151121,37.0306683429081]]]}},{"type":"Feature","properties":{"source":"Microsoft Global ML Building Footprints"},"geometry":{"type":"Polygon","coordinates":[[[36.63647201615001,37.01910737566818],[36.63638100450591,37.01910411562769],[36.636384063801444,37.019049753373245],[36.63647507515989,37.01905301849172],[36.63647201615001,37.01910737566818]]]}},{"type":"Feature","properties":{"source":"Microsoft Global ML Building Footprints"},"geometry":{"type":"Polygon","coordinates":[[[36.638523634788704,37.02903633481615],[36.63852746309873,37.02894864843858],[36.6386935582801,37.02895327009973],[36.638689729970075,37.02904095647195],[36.638523634788704,37.02903633481615]]]}},{"type":"Feature","properties":{"source":"Microsoft Global ML Building Footprints"},"geometry":{"type":"Polygon","coordinates":[[[36.638594494948606,37.028771611989214],[36.63866839016403,37.02878334617904],[36.63867300904035,37.02876480796549],[36.63876589363585,37.02877955757472],[36.63873510112695,37.028903145555525],[36.63856831245711,37.02887666038995],[36.638594494948606,37.028771611989214]]]}},{"type":"Feature","properties":{"source":"Microsoft Global ML Building Footprints"},"geometry":{"type":"Polygon","coordinates":[[[36.63967254342525,37.02171336823375],[36.639690402630805,37.02180678013008],[36.63972339650312,37.02180275906097],[36.6397477919501,37.02193041687285],[36.639651901778024,37.02194210329558],[36.63962684021192,37.02181101992672],[36.63956131115749,37.02181900250007],[36.63954410647853,37.021729014096806],[36.63967254342525,37.02171336823375]]]}},{"type":"Feature","properties":{"source":"Microsoft Global ML Building Footprints"},"geometry":{"type":"Polygon","coordinates":[[[36.639890230251936,37.02171434283992],[36.639718575939256,37.02173858174449],[36.63969096585943,37.021613990710435],[36.63986262017215,37.0215897517661],[36.639890230251936,37.02171434283992]]]}},{"type":"Feature","properties":{"source":"Microsoft Global ML Building Footprints"},"geometry":{"type":"Polygon","coordinates":[[[36.62558275729447,37.02072751715654],[36.625422009972056,37.020731873721694],[36.62541800853979,37.02063775509159],[36.62557875586221,37.020633398521056],[36.62558275729447,37.02072751715654]]]}},{"type":"Feature","properties":{"source":"Microsoft Global ML Building Footprints"},"geometry":{"type":"Polygon","coordinates":[[[36.62632051571371,37.0248995932506],[36.62636785681886,37.024776270963464],[36.62650390853883,37.02480956861814],[36.62645655755142,37.024932888432616],[36.62632051571371,37.0248995932506]]]}},{"type":"Feature","properties":{"source":"Microsoft Global ML Building Footprints"},"geometry":{"type":"Polygon","coordinates":[[[36.626913242693966,37.02364951625748],[36.626897915104244,37.02369918875305],[36.62693331676785,37.023706153918354],[36.62691811892622,37.023755405899465],[36.62680312373062,37.023732787396675],[36.62683365791324,37.023633862638206],[36.626913242693966,37.02364951625748]]]}},{"type":"Feature","properties":{"source":"Microsoft Global ML Building Footprints"},"geometry":{"type":"Polygon","coordinates":[[[36.63110850103125,37.02242726447247],[36.63107528001863,37.02254326375555],[36.630950381755895,37.02252046275232],[36.63098360276852,37.02240446343444],[36.63110850103125,37.02242726447247]]]}},{"type":"Feature","properties":{"source":"Microsoft Global ML Building Footprints"},"geometry":{"type":"Polygon","coordinates":[[[36.63661570199339,37.02181125508447],[36.63657686984098,37.021851780444294],[36.636521036232644,37.02181767623389],[36.636559868385056,37.0217771508559],[36.63661570199339,37.02181125508447]]]}},{"type":"Feature","properties":{"source":"Microsoft Global ML Building Footprints"},"geometry":{"type":"Polygon","coordinates":[[[36.6236156220941,37.01885543547527],[36.623704081759016,37.018853705329164],[36.623705035268046,37.01888469592616],[36.62361657575517,37.018886431011865],[36.6236156220941,37.01885543547527]]]}},{"type":"Feature","properties":{"source":"Microsoft Global ML Building Footprints"},"geometry":{"type":"Polygon","coordinates":[[[36.624433754945805,37.023233735832264],[36.6243639451445,37.02325105566662],[36.62435026057407,37.02321590466602],[36.62442007318544,37.02319858412646],[36.624433754945805,37.023233735832264]]]}},{"type":"Feature","properties":{"source":"Microsoft Global ML Building Footprints"},"geometry":{"type":"Polygon","coordinates":[[[36.62508151519289,37.02510713914009],[36.62519368918754,37.02512757893942],[36.62517565151242,37.02519067555272],[36.62506347751777,37.02517023577037],[36.62508151519289,37.02510713914009]]]}},{"type":"Feature","properties":{"source":"Microsoft Global ML Building Footprints"},"geometry":{"type":"Polygon","coordinates":[[[36.62744056323847,37.025294190911],[36.627398659874295,37.02534494436179],[36.62736500443718,37.02532723134947],[36.627406907801394,37.02527647788684],[36.62744056323847,37.025294190911]]]}},{"type":"Feature","properties":{"source":"Microsoft Global ML Building Footprints"},"geometry":{"type":"Polygon","coordinates":[[[36.62774720947943,37.02054337024415],[36.62782666851427,37.020525405170325],[36.627840731506595,37.020565056204994],[36.627761272471766,37.020583021269445],[36.62774720947943,37.02054337024415]]]}},{"type":"Feature","properties":{"source":"Microsoft Global ML Building Footprints"},"geometry":{"type":"Polygon","coordinates":[[[36.63097257175729,37.025695715059925],[36.63083083465564,37.0257830307384],[36.63083426547458,37.02578215983422],[36.63067864617274,37.025878036079796],[36.63064491846795,37.02584313969261],[36.63059434343435,37.025874298697026],[36.630564371790385,37.025881908583564],[36.63051591640895,37.025831774195645],[36.63050008879893,37.02579204135886],[36.630485284692156,37.025795799341076],[36.630412638463284,37.02572064259845],[36.63040335246563,37.02569733146506],[36.63046680375921,37.025658242918915],[36.6304493210857,37.02561434553193],[36.63089509816183,37.02550118588246],[36.63097257175729,37.025695715059925]]]}},{"type":"Feature","properties":{"source":"Microsoft Global ML Building Footprints"},"geometry":{"type":"Polygon","coordinates":[[[36.63199713713951,37.019551249718084],[36.6317513044083,37.01961179050275],[36.63171772389197,37.01952488364839],[36.63196355873353,37.01946432853723],[36.63199713713951,37.019551249718084]]]}},{"type":"Feature","properties":{"source":"Microsoft Global ML Building Footprints"},"geometry":{"type":"Polygon","coordinates":[[[36.63238059115453,37.021703442660474],[36.63227254878292,37.02176906272748],[36.63218654196253,37.021678793603236],[36.63229459299062,37.021613174238595],[36.63238059115453,37.021703442660474]]]}},{"type":"Feature","properties":{"source":"Microsoft Global ML Building Footprints"},"geometry":{"type":"Polygon","coordinates":[[[36.63304100558655,37.018677059966016],[36.63304581540737,37.01858196299166],[36.63316364078386,37.01858575555035],[36.63315883063055,37.01868085909352],[36.63304100558655,37.018677059966016]]]}},{"type":"Feature","properties":{"source":"Microsoft Global ML Building Footprints"},"geometry":{"type":"Polygon","coordinates":[[[36.63368267579272,37.02689162716351],[36.63354460095919,37.026916029822424],[36.633519702993226,37.026826210762984],[36.63365777782675,37.02680180807522],[36.63368267579272,37.02689162716351]]]}},{"type":"Feature","properties":{"source":"Microsoft Global ML Building Footprints"},"geometry":{"type":"Polygon","coordinates":[[[36.63427745314165,37.023359697194785],[36.634324854182424,37.02345367046185],[36.634227921869524,37.02348483649285],[36.63418052082876,37.02339086326434],[36.63427745314165,37.023359697194785]]]}},{"type":"Feature","properties":{"source":"Microsoft Global ML Building Footprints"},"geometry":{"type":"Polygon","coordinates":[[[36.636545845217945,37.01857812974159],[36.63650660241402,37.0185952523849],[36.63641856457068,37.01846662194135],[36.63650944264291,37.018426969431175],[36.636537659900405,37.01846819718268],[36.63652939825747,37.018471801955236],[36.636553587274065,37.01850714409349],[36.63651021492607,37.01852607100413],[36.636545845217945,37.01857812974159]]]}},{"type":"Feature","properties":{"source":"Microsoft Global ML Building Footprints"},"geometry":{"type":"Polygon","coordinates":[[[36.63710851181714,37.032572393500104],[36.63712595314812,37.0324979134691],[36.637081895267855,37.03249133857219],[36.63710611933868,37.03238789395455],[36.63717091033909,37.032397562933575],[36.63715056211958,37.03248445641079],[36.637250276272,37.03249933706987],[36.637228966801246,37.03259036935807],[36.63710851181714,37.032572393500104]]]}},{"type":"Feature","properties":{"source":"Microsoft Global ML Building Footprints"},"geometry":{"type":"Polygon","coordinates":[[[36.6246243885583,37.01909629646762],[36.62462362877514,37.01914340316418],[36.62452336323907,37.019142372214894],[36.624524118893646,37.01909526547523],[36.6246243885583,37.01909629646762]]]}},{"type":"Feature","properties":{"source":"Microsoft Global ML Building Footprints"},"geometry":{"type":"Polygon","coordinates":[[[36.62471327109483,37.02050380839239],[36.6248242278718,37.0205044594256],[36.624824582652124,37.020465913965474],[36.624796773200345,37.02046575079487],[36.624797270643384,37.02041221542857],[36.62490017319931,37.02041281920478],[36.6248984869777,37.02059602037834],[36.6249521282335,37.02059633811278],[36.62495131131041,37.020685093349115],[36.62484671080779,37.020684479612484],[36.62484625747738,37.02073373199969],[36.62475774935978,37.02073321268441],[36.62475819189227,37.020685133446015],[36.6247115888096,37.02068485740128],[36.62471327109483,37.02050380839239]]]}},{"type":"Feature","properties":{"source":"Microsoft Global ML Building Footprints"},"geometry":{"type":"Polygon","coordinates":[[[36.62607006111804,37.0251200916194],[36.625899741150036,37.025108024086734],[36.625910269323406,37.02501331086154],[36.626080590341054,37.025025368966546],[36.62607006111804,37.0251200916194]]]}},{"type":"Feature","properties":{"source":"Microsoft Global ML Building Footprints"},"geometry":{"type":"Polygon","coordinates":[[[36.62823569156569,37.02369089047757],[36.62810533845794,37.02378459762346],[36.628051988134345,37.02373729213317],[36.628182341242095,37.02364358492892],[36.62823569156569,37.02369089047757]]]}},{"type":"Feature","properties":{"source":"Microsoft Global ML Building Footprints"},"geometry":{"type":"Polygon","coordinates":[[[36.62926118799155,37.023359926119596],[36.62961228013699,37.023313665788514],[36.62963280532214,37.02341291925806],[36.62928170865444,37.02345919974325],[36.62926118799155,37.023359926119596]]]}},{"type":"Feature","properties":{"source":"Microsoft Global ML Building Footprints"},"geometry":{"type":"Polygon","coordinates":[[[36.629491268616185,37.02356354757277],[36.629373215016045,37.02357765775122],[36.62935239975154,37.02346664910766],[36.62949406407169,37.02344971686848],[36.62950403379885,37.02350288585686],[36.62948042283687,37.0235057066046],[36.629491268616185,37.02356354757277]]]}},{"type":"Feature","properties":{"source":"Microsoft Global ML Building Footprints"},"geometry":{"type":"Polygon","coordinates":[[[36.63237444860706,37.02480159979573],[36.63278124668452,37.02474670494202],[36.63276207900272,37.02465620431981],[36.63302805930074,37.02462029701731],[36.63306421598839,37.02479101158686],[36.632816489240234,37.02482445458812],[36.63282222139802,37.02485151904589],[36.63296824979695,37.02483180528554],[36.63299403395524,37.02495354543743],[36.632655035557335,37.02499929102706],[36.63263190091073,37.024890060644914],[36.632399820062474,37.02492139141619],[36.63237444860706,37.02480159979573]]]}},{"type":"Feature","properties":{"source":"Microsoft Global ML Building Footprints"},"geometry":{"type":"Polygon","coordinates":[[[36.63265211980965,37.021622628183394],[36.63270153888588,37.021673252801584],[36.632593079634496,37.02174074428348],[36.63254366055823,37.02169011971025],[36.63265211980965,37.021622628183394]]]}},{"type":"Feature","properties":{"source":"Microsoft Global ML Building Footprints"},"geometry":{"type":"Polygon","coordinates":[[[36.633005655570194,37.02673089958095],[36.63311547978016,37.026720044067496],[36.633135114974834,37.02684658439284],[36.633025279839046,37.026857440968186],[36.633005655570194,37.02673089958095]]]}},{"type":"Feature","properties":{"source":"Microsoft Global ML Building Footprints"},"geometry":{"type":"Polygon","coordinates":[[[36.63327824666805,37.02674039591372],[36.63314626516376,37.02676550636295],[36.63312660058392,37.026699609853225],[36.6332585841707,37.02667450636071],[36.63327824666805,37.02674039591372]]]}},{"type":"Feature","properties":{"source":"Microsoft Global ML Building Footprints"},"geometry":{"type":"Polygon","coordinates":[[[36.63457960006681,37.02021509928129],[36.63459235118453,37.020321199198925],[36.634377074371315,37.02033769204951],[36.63437120885716,37.0202888861164],[36.63435091156423,37.02029044113937],[36.63434402098421,37.02023314756032],[36.63457960006681,37.02021509928129]]]}},{"type":"Feature","properties":{"source":"Microsoft Global ML Building Footprints"},"geometry":{"type":"Polygon","coordinates":[[[36.636310095255034,37.02156026059162],[36.636448393124354,37.0216270153881],[36.636375960083384,37.02172268411727],[36.63623765607247,37.02165592644038],[36.636310095255034,37.02156026059162]]]}},{"type":"Feature","properties":{"source":"Microsoft Global ML Building Footprints"},"geometry":{"type":"Polygon","coordinates":[[[36.6363904291903,37.02388603512979],[36.63635897387187,37.0238279170586],[36.63631466946617,37.023843201673884],[36.636284712025954,37.02389884963478],[36.636253139896404,37.023840515748596],[36.63627414418815,37.02380150519021],[36.63638112478213,37.02376459783698],[36.636440586403324,37.02365414363961],[36.63650439052155,37.023632131745885],[36.63651908319979,37.02363348721671],[36.636587649031554,37.023609832564446],[36.63671395067934,37.023621484506556],[36.63674373200146,37.02367650978762],[36.63673807279752,37.02371561124308],[36.6367571193951,37.02375080253579],[36.63675598755432,37.023758622820836],[36.636806333399015,37.023851643827406],[36.636771152829276,37.02391699409137],[36.63670238496823,37.023940718346154],[36.63666437346197,37.023937209490484],[36.636595171348766,37.02391346302855],[36.63656716399014,37.023923125300925],[36.63653999872358,37.023913803634336],[36.6364461106553,37.0239051420363],[36.6363904291903,37.02388603512979]]]}},{"type":"Feature","properties":{"source":"Microsoft Global ML Building Footprints"},"geometry":{"type":"Polygon","coordinates":[[[36.63879122412947,37.018949585927686],[36.63870106758784,37.01896055889256],[36.638679880382526,37.01884963413624],[36.63877004642668,37.01883865999879],[36.63879122412947,37.018949585927686]]]}},{"type":"Feature","properties":{"source":"Microsoft Global ML Building Footprints"},"geometry":{"type":"Polygon","coordinates":[[[36.62765302139994,37.02602744843492],[36.62781780173296,37.02616511117426],[36.62769802194207,37.02625650200958],[36.62753323530162,37.026118844248316],[36.62765302139994,37.02602744843492]]]}},{"type":"Feature","properties":{"source":"Microsoft Global ML Building Footprints"},"geometry":{"type":"Polygon","coordinates":[[[36.6279266330426,37.02633001617646],[36.628010261057035,37.02626645186083],[36.62811121109488,37.02635110469498],[36.628027589895915,37.02641466843188],[36.6279266330426,37.02633001617646]]]}},{"type":"Feature","properties":{"source":"Microsoft Global ML Building Footprints"},"geometry":{"type":"Polygon","coordinates":[[[36.628098198897526,37.026165131457766],[36.62800766597257,37.02622887035829],[36.62792251298103,37.026151773935794],[36.62801304590599,37.02608803497059],[36.628098198897526,37.026165131457766]]]}},{"type":"Feature","properties":{"source":"Microsoft Global ML Building Footprints"},"geometry":{"type":"Polygon","coordinates":[[[36.62859088766055,37.023657767624705],[36.628596606271934,37.02372813891569],[36.628448432971226,37.0237358141431],[36.6284399508214,37.023631322952895],[36.62855873437512,37.023625170076315],[36.62856150703518,37.02365928951289],[36.62859088766055,37.023657767624705]]]}},{"type":"Feature","properties":{"source":"Microsoft Global ML Building Footprints"},"geometry":{"type":"Polygon","coordinates":[[[36.63163201835306,37.02831494290717],[36.63163804782994,37.02840676682068],[36.631533728350966,37.02841113260274],[36.63152769887409,37.02831930869451],[36.63163201835306,37.02831494290717]]]}},{"type":"Feature","properties":{"source":"Microsoft Global ML Building Footprints"},"geometry":{"type":"Polygon","coordinates":[[[36.632093965504836,37.027354099755854],[36.63200617829062,37.02740787487524],[36.63192527888944,37.02732370824276],[36.63198436444017,37.027287511337015],[36.6320076820126,37.02731177064211],[36.63203638070866,37.02729418928729],[36.632093965504836,37.027354099755854]]]}},{"type":"Feature","properties":{"source":"Microsoft Global ML Building Footprints"},"geometry":{"type":"Polygon","coordinates":[[[36.63464221577015,37.02009822954663],[36.63487279108559,37.020101953232],[36.6348714306408,37.020155469765115],[36.63464085532536,37.02015174608236],[36.63464221577015,37.02009822954663]]]}},{"type":"Feature","properties":{"source":"Microsoft Global ML Building Footprints"},"geometry":{"type":"Polygon","coordinates":[[[36.6346829743254,37.02069584540677],[36.63488457428417,37.020643866505296],[36.63495161624068,37.02080962306163],[36.634750020408006,37.02086161205109],[36.6346829743254,37.02069584540677]]]}},{"type":"Feature","properties":{"source":"Microsoft Global ML Building Footprints"},"geometry":{"type":"Polygon","coordinates":[[[36.6365942316656,37.0185479640218],[36.636651425173646,37.01852900166412],[36.636674224440156,37.01857284065911],[36.63661703093211,37.01859180300586],[36.6365942316656,37.0185479640218]]]}},{"type":"Feature","properties":{"source":"Microsoft Global ML Building Footprints"},"geometry":{"type":"Polygon","coordinates":[[[36.636881166264914,37.02112782801684],[36.63695157502246,37.021160283220695],[36.63692021674037,37.02120364928232],[36.63689808827371,37.0211934490827],[36.63683537170953,37.02128018114332],[36.63668974004952,37.021213051726505],[36.6367617545034,37.0211134733931],[36.63685909932564,37.021158344890615],[36.636881166264914,37.02112782801684]]]}},{"type":"Feature","properties":{"source":"Microsoft Global ML Building Footprints"},"geometry":{"type":"Polygon","coordinates":[[[36.6247915694633,37.0254089888536],[36.62478573443828,37.025473862757856],[36.6246843328595,37.02546805511097],[36.62469016839156,37.02540317556481],[36.6247915694633,37.0254089888536]]]}},{"type":"Feature","properties":{"source":"Microsoft Global ML Building Footprints"},"geometry":{"type":"Polygon","coordinates":[[[36.625077824261766,37.02504007171251],[36.62503931614283,37.025156126499034],[36.62492402718845,37.02513173706059],[36.62496253530738,37.025015682236806],[36.625077824261766,37.02504007171251]]]}},{"type":"Feature","properties":{"source":"Microsoft Global ML Building Footprints"},"geometry":{"type":"Polygon","coordinates":[[[36.62537005492175,37.02319550777304],[36.625366380218374,37.023273423890444],[36.62506104050334,37.02326426164774],[36.62506471601024,37.02318632848318],[36.62537005492175,37.02319550777304]]]}},{"type":"Feature","properties":{"source":"Microsoft Global ML Building Footprints"},"geometry":{"type":"Polygon","coordinates":[[[36.626089273579346,37.020848844110205],[36.62624640690753,37.02084576210421],[36.626249597312835,37.020949748963574],[36.62609247282462,37.02095282201182],[36.626089273579346,37.020848844110205]]]}},{"type":"Feature","properties":{"source":"Microsoft Global ML Building Footprints"},"geometry":{"type":"Polygon","coordinates":[[[36.628157782813844,37.01946960827265],[36.628218752049186,37.01944817460843],[36.628218752049186,37.01944817460843],[36.628330203572595,37.01940899393852],[36.62835491897312,37.01940695401245],[36.628366657361504,37.019428243584805],[36.62837143817653,37.019465169425125],[36.628348349196955,37.019473286328115],[36.62835435013974,37.0195196361052],[36.62839290675504,37.019589553871114],[36.628392083817204,37.01958319771323],[36.62843016582019,37.019652254769596],[36.62845873305629,37.01964221201564],[36.62845136578782,37.019585309169756],[36.62852148494258,37.01957952178374],[36.62853402749949,37.01960226618527],[36.628541265492856,37.019658170532296],[36.62849738085769,37.01967359808305],[36.628481459211486,37.019674912197594],[36.62841777262668,37.01969730107594],[36.6284257334498,37.01969664401886],[36.62835559007893,37.019721302758676],[36.62832499794759,37.019665827724154],[36.62832095752626,37.01963462058648],[36.628251922111524,37.019640318520324],[36.628157782813844,37.01946960827265]]]}},{"type":"Feature","properties":{"source":"Microsoft Global ML Building Footprints"},"geometry":{"type":"Polygon","coordinates":[[[36.63256274867895,37.019374275196675],[36.63260241298288,37.01931374946141],[36.632749812997105,37.01937532857901],[36.632710148693185,37.01943585426523],[36.63256274867895,37.019374275196675]]]}},{"type":"Feature","properties":{"source":"Microsoft Global ML Building Footprints"},"geometry":{"type":"Polygon","coordinates":[[[36.63266501734129,37.025531551749346],[36.63270617248594,37.02567265762113],[36.63232453373926,37.02574360486477],[36.632288395050054,37.02561969870546],[36.63256826346426,37.02556767064842],[36.63256324858207,37.02555047644997],[36.63266501734129,37.025531551749346]]]}},{"type":"Feature","properties":{"source":"Microsoft Global ML Building Footprints"},"geometry":{"type":"Polygon","coordinates":[[[36.6335671137802,37.024238329746986],[36.63325237532246,37.02427614150178],[36.63321922293031,37.02410024457604],[36.633533961388046,37.02406243273371],[36.63353514540206,37.0240687147769],[36.633771199245366,37.024040355885155],[36.63378067135742,37.02409061223082],[36.63378067135742,37.02409061223082],[36.633792906168786,37.02415552662813],[36.63355685232551,37.02418388547688],[36.6335671137802,37.024238329746986]]]}},{"type":"Feature","properties":{"source":"Microsoft Global ML Building Footprints"},"geometry":{"type":"Polygon","coordinates":[[[36.63466622071431,37.02083482525646],[36.63468844495939,37.0208804322266],[36.634599919095066,37.02090792676949],[36.63464114226191,37.020992521834046],[36.634515345324644,37.02103159907145],[36.634441930027805,37.02088094176492],[36.63456539739214,37.020842588104195],[36.634575367370736,37.020863047766284],[36.63466622071431,37.02083482525646]]]}},{"type":"Feature","properties":{"source":"Microsoft Global ML Building Footprints"},"geometry":{"type":"Polygon","coordinates":[[[36.636767521476415,37.02863530698391],[36.63677045136367,37.02857758663814],[36.63680428238949,37.02857868111752],[36.63680818216987,37.02850172037146],[36.63696081786511,37.0285066583472],[36.63695399324944,37.02864133959289],[36.636767521476415,37.02863530698391]]]}},{"type":"Feature","properties":{"source":"Microsoft Global ML Building Footprints"},"geometry":{"type":"Polygon","coordinates":[[[36.63767206993471,37.026682159145516],[36.63776121693138,37.02616518191645],[36.63783082811112,37.0261728327893],[36.63782625898408,37.02619931648291],[36.63789616238431,37.026207003375816],[36.637888408764205,37.026251967933625],[36.638055407398085,37.026270322510726],[36.637978543200475,37.02671584298248],[36.63767206993471,37.026682159145516]]]}},{"type":"Feature","properties":{"source":"Microsoft Global ML Building Footprints"},"geometry":{"type":"Polygon","coordinates":[[[36.638390997410944,37.02795525800279],[36.63843499548417,37.02768055956023],[36.63869994049905,37.02770762099727],[36.63865592106552,37.02798230235763],[36.638390997410944,37.02795525800279]]]}},{"type":"Feature","properties":{"source":"Microsoft Global ML Building Footprints"},"geometry":{"type":"Polygon","coordinates":[[[36.62442520562151,37.02031052693479],[36.624491094231125,37.02031336199432],[36.62449001914758,37.0203292897808],[36.624551531537726,37.02033193310206],[36.62454490156287,37.020430158717375],[36.6244175102933,37.020424684444286],[36.62442520562151,37.02031052693479]]]}},{"type":"Feature","properties":{"source":"Microsoft Global ML Building Footprints"},"geometry":{"type":"Polygon","coordinates":[[[36.625592936191794,37.02290672354605],[36.625567298204025,37.022976926216714],[36.62549919384919,37.02296107217217],[36.6255248248842,37.0228908716743],[36.625592936191794,37.02290672354605]]]}},{"type":"Feature","properties":{"source":"Microsoft Global ML Building Footprints"},"geometry":{"type":"Polygon","coordinates":[[[36.625821590423584,37.02307702651103],[36.62600129842758,37.02307702651103],[36.62600129842758,37.023154118925426],[36.62601202726364,37.023154118925426],[36.62601202726364,37.02322906980887],[36.625832319259644,37.02322906980887],[36.625832319259644,37.02313056291821],[36.625821590423584,37.02313056291821],[36.625821590423584,37.02307702651103]]]}},{"type":"Feature","properties":{"source":"Microsoft Global ML Building Footprints"},"geometry":{"type":"Polygon","coordinates":[[[36.62745261334323,37.025318663707445],[36.62754079040836,37.02522417375736],[36.627541611059506,37.025224661889354],[36.627617918182644,37.02514289927582],[36.627761068196484,37.025228054463376],[36.62767962540306,37.025315319815036],[36.62767617588946,37.02531326801022],[36.627621400896444,37.025371958955965],[36.62759644198103,37.025357111761345],[36.62756817204859,37.025387405590614],[36.62745261334323,37.025318663707445]]]}},{"type":"Feature","properties":{"source":"Microsoft Global ML Building Footprints"},"geometry":{"type":"Polygon","coordinates":[[[36.62952516463877,37.01888166120379],[36.62958551311887,37.018796127589106],[36.62969465086611,37.01884521685642],[36.62966642512196,37.01888522696214],[36.62973849632437,37.01891763993841],[36.62975639962329,37.01889226510643],[36.62984191419751,37.01893072881748],[36.62979189665097,37.01900161998788],[36.62952516463877,37.01888166120379]]]}},{"type":"Feature","properties":{"source":"Microsoft Global ML Building Footprints"},"geometry":{"type":"Polygon","coordinates":[[[36.630684435367584,37.0279422611102],[36.63058251142502,37.0279422611102],[36.63058251142502,37.02787588016452],[36.630684435367584,37.02787588016452],[36.630684435367584,37.0279422611102]]]}},{"type":"Feature","properties":{"source":"Microsoft Global ML Building Footprints"},"geometry":{"type":"Polygon","coordinates":[[[36.631464270371474,37.01946090365813],[36.631580211566,37.01942707064225],[36.63162518027916,37.01952530928786],[36.63150923908467,37.01955914226],[36.631464270371474,37.01946090365813]]]}},{"type":"Feature","properties":{"source":"Microsoft Global ML Building Footprints"},"geometry":{"type":"Polygon","coordinates":[[[36.631994797916015,37.02126931583726],[36.631979741200695,37.02128109161989],[36.631946220734136,37.02125377011254],[36.63208256484326,37.02114713595382],[36.63218044103661,37.02122691763102],[36.63205915721183,37.02132177311195],[36.631994797916015,37.02126931583726]]]}},{"type":"Feature","properties":{"source":"Microsoft Global ML Building Footprints"},"geometry":{"type":"Polygon","coordinates":[[[36.63258475800507,37.02443441452399],[36.63241854132313,37.02443733088844],[36.63241547763559,37.02432603078877],[36.63253211142086,37.02432398438092],[36.63253258125703,37.02434110751059],[36.6325821656541,37.02434023752357],[36.63258475800507,37.02443441452399]]]}},{"type":"Feature","properties":{"source":"Microsoft Global ML Building Footprints"},"geometry":{"type":"Polygon","coordinates":[[[36.63320286632692,37.02701524237936],[36.633225664644954,37.027110257651024],[36.633176506529935,37.027117775476626],[36.6331849319953,37.027152889782585],[36.63312390468817,37.02716222277651],[36.63306667034283,37.026923603159716],[36.633145789379114,37.0269115077542],[36.633171819096376,37.027019990485776],[36.63320286632692,37.02701524237936]]]}},{"type":"Feature","properties":{"source":"Microsoft Global ML Building Footprints"},"geometry":{"type":"Polygon","coordinates":[[[36.63352403732012,37.023654773524804],[36.63353152640503,37.02371519120682],[36.63336544864988,37.023728313281254],[36.63335453580525,37.02364033686813],[36.633458125968986,37.02363214624262],[36.633461545623746,37.02365971459183],[36.63352403732012,37.023654773524804]]]}},{"type":"Feature","properties":{"source":"Microsoft Global ML Building Footprints"},"geometry":{"type":"Polygon","coordinates":[[[36.63471801215988,37.022849358362706],[36.63475143126904,37.02288514093574],[36.63477728787569,37.02286974767343],[36.634817133736625,37.02291241149712],[36.6347705918446,37.02294011935147],[36.63474102878652,37.02290846556064],[36.634718619727394,37.02292180638135],[36.63467491781538,37.022875013805034],[36.63471801215988,37.022849358362706]]]}},{"type":"Feature","properties":{"source":"Microsoft Global ML Building Footprints"},"geometry":{"type":"Polygon","coordinates":[[[36.636309634385775,37.03108307659111],[36.63641154087246,37.031082011852575],[36.63641248853161,37.03113981517641],[36.63631058204493,37.03114087991413],[36.636309634385775,37.03108307659111]]]}},{"type":"Feature","properties":{"source":"Microsoft Global ML Building Footprints"},"geometry":{"type":"Polygon","coordinates":[[[36.637692256161564,37.020154632265196],[36.63769434267505,37.02021240576996],[36.63763441712712,37.02021378542626],[36.63763233567375,37.02015601180605],[36.637692256161564,37.020154632265196]]]}},{"type":"Feature","properties":{"source":"Microsoft Global ML Building Footprints"},"geometry":{"type":"Polygon","coordinates":[[[36.63820594847745,37.02837816076428],[36.63821692111337,37.0283151391116],[36.63829849358195,37.02832419097901],[36.63828752094603,37.02838721262415],[36.63820594847745,37.02837816076428]]]}},{"type":"Feature","properties":{"source":"Microsoft Global ML Building Footprints"},"geometry":{"type":"Polygon","coordinates":[[[36.63864126713141,37.02688576571822],[36.63880361298637,37.02690598542009],[36.6387844136596,37.02700423754482],[36.638522565506484,37.02697162516195],[36.63854094784062,37.026877553940906],[36.63864045013878,37.0268899466634],[36.63864126713141,37.02688576571822]]]}},{"type":"Feature","properties":{"source":"Microsoft Global ML Building Footprints"},"geometry":{"type":"Polygon","coordinates":[[[36.62405860620685,37.032234848514186],[36.624253955809465,37.03212719831944],[36.62445024110133,37.0323542154115],[36.62425489858676,37.03246185046441],[36.62405860620685,37.032234848514186]]]}},{"type":"Feature","properties":{"source":"Microsoft Global ML Building Footprints"},"geometry":{"type":"Polygon","coordinates":[[[36.624104503280755,37.03148511270959],[36.62410654080026,37.031454084253625],[36.62418411197871,37.031457326151944],[36.62418207417538,37.0314883589288],[36.624104503280755,37.03148511270959]]]}},{"type":"Feature","properties":{"source":"Microsoft Global ML Building Footprints"},"geometry":{"type":"Polygon","coordinates":[[[36.6246920468119,37.0239001269941],[36.62465729592845,37.02389851140922],[36.62466125818129,37.02384418606219],[36.62469600892362,37.02384580358349],[36.6246920468119,37.0239001269941]]]}},{"type":"Feature","properties":{"source":"Microsoft Global ML Building Footprints"},"geometry":{"type":"Polygon","coordinates":[[[36.62668701143212,37.03065851631983],[36.6267834060323,37.030661699360145],[36.62677532086329,37.030817742975465],[36.62667892626307,37.03081455994168],[36.62668701143212,37.03065851631983]]]}},{"type":"Feature","properties":{"source":"Microsoft Global ML Building Footprints"},"geometry":{"type":"Polygon","coordinates":[[[36.62934789449145,37.01973471865665],[36.629372790841956,37.01977388788072],[36.62933439767875,37.01978944238038],[36.62930950132828,37.019750273164334],[36.62934789449145,37.01973471865665]]]}},{"type":"Feature","properties":{"source":"Microsoft Global ML Building Footprints"},"geometry":{"type":"Polygon","coordinates":[[[36.63037179963984,37.02033045695875],[36.630310135884095,37.020381170734616],[36.63032256322809,37.020390803406826],[36.630316405163995,37.02039586794638],[36.6302556471347,37.02034877662158],[36.63032347107985,37.02029299653018],[36.63037179963984,37.02033045695875]]]}},{"type":"Feature","properties":{"source":"Microsoft Global ML Building Footprints"},"geometry":{"type":"Polygon","coordinates":[[[36.633162604793334,37.02956404091558],[36.632982674451746,37.02961339300164],[36.632958343218235,37.02955684587328],[36.63291036076199,37.029570004035996],[36.63279251292114,37.02929611860749],[36.63293885941263,37.029255986059376],[36.63295577422766,37.02929529718236],[36.6330421407916,37.02927160808585],[36.63309610136045,37.029397015837354],[36.63297224668585,37.02943098040057],[36.63301428399493,37.02952865765853],[36.63313333276437,37.02949601105691],[36.633162604793334,37.02956404091558]]]}},{"type":"Feature","properties":{"source":"Microsoft Global ML Building Footprints"},"geometry":{"type":"Polygon","coordinates":[[[36.63423185263412,37.02059960221624],[36.63402540353211,37.020602867033624],[36.634022217218536,37.020474425707],[36.63422866632051,37.02047116088409],[36.63423185263412,37.02059960221624]]]}},{"type":"Feature","properties":{"source":"Microsoft Global ML Building Footprints"},"geometry":{"type":"Polygon","coordinates":[[[36.63449861285144,37.03098728669054],[36.6344359219345,37.03098967203888],[36.63443222838383,37.030927716765376],[36.63449491388135,37.0309253316213],[36.63449861285144,37.03098728669054]]]}},{"type":"Feature","properties":{"source":"Microsoft Global ML Building Footprints"},"geometry":{"type":"Polygon","coordinates":[[[36.636149630088724,37.02809543210264],[36.635798843272326,37.02821840348135],[36.63578107012905,37.028186090381915],[36.6356506493896,37.028231810478566],[36.635570670244775,37.02808640144857],[36.63598217016399,37.0279421462911],[36.635965384417524,37.027911628253236],[36.63603509205414,37.02788719155026],[36.636149630088724,37.02809543210264]]]}},{"type":"Feature","properties":{"source":"Microsoft Global ML Building Footprints"},"geometry":{"type":"Polygon","coordinates":[[[36.636619188496994,37.02439597018751],[36.63662549432034,37.02448347871626],[36.63635815824574,37.02449575781851],[36.6363518524224,37.0244082493039],[36.636619188496994,37.02439597018751]]]}},{"type":"Feature","properties":{"source":"Microsoft Global ML Building Footprints"},"geometry":{"type":"Polygon","coordinates":[[[36.63680054911376,37.020098473132826],[36.63662620947663,37.020097810661056],[36.63662736380287,37.019904157123555],[36.63680170338192,37.01990482933907],[36.63680054911376,37.020098473132826]]]}},{"type":"Feature","properties":{"source":"Microsoft Global ML Building Footprints"},"geometry":{"type":"Polygon","coordinates":[[[36.63685740874308,37.022280480364635],[36.63692627034171,37.02223663705788],[36.63701517847596,37.022325650997296],[36.63694631687734,37.02236949425267],[36.63685740874308,37.022280480364635]]]}},{"type":"Feature","properties":{"source":"Microsoft Global ML Building Footprints"},"geometry":{"type":"Polygon","coordinates":[[[36.63711296434393,37.027573991856876],[36.63710906169664,37.027668107187594],[36.6369820747827,37.02766475105448],[36.636985969188174,37.02757063550177],[36.63711296434393,37.027573991856876]]]}},{"type":"Feature","properties":{"source":"Microsoft Global ML Building Footprints"},"geometry":{"type":"Polygon","coordinates":[[[36.63777069902333,37.02292253450962],[36.63764120821989,37.023071231924575],[36.63748109284989,37.022982361132],[36.63756280480145,37.0228885198035],[36.63762247770531,37.0229216408384],[36.63767024776929,37.02286677972425],[36.63777069902333,37.02292253450962]]]}},{"type":"Feature","properties":{"source":"Microsoft Global ML Building Footprints"},"geometry":{"type":"Polygon","coordinates":[[[36.637910773304704,37.02236200080557],[36.63785799927116,37.02228536860247],[36.63796391285718,37.02223886802013],[36.63801669517881,37.02231550255015],[36.637910773304704,37.02236200080557]]]}},{"type":"Feature","properties":{"source":"Microsoft Global ML Building Footprints"},"geometry":{"type":"Polygon","coordinates":[[[36.63981060320634,37.03213705921167],[36.6398096006276,37.03224197191336],[36.639550693599105,37.032240395161864],[36.63955168698036,37.03213548240199],[36.63981060320634,37.03213705921167]]]}},{"type":"Feature","properties":{"source":"Microsoft Global ML Building Footprints"},"geometry":{"type":"Polygon","coordinates":[[[36.624648699489924,37.02492972750462],[36.62465565386808,37.02479816898857],[36.624770783796194,37.024802048178124],[36.62476382907855,37.02493361310915],[36.624648699489924,37.02492972750462]]]}},{"type":"Feature","properties":{"source":"Microsoft Global ML Building Footprints"},"geometry":{"type":"Polygon","coordinates":[[[36.625278932236,37.023885847772185],[36.62529760926872,37.023780894566265],[36.62539488735179,37.02379192905699],[36.62541169668123,37.02369747106139],[36.62562465680897,37.023721627673616],[36.625589170446716,37.023921038796495],[36.625278932236,37.023885847772185]]]}},{"type":"Feature","properties":{"source":"Microsoft Global ML Building Footprints"},"geometry":{"type":"Polygon","coordinates":[[[36.62652333887933,37.02217163403949],[36.62652172246469,37.022222997177316],[36.62644398747848,37.022221437764244],[36.626441832258955,37.02228992189539],[36.62650616466132,37.02229121244298],[36.626503874740585,37.02236397676346],[36.62630015546646,37.022359890033286],[36.62630298419207,37.02227000468126],[36.62637803866147,37.0222715103205],[36.62638127149079,37.02216878407572],[36.62652333887933,37.02217163403949]]]}},{"type":"Feature","properties":{"source":"Microsoft Global ML Building Footprints"},"geometry":{"type":"Polygon","coordinates":[[[36.62885571739757,37.027133962406744],[36.62895064018096,37.02704547198887],[36.629044389222656,37.02710956766628],[36.6289940360286,37.02715651252679],[36.62897237201442,37.02714170097959],[36.628927809393346,37.027183247206345],[36.62885571739757,37.027133962406744]]]}},{"type":"Feature","properties":{"source":"Microsoft Global ML Building Footprints"},"geometry":{"type":"Polygon","coordinates":[[[36.63163973436817,37.02594029200106],[36.632010939828696,37.0258622203916],[36.6320581233091,37.02600521254841],[36.63208727718026,37.026036698833764],[36.63212320738739,37.02601549603404],[36.63217104191449,37.026160460929646],[36.632238761829605,37.0261462181833],[36.632258584039434,37.0262062902988],[36.632228105650825,37.02621270046096],[36.63216166603374,37.02625190708358],[36.63215643814665,37.02624626042913],[36.63219236044487,37.0263551244222],[36.63223750705492,37.026345629282595],[36.63227649073424,37.02646377075445],[36.63215609977404,37.0264890910847],[36.63213561682391,37.02642701679564],[36.63210004586725,37.026434497996135],[36.632125810374056,37.02646232623402],[36.63213699513629,37.026496222033536],[36.63208432318309,37.02650729692221],[36.63205214770589,37.02640978802594],[36.63208459818775,37.026390636930444],[36.63193547780643,37.02642199959075],[36.63190207578144,37.0263207734828],[36.631855522919,37.02633056178442],[36.63183966881753,37.026282502517454],[36.63176833289252,37.02629750176438],[36.6317298048277,37.02618074079442],[36.631713135518126,37.02616273791607],[36.63163973436817,37.02594029200106]]]}},{"type":"Feature","properties":{"source":"Microsoft Global ML Building Footprints"},"geometry":{"type":"Polygon","coordinates":[[[36.634775929147324,37.02639214265425],[36.63480520653348,37.02638192804918],[36.63484654265181,37.02645744351019],[36.63472140225648,37.02650110376578],[36.63466385401954,37.02639595417089],[36.634759711750576,37.02636251566155],[36.634775929147324,37.02639214265425]]]}},{"type":"Feature","properties":{"source":"Microsoft Global ML Building Footprints"},"geometry":{"type":"Polygon","coordinates":[[[36.63897285558023,37.02678190693826],[36.6389221274118,37.026779157493166],[36.638925752560866,37.026736526909104],[36.63897648072933,37.02673927635574],[36.63897285558023,37.02678190693826]]]}},{"type":"Feature","properties":{"source":"Microsoft Global ML Building Footprints"},"geometry":{"type":"Polygon","coordinates":[[[36.62471231985015,37.021991048089795],[36.62496175331335,37.02198966820946],[36.62496267222534,37.02209555281819],[36.62471323888312,37.02209694663411],[36.62471231985015,37.021991048089795]]]}},{"type":"Feature","properties":{"source":"Microsoft Global ML Building Footprints"},"geometry":{"type":"Polygon","coordinates":[[[36.625386076743624,37.02786458200844],[36.62541885200777,37.027854593990824],[36.62543851205416,37.02789571181863],[36.62540573678997,37.02790569983084],[36.625386076743624,37.02786458200844]]]}},{"type":"Feature","properties":{"source":"Microsoft Global ML Building Footprints"},"geometry":{"type":"Polygon","coordinates":[[[36.62613763401144,37.03259310645515],[36.62612759142892,37.03244884207946],[36.62680016326198,37.03241900536581],[36.62681019583984,37.0325633078191],[36.62613763401144,37.03259310645515]]]}},{"type":"Feature","properties":{"source":"Microsoft Global ML Building Footprints"},"geometry":{"type":"Polygon","coordinates":[[[36.62701279684353,37.028316011434775],[36.626966337479175,37.02828186750247],[36.62702113495081,37.02823434555061],[36.627067594315164,37.028268489504285],[36.62701279684353,37.028316011434775]]]}},{"type":"Feature","properties":{"source":"Microsoft Global ML Building Footprints"},"geometry":{"type":"Polygon","coordinates":[[[36.62711580497863,37.029578399775204],[36.627125052552415,37.02953247807476],[36.62717734579423,37.02953918658105],[36.627168098220444,37.02958510827742],[36.62711580497863,37.029578399775204]]]}},{"type":"Feature","properties":{"source":"Microsoft Global ML Building Footprints"},"geometry":{"type":"Polygon","coordinates":[[[36.628767540650664,37.027464425702625],[36.628880378867315,37.027382342498726],[36.62897118474154,37.0274618972842],[36.628858346524886,37.027543980402136],[36.628767540650664,37.027464425702625]]]}},{"type":"Feature","properties":{"source":"Microsoft Global ML Building Footprints"},"geometry":{"type":"Polygon","coordinates":[[[36.62919129329368,37.026674170588024],[36.62924410633586,37.026738698525406],[36.62920275343228,37.02676027056275],[36.6291499403901,37.026695742643724],[36.62919129329368,37.026674170588024]]]}},{"type":"Feature","properties":{"source":"Microsoft Global ML Building Footprints"},"geometry":{"type":"Polygon","coordinates":[[[36.63699696162765,37.02828118775164],[36.636985652276636,37.02837453205354],[36.636858099580195,37.02836468258639],[36.63686940893125,37.0282713382724],[36.63699696162765,37.02828118775164]]]}},{"type":"Feature","properties":{"source":"Microsoft Global ML Building Footprints"},"geometry":{"type":"Polygon","coordinates":[[[36.63781452288159,37.0310693850881],[36.63787003243215,37.03074351962311],[36.63805174448911,37.030763246483154],[36.637996234938555,37.0310891118635],[36.63781452288159,37.0310693850881]]]}},{"type":"Feature","properties":{"source":"Microsoft Global ML Building Footprints"},"geometry":{"type":"Polygon","coordinates":[[[36.6249913959945,37.02444228289815],[36.62500745619627,37.02435859052937],[36.62515683588189,37.02437686207266],[36.62514077568012,37.024460554421324],[36.6249913959945,37.02444228289815]]]}},{"type":"Feature","properties":{"source":"Microsoft Global ML Building Footprints"},"geometry":{"type":"Polygon","coordinates":[[[36.62628178225067,37.023092812752154],[36.6262973726731,37.02301119418128],[36.62640484368639,37.023024279798754],[36.62638925326396,37.02310589835557],[36.62628178225067,37.023092812752154]]]}},{"type":"Feature","properties":{"source":"Microsoft Global ML Building Footprints"},"geometry":{"type":"Polygon","coordinates":[[[36.63071472308684,37.02210994720223],[36.630740016939846,37.021992606004765],[36.630857245533605,37.022008707525465],[36.630831950309165,37.02212605506027],[36.63071472308684,37.02210994720223]]]}},{"type":"Feature","properties":{"source":"Microsoft Global ML Building Footprints"},"geometry":{"type":"Polygon","coordinates":[[[36.63185830998562,37.02502536128178],[36.6322542383368,37.02498516315527],[36.63228127381717,37.025154892119176],[36.632025242392594,37.0251809009306],[36.63201532369381,37.025118631325064],[36.63187542900973,37.02513283464058],[36.63185830998562,37.02502536128178]]]}},{"type":"Feature","properties":{"source":"Microsoft Global ML Building Footprints"},"geometry":{"type":"Polygon","coordinates":[[[36.6385591410424,37.02856051198297],[36.63857020988996,37.02847361716448],[36.638647197772386,37.028479867486965],[36.63863612892483,37.02856676229832],[36.6385591410424,37.02856051198297]]]}},{"type":"Feature","properties":{"source":"Microsoft Global ML Building Footprints"},"geometry":{"type":"Polygon","coordinates":[[[36.62412375211716,37.02438972833636],[36.62412375211716,37.02444326381847],[36.62403792142868,37.02444326381847],[36.62403792142868,37.02438972833636],[36.62412375211716,37.02438972833636]]]}},{"type":"Feature","properties":{"source":"Microsoft Global ML Building Footprints"},"geometry":{"type":"Polygon","coordinates":[[[36.62645573099803,37.022953792393295],[36.6264412258181,37.02302250799229],[36.62631225095199,37.023005146479896],[36.62632676198916,37.022936431653655],[36.62645573099803,37.022953792393295]]]}},{"type":"Feature","properties":{"source":"Microsoft Global ML Building Footprints"},"geometry":{"type":"Polygon","coordinates":[[[36.627031871155936,37.01983430251223],[36.62716725970167,37.01978825800315],[36.62720787527525,37.01986439003403],[36.62707248108064,37.019910436418094],[36.627031871155936,37.01983430251223]]]}},{"type":"Feature","properties":{"source":"Microsoft Global ML Building Footprints"},"geometry":{"type":"Polygon","coordinates":[[[36.62706586796834,37.023378893182404],[36.627034867845516,37.0235201757652],[36.626920364607024,37.02350416096816],[36.62692309991196,37.023491694865854],[36.62676175443954,37.02346912855147],[36.62679548986731,37.023315379742506],[36.6269542329934,37.023337582129045],[36.62694876238351,37.02336251438219],[36.62706586796834,37.023378893182404]]]}},{"type":"Feature","properties":{"source":"Microsoft Global ML Building Footprints"},"geometry":{"type":"Polygon","coordinates":[[[36.62739870890152,37.02719796002702],[36.627289035349435,37.02725623181423],[36.6272494473749,37.02720874283133],[36.62720483440454,37.0272324466112],[36.62708978185358,37.02709443162916],[36.627125100455096,37.027075666103265],[36.62711444965274,37.027062889575426],[36.627233413733364,37.02699967473146],[36.62739870890152,37.02719796002702]]]}},{"type":"Feature","properties":{"source":"Microsoft Global ML Building Footprints"},"geometry":{"type":"Polygon","coordinates":[[[36.632133726426744,37.02743723918629],[36.63206151337381,37.027476793602155],[36.632014653191995,37.02742226703466],[36.6320868606371,37.02738271162746],[36.632133726426744,37.02743723918629]]]}},{"type":"Feature","properties":{"source":"Microsoft Global ML Building Footprints"},"geometry":{"type":"Polygon","coordinates":[[[36.63286988698822,37.025419899216956],[36.633090937170735,37.0253739512963],[36.633104357999024,37.02541510522694],[36.63314839178588,37.025405949819564],[36.63320758093295,37.02558739973461],[36.63328042577267,37.02557225810104],[36.63332687167147,37.02571464211108],[36.633232573111755,37.02573424310851],[36.63322734108818,37.02571819958348],[36.63295490224102,37.02577482899126],[36.63289702571988,37.0255974034973],[36.632800226503434,37.02561752972366],[36.632744290293616,37.025446005977685],[36.63263627713627,37.02546845778473],[36.63261927305969,37.02541631613354],[36.632781366575855,37.025382623061276],[36.63275650820749,37.0253064172349],[36.63282803079974,37.02529155039067],[36.63286988698822,37.025419899216956]]]}},{"type":"Feature","properties":{"source":"Microsoft Global ML Building Footprints"},"geometry":{"type":"Polygon","coordinates":[[[36.63437230565518,37.020367859774915],[36.634592860771065,37.02035548573027],[36.63460297840252,37.020470560825295],[36.634382433324475,37.020482934288026],[36.63437230565518,37.020367859774915]]]}},{"type":"Feature","properties":{"source":"Microsoft Global ML Building Footprints"},"geometry":{"type":"Polygon","coordinates":[[[36.638707671221994,37.02659099814507],[36.638712248550156,37.02649692028374],[36.6388247316099,37.026500408519674],[36.638820154281746,37.02659448637667],[36.638707671221994,37.02659099814507]]]}},{"type":"Feature","properties":{"source":"Microsoft Global ML Building Footprints"},"geometry":{"type":"Polygon","coordinates":[[[36.625242808974214,37.02794351855647],[36.62514991348328,37.02796290520201],[36.62512891703865,37.02789876476899],[36.625221812529595,37.02787937810709],[36.625242808974214,37.02794351855647]]]}},{"type":"Feature","properties":{"source":"Microsoft Global ML Building Footprints"},"geometry":{"type":"Polygon","coordinates":[[[36.62947196862426,37.0207884989601],[36.629520240272214,37.02089439744634],[36.629414566826185,37.02092510370543],[36.62936628698114,37.02081920764387],[36.62947196862426,37.0207884989601]]]}},{"type":"Feature","properties":{"source":"Microsoft Global ML Building Footprints"},"geometry":{"type":"Polygon","coordinates":[[[36.63126772536001,37.02249300776201],[36.63168833583722,37.02255731274709],[36.631642259234404,37.0227494249583],[36.6312216650026,37.02268512261949],[36.63126772536001,37.02249300776201]]]}},{"type":"Feature","properties":{"source":"Microsoft Global ML Building Footprints"},"geometry":{"type":"Polygon","coordinates":[[[36.63270261512877,37.02269406083685],[36.632763808226564,37.02279450107344],[36.63268885976153,37.0228236078684],[36.63262765954387,37.022723170435356],[36.63270261512877,37.02269406083685]]]}},{"type":"Feature","properties":{"source":"Microsoft Global ML Building Footprints"},"geometry":{"type":"Polygon","coordinates":[[[36.63404170374796,37.02260278882097],[36.63410323054638,37.0226692976176],[36.634014721276344,37.022721490608674],[36.63395319447793,37.02265498185773],[36.63404170374796,37.02260278882097]]]}},{"type":"Feature","properties":{"source":"Microsoft Global ML Building Footprints"},"geometry":{"type":"Polygon","coordinates":[[[36.63833909038207,37.02970550985886],[36.63837404281406,37.02960165905143],[36.638544155341805,37.029638138575855],[36.638509202909816,37.02974198933342],[36.63833909038207,37.02970550985886]]]}},{"type":"Feature","properties":{"source":"Microsoft Global ML Building Footprints"},"geometry":{"type":"Polygon","coordinates":[[[36.638674457377206,37.0267274688595],[36.63867874166265,37.02661408042124],[36.63882460197588,37.02661760125861],[36.638820307759175,37.026730989451885],[36.638674457377206,37.0267274688595]]]}},{"type":"Feature","properties":{"source":"Microsoft Global ML Building Footprints"},"geometry":{"type":"Polygon","coordinates":[[[36.63897834805235,37.032327731664225],[36.638809683406734,37.03232191730775],[36.63881477026819,37.0322278799659],[36.63898343491376,37.03223369432957],[36.63897834805235,37.032327731664225]]]}},{"type":"Feature","properties":{"source":"Microsoft Global ML Building Footprints"},"geometry":{"type":"Polygon","coordinates":[[[36.62567984984643,37.01922193978039],[36.62568317430826,37.01920085833072],[36.62573070062202,37.0192056361833],[36.62572737616019,37.01922671763163],[36.62567984984643,37.01922193978039]]]}},{"type":"Feature","properties":{"source":"Microsoft Global ML Building Footprints"},"geometry":{"type":"Polygon","coordinates":[[[36.626856722345245,37.032521843905414],[36.62694012279403,37.03253320895831],[36.626923216735634,37.03261227035134],[36.62683981628685,37.03260090531028],[36.626856722345245,37.032521843905414]]]}},{"type":"Feature","properties":{"source":"Microsoft Global ML Building Footprints"},"geometry":{"type":"Polygon","coordinates":[[[36.63046799712718,37.02046402380426],[36.63033067103655,37.02056586339823],[36.630247748713145,37.020494582927064],[36.630346194142554,37.020421576770566],[36.63032826278943,37.020406164021615],[36.630367138739494,37.020377331804056],[36.63046799712718,37.02046402380426]]]}},{"type":"Feature","properties":{"source":"Microsoft Global ML Building Footprints"},"geometry":{"type":"Polygon","coordinates":[[[36.632001471206934,37.02074198571999],[36.63194694699159,37.020832379624665],[36.63188598431936,37.02080893875288],[36.631940508534704,37.02071854482033],[36.632001471206934,37.02074198571999]]]}},{"type":"Feature","properties":{"source":"Microsoft Global ML Building Footprints"},"geometry":{"type":"Polygon","coordinates":[[[36.632268046335504,37.01984766929504],[36.63224320867565,37.01991460669912],[36.632175736988096,37.019898646684986],[36.63220056925366,37.01983170799087],[36.632268046335504,37.01984766929504]]]}},{"type":"Feature","properties":{"source":"Microsoft Global ML Building Footprints"},"geometry":{"type":"Polygon","coordinates":[[[36.63356595661024,37.02248022727987],[36.633590224199175,37.02239017087077],[36.633761981946,37.02241967408595],[36.63373771435707,37.0225097304601],[36.63356595661024,37.02248022727987]]]}},{"type":"Feature","properties":{"source":"Microsoft Global ML Building Footprints"},"geometry":{"type":"Polygon","coordinates":[[[36.633773250282026,37.027857121401944],[36.634019973818745,37.02781597110115],[36.63406453845185,37.02798626794936],[36.63410466765345,37.02797957492949],[36.634119434864225,37.02803598656231],[36.63407574546233,37.02804327581219],[36.63409078392948,37.0281007236121],[36.63410718513188,37.028097987196325],[36.63412060802607,37.028149280558814],[36.63403065799689,37.02816428802514],[36.634016698186905,37.02811094293797],[36.63390520937456,37.02812954399256],[36.63390574646265,37.02813159569812],[36.633847615047614,37.02814129447748],[36.633773250282026,37.027857121401944]]]}},{"type":"Feature","properties":{"source":"Microsoft Global ML Building Footprints"},"geometry":{"type":"Polygon","coordinates":[[[36.63595049506253,37.033410018993244],[36.63583531647075,37.03340662767445],[36.635841188686705,37.03327929326791],[36.635917525831786,37.03328153667778],[36.63591495711731,37.033337131571024],[36.635953803728036,37.0333382732014],[36.63595049506253,37.033410018993244]]]}},{"type":"Feature","properties":{"source":"Microsoft Global ML Building Footprints"},"geometry":{"type":"Polygon","coordinates":[[[36.63618210489988,37.02476648670437],[36.636189962894456,37.02481927679634],[36.63609339510769,37.0248284337168],[36.6360825395737,37.024755463147216],[36.636218773089325,37.02474253734818],[36.636221778054,37.024762724743866],[36.63618210489988,37.02476648670437]]]}},{"type":"Feature","properties":{"source":"Microsoft Global ML Building Footprints"},"geometry":{"type":"Polygon","coordinates":[[[36.63696122189796,37.02450010034788],[36.63700475426787,37.02462169270717],[36.63688573246277,37.024648853889154],[36.63684219789159,37.02452725542491],[36.63696122189796,37.02450010034788]]]}},{"type":"Feature","properties":{"source":"Microsoft Global ML Building Footprints"},"geometry":{"type":"Polygon","coordinates":[[[36.6397462783499,37.02821884762371],[36.63973827622665,37.0283010796163],[36.639485996811096,37.02828543300549],[36.6394984353937,37.0281577257379],[36.63971071191003,37.02817089135297],[36.63970628679547,37.02821636507225],[36.6397462783499,37.02821884762371]]]}},{"type":"Feature","properties":{"source":"Microsoft Global ML Building Footprints"},"geometry":{"type":"Polygon","coordinates":[[[36.62497750305191,37.023498590420154],[36.625151809697826,37.02349656451],[36.6251531760433,37.023571499175006],[36.62509149830706,37.023572216034815],[36.625092200999006,37.02361075383338],[36.624979572089366,37.02361206288107],[36.62497750305191,37.023498590420154]]]}},{"type":"Feature","properties":{"source":"Microsoft Global ML Building Footprints"},"geometry":{"type":"Polygon","coordinates":[[[36.63108995771601,37.02715499393048],[36.63096680463923,37.02715923277962],[36.630963281053404,37.02709387838815],[36.631086434500524,37.027089646403894],[36.63108995771601,37.02715499393048]]]}},{"type":"Feature","properties":{"source":"Microsoft Global ML Building Footprints"},"geometry":{"type":"Polygon","coordinates":[[[36.63365364885886,37.02728614666701],[36.63366657975961,37.02736182661935],[36.633345327855054,37.02739681132797],[36.63333060099588,37.02731062030485],[36.63352545870845,37.02728940004961],[36.63352725466691,37.02729991115816],[36.63365364885886,37.02728614666701]]]}},{"type":"Feature","properties":{"source":"Microsoft Global ML Building Footprints"},"geometry":{"type":"Polygon","coordinates":[[[36.63460469771605,37.02573459703283],[36.63467122434242,37.02585455772628],[36.634538907550215,37.02590132098722],[36.63460444124189,37.02601949096458],[36.6346425664193,37.02600601682857],[36.634671838284234,37.02605879963766],[36.63442739495066,37.0261452039462],[36.63426555078419,37.025853367621856],[36.63442804307661,37.025795930647696],[36.63442855286938,37.02579685005043],[36.63460469771605,37.02573459703283]]]}},{"type":"Feature","properties":{"source":"Microsoft Global ML Building Footprints"},"geometry":{"type":"Polygon","coordinates":[[[36.62516462275799,37.02506811410885],[36.62521553022867,37.02506944251942],[36.6252136381224,37.02511556114393],[36.62516273076831,37.02511422989265],[36.62516462275799,37.02506811410885]]]}},{"type":"Feature","properties":{"source":"Microsoft Global ML Building Footprints"},"geometry":{"type":"Polygon","coordinates":[[[36.626562349299505,37.02152825639043],[36.626397318275934,37.021523857550626],[36.62640089607363,37.021438292834425],[36.626565934589486,37.02144269187887],[36.626562349299505,37.02152825639043]]]}},{"type":"Feature","properties":{"source":"Microsoft Global ML Building Footprints"},"geometry":{"type":"Polygon","coordinates":[[[36.627210817505876,37.02297095558338],[36.627095255306585,37.022951499254475],[36.627110743220655,37.02289284128331],[36.62718008151968,37.022904511380645],[36.627175750572036,37.02292091414684],[36.627229680360195,37.022929990886006],[36.62722718342542,37.02293944762144],[36.627261981226255,37.02294530626408],[36.6272736856357,37.022900992418066],[36.62738411173724,37.02291957786326],[36.6273724057674,37.022963897606154],[36.62727482128919,37.02294746804826],[36.62726182449986,37.02299667491798],[36.627344000902546,37.023010510326436],[36.627309884330536,37.02313967818426],[36.62717238088859,37.023116527826],[36.627210817505876,37.02297095558338]]]}},{"type":"Feature","properties":{"source":"Microsoft Global ML Building Footprints"},"geometry":{"type":"Polygon","coordinates":[[[36.63083325043697,37.020384868726715],[36.630873716973056,37.020421582248716],[36.63082327703675,37.02045702062625],[36.63078281406509,37.02042030743547],[36.63083325043697,37.020384868726715]]]}},{"type":"Feature","properties":{"source":"Microsoft Global ML Building Footprints"},"geometry":{"type":"Polygon","coordinates":[[[36.63355078177185,37.02680573971096],[36.633500599514264,37.02681073359083],[36.63348907673833,37.026736932929566],[36.633510206109946,37.026734830241296],[36.63350559699957,37.026705309955894],[36.6334527735705,37.026710566678496],[36.633449481348805,37.026689480754776],[36.63353135766385,37.02668133283234],[36.63355078177185,37.02680573971096]]]}},{"type":"Feature","properties":{"source":"Microsoft Global ML Building Footprints"},"geometry":{"type":"Polygon","coordinates":[[[36.63665522072148,37.019211737164994],[36.636472953397686,37.019207958397764],[36.63647573735367,37.01912235342258],[36.636658004677464,37.01912613219408],[36.63665522072148,37.019211737164994]]]}},{"type":"Feature","properties":{"source":"Microsoft Global ML Building Footprints"},"geometry":{"type":"Polygon","coordinates":[[[36.63715397618673,37.02381509600657],[36.63716723398387,37.02398056197017],[36.637092437872084,37.02398437780818],[36.6370791804084,37.02381891601533],[36.63715397618673,37.02381509600657]]]}},{"type":"Feature","properties":{"source":"Microsoft Global ML Building Footprints"},"geometry":{"type":"Polygon","coordinates":[[[36.63735824027961,37.03174253206652],[36.63734843720414,37.031780733367974],[36.637273787018664,37.03176852106578],[36.63728358906692,37.03173032376105],[36.63735824027961,37.03174253206652]]]}},{"type":"Feature","properties":{"source":"Microsoft Global ML Building Footprints"},"geometry":{"type":"Polygon","coordinates":[[[36.63939170638483,37.02520236363099],[36.63936646768866,37.02536257540166],[36.63917635584059,37.02534348612131],[36.6391909677173,37.025250731956156],[36.639103833120245,37.025241982690375],[36.63911445993967,37.02517452503681],[36.63939170638483,37.02520236363099]]]}},{"type":"Feature","properties":{"source":"Microsoft Global ML Building Footprints"},"geometry":{"type":"Polygon","coordinates":[[[36.639693683664575,37.02388578358157],[36.63986063683654,37.023911261091875],[36.63981493525666,37.02410208526741],[36.63964800037782,37.024076601284726],[36.639693683664575,37.02388578358157]]]}},{"type":"Feature","properties":{"source":"Microsoft Global ML Building Footprints"},"geometry":{"type":"Polygon","coordinates":[[[36.62457982966273,37.01950069652396],[36.62432342078372,37.01949721471375],[36.624325974601355,37.01937732205284],[36.62442250620435,37.01937863287037],[36.624422120353074,37.019396747227695],[36.624581988899436,37.01939890917314],[36.62457982966273,37.01950069652396]]]}},{"type":"Feature","properties":{"source":"Microsoft Global ML Building Footprints"},"geometry":{"type":"Polygon","coordinates":[[[36.62464791117743,37.03075214094033],[36.624619375353845,37.03076028822168],[36.624600198863135,37.030717491782305],[36.62462873405338,37.03070934308286],[36.62464791117743,37.03075214094033]]]}},{"type":"Feature","properties":{"source":"Microsoft Global ML Building Footprints"},"geometry":{"type":"Polygon","coordinates":[[[36.62735766336279,37.026579762886485],[36.62744359017565,37.026661076909676],[36.6273292027038,37.02673812009774],[36.62724327589093,37.026656806157014],[36.62735766336279,37.026579762886485]]]}},{"type":"Feature","properties":{"source":"Microsoft Global ML Building Footprints"},"geometry":{"type":"Polygon","coordinates":[[[36.62781495533236,37.02145450261249],[36.62779835620625,37.021402179417315],[36.62785280273669,37.021391171790796],[36.627841314018035,37.02135494741065],[36.6279018081445,37.021342717114905],[36.627929891679,37.02143126558349],[36.62781495533236,37.02145450261249]]]}},{"type":"Feature","properties":{"source":"Microsoft Global ML Building Footprints"},"geometry":{"type":"Polygon","coordinates":[[[36.62806921437998,37.02882164452358],[36.627991575098655,37.028824321096785],[36.62798937849939,37.02878371220703],[36.627967960766604,37.028784450572445],[36.6279656485569,37.02874170434965],[36.62806470557097,37.02873828940768],[36.62806921437998,37.02882164452358]]]}},{"type":"Feature","properties":{"source":"Microsoft Global ML Building Footprints"},"geometry":{"type":"Polygon","coordinates":[[[36.62847620312348,37.02384786188134],[36.6285126874287,37.023842881409806],[36.62852471821007,37.02389905782459],[36.628488233904854,37.02390403829246],[36.62847620312348,37.02384786188134]]]}},{"type":"Feature","properties":{"source":"Microsoft Global ML Building Footprints"},"geometry":{"type":"Polygon","coordinates":[[[36.62944951201632,37.027521473090424],[36.62934889652067,37.02750911048427],[36.629355348593464,37.027475641928206],[36.62945596695527,37.02748800489198],[36.62944951201632,37.027521473090424]]]}},{"type":"Feature","properties":{"source":"Microsoft Global ML Building Footprints"},"geometry":{"type":"Polygon","coordinates":[[[36.63289937272479,37.01870140396555],[36.6329487018869,37.018700436398255],[36.63295076866038,37.01876780194548],[36.63290144531497,37.018768766641536],[36.63289937272479,37.01870140396555]]]}},{"type":"Feature","properties":{"source":"Microsoft Global ML Building Footprints"},"geometry":{"type":"Polygon","coordinates":[[[36.636251948123125,37.02644326508469],[36.636568652512324,37.02647164979249],[36.63655361519425,37.02657858839393],[36.63659449002929,37.02658225408895],[36.636579484803306,37.02668889782474],[36.6361598366976,37.02665128686664],[36.63617411010526,37.026549780951434],[36.636236178199,37.026555343812454],[36.636251948123125,37.02644326508469]]]}},{"type":"Feature","properties":{"source":"Microsoft Global ML Building Footprints"},"geometry":{"type":"Polygon","coordinates":[[[36.63635281147907,37.02239733514604],[36.636439013700354,37.02247117722618],[36.63629260962709,37.02258012240574],[36.63627864547698,37.02256816053311],[36.636259985482944,37.02258204513603],[36.636187742300905,37.02252016066772],[36.63635281147907,37.02239733514604]]]}},{"type":"Feature","properties":{"source":"Microsoft Global ML Building Footprints"},"geometry":{"type":"Polygon","coordinates":[[[36.63682790925823,37.0256171828117],[36.63689952436116,37.02572280953788],[36.63690509619563,37.02581108469927],[36.636557292218775,37.02582507724313],[36.63655756185749,37.0258293491543],[36.63632212531934,37.025838821028145],[36.63631658106301,37.02575098282178],[36.63630475104916,37.02573353674067],[36.6362996943746,37.02565342323418],[36.63642687433884,37.02564830663041],[36.63641048514324,37.025655390140926],[36.63653613564292,37.02565033506949],[36.636590766294965,37.02562672336356],[36.63682790925823,37.0256171828117]]]}},{"type":"Feature","properties":{"source":"Microsoft Global ML Building Footprints"},"geometry":{"type":"Polygon","coordinates":[[[36.63778975589916,37.02385838840934],[36.63779167748869,37.02380275338411],[36.63785192178125,37.02380407971928],[36.637850005065104,37.02385971485083],[36.63778975589916,37.02385838840934]]]}},{"type":"Feature","properties":{"source":"Microsoft Global ML Building Footprints"},"geometry":{"type":"Polygon","coordinates":[[[36.63907302000079,37.030553751125694],[36.63901638307636,37.03065478620432],[36.63887783273144,37.0306052888066],[36.638934466040325,37.03050426011189],[36.63907302000079,37.030553751125694]]]}},{"type":"Feature","properties":{"source":"Microsoft Global ML Building Footprints"},"geometry":{"type":"Polygon","coordinates":[[[36.63940127477951,37.021211403654185],[36.63940392576849,37.021320579532855],[36.639352982944175,37.021321368062694],[36.63935542601244,37.021421980987384],[36.639285714779135,37.02142306002679],[36.639280620721884,37.021213271227545],[36.63940127477951,37.021211403654185]]]}},{"type":"Feature","properties":{"source":"Microsoft Global ML Building Footprints"},"geometry":{"type":"Polygon","coordinates":[[[36.62450462579727,37.019027423319734],[36.62450462579727,37.019095953566826],[36.62446171045303,37.019095953566826],[36.62446171045303,37.019027423319734],[36.62450462579727,37.019027423319734]]]}},{"type":"Feature","properties":{"source":"Microsoft Global ML Building Footprints"},"geometry":{"type":"Polygon","coordinates":[[[36.62518978426072,37.021219079888404],[36.625199890943165,37.021106156991145],[36.625362673657236,37.02111545341098],[36.62535294835903,37.02122411505657],[36.62528251593909,37.02122009271066],[36.62528213418322,37.02122435392749],[36.62518978426072,37.021219079888404]]]}},{"type":"Feature","properties":{"source":"Microsoft Global ML Building Footprints"},"geometry":{"type":"Polygon","coordinates":[[[36.62627795139356,37.021188696780676],[36.62637709521971,37.02118620925185],[36.62637886352864,37.02123113658862],[36.626279719702495,37.02123362411601],[36.62627795139356,37.021188696780676]]]}},{"type":"Feature","properties":{"source":"Microsoft Global ML Building Footprints"},"geometry":{"type":"Polygon","coordinates":[[[36.62695272475814,37.02797103046597],[36.62708809706774,37.027918022466885],[36.62714472128346,37.02801017481168],[36.627009346207714,37.028063191393656],[36.62695272475814,37.02797103046597]]]}},{"type":"Feature","properties":{"source":"Microsoft Global ML Building Footprints"},"geometry":{"type":"Polygon","coordinates":[[[36.628655291629705,37.01887488340122],[36.628754726292655,37.01885256819514],[36.62877847668782,37.018920051669774],[36.62867904202488,37.01894236685601],[36.628655291629705,37.01887488340122]]]}},{"type":"Feature","properties":{"source":"Microsoft Global ML Building Footprints"},"geometry":{"type":"Polygon","coordinates":[[[36.63080267575003,37.026153115690974],[36.63082887941323,37.02614705990833],[36.63088090478284,37.02614795816699],[36.630878535301306,37.02623571339484],[36.63092409749129,37.02623650006073],[36.63092771124239,37.02624646908885],[36.6309253124049,37.026335023900295],[36.63085442918525,37.026333800049144],[36.63085552723766,37.02629313305745],[36.630795547344405,37.02629209745972],[36.630760141245034,37.026194448495],[36.63075690028889,37.026314090780076],[36.6306711095955,37.02631261433362],[36.63067372875255,37.026215926231984],[36.63075890152386,37.026196247200936],[36.6307598234263,37.0261621039636],[36.63067223170898,37.02616059651874],[36.630661451163284,37.026163087347854],[36.630623909376524,37.02605952300159],[36.63069451960435,37.02604320464398],[36.630736192371785,37.02604392182934],[36.63073880096129,37.02594731083942],[36.6307937189343,37.026098810037375],[36.630792975184235,37.026126355313615],[36.63080267575003,37.026153115690974]]]}},{"type":"Feature","properties":{"source":"Microsoft Global ML Building Footprints"},"geometry":{"type":"Polygon","coordinates":[[[36.63145139529679,37.02045103563291],[36.63130745512812,37.020538853961014],[36.631175466990264,37.02040094423185],[36.63115068735345,37.020416062379695],[36.63109374800169,37.02035657385151],[36.63112022434453,37.020340420524285],[36.63116680839319,37.020389094613705],[36.63130905514812,37.02030230927191],[36.63145139529679,37.02045103563291]]]}},{"type":"Feature","properties":{"source":"Microsoft Global ML Building Footprints"},"geometry":{"type":"Polygon","coordinates":[[[36.6360404594577,37.024129060694676],[36.63613256163407,37.02408175435598],[36.63619969477895,37.024090340977565],[36.6362636893956,37.02407628061547],[36.63627325780447,37.02410403286409],[36.63633951668581,37.024112507661094],[36.636469517356915,37.024045735537484],[36.63652202127765,37.02411088591577],[36.636497389254224,37.02423364007768],[36.63630392762411,37.02433301813764],[36.636348138931844,37.024461248260536],[36.636193555005306,37.024495220609616],[36.6360997591754,37.02422317579978],[36.63607731159157,37.02422030466117],[36.636049529769245,37.02413972625592],[36.63603472847602,37.02421348878088],[36.636052860119406,37.02426607776308],[36.63578607340392,37.02432469374598],[36.63577128789027,37.024281809907635],[36.635607557682675,37.02426086815213],[36.63555860978866,37.02420013045139],[36.63554384094995,37.02427376334814],[36.6354848694892,37.02430405601615],[36.63538511679621,37.02432597835094],[36.63533535906711,37.024264229090164],[36.63570447962003,37.024074638269795],[36.635707614556864,37.0240590084019],[36.635849702702835,37.02398601980586],[36.63584517399147,37.024008588778024],[36.63593326821842,37.023989228507006],[36.635964398304694,37.024079518391055],[36.63600468667553,37.0240846714494],[36.6360404594577,37.024129060694676]]]}},{"type":"Feature","properties":{"source":"Microsoft Global ML Building Footprints"},"geometry":{"type":"Polygon","coordinates":[[[36.639038852626776,37.027227628277906],[36.63903454884581,37.02732600985848],[36.63888720706487,37.02732190169716],[36.63889151084584,37.027223520111285],[36.639038852626776,37.027227628277906]]]}},{"type":"Feature","properties":{"source":"Microsoft Global ML Building Footprints"},"geometry":{"type":"Polygon","coordinates":[[[36.639833242116566,37.026518369066174],[36.63991887985682,37.02653089645159],[36.639901286399855,37.02660755308944],[36.63981564865959,37.026595025716674],[36.639833242116566,37.026518369066174]]]}},{"type":"Feature","properties":{"source":"Microsoft Global ML Building Footprints"},"geometry":{"type":"Polygon","coordinates":[[[36.62415608907279,37.02503826513048],[36.62429052718795,37.02507949857571],[36.62425641229496,37.02515040840676],[36.62412196876297,37.02510917333864],[36.62415608907279,37.02503826513048]]]}},{"type":"Feature","properties":{"source":"Microsoft Global ML Building Footprints"},"geometry":{"type":"Polygon","coordinates":[[[36.6242803302507,37.01915322316569],[36.62408181856265,37.019182941635776],[36.62406189936512,37.019098119380224],[36.62419404623644,37.01907833612713],[36.62417704204343,37.019005926790825],[36.624243393545925,37.01899599352443],[36.6242803302507,37.01915322316569]]]}},{"type":"Feature","properties":{"source":"Microsoft Global ML Building Footprints"},"geometry":{"type":"Polygon","coordinates":[[[36.624991249525905,37.02195437014837],[36.624894763370676,37.02195649443415],[36.62489251299307,37.02189133850284],[36.62498899933435,37.02188921960274],[36.624991249525905,37.02195437014837]]]}},{"type":"Feature","properties":{"source":"Microsoft Global ML Building Footprints"},"geometry":{"type":"Polygon","coordinates":[[[36.62526505373309,37.020781406701694],[36.62522253275284,37.020778137210726],[36.62522765145985,37.02073570034578],[36.62527017244011,37.020738969838575],[36.62526505373309,37.020781406701694]]]}},{"type":"Feature","properties":{"source":"Microsoft Global ML Building Footprints"},"geometry":{"type":"Polygon","coordinates":[[[36.62706650543654,37.02299000518609],[36.62712182455463,37.0229959649364],[36.62711187165616,37.02305485350913],[36.62714875106825,37.02305882667268],[36.627139864551765,37.02311140571414],[36.627092448164824,37.02310629736453],[36.62709849099602,37.023070543617884],[36.62705370885283,37.02306571906287],[36.62706650543654,37.02299000518609]]]}},{"type":"Feature","properties":{"source":"Microsoft Global ML Building Footprints"},"geometry":{"type":"Polygon","coordinates":[[[36.62802207471269,37.02183496503735],[36.62814762444822,37.02182357161314],[36.62816147778022,37.021920823033774],[36.62803437480299,37.02193235739723],[36.628031473658666,37.02191199116195],[36.6279880045966,37.02191593832976],[36.627981272391324,37.021868648659364],[36.62802628838266,37.02186456353699],[36.62802207471269,37.02183496503735]]]}},{"type":"Feature","properties":{"source":"Microsoft Global ML Building Footprints"},"geometry":{"type":"Polygon","coordinates":[[[36.62900488821319,37.030893724729076],[36.6290119885332,37.030771937955826],[36.629317099426835,37.030783274498816],[36.62932083643737,37.030719176128244],[36.629120105586274,37.03071171787016],[36.629126956772254,37.030594204038735],[36.62932768762331,37.03060166230834],[36.62933117549982,37.03054183702109],[36.62908762206716,37.03053278764675],[36.629094597820135,37.03041313691662],[36.629803846827336,37.030439489528796],[36.629796746507324,37.03056127683512],[36.629516824984364,37.03055087618506],[36.62951334234147,37.03061070165964],[36.629739730403884,37.030619113235744],[36.62973300378495,37.03073449041583],[36.62950550882036,37.030726037725024],[36.629501398108786,37.03079654592331],[36.62980115617975,37.030807683575965],[36.62979442956081,37.03092306046961],[36.62900488821319,37.030893724729076]]]}},{"type":"Feature","properties":{"source":"Microsoft Global ML Building Footprints"},"geometry":{"type":"Polygon","coordinates":[[[36.630099052161114,37.01868265654918],[36.63025006120055,37.01862539179637],[36.63031242714712,37.01873023662165],[36.63016141810768,37.01878750129543],[36.630099052161114,37.01868265654918]]]}},{"type":"Feature","properties":{"source":"Microsoft Global ML Building Footprints"},"geometry":{"type":"Polygon","coordinates":[[[36.630389637094595,37.02413022005361],[36.630227027230056,37.02415843295157],[36.630173593728436,37.02396212648752],[36.63006602116206,37.02398079042748],[36.63003986101022,37.02388468189308],[36.630109014802905,37.02387268363131],[36.630080405592146,37.02376757746037],[36.630039426162014,37.02377468973807],[36.63001827570815,37.02369698589274],[36.630220611644354,37.02366186897919],[36.63027872263713,37.02387536064569],[36.630318370515674,37.023868481693015],[36.630389637094595,37.02413022005361]]]}},{"type":"Feature","properties":{"source":"Microsoft Global ML Building Footprints"},"geometry":{"type":"Polygon","coordinates":[[[36.630547749706594,37.02783252885999],[36.63057697472284,37.02794324340819],[36.630425453418816,37.02796873528838],[36.630396228402574,37.027858020777344],[36.630547749706594,37.02783252885999]]]}},{"type":"Feature","properties":{"source":"Microsoft Global ML Building Footprints"},"geometry":{"type":"Polygon","coordinates":[[[36.63462303687472,37.02201446411136],[36.63471012927477,37.02193447089552],[36.63474976546526,37.02196198150605],[36.634746683553736,37.02195658349628],[36.63483997644319,37.022021330796974],[36.63489060305869,37.02211000387594],[36.6349972235038,37.02218400063709],[36.63501436799579,37.022214029352384],[36.634825603184645,37.022282728628426],[36.634788842576846,37.02221834217251],[36.63482014510718,37.02218959361459],[36.63465927604954,37.02207794719167],[36.63462303687472,37.02201446411136]]]}},{"type":"Feature","properties":{"source":"Microsoft Global ML Building Footprints"},"geometry":{"type":"Polygon","coordinates":[[[36.63500217830234,37.02350532992577],[36.63513035857045,37.02344671208417],[36.6351992273937,37.023542705809085],[36.635071036920024,37.02360132108061],[36.63500217830234,37.02350532992577]]]}},{"type":"Feature","properties":{"source":"Microsoft Global ML Building Footprints"},"geometry":{"type":"Polygon","coordinates":[[[36.63542796224392,37.025644196603004],[36.63569669889213,37.02562003567337],[36.63569417905224,37.02560216007422],[36.63620272212893,37.02555646758766],[36.63624266561069,37.02583982402284],[36.63546540677639,37.02590966029107],[36.63542796224392,37.025644196603004]]]}},{"type":"Feature","properties":{"source":"Microsoft Global ML Building Footprints"},"geometry":{"type":"Polygon","coordinates":[[[36.6368826372415,37.0325576413173],[36.6369215408185,37.032556532778706],[36.63692345317289,37.032599302071134],[36.63688455334081,37.03260041050238],[36.6368826372415,37.0325576413173]]]}},{"type":"Feature","properties":{"source":"Microsoft Global ML Building Footprints"},"geometry":{"type":"Polygon","coordinates":[[[36.63702389367145,37.02452700921078],[36.63712917162289,37.02448511871026],[36.63718378274071,37.02457260096562],[36.63707850478924,37.024614491417886],[36.63702389367145,37.02452700921078]]]}},{"type":"Feature","properties":{"source":"Microsoft Global ML Building Footprints"},"geometry":{"type":"Polygon","coordinates":[[[36.638391191929465,37.02714510683793],[36.63838587425061,37.02721766404436],[36.63828964416926,37.027213168950354],[36.63829496184812,37.02714061173964],[36.638391191929465,37.02714510683793]]]}},{"type":"Feature","properties":{"source":"Microsoft Global ML Building Footprints"},"geometry":{"type":"Polygon","coordinates":[[[36.63900458323941,37.03096628977631],[36.639167098727356,37.03101624896768],[36.63906545738869,37.03122696228586],[36.63890295798903,37.03117700817882],[36.63900458323941,37.03096628977631]]]}},{"type":"Feature","properties":{"source":"Microsoft Global ML Building Footprints"},"geometry":{"type":"Polygon","coordinates":[[[36.63162949517084,37.02499999455369],[36.63147277589265,37.02500484594703],[36.63146639442725,37.02487321050622],[36.63162310260772,37.024868368204444],[36.63162949517084,37.02499999455369]]]}},{"type":"Feature","properties":{"source":"Microsoft Global ML Building Footprints"},"geometry":{"type":"Polygon","coordinates":[[[36.636044569506446,37.01896773500962],[36.63629666729433,37.0189699185917],[36.636295086089646,37.01908554973951],[36.63604298830172,37.01908336616074],[36.636044569506446,37.01896773500962]]]}},{"type":"Feature","properties":{"source":"Microsoft Global ML Building Footprints"},"geometry":{"type":"Polygon","coordinates":[[[36.63972476195,37.02920038302917],[36.639601475038475,37.02919765516673],[36.63960452059556,37.02910992983793],[36.639727807507086,37.029112657703514],[36.63972476195,37.02920038302917]]]}},{"type":"Feature","properties":{"source":"Microsoft Global ML Building Footprints"},"geometry":{"type":"Polygon","coordinates":[[[36.62456886394927,37.02388291637494],[36.62451931864489,37.02388376630183],[36.624517532894345,37.02381741244322],[36.624643538544696,37.02381525087238],[36.62464543950497,37.0238858856251],[36.624568979534054,37.02388719726065],[36.62456886394927,37.02388291637494]]]}},{"type":"Feature","properties":{"source":"Microsoft Global ML Building Footprints"},"geometry":{"type":"Polygon","coordinates":[[[36.62921555035692,37.0272835826125],[36.62919029618816,37.027337306849574],[36.62907134948136,37.02730166991948],[36.629096610517266,37.02724794106881],[36.62921555035692,37.0272835826125]]]}},{"type":"Feature","properties":{"source":"Microsoft Global ML Building Footprints"},"geometry":{"type":"Polygon","coordinates":[[[36.63086947225899,37.02794810969413],[36.63082286728803,37.02794905236107],[36.630822050085726,37.02792337304964],[36.630868657306486,37.02792243033691],[36.63086947225899,37.02794810969413]]]}},{"type":"Feature","properties":{"source":"Microsoft Global ML Building Footprints"},"geometry":{"type":"Polygon","coordinates":[[[36.63097142719385,37.02400348581492],[36.63104704207756,37.02399326082957],[36.63105675781782,37.024039058496214],[36.63102025408086,37.02404399469323],[36.63102732007377,37.02407730206767],[36.63109772013791,37.02406778226301],[36.631107435878164,37.02411357988473],[36.630888413456404,37.024143197033005],[36.63086500735487,37.024032866395004],[36.630974518565765,37.02401805780081],[36.63097142719385,37.02400348581492]]]}},{"type":"Feature","properties":{"source":"Microsoft Global ML Building Footprints"},"geometry":{"type":"Polygon","coordinates":[[[36.63151573303153,37.02716917887224],[36.63158287621854,37.027280386953095],[36.631534992704225,37.02729881321857],[36.631467849517215,37.027187605164684],[36.63151573303153,37.02716917887224]]]}},{"type":"Feature","properties":{"source":"Microsoft Global ML Building Footprints"},"geometry":{"type":"Polygon","coordinates":[[[36.633140507132474,37.026901716071684],[36.63307062197137,37.026918526606075],[36.633053577781155,37.02687337546765],[36.63312346657103,37.02685656405037],[36.633140507132474,37.026901716071684]]]}},{"type":"Feature","properties":{"source":"Microsoft Global ML Building Footprints"},"geometry":{"type":"Polygon","coordinates":[[[36.63469045936659,37.0201883638264],[36.6348879020165,37.02016671662011],[36.63490778446922,37.020282321309736],[36.63471034181936,37.020303968483105],[36.63469045936659,37.0201883638264]]]}},{"type":"Feature","properties":{"source":"Microsoft Global ML Building Footprints"},"geometry":{"type":"Polygon","coordinates":[[[36.635050217511626,37.021430845332574],[36.63504456780312,37.02154845492488],[36.63495886318776,37.021545830471744],[36.63495670602635,37.02159073590597],[36.63478638222109,37.02158552024049],[36.63479074230342,37.02149459083743],[36.63488072623213,37.0214973413056],[36.63488257523261,37.02145885078453],[36.634942571814946,37.02146068465388],[36.634944158344695,37.02142759757578],[36.635050217511626,37.021430845332574]]]}},{"type":"Feature","properties":{"source":"Microsoft Global ML Building Footprints"},"geometry":{"type":"Polygon","coordinates":[[[36.636287918524786,37.02545883623934],[36.63656682635293,37.025440430962895],[36.63667344178706,37.02540984005186],[36.63669282641144,37.02540856084947],[36.63673222717677,37.025397255678975],[36.63680186807594,37.02555195856147],[36.63675654606971,37.02556496014085],[36.63678005722114,37.02556340862975],[36.63664436485048,37.025602342435675],[36.63656265078812,37.02560773477925],[36.63656265078812,37.02560773477925],[36.636436863826276,37.02561603551026],[36.636438843944504,37.02563517730832],[36.63630707577869,37.02564387273817],[36.636287918524786,37.02545883623934]]]}},{"type":"Feature","properties":{"source":"Microsoft Global ML Building Footprints"},"geometry":{"type":"Polygon","coordinates":[[[36.63765652247907,37.033115350783866],[36.63761185390171,37.033110207173785],[36.637621324752374,37.0330577683743],[36.63766599332969,37.03306291198792],[36.63765652247907,37.033115350783866]]]}},{"type":"Feature","properties":{"source":"Microsoft Global ML Building Footprints"},"geometry":{"type":"Polygon","coordinates":[[[36.63918372910219,37.02431473693038],[36.63919389953141,37.024271284981545],[36.63923927124524,37.02427805667878],[36.639229097135484,37.02432150807442],[36.63918372910219,37.02431473693038]]]}},{"type":"Feature","properties":{"source":"Microsoft Global ML Building Footprints"},"geometry":{"type":"Polygon","coordinates":[[[36.63982784435801,37.027998527003405],[36.63950037302132,37.0279715931588],[36.63951567472302,37.02785293773219],[36.639843156352676,37.027879872465455],[36.63982784435801,37.027998527003405]]]}},{"type":"Feature","properties":{"source":"Microsoft Global ML Building Footprints"},"geometry":{"type":"Polygon","coordinates":[[[36.624090750650154,37.01957034430595],[36.624176472122436,37.01957278731539],[36.62417336143142,37.01964236896553],[36.624087640173,37.01963992117423],[36.624090750650154,37.01957034430595]]]}},{"type":"Feature","properties":{"source":"Microsoft Global ML Building Footprints"},"geometry":{"type":"Polygon","coordinates":[[[36.62577159443787,37.022047393635646],[36.62576852585509,37.02220796754028],[36.625757799516066,37.02220783687558],[36.62575612202412,37.022295617133466],[36.625624724370844,37.02229401649267],[36.62562693375048,37.022178403446475],[36.625592073148596,37.02217797878602],[36.62559481441585,37.0220345327241],[36.62557872490733,37.02203433672658],[36.625579297709415,37.02200436288831],[36.625702650608424,37.02200586553642],[36.625702796774746,37.02199821687884],[36.625942581267246,37.022001124462996],[36.625941661707216,37.022049465343045],[36.62577159443787,37.022047393635646]]]}},{"type":"Feature","properties":{"source":"Microsoft Global ML Building Footprints"},"geometry":{"type":"Polygon","coordinates":[[[36.62614797616398,37.0251506000853],[36.62614406255502,37.025084364091036],[36.626232378927355,37.02508103799368],[36.626236292536355,37.02514727399082],[36.62614797616398,37.0251506000853]]]}},{"type":"Feature","properties":{"source":"Microsoft Global ML Building Footprints"},"geometry":{"type":"Polygon","coordinates":[[[36.62841822594914,37.03192251643331],[36.62827487058392,37.03192406227848],[36.628265501072875,37.03136744728777],[36.628408807647446,37.0313659019574],[36.62841822594914,37.03192251643331]]]}},{"type":"Feature","properties":{"source":"Microsoft Global ML Building Footprints"},"geometry":{"type":"Polygon","coordinates":[[[36.630066237617314,37.02580155981423],[36.630036751743134,37.02583136452928],[36.62999470102258,37.02580485108459],[36.63002418671911,37.025775043897426],[36.630066237617314,37.02580155981423]]]}},{"type":"Feature","properties":{"source":"Microsoft Global ML Building Footprints"},"geometry":{"type":"Polygon","coordinates":[[[36.630521264542054,37.02630809590597],[36.63054660324731,37.02635396757344],[36.630456785466414,37.02638559524371],[36.6304314444403,37.026339719393775],[36.630521264542054,37.02630809590597]]]}},{"type":"Feature","properties":{"source":"Microsoft Global ML Building Footprints"},"geometry":{"type":"Polygon","coordinates":[[[36.63156555795456,37.02551968736242],[36.631739603760444,37.02551393981712],[36.63174658137209,37.02564861674076],[36.63157253556621,37.02565436427588],[36.63156555795456,37.02551968736242]]]}},{"type":"Feature","properties":{"source":"Microsoft Global ML Building Footprints"},"geometry":{"type":"Polygon","coordinates":[[[36.63303982184145,37.01865953314001],[36.63281094030696,37.018675687308914],[36.632799177412025,37.01856943838973],[36.632940232311185,37.01855948290002],[36.632947166501644,37.01862211633796],[36.6330349936761,37.01861592251117],[36.63303982184145,37.01865953314001]]]}},{"type":"Feature","properties":{"source":"Microsoft Global ML Building Footprints"},"geometry":{"type":"Polygon","coordinates":[[[36.633473297691104,37.02345719907057],[36.63357152441126,37.0234350849279],[36.63357748587758,37.02345196374167],[36.633634631588784,37.02343909512427],[36.63366930778606,37.023537274448266],[36.6335139436529,37.023572252096834],[36.633473297691104,37.02345719907057]]]}},{"type":"Feature","properties":{"source":"Microsoft Global ML Building Footprints"},"geometry":{"type":"Polygon","coordinates":[[[36.634075376918254,37.0282607572824],[36.63407337255174,37.02820512920759],[36.634183252201645,37.028202605871584],[36.63418834020894,37.02834381552508],[36.634148140337025,37.028344738695075],[36.634147061062755,37.02831478515452],[36.634104181199376,37.028315769869565],[36.63410217683286,37.028260141835055],[36.634075376918254,37.0282607572824]]]}},{"type":"Feature","properties":{"source":"Microsoft Global ML Building Footprints"},"geometry":{"type":"Polygon","coordinates":[[[36.63449922107851,37.02811512169494],[36.63450082098395,37.028153622982536],[36.63442210433803,37.02815570776718],[36.634420501061,37.02811720656994],[36.63449922107851,37.02811512169494]]]}},{"type":"Feature","properties":{"source":"Microsoft Global ML Building Footprints"},"geometry":{"type":"Polygon","coordinates":[[[36.63505662595688,37.02010115808107],[36.63521312374485,37.02009951398052],[36.63521425890561,37.0201680313351],[36.63505775511253,37.02016967549727],[36.63505662595688,37.02010115808107]]]}},{"type":"Feature","properties":{"source":"Microsoft Global ML Building Footprints"},"geometry":{"type":"Polygon","coordinates":[[[36.63661945778083,37.02140382766326],[36.63664136986158,37.02137006212149],[36.636712420348836,37.02139945416564],[36.63669050593467,37.021433218729065],[36.63661945778083,37.02140382766326]]]}},{"type":"Feature","properties":{"source":"Microsoft Global ML Building Footprints"},"geometry":{"type":"Polygon","coordinates":[[[36.63917649300439,37.02334303694788],[36.63929330713764,37.0233525016544],[36.63927498617929,37.02349663563781],[36.639014809246135,37.02347555519345],[36.63903097479763,37.023348378128176],[36.63917433759754,37.0233599939034],[36.63917649300439,37.02334303694788]]]}},{"type":"Feature","properties":{"source":"Microsoft Global ML Building Footprints"},"geometry":{"type":"Polygon","coordinates":[[[36.63955540514398,37.03159813130787],[36.63965114120713,37.03138181149047],[36.63979659618388,37.03142284433867],[36.639700863318325,37.03163915681415],[36.63955540514398,37.03159813130787]]]}},{"type":"Feature","properties":{"source":"Microsoft Global ML Building Footprints"},"geometry":{"type":"Polygon","coordinates":[[[36.62602345511023,37.02458706517245],[36.62619261759241,37.02461858882064],[36.62618406165094,37.0246478627826],[36.626215843871634,37.02465378366106],[36.62618224798536,37.024768696647705],[36.62603726116613,37.024741678219875],[36.62606016776962,37.024663327361665],[36.62600420707766,37.0246529021486],[36.62602345511023,37.02458706517245]]]}},{"type":"Feature","properties":{"source":"Microsoft Global ML Building Footprints"},"geometry":{"type":"Polygon","coordinates":[[[36.62803299566267,37.02715236648826],[36.628066164329724,37.027121686196715],[36.62810088470126,37.02714560859831],[36.62811728850989,37.027130434203826],[36.628140981083355,37.0271467597545],[36.628091408665505,37.02719261313704],[36.62803299566267,37.02715236648826]]]}},{"type":"Feature","properties":{"source":"Microsoft Global ML Building Footprints"},"geometry":{"type":"Polygon","coordinates":[[[36.62815366238421,37.03005311444557],[36.62814553156299,37.03010069951878],[36.627971739549054,37.03008177404067],[36.62797986874137,37.03003419848866],[36.62815366238421,37.03005311444557]]]}},{"type":"Feature","properties":{"source":"Microsoft Global ML Building Footprints"},"geometry":{"type":"Polygon","coordinates":[[[36.62819410595858,37.02318998586617],[36.62807467377267,37.02318825070669],[36.628078107064404,37.023037615895944],[36.62819755229823,37.02303935792287],[36.62819410595858,37.02318998586617]]]}},{"type":"Feature","properties":{"source":"Microsoft Global ML Building Footprints"},"geometry":{"type":"Polygon","coordinates":[[[36.628862372677695,37.032090059267944],[36.62885961768846,37.03191450797554],[36.62934502133574,37.03190965340453],[36.629347776324934,37.03208520470813],[36.628862372677695,37.032090059267944]]]}},{"type":"Feature","properties":{"source":"Microsoft Global ML Building Footprints"},"geometry":{"type":"Polygon","coordinates":[[[36.63032025853453,37.0262929018581],[36.630087385650995,37.026395840144296],[36.630010770856046,37.02628538246931],[36.62994918829872,37.02631260765722],[36.63005603943769,37.026466657808655],[36.629832289479374,37.02656557570865],[36.62981410205149,37.02653935446249],[36.62971762271165,37.02658200710994],[36.62961418171544,37.02643287368398],[36.62960597070781,37.02643650370255],[36.62955709199529,37.02636603396323],[36.630179994404024,37.026090653212],[36.63032025853453,37.0262929018581]]]}},{"type":"Feature","properties":{"source":"Microsoft Global ML Building Footprints"},"geometry":{"type":"Polygon","coordinates":[[[36.63044551849778,37.02144230499363],[36.63065159831787,37.02142815220428],[36.63066373632818,37.02154081821417],[36.630585447931495,37.021546194760056],[36.630600550981065,37.0216864964239],[36.630505788458635,37.02169300433682],[36.630496169658,37.02160372203101],[36.630463138722256,37.021605990466746],[36.63044551849778,37.02144230499363]]]}},{"type":"Feature","properties":{"source":"Microsoft Global ML Building Footprints"},"geometry":{"type":"Polygon","coordinates":[[[36.630771596359246,37.0268223164004],[36.630712776988155,37.02683457205805],[36.630684971375786,37.02674953845446],[36.630743796720054,37.0267372782516],[36.630771596359246,37.0268223164004]]]}},{"type":"Feature","properties":{"source":"Microsoft Global ML Building Footprints"},"geometry":{"type":"Polygon","coordinates":[[[36.631824457501956,37.02046370163853],[36.63190509922218,37.02054626731101],[36.63172162753006,37.020660500333555],[36.63157074947289,37.020506022782946],[36.631614115509215,37.02047902221094],[36.63156989263042,37.02043374423256],[36.63161325866674,37.02040674363488],[36.63166065684804,37.020455272690484],[36.631700688394034,37.0204303504603],[36.63171832249941,37.020448405296214],[36.63169330363231,37.02046398255674],[36.63174272920275,37.02051458733419],[36.631824457501956,37.02046370163853]]]}},{"type":"Feature","properties":{"source":"Microsoft Global ML Building Footprints"},"geometry":{"type":"Polygon","coordinates":[[[36.6325592356769,37.02627472234264],[36.632695244864415,37.026245258379824],[36.6327271059533,37.02633900046785],[36.63259110442003,37.02636846273616],[36.6325592356769,37.02627472234264]]]}},{"type":"Feature","properties":{"source":"Microsoft Global ML Building Footprints"},"geometry":{"type":"Polygon","coordinates":[[[36.63914966578882,37.02453194463375],[36.63927411001515,37.0245272092098],[36.63928176305671,37.02465540285344],[36.63919880303765,37.02465855969096],[36.639197527530754,37.024637194099604],[36.63915603397968,37.02463877303405],[36.63914966578882,37.02453194463375]]]}},{"type":"Feature","properties":{"source":"Microsoft Global ML Building Footprints"},"geometry":{"type":"Polygon","coordinates":[[[36.639285053940554,37.02927208590921],[36.639300095991196,37.02916498390122],[36.63952622533337,37.02918522480377],[36.639511194307225,37.02929231513466],[36.639285053940554,37.02927208590921]]]}},{"type":"Feature","properties":{"source":"Microsoft Global ML Building Footprints"},"geometry":{"type":"Polygon","coordinates":[[[36.6243252582983,37.02386766399255],[36.624334168113585,37.02381727373055],[36.62439991315603,37.02382468358985],[36.62439100334079,37.02387507384696],[36.6243252582983,37.02386766399255]]]}},{"type":"Feature","properties":{"source":"Microsoft Global ML Building Footprints"},"geometry":{"type":"Polygon","coordinates":[[[36.62467656579283,37.021046692130916],[36.62466973496309,37.021090992494706],[36.62474635771879,37.02109852397329],[36.624736599390566,37.0211618101562],[36.62455429007524,37.02114389044499],[36.62457087923325,37.0210363038773],[36.62467656579283,37.021046692130916]]]}},{"type":"Feature","properties":{"source":"Microsoft Global ML Building Footprints"},"geometry":{"type":"Polygon","coordinates":[[[36.62594690385054,37.02207500954922],[36.625950133801965,37.02216487769776],[36.6258027339751,37.02216826293654],[36.625799504023675,37.02207839479198],[36.62594690385054,37.02207500954922]]]}},{"type":"Feature","properties":{"source":"Microsoft Global ML Building Footprints"},"geometry":{"type":"Polygon","coordinates":[[[36.628202372370254,37.02623349504437],[36.628138117452664,37.02631450225772],[36.628030906938676,37.02626030005654],[36.62806804653116,37.02621347754906],[36.62812548255206,37.02624251217455],[36.628152596060175,37.026208329714656],[36.628202372370254,37.02623349504437]]]}},{"type":"Feature","properties":{"source":"Microsoft Global ML Building Footprints"},"geometry":{"type":"Polygon","coordinates":[[[36.629947390267034,37.03282327324073],[36.62998521263595,37.03222741310803],[36.63012700513869,37.03223315670883],[36.63008918276973,37.03282901679648],[36.629947390267034,37.03282327324073]]]}},{"type":"Feature","properties":{"source":"Microsoft Global ML Building Footprints"},"geometry":{"type":"Polygon","coordinates":[[[36.630131299237924,37.02118926532368],[36.62996031176506,37.02123334148063],[36.62991200941511,37.02111386620722],[36.630082990902274,37.021069801078376],[36.630131299237924,37.02118926532368]]]}},{"type":"Feature","properties":{"source":"Microsoft Global ML Building Footprints"},"geometry":{"type":"Polygon","coordinates":[[[36.63256234225338,37.027026307208395],[36.63231313789663,37.0271009840503],[36.63225577917318,37.02697898478522],[36.632504983529884,37.02690430782337],[36.63256234225338,37.027026307208395]]]}},{"type":"Feature","properties":{"source":"Microsoft Global ML Building Footprints"},"geometry":{"type":"Polygon","coordinates":[[[36.63257917030781,37.020431475803804],[36.63263214606903,37.02052336245302],[36.632446238638735,37.0205916985746],[36.63239326287756,37.02049981200802],[36.63257917030781,37.020431475803804]]]}},{"type":"Feature","properties":{"source":"Microsoft Global ML Building Footprints"},"geometry":{"type":"Polygon","coordinates":[[[36.63259624387237,37.02621747847862],[36.63266592523805,37.0262100418277],[36.632655897391054,37.026150153141955],[36.63276657139298,37.02613833541167],[36.63278258866225,37.026233994343116],[36.63260223535756,37.02625324230172],[36.63259624387237,37.02621747847862]]]}},{"type":"Feature","properties":{"source":"Microsoft Global ML Building Footprints"},"geometry":{"type":"Polygon","coordinates":[[[36.63384583012976,37.01914972787213],[36.63408814891384,37.01909720181915],[36.63412883097612,37.01921687745775],[36.633886512192035,37.01926940342801],[36.63384583012976,37.01914972787213]]]}},{"type":"Feature","properties":{"source":"Microsoft Global ML Building Footprints"},"geometry":{"type":"Polygon","coordinates":[[[36.636254428583364,37.02303629790168],[36.6360471413567,37.02321469209843],[36.63583955679832,37.023060940465676],[36.63604684402498,37.0228825459079],[36.636254428583364,37.02303629790168]]]}},{"type":"Feature","properties":{"source":"Microsoft Global ML Building Footprints"},"geometry":{"type":"Polygon","coordinates":[[[36.63770129905288,37.032584966012095],[36.63787041274964,37.03263289899466],[36.63782558206976,37.03273367522941],[36.63765646837299,37.032685742310456],[36.63770129905288,37.032584966012095]]]}},{"type":"Feature","properties":{"source":"Microsoft Global ML Building Footprints"},"geometry":{"type":"Polygon","coordinates":[[[36.62513412934772,37.025380863731954],[36.625102631060656,37.02553620465436],[36.62494720160416,37.025516125174235],[36.62498545538082,37.02532738633733],[36.625091238700364,37.025341058122564],[36.625084468803564,37.025374445443056],[36.62513412934772,37.025380863731954]]]}},{"type":"Feature","properties":{"source":"Microsoft Global ML Building Footprints"},"geometry":{"type":"Polygon","coordinates":[[[36.625164081293406,37.02591012304836],[36.62514333447901,37.026008936851554],[36.6249697142294,37.02598570228867],[36.62499047145138,37.02588688014733],[36.625164081293406,37.02591012304836]]]}},{"type":"Feature","properties":{"source":"Microsoft Global ML Building Footprints"},"geometry":{"type":"Polygon","coordinates":[[[36.626431020329804,37.0219627052057],[36.626571892652294,37.02196654667319],[36.626568225046356,37.0220521061463],[36.62642736021535,37.0220482648874],[36.626431020329804,37.0219627052057]]]}},{"type":"Feature","properties":{"source":"Microsoft Global ML Building Footprints"},"geometry":{"type":"Polygon","coordinates":[[[36.630917659369814,37.024415698718656],[36.631005808780586,37.02441118196488],[36.63101002654792,37.024463592712415],[36.63092187753192,37.024468114368396],[36.630917659369814,37.024415698718656]]]}},{"type":"Feature","properties":{"source":"Microsoft Global ML Building Footprints"},"geometry":{"type":"Polygon","coordinates":[[[36.63112961370186,37.02198722509352],[36.63112345086178,37.02207689753606],[36.63099509130056,37.022071274183304],[36.63100125414064,37.02198160173414],[36.63112961370186,37.02198722509352]]]}},{"type":"Feature","properties":{"source":"Microsoft Global ML Building Footprints"},"geometry":{"type":"Polygon","coordinates":[[[36.631155262447706,37.025075404912364],[36.631282993445765,37.02505766887347],[36.63145177348687,37.02507157008067],[36.63149595501507,37.02506543774036],[36.63150563508641,37.02506623555961],[36.63157339558574,37.025056830487046],[36.63159688451418,37.02505876641507],[36.631617773878425,37.025154656878264],[36.631588502363726,37.02515872135843],[36.63149357328261,37.02515089743257],[36.63150313225658,37.0251947768744],[36.63150313225658,37.0251947768744],[36.63151659748772,37.02525658752657],[36.63151209732615,37.02529139012858],[36.631356239318855,37.02531303166544],[36.63136591694571,37.02531382928064],[36.6312118623151,37.02533522040481],[36.631155262447706,37.025075404912364]]]}},{"type":"Feature","properties":{"source":"Microsoft Global ML Building Footprints"},"geometry":{"type":"Polygon","coordinates":[[[36.631732785058006,37.021047412808564],[36.63177699237889,37.02101428597101],[36.631851346184,37.021077537965176],[36.631807140407,37.0211106660885],[36.631732785058006,37.021047412808564]]]}},{"type":"Feature","properties":{"source":"Microsoft Global ML Building Footprints"},"geometry":{"type":"Polygon","coordinates":[[[36.63253067276882,37.02169966521706],[36.6325661167228,37.021753247507476],[36.63252330936682,37.02177129795727],[36.63248786908559,37.02171771413087],[36.63253067276882,37.02169966521706]]]}},{"type":"Feature","properties":{"source":"Microsoft Global ML Building Footprints"},"geometry":{"type":"Polygon","coordinates":[[[36.63401178039349,37.02711946547299],[36.63411611516787,37.02752303487815],[36.63409296194193,37.027526851273905],[36.634101725634984,37.027560749349014],[36.633937078191664,37.0275878793219],[36.63396734406455,37.02770494794169],[36.63366377534099,37.02775496872672],[36.63361625669629,37.02757116629862],[36.633690861535364,37.02755886902992],[36.63367625652724,37.0275023766645],[36.6337920242608,37.027483300881855],[36.63371768702915,37.027195762759234],[36.63380258336707,37.02718177379595],[36.63379568062413,37.02715507376728],[36.63401178039349,37.02711946547299]]]}},{"type":"Feature","properties":{"source":"Microsoft Global ML Building Footprints"},"geometry":{"type":"Polygon","coordinates":[[[36.63477036909175,37.02451138964371],[36.63480937082567,37.024727465847796],[36.63453218106225,37.0247593724229],[36.63449316077197,37.024543298445565],[36.63477036909175,37.02451138964371]]]}},{"type":"Feature","properties":{"source":"Microsoft Global ML Building Footprints"},"geometry":{"type":"Polygon","coordinates":[[[36.63526372771082,37.02010151441143],[36.635397812671556,37.020100038335784],[36.63539866309006,37.020149284399935],[36.63526457812928,37.02015076047464],[36.63526372771082,37.02010151441143]]]}},{"type":"Feature","properties":{"source":"Microsoft Global ML Building Footprints"},"geometry":{"type":"Polygon","coordinates":[[[36.636643652442345,37.027451627828306],[36.63660555983524,37.027656974481],[36.63649270014449,37.027643630860524],[36.636530792751635,37.02743828417178],[36.636643652442345,37.027451627828306]]]}},{"type":"Feature","properties":{"source":"Microsoft Global ML Building Footprints"},"geometry":{"type":"Polygon","coordinates":[[[36.637652181483226,37.03275918799543],[36.6377199124499,37.03277128616936],[36.637728828268024,37.03273947706677],[36.63788588088302,37.03276752119367],[36.63788016709234,37.03278791274567],[36.63796957111125,37.032803877180584],[36.63793071733461,37.03294253955983],[36.637616526068285,37.032886436061865],[36.637652181483226,37.03275918799543]]]}},{"type":"Feature","properties":{"source":"Microsoft Global ML Building Footprints"},"geometry":{"type":"Polygon","coordinates":[[[36.62393487910321,37.01943436722891],[36.623798469855714,37.01944014525011],[36.62379195123211,37.01934190956289],[36.62392836047957,37.01933613153419],[36.62393487910321,37.01943436722891]]]}},{"type":"Feature","properties":{"source":"Microsoft Global ML Building Footprints"},"geometry":{"type":"Polygon","coordinates":[[[36.62484275145954,37.02228863870907],[36.62484573374844,37.02231842910119],[36.62475245234799,37.02232438175724],[36.6247494700591,37.022294591367455],[36.62484275145954,37.02228863870907]]]}},{"type":"Feature","properties":{"source":"Microsoft Global ML Building Footprints"},"geometry":{"type":"Polygon","coordinates":[[[36.62506440784563,37.022786994886815],[36.62506303997952,37.02274538444868],[36.625103245493364,37.02274454420661],[36.62510461328564,37.0227861524001],[36.62506440784563,37.022786994886815]]]}},{"type":"Feature","properties":{"source":"Microsoft Global ML Building Footprints"},"geometry":{"type":"Polygon","coordinates":[[[36.62616092702312,37.01927325007468],[36.626159544252985,37.01932033858796],[36.62607644145734,37.01931878288304],[36.62607782422748,37.01927169436879],[36.62616092702312,37.01927325007468]]]}},{"type":"Feature","properties":{"source":"Microsoft Global ML Building Footprints"},"geometry":{"type":"Polygon","coordinates":[[[36.62957171501185,37.032639632275085],[36.629572220144865,37.03268887626869],[36.62938716013199,37.03269008599965],[36.629386654998974,37.03264084200684],[36.62957171501185,37.032639632275085]]]}},{"type":"Feature","properties":{"source":"Microsoft Global ML Building Footprints"},"geometry":{"type":"Polygon","coordinates":[[[36.630375140101705,37.0218085022324],[36.63036010611493,37.021757806925926],[36.63053281413745,37.02172515810879],[36.63056228075152,37.02182452092035],[36.63042618155501,37.02185024915292],[36.63041174488803,37.021801582449775],[36.630375140101705,37.0218085022324]]]}},{"type":"Feature","properties":{"source":"Microsoft Global ML Building Footprints"},"geometry":{"type":"Polygon","coordinates":[[[36.63107494734406,37.021816668553676],[36.63099841663621,37.021853677355736],[36.63095274930449,37.02179347907309],[36.63102927763896,37.02175646711308],[36.63107494734406,37.021816668553676]]]}},{"type":"Feature","properties":{"source":"Microsoft Global ML Building Footprints"},"geometry":{"type":"Polygon","coordinates":[[[36.631916067863415,37.025296833533965],[36.63194150302723,37.02538090813977],[36.631798235045835,37.02540853465828],[36.63177280455856,37.02532445117616],[36.631916067863415,37.025296833533965]]]}},{"type":"Feature","properties":{"source":"Microsoft Global ML Building Footprints"},"geometry":{"type":"Polygon","coordinates":[[[36.632563734899016,37.022523736523915],[36.63258779534761,37.02259570033906],[36.63233101033919,37.02265044126131],[36.632306944001954,37.02257847875336],[36.632563734899016,37.022523736523915]]]}},{"type":"Feature","properties":{"source":"Microsoft Global ML Building Footprints"},"geometry":{"type":"Polygon","coordinates":[[[36.6338735668727,37.02198548783784],[36.63388764443186,37.02205432244773],[36.63383168072919,37.0220616151103],[36.63381760904757,37.02199277974111],[36.6338735668727,37.02198548783784]]]}},{"type":"Feature","properties":{"source":"Microsoft Global ML Building Footprints"},"geometry":{"type":"Polygon","coordinates":[[[36.634702007470025,37.031617904211615],[36.634431943616505,37.031629915123155],[36.63442001137723,37.03145914833528],[36.63469007523075,37.03144713739673],[36.634702007470025,37.031617904211615]]]}},{"type":"Feature","properties":{"source":"Microsoft Global ML Building Footprints"},"geometry":{"type":"Polygon","coordinates":[[[36.63871173856994,37.02729503164543],[36.63857937356606,37.02729867785209],[36.63857464966811,37.02718959966129],[36.63870702422318,37.02718595318629],[36.63871173856994,37.02729503164543]]]}},{"type":"Feature","properties":{"source":"Microsoft Global ML Building Footprints"},"geometry":{"type":"Polygon","coordinates":[[[36.639113798988454,37.02780146783813],[36.63927827214743,37.027805952535495],[36.63927622614302,37.02785377674088],[36.63929929353893,37.027854404431345],[36.63929795662443,37.027885718209355],[36.639242737536215,37.0278842125495],[36.63924096595621,37.02792562219772],[36.63910865204302,37.02792202178677],[36.639113798988454,37.02780146783813]]]}},{"type":"Feature","properties":{"source":"Microsoft Global ML Building Footprints"},"geometry":{"type":"Polygon","coordinates":[[[36.639116216074505,37.02633073335973],[36.639376885221694,37.02636327200091],[36.63934673854086,37.02651720271976],[36.639239393399805,37.026503797140144],[36.639223280242476,37.02658607175223],[36.63915782518898,37.026577901196056],[36.63915306145198,37.026602225068345],[36.639009061872514,37.02658424199329],[36.63901013975074,37.026578738294084],[36.63896937879589,37.02657365022709],[36.63898713988073,37.02648300176901],[36.63908401128991,37.02649509936135],[36.639116216074505,37.02633073335973]]]}},{"type":"Feature","properties":{"source":"Microsoft Global ML Building Footprints"},"geometry":{"type":"Polygon","coordinates":[[[36.62432318678298,37.02072809917622],[36.62432660845932,37.02083081956523],[36.624200633741786,37.0208334945735],[36.62419721206544,37.0207307741881],[36.62432318678298,37.02072809917622]]]}},{"type":"Feature","properties":{"source":"Microsoft Global ML Building Footprints"},"geometry":{"type":"Polygon","coordinates":[[[36.62554527171962,37.018954164645464],[36.62549451608581,37.01895158077037],[36.625496559982025,37.01892598593713],[36.62554731561584,37.018928569813085],[36.62554527171962,37.018954164645464]]]}},{"type":"Feature","properties":{"source":"Microsoft Global ML Building Footprints"},"geometry":{"type":"Polygon","coordinates":[[[36.62697004832536,37.0270761306899],[36.627067044270156,37.02701595562965],[36.62712162555725,37.02707203058598],[36.62707745140387,37.02709943565902],[36.62714243277536,37.02716618921773],[36.627089607335215,37.02719896139535],[36.62697004832536,37.0270761306899]]]}},{"type":"Feature","properties":{"source":"Microsoft Global ML Building Footprints"},"geometry":{"type":"Polygon","coordinates":[[[36.627540116915974,37.02302845394078],[36.62750273871908,37.02315272950471],[36.62734688897389,37.023122850111434],[36.62738427994788,37.02299856824028],[36.627540116915974,37.02302845394078]]]}},{"type":"Feature","properties":{"source":"Microsoft Global ML Building Footprints"},"geometry":{"type":"Polygon","coordinates":[[[36.627719285606176,37.02769426494532],[36.627846106320106,37.0276397300707],[36.62789761872289,37.02771607999939],[36.62780198343041,37.02775720462119],[36.627784066072934,37.02773064814734],[36.627752880651485,37.027744058349995],[36.627719285606176,37.02769426494532]]]}},{"type":"Feature","properties":{"source":"Microsoft Global ML Building Footprints"},"geometry":{"type":"Polygon","coordinates":[[[36.628937869130986,37.024486958120654],[36.62890776891355,37.0243855821895],[36.629093155681765,37.024350506710185],[36.6291232558992,37.02445188268817],[36.628937869130986,37.024486958120654]]]}},{"type":"Feature","properties":{"source":"Microsoft Global ML Building Footprints"},"geometry":{"type":"Polygon","coordinates":[[[36.62954627356826,37.02395151802521],[36.62973253300725,37.02390944971881],[36.6297655532113,37.02400263913887],[36.62957929377231,37.024044707393635],[36.62954627356826,37.02395151802521]]]}},{"type":"Feature","properties":{"source":"Microsoft Global ML Building Footprints"},"geometry":{"type":"Polygon","coordinates":[[[36.63026111033352,37.02461957961375],[36.6302605453485,37.02460889155031],[36.630393068485326,37.02460443370738],[36.630398934602475,37.02471558982759],[36.63031593346759,37.02471838183427],[36.630310631400164,37.02461791381331],[36.63026111033352,37.02461957961375]]]}},{"type":"Feature","properties":{"source":"Microsoft Global ML Building Footprints"},"geometry":{"type":"Polygon","coordinates":[[[36.63212325612312,37.021544515645196],[36.63205930721291,37.02161848722417],[36.631982272568216,37.02157603026526],[36.63204622587007,37.021502061065384],[36.63212325612312,37.021544515645196]]]}},{"type":"Feature","properties":{"source":"Microsoft Global ML Building Footprints"},"geometry":{"type":"Polygon","coordinates":[[[36.63387350237949,37.0210396409808],[36.63394211213049,37.02112399082107],[36.633838351937094,37.02117779156306],[36.63376974218609,37.02109344178253],[36.63387350237949,37.0210396409808]]]}},{"type":"Feature","properties":{"source":"Microsoft Global ML Building Footprints"},"geometry":{"type":"Polygon","coordinates":[[[36.63741278320147,37.02376736544237],[36.63732173606316,37.02377029586415],[36.63731936107687,37.02372326066534],[36.63741040821518,37.02372033024172],[36.63741278320147,37.02376736544237]]]}},{"type":"Feature","properties":{"source":"Microsoft Global ML Building Footprints"},"geometry":{"type":"Polygon","coordinates":[[[36.63802718681613,37.01969416124813],[36.63802502457195,37.01983119872869],[36.63793920750346,37.01983033553144],[36.63793772096057,37.01992454865701],[36.63769465059873,37.01992210371902],[36.63769831965355,37.01969085330778],[36.63802718681613,37.01969416124813]]]}},{"type":"Feature","properties":{"source":"Microsoft Global ML Building Footprints"},"geometry":{"type":"Polygon","coordinates":[[[36.63809972740391,37.02737605232472],[36.63812310824557,37.02726217501773],[36.63834251874191,37.02729088715945],[36.638319135449045,37.027404776362154],[36.63809972740391,37.02737605232472]]]}},{"type":"Feature","properties":{"source":"Microsoft Global ML Building Footprints"},"geometry":{"type":"Polygon","coordinates":[[[36.63885253862407,37.02231132236858],[36.63887312086966,37.02213727243125],[36.638952876187446,37.02214328447679],[36.63894886013956,37.02217724546879],[36.63900203035143,37.0221812534971],[36.63899826530651,37.02221309191164],[36.63904611849716,37.02221669913543],[36.63903331734443,37.02232494963992],[36.63885253862407,37.02231132236858]]]}},{"type":"Feature","properties":{"source":"Microsoft Global ML Building Footprints"},"geometry":{"type":"Polygon","coordinates":[[[36.62439293356745,37.02105686647314],[36.62441323183967,37.020954497934575],[36.62449696390659,37.02096508173942],[36.62447666563437,37.02106745026369],[36.62439293356745,37.02105686647314]]]}},{"type":"Feature","properties":{"source":"Microsoft Global ML Building Footprints"},"geometry":{"type":"Polygon","coordinates":[[[36.624963381238224,37.02038489653802],[36.62481334510451,37.02038089732121],[36.62481679152106,37.02029864584432],[36.62488913020203,37.02030057807807],[36.62489025519936,37.020273729101206],[36.62496795248289,37.02027580012713],[36.624963381238224,37.02038489653802]]]}},{"type":"Feature","properties":{"source":"Microsoft Global ML Building Footprints"},"geometry":{"type":"Polygon","coordinates":[[[36.62630427039566,37.03336217063023],[36.626327966259325,37.033394962729616],[36.626283691889874,37.033415353044795],[36.626259994685,37.03338255909815],[36.62630427039566,37.03336217063023]]]}},{"type":"Feature","properties":{"source":"Microsoft Global ML Building Footprints"},"geometry":{"type":"Polygon","coordinates":[[[36.62676832874564,37.02319389517286],[36.62671159933104,37.02331384621692],[36.62662239377246,37.023286953951036],[36.626679123187024,37.0231670028645],[36.62676832874564,37.02319389517286]]]}},{"type":"Feature","properties":{"source":"Microsoft Global ML Building Footprints"},"geometry":{"type":"Polygon","coordinates":[[[36.62915532442164,37.02065305363514],[36.629178268919944,37.02069677273676],[36.62923302605893,37.02067845037277],[36.629272585206685,37.02075382746064],[36.62907039011286,37.02082147286013],[36.629007882631385,37.02070238934826],[36.62915532442164,37.02065305363514]]]}},{"type":"Feature","properties":{"source":"Microsoft Global ML Building Footprints"},"geometry":{"type":"Polygon","coordinates":[[[36.629891085503104,37.02399962538478],[36.6299603911297,37.024264301914286],[36.62987174703523,37.02427909720518],[36.62988678529163,37.02433654704676],[36.63001141271026,37.02431574591388],[36.63004257337958,37.02443474738324],[36.62967764860586,37.02449565560798],[36.6295621392282,37.02405452888991],[36.629891085503104,37.02399962538478]]]}},{"type":"Feature","properties":{"source":"Microsoft Global ML Building Footprints"},"geometry":{"type":"Polygon","coordinates":[[[36.63114338737982,37.03056701196945],[36.63113359454072,37.03074347339071],[36.630483092504605,37.03072050305834],[36.63049288735681,37.03054400530935],[36.63114338737982,37.03056701196945]]]}},{"type":"Feature","properties":{"source":"Microsoft Global ML Building Footprints"},"geometry":{"type":"Polygon","coordinates":[[[36.631307499598435,37.01991200807799],[36.6311669024448,37.02001511142461],[36.63109340769199,37.01995122198473],[36.6312340018079,37.01984812077903],[36.631307499598435,37.01991200807799]]]}},{"type":"Feature","properties":{"source":"Microsoft Global ML Building Footprints"},"geometry":{"type":"Polygon","coordinates":[[[36.63140622084289,37.022860474665514],[36.631534512302906,37.02286657528356],[36.63152790381059,37.02295526486473],[36.631399611818324,37.02294917139727],[36.63140622084289,37.022860474665514]]]}},{"type":"Feature","properties":{"source":"Microsoft Global ML Building Footprints"},"geometry":{"type":"Polygon","coordinates":[[[36.63233190206829,37.03201634960623],[36.632356251940486,37.031667432955345],[36.6325261832896,37.031674990535166],[36.63250180226064,37.03202391525832],[36.63233190206829,37.03201634960623]]]}},{"type":"Feature","properties":{"source":"Microsoft Global ML Building Footprints"},"geometry":{"type":"Polygon","coordinates":[[[36.63293517646704,37.02806047155317],[36.633019920422456,37.02805281022463],[36.6330284604559,37.028113016342736],[36.63311585334378,37.02810512042438],[36.63312530618573,37.028171761673946],[36.6332815528535,37.02815763611955],[36.63331214190423,37.02837328440521],[36.63320356371139,37.02838310044084],[36.633199365214196,37.0283535016966],[36.633114621258784,37.02836116299482],[36.633118363713336,37.02838754670804],[36.6329833019775,37.02839974944524],[36.63293517646704,37.02806047155317]]]}},{"type":"Feature","properties":{"source":"Microsoft Global ML Building Footprints"},"geometry":{"type":"Polygon","coordinates":[[[36.63433599019554,37.021043832178165],[36.63425937387832,37.021065046140855],[36.634246088819154,37.02103446035704],[36.63432270513632,37.02101324638581],[36.63433599019554,37.021043832178165]]]}},{"type":"Feature","properties":{"source":"Microsoft Global ML Building Footprints"},"geometry":{"type":"Polygon","coordinates":[[[36.634883783480426,37.02009677771148],[36.63468806936939,37.02010008058099],[36.634686149050964,37.020027300561004],[36.634881863162,37.02002399768833],[36.634883783480426,37.02009677771148]]]}},{"type":"Feature","properties":{"source":"Microsoft Global ML Building Footprints"},"geometry":{"type":"Polygon","coordinates":[[[36.63505465700808,37.02677413959965],[36.63459308150817,37.02702523963108],[36.6344701122729,37.02688118164716],[36.63481523456208,37.02669341334723],[36.63479776108366,37.02667294105954],[36.634914198035304,37.02660959188975],[36.63505465700808,37.02677413959965]]]}},{"type":"Feature","properties":{"source":"Microsoft Global ML Building Footprints"},"geometry":{"type":"Polygon","coordinates":[[[36.62422905743846,37.024594798005545],[36.62433881865697,37.024590970902544],[36.62434256000569,37.024659365679874],[36.62423279878717,37.02466319277942],[36.62422905743846,37.024594798005545]]]}},{"type":"Feature","properties":{"source":"Microsoft Global ML Building Footprints"},"geometry":{"type":"Polygon","coordinates":[[[36.624585778872294,37.02172871409358],[36.62448498590252,37.02173724134576],[36.62447839671053,37.02168756047212],[36.62457919041903,37.021679038784164],[36.624585778872294,37.02172871409358]]]}},{"type":"Feature","properties":{"source":"Microsoft Global ML Building Footprints"},"geometry":{"type":"Polygon","coordinates":[[[36.625347652532255,37.02418494134983],[36.62534489796592,37.02427790606174],[36.62549233719642,37.02428068245761],[36.625490561561584,37.024340608844554],[36.62525197807949,37.02433611613472],[36.625256508431505,37.02418321994014],[36.625347652532255,37.02418494134983]]]}},{"type":"Feature","properties":{"source":"Microsoft Global ML Building Footprints"},"geometry":{"type":"Polygon","coordinates":[[[36.625392002998794,37.02181294596095],[36.62526880228396,37.02180918019697],[36.62527336712886,37.021714154474815],[36.62539656751348,37.02171792711781],[36.625392002998794,37.02181294596095]]]}},{"type":"Feature","properties":{"source":"Microsoft Global ML Building Footprints"},"geometry":{"type":"Polygon","coordinates":[[[36.62603313058593,37.02513805560883],[36.62603028953885,37.02522883481084],[36.62591375109428,37.02522651660377],[36.62591658439128,37.02513573073255],[36.62603313058593,37.02513805560883]]]}},{"type":"Feature","properties":{"source":"Microsoft Global ML Building Footprints"},"geometry":{"type":"Polygon","coordinates":[[[36.627403204236664,37.01925477596093],[36.62757455979848,37.01920033873496],[36.627616941983646,37.019285386515236],[36.62744558642182,37.01933982368026],[36.627403204236664,37.01925477596093]]]}},{"type":"Feature","properties":{"source":"Microsoft Global ML Building Footprints"},"geometry":{"type":"Polygon","coordinates":[[[36.627887224464,37.02148736179384],[36.62788887075662,37.02154086712324],[36.6278234538863,37.02154214653958],[36.62782181228117,37.02148864111942],[36.627887224464,37.02148736179384]]]}},{"type":"Feature","properties":{"source":"Microsoft Global ML Building Footprints"},"geometry":{"type":"Polygon","coordinates":[[[36.63024696570377,37.02729511706583],[36.63049451496402,37.027288131940175],[36.63049810578862,37.02736940143067],[36.63025056364412,37.027376386348074],[36.63024696570377,37.02729511706583]]]}},{"type":"Feature","properties":{"source":"Microsoft Global ML Building Footprints"},"geometry":{"type":"Polygon","coordinates":[[[36.630301856381415,37.02559674719272],[36.630402481359845,37.0255807677797],[36.63041839082279,37.02564462428395],[36.63031776584432,37.02566060368354],[36.630301856381415,37.02559674719272]]]}},{"type":"Feature","properties":{"source":"Microsoft Global ML Building Footprints"},"geometry":{"type":"Polygon","coordinates":[[[36.63170687720922,37.021531054821175],[36.631593470646436,37.021619261224814],[36.63152032452328,37.02155930818947],[36.631588316604244,37.02150642845084],[36.63156761785569,37.021489464255254],[36.631613032019594,37.02145414155946],[36.63170687720922,37.021531054821175]]]}},{"type":"Feature","properties":{"source":"Microsoft Global ML Building Footprints"},"geometry":{"type":"Polygon","coordinates":[[[36.63243649486335,37.023307082934906],[36.63248135687749,37.02337924296577],[36.632344634161825,37.023433432330606],[36.63229976707266,37.023361274362685],[36.63243649486335,37.023307082934906]]]}},{"type":"Feature","properties":{"source":"Microsoft Global ML Building Footprints"},"geometry":{"type":"Polygon","coordinates":[[[36.63336281628895,37.02719570712137],[36.63338504895039,37.027270737853364],[36.63319708429567,37.02730623669008],[36.63317485163424,37.02723120599317],[36.63336281628895,37.02719570712137]]]}},{"type":"Feature","properties":{"source":"Microsoft Global ML Building Footprints"},"geometry":{"type":"Polygon","coordinates":[[[36.635906668307065,37.0207010446999],[36.636070049845884,37.02073874168751],[36.63603785806509,37.0208276825674],[36.63587447652627,37.020789985623935],[36.635906668307065,37.0207010446999]]]}},{"type":"Feature","properties":{"source":"Microsoft Global ML Building Footprints"},"geometry":{"type":"Polygon","coordinates":[[[36.63652888952674,37.029903362332384],[36.63652293918224,37.02993131623894],[36.636483834805304,37.02992601348736],[36.63648978560184,37.029898057455284],[36.63652888952674,37.029903362332384]]]}},{"type":"Feature","properties":{"source":"Microsoft Global ML Building Footprints"},"geometry":{"type":"Polygon","coordinates":[[[36.636850126828534,37.029026999122514],[36.63684254245233,37.02915948222193],[36.63669265182938,37.02915401334444],[36.636700236205584,37.029021530235504],[36.636850126828534,37.029026999122514]]]}},{"type":"Feature","properties":{"source":"Microsoft Global ML Building Footprints"},"geometry":{"type":"Polygon","coordinates":[[[36.637251338310016,37.01933262361313],[36.63724696467572,37.019227803310706],[36.63740503956546,37.019223598589896],[36.63740923468407,37.019324140521036],[36.63751908333629,37.01932121860013],[36.63752172485197,37.01938452618117],[36.63739580049395,37.019387868668424],[36.63739396259216,37.01934382081413],[36.63731894400042,37.01934581627172],[36.63731831919553,37.01933084195426],[36.637251338310016,37.01933262361313]]]}},{"type":"Feature","properties":{"source":"Microsoft Global ML Building Footprints"},"geometry":{"type":"Polygon","coordinates":[[[36.638510603855174,37.02736716512184],[36.63867393914994,37.027372558840455],[36.638670727233446,37.02743455149272],[36.63850739193872,37.027429157778506],[36.638510603855174,37.02736716512184]]]}},{"type":"Feature","properties":{"source":"Microsoft Global ML Building Footprints"},"geometry":{"type":"Polygon","coordinates":[[[36.63855203732023,37.03340086807084],[36.63842330653492,37.03339975326202],[36.63842381551438,37.033362539383155],[36.63839431473196,37.033362282257954],[36.63839392285623,37.03339093413468],[36.63836577491921,37.03339069037346],[36.63836682229919,37.03331361741839],[36.638553208582955,37.033315231525776],[36.63855203732023,37.03340086807084]]]}},{"type":"Feature","properties":{"source":"Microsoft Global ML Building Footprints"},"geometry":{"type":"Polygon","coordinates":[[[36.626531311598534,37.02354473556194],[36.62649429303316,37.023656866244195],[36.62636638646135,37.02362994995138],[36.62640340502672,37.02351781922939],[36.626531311598534,37.02354473556194]]]}},{"type":"Feature","properties":{"source":"Microsoft Global ML Building Footprints"},"geometry":{"type":"Polygon","coordinates":[[[36.627975031623265,37.02241581262722],[36.62815203790953,37.02241432898549],[36.62815275203609,37.02246863847851],[36.628233209379836,37.02246795960099],[36.62823395940288,37.022524998988025],[36.62797649571375,37.0225271570092],[36.627975031623265,37.02241581262722]]]}},{"type":"Feature","properties":{"source":"Microsoft Global ML Building Footprints"},"geometry":{"type":"Polygon","coordinates":[[[36.62820001397833,37.026436378240945],[36.628325730602,37.02655457162263],[36.62822911126859,37.02662007946068],[36.628165110575125,37.0265599088265],[36.62814417823074,37.02657409977499],[36.62808246006812,37.02651607982346],[36.62820001397833,37.026436378240945]]]}},{"type":"Feature","properties":{"source":"Microsoft Global ML Building Footprints"},"geometry":{"type":"Polygon","coordinates":[[[36.62848198926461,37.02692834670457],[36.62822830435733,37.02704320528118],[36.62809939719834,37.02686173845956],[36.62835308210558,37.02674687960856],[36.62848198926461,37.02692834670457]]]}},{"type":"Feature","properties":{"source":"Microsoft Global ML Building Footprints"},"geometry":{"type":"Polygon","coordinates":[[[36.62918814861612,37.01849461893508],[36.62916620733014,37.018458034740654],[36.62930584774437,37.0184046439858],[36.6293601785477,37.018495233451084],[36.62923362942229,37.01854361876657],[36.62922736048343,37.01853316614814],[36.62918154097253,37.01855068496407],[36.62915542039403,37.01850713238179],[36.62918814861612,37.01849461893508]]]}},{"type":"Feature","properties":{"source":"Microsoft Global ML Building Footprints"},"geometry":{"type":"Polygon","coordinates":[[[36.62994386135531,37.02490249057223],[36.62998673480594,37.024887623168866],[36.630007317132424,37.02492545526657],[36.62996444368175,37.02494032266252],[36.62994386135531,37.02490249057223]]]}},{"type":"Feature","properties":{"source":"Microsoft Global ML Building Footprints"},"geometry":{"type":"Polygon","coordinates":[[[36.63194130782981,37.02724812418174],[36.63186863271896,37.02727520943622],[36.63180386379158,37.02716444371572],[36.63187653890243,37.027137358421726],[36.63194130782981,37.02724812418174]]]}},{"type":"Feature","properties":{"source":"Microsoft Global ML Building Footprints"},"geometry":{"type":"Polygon","coordinates":[[[36.63208261041852,37.01947838031897],[36.632034580313984,37.0195208289037],[36.63193619231044,37.01944985469041],[36.63198422446362,37.019407407543866],[36.63208261041852,37.01947838031897]]]}},{"type":"Feature","properties":{"source":"Microsoft Global ML Building Footprints"},"geometry":{"type":"Polygon","coordinates":[[[36.632254126806735,37.021088035159764],[36.632366038573466,37.02113016587736],[36.6323163745479,37.02121426170535],[36.63220446278112,37.02117213103441],[36.632254126806735,37.021088035159764]]]}},{"type":"Feature","properties":{"source":"Microsoft Global ML Building Footprints"},"geometry":{"type":"Polygon","coordinates":[[[36.63261756501247,37.02294904480066],[36.63241683159961,37.023005117141125],[36.63237380659825,37.02290693632494],[36.632574535631846,37.0228508539188],[36.63261756501247,37.02294904480066]]]}},{"type":"Feature","properties":{"source":"Microsoft Global ML Building Footprints"},"geometry":{"type":"Polygon","coordinates":[[[36.63311425210108,37.02508660575124],[36.63312752795634,37.02515230616331],[36.63303989409945,37.025163588207896],[36.633045173072304,37.02518972444984],[36.63300073162782,37.025195448353415],[36.63301295661117,37.02525597431646],[36.63284041923838,37.025278196508566],[36.63281091065788,37.025132099316835],[36.632953438510796,37.02511374220794],[36.632952595051854,37.02510956804326],[36.633031020267374,37.025099467136386],[36.633030598537886,37.025097380053694],[36.63311425210108,37.02508660575124]]]}},{"type":"Feature","properties":{"source":"Microsoft Global ML Building Footprints"},"geometry":{"type":"Polygon","coordinates":[[[36.63414346387021,37.02757585440123],[36.63417759645853,37.027651719989244],[36.63410632506019,37.02767215717172],[36.63407219247187,37.02759629160412],[36.63414346387021,37.02757585440123]]]}},{"type":"Feature","properties":{"source":"Microsoft Global ML Building Footprints"},"geometry":{"type":"Polygon","coordinates":[[[36.6343473734669,37.02448610514803],[36.634121225868775,37.02451163101656],[36.63412438540197,37.024529464514885],[36.63361687304355,37.02458677707071],[36.63360497065388,37.024519595894745],[36.633703578461635,37.02450846026687],[36.63369911723073,37.024483267062365],[36.63363206243034,37.024490839460405],[36.63361104436109,37.024372206067326],[36.633755673638966,37.024355881354985],[36.63377185495869,37.02444721446465],[36.63383233570606,37.024440384460675],[36.63382712841059,37.02441099264686],[36.6341150784251,37.024378474844106],[36.63409742119322,37.02427876172863],[36.6343064586054,37.02425516705936],[36.6343473734669,37.02448610514803]]]}},{"type":"Feature","properties":{"source":"Microsoft Global ML Building Footprints"},"geometry":{"type":"Polygon","coordinates":[[[36.63537206374705,37.02474420035984],[36.63547657435865,37.02474167757671],[36.635481678804915,37.02487646307825],[36.635377168193315,37.02487898585694],[36.63537206374705,37.02474420035984]]]}},{"type":"Feature","properties":{"source":"Microsoft Global ML Building Footprints"},"geometry":{"type":"Polygon","coordinates":[[[36.63881267455699,37.02187741273947],[36.6388157095498,37.02193298582451],[36.63871397901972,37.02193652735669],[36.638710944026904,37.02188095427422],[36.63881267455699,37.02187741273947]]]}},{"type":"Feature","properties":{"source":"Microsoft Global ML Building Footprints"},"geometry":{"type":"Polygon","coordinates":[[[36.63907503558401,37.02149474927151],[36.63892485899744,37.02149636050249],[36.63892185465183,37.0213178571406],[36.639072031379605,37.021316254296174],[36.63907503558401,37.02149474927151]]]}},{"type":"Feature","properties":{"source":"Microsoft Global ML Building Footprints"},"geometry":{"type":"Polygon","coordinates":[[[36.63913980829844,37.03209686659473],[36.63911591254998,37.03221225894892],[36.63886648103174,37.032179355570875],[36.63889036974051,37.03206394830141],[36.63913980829844,37.03209686659473]]]}},{"type":"Feature","properties":{"source":"Microsoft Global ML Building Footprints"},"geometry":{"type":"Polygon","coordinates":[[[36.63923085773759,37.031505632675966],[36.63918815783721,37.031596380246455],[36.63904137917131,37.0315523662043],[36.639084089425765,37.03146161348575],[36.63923085773759,37.031505632675966]]]}},{"type":"Feature","properties":{"source":"Microsoft Global ML Building Footprints"},"geometry":{"type":"Polygon","coordinates":[[[36.63949176808819,37.023577418427585],[36.63963213125816,37.023597426535275],[36.639600561042435,37.023738544300834],[36.63956020780001,37.02373279214773],[36.63956716917361,37.02370166287208],[36.639467161890636,37.02368740732578],[36.63949176808819,37.023577418427585]]]}},{"type":"Feature","properties":{"source":"Microsoft Global ML Building Footprints"},"geometry":{"type":"Polygon","coordinates":[[[36.639667701886204,37.0274087877857],[36.63968116512517,37.02733979748829],[36.63983566705474,37.02735900560586],[36.639829955377564,37.02738827421712],[36.63987864999386,37.027394328066414],[36.63987090183187,37.02743405015461],[36.639667701886204,37.0274087877857]]]}},{"type":"Feature","properties":{"source":"Microsoft Global ML Building Footprints"},"geometry":{"type":"Polygon","coordinates":[[[36.62540799118781,37.02522708573682],[36.62537185208977,37.02522744316073],[36.625370816385285,37.02516107008593],[36.62555446016123,37.025159253805604],[36.62555596948834,37.0252565254188],[36.625408470755985,37.025257992456034],[36.62540799118781,37.02522708573682]]]}},{"type":"Feature","properties":{"source":"Microsoft Global ML Building Footprints"},"geometry":{"type":"Polygon","coordinates":[[[36.626590700560286,37.02097963528764],[36.62662681168797,37.02097387823585],[36.62664257045878,37.0210368898493],[36.62660645884572,37.02104264495576],[36.626590700560286,37.02097963528764]]]}},{"type":"Feature","properties":{"source":"Microsoft Global ML Building Footprints"},"geometry":{"type":"Polygon","coordinates":[[[36.62704220778409,37.02009936081809],[36.62695908704088,37.02009814851206],[36.626959870717286,37.02006389527805],[36.62704299146049,37.0200651075846],[36.62704220778409,37.02009936081809]]]}},{"type":"Feature","properties":{"source":"Microsoft Global ML Building Footprints"},"geometry":{"type":"Polygon","coordinates":[[[36.627108561696495,37.02259974020402],[36.62714761782275,37.02251982389049],[36.62723971351258,37.02254851402522],[36.62724153035938,37.02254479707483],[36.627313690717784,37.022567276843546],[36.62727281166492,37.02265090815853],[36.627108561696495,37.02259974020402]]]}},{"type":"Feature","properties":{"source":"Microsoft Global ML Building Footprints"},"geometry":{"type":"Polygon","coordinates":[[[36.62756017056168,37.0203529287081],[36.62761223661355,37.020442950124256],[36.62744421807871,37.02050489846696],[36.62739215202679,37.020414877124196],[36.62756017056168,37.0203529287081]]]}},{"type":"Feature","properties":{"source":"Microsoft Global ML Building Footprints"},"geometry":{"type":"Polygon","coordinates":[[[36.62858497560622,37.02318988231415],[36.62847735329476,37.02315700501407],[36.628507474369556,37.0230941659263],[36.628477060079106,37.023084873022725],[36.62856122270074,37.022909291263225],[36.62863713979579,37.02293248732667],[36.62862224538213,37.02296356605682],[36.62868436144946,37.02298254180583],[36.62858497560622,37.02318988231415]]]}},{"type":"Feature","properties":{"source":"Microsoft Global ML Building Footprints"},"geometry":{"type":"Polygon","coordinates":[[[36.63019465648889,37.028220810494],[36.63019257814671,37.02832570846685],[36.630096042774575,37.02832448944857],[36.630096424510896,37.02830522248451],[36.630045475286735,37.0283045791136],[36.63004717189259,37.02821894810239],[36.63019465648889,37.028220810494]]]}},{"type":"Feature","properties":{"source":"Microsoft Global ML Building Footprints"},"geometry":{"type":"Polygon","coordinates":[[[36.63203831722553,37.02090340948403],[36.6321333790232,37.02101593848361],[36.63205482232657,37.02105824254268],[36.63195975629841,37.02094572027398],[36.63203831722553,37.02090340948403]]]}},{"type":"Feature","properties":{"source":"Microsoft Global ML Building Footprints"},"geometry":{"type":"Polygon","coordinates":[[[36.63492428705696,37.02399219076383],[36.63482944568876,37.02399723062287],[36.63481976314471,37.023881087840536],[36.63491461508893,37.02387605271193],[36.63492428705696,37.02399219076383]]]}},{"type":"Feature","properties":{"source":"Microsoft Global ML Building Footprints"},"geometry":{"type":"Polygon","coordinates":[[[36.63576261189843,37.02268965387416],[36.63561176188962,37.02273438829524],[36.63555835800527,37.0226195956043],[36.63570920801407,37.022574861115615],[36.63576261189843,37.02268965387416]]]}},{"type":"Feature","properties":{"source":"Microsoft Global ML Building Footprints"},"geometry":{"type":"Polygon","coordinates":[[[36.623683598141966,37.01853855666034],[36.62382434928403,37.01852732480718],[36.62383296912799,37.01859618768948],[36.623792056921644,37.01859945474143],[36.62379657215032,37.01863550108368],[36.6238374812282,37.0186322342831],[36.623850752111196,37.01873825357703],[36.62381781916998,37.01874088343836],[36.623823270231384,37.01878440071391],[36.623871072174985,37.01878058616123],[36.62387718105611,37.01882935495959],[36.62370190726291,37.01884334164288],[36.62369114500886,37.01875742374435],[36.623710798196896,37.018755854338586],[36.623683598141966,37.01853855666034]]]}},{"type":"Feature","properties":{"source":"Microsoft Global ML Building Footprints"},"geometry":{"type":"Polygon","coordinates":[[[36.62398924163868,37.02529748369579],[36.62414090436866,37.02533147470405],[36.62411121948031,37.02541589712814],[36.62395955951244,37.025381898302406],[36.62398924163868,37.02529748369579]]]}},{"type":"Feature","properties":{"source":"Microsoft Global ML Building Footprints"},"geometry":{"type":"Polygon","coordinates":[[[36.625421941280365,37.02369162219603],[36.625421941280365,37.02363380330166],[36.62536293268204,37.02363380330166],[36.62536293268204,37.023556711374034],[36.625531911849976,37.023556711374034],[36.625531911849976,37.02369162219603],[36.625421941280365,37.02369162219603]]]}},{"type":"Feature","properties":{"source":"Microsoft Global ML Building Footprints"},"geometry":{"type":"Polygon","coordinates":[[[36.62653144745394,37.02836606784753],[36.62640873594815,37.0284430453572],[36.62634932752716,37.02838269174193],[36.6264720348605,37.02830570993227],[36.62653144745394,37.02836606784753]]]}},{"type":"Feature","properties":{"source":"Microsoft Global ML Building Footprints"},"geometry":{"type":"Polygon","coordinates":[[[36.62700847493989,37.02566822851418],[36.62693943977451,37.025766713648004],[36.626813902947575,37.025710632137],[36.626882935282104,37.02561213865107],[36.62700847493989,37.02566822851418]]]}},{"type":"Feature","properties":{"source":"Microsoft Global ML Building Footprints"},"geometry":{"type":"Polygon","coordinates":[[[36.63062431207092,37.02495658546023],[36.63044233030598,37.02499022328002],[36.63043549875834,37.02496666568666],[36.63020637777855,37.02500900398866],[36.63017784888282,37.02491062623815],[36.6304222408359,37.024865452361965],[36.63041540897926,37.02484189366445],[36.630582130917475,37.02481108575343],[36.63062431207092,37.02495658546023]]]}},{"type":"Feature","properties":{"source":"Microsoft Global ML Building Footprints"},"geometry":{"type":"Polygon","coordinates":[[[36.631636586334494,37.02481144567372],[36.63179731006526,37.024816070789534],[36.63179315829801,37.02490803180416],[36.631632434567244,37.02490340669394],[36.631636586334494,37.02481144567372]]]}},{"type":"Feature","properties":{"source":"Microsoft Global ML Building Footprints"},"geometry":{"type":"Polygon","coordinates":[[[36.63281260623759,37.02589464086578],[36.633410176378604,37.025797642481066],[36.633477208902015,37.026060857894095],[36.633299483299744,37.0260897064646],[36.63328063040254,37.02601567724999],[36.63310548053361,37.02604410774226],[36.63311647805702,37.02608729144338],[36.63318229333509,37.02607660825257],[36.63319932866799,37.02614347741233],[36.63288881733387,37.0261938971637],[36.63281260623759,37.02589464086578]]]}},{"type":"Feature","properties":{"source":"Microsoft Global ML Building Footprints"},"geometry":{"type":"Polygon","coordinates":[[[36.62502327208167,37.02188289999212],[36.62495361244817,37.021884756734664],[36.62495150135023,37.021834374707254],[36.625021160820786,37.02183251407528],[36.62502327208167,37.02188289999212]]]}},{"type":"Feature","properties":{"source":"Microsoft Global ML Building Footprints"},"geometry":{"type":"Polygon","coordinates":[[[36.627503406013055,37.022190776211424],[36.62763390764704,37.022221914454825],[36.62758975591313,37.02233986844316],[36.62745925427919,37.02230873024811],[36.627503406013055,37.022190776211424]]]}},{"type":"Feature","properties":{"source":"Microsoft Global ML Building Footprints"},"geometry":{"type":"Polygon","coordinates":[[[36.62773369531684,37.0223988914917],[36.62763851448495,37.02239523228342],[36.6276430980721,37.0223191223993],[36.6277382858805,37.022322776560436],[36.62773369531684,37.0223988914917]]]}},{"type":"Feature","properties":{"source":"Microsoft Global ML Building Footprints"},"geometry":{"type":"Polygon","coordinates":[[[36.62921930580311,37.02567877707845],[36.62942085863082,37.02560256641835],[36.629508016195985,37.025749486866694],[36.629328371284316,37.02581741363173],[36.62928375491168,37.02574220445733],[36.62921803116352,37.025767055722284],[36.6291806779213,37.02570408986519],[36.629224493753426,37.025687522342416],[36.62921930580311,37.02567877707845]]]}},{"type":"Feature","properties":{"source":"Microsoft Global ML Building Footprints"},"geometry":{"type":"Polygon","coordinates":[[[36.63409896703983,37.02687135878684],[36.63389493398998,37.0269239493039],[36.63390160142842,37.02694043273349],[36.63358341354174,37.02702246490688],[36.63354497963117,37.02692744756191],[36.633695572371444,37.02688862313698],[36.63366106028849,37.02680330129458],[36.63403268430885,37.02670749244053],[36.63409896703983,37.02687135878684]]]}},{"type":"Feature","properties":{"source":"Microsoft Global ML Building Footprints"},"geometry":{"type":"Polygon","coordinates":[[[36.6349058655008,37.01867135995908],[36.63495138596044,37.01866986422477],[36.6349568957322,37.01877676216995],[36.63491137527256,37.018778257902156],[36.6349058655008,37.01867135995908]]]}},{"type":"Feature","properties":{"source":"Microsoft Global ML Building Footprints"},"geometry":{"type":"Polygon","coordinates":[[[36.63897593906154,37.02235601759859],[36.63905951279399,37.02236698281706],[36.63905178742952,37.022404515795195],[36.63896821369711,37.022393550582144],[36.63897593906154,37.02235601759859]]]}},{"type":"Feature","properties":{"source":"Microsoft Global ML Building Footprints"},"geometry":{"type":"Polygon","coordinates":[[[36.6392501911965,37.02837581249193],[36.63899712580977,37.02836485403272],[36.639004180486936,37.02826102144019],[36.63916731589208,37.02826807656717],[36.63916620804831,37.02828438211078],[36.639256130995754,37.02828827603738],[36.6392501911965,37.02837581249193]]]}},{"type":"Feature","properties":{"source":"Microsoft Global ML Building Footprints"},"geometry":{"type":"Polygon","coordinates":[[[36.624908325440025,37.019330768956166],[36.62487614942314,37.01933123285012],[36.62487508424563,37.01928413381487],[36.62502255765639,37.01928200763291],[36.625024978514304,37.01938905085564],[36.62490968112047,37.019390713141],[36.624908325440025,37.019330768956166]]]}},{"type":"Feature","properties":{"source":"Microsoft Global ML Building Footprints"},"geometry":{"type":"Polygon","coordinates":[[[36.6264459402832,37.021234681633544],[36.62644119302773,37.021302122880186],[36.62633959000373,37.02129756379565],[36.626344336860804,37.02123012820465],[36.6264459402832,37.021234681633544]]]}},{"type":"Feature","properties":{"source":"Microsoft Global ML Building Footprints"},"geometry":{"type":"Polygon","coordinates":[[[36.62718869741204,37.01931130633301],[36.62725698284211,37.019442916381536],[36.62711819254745,37.019488815041704],[36.627049916964665,37.01935720181615],[36.62718869741204,37.01931130633301]]]}},{"type":"Feature","properties":{"source":"Microsoft Global ML Building Footprints"},"geometry":{"type":"Polygon","coordinates":[[[36.6294914523339,37.0209408590521],[36.62964974203077,37.020886328059525],[36.629682315027836,37.020946611167],[36.629632565571,37.02096374712585],[36.629631590004536,37.02096194163829],[36.62952304573508,37.02099932917233],[36.6294914523339,37.0209408590521]]]}},{"type":"Feature","properties":{"source":"Microsoft Global ML Building Footprints"},"geometry":{"type":"Polygon","coordinates":[[[36.630034994409456,37.02376916185061],[36.62994999642688,37.023787485507015],[36.6299256954919,37.023715632475756],[36.63001069347447,37.02369730880202],[36.630034994409456,37.02376916185061]]]}},{"type":"Feature","properties":{"source":"Microsoft Global ML Building Footprints"},"geometry":{"type":"Polygon","coordinates":[[[36.63046200686361,37.03024382328098],[36.630473189643794,37.030025780476294],[36.63072757306048,37.03003409524584],[36.63071639028034,37.03025213802667],[36.63046200686361,37.03024382328098]]]}},{"type":"Feature","properties":{"source":"Microsoft Global ML Building Footprints"},"geometry":{"type":"Polygon","coordinates":[[[36.63117410893356,37.019818656698504],[36.63100600849891,37.019923611489574],[36.63093256805286,37.01984863362459],[36.63110066277832,37.01974367290125],[36.63117410893356,37.019818656698504]]]}},{"type":"Feature","properties":{"source":"Microsoft Global ML Building Footprints"},"geometry":{"type":"Polygon","coordinates":[[[36.63131052975804,37.02622307945273],[36.63115709123599,37.026271108580005],[36.631082347296115,37.02611891257701],[36.63123578581816,37.02607088335351],[36.63131052975804,37.02622307945273]]]}},{"type":"Feature","properties":{"source":"Microsoft Global ML Building Footprints"},"geometry":{"type":"Polygon","coordinates":[[[36.632028895702646,37.01978031776603],[36.63206040660541,37.019807208420204],[36.632101356755726,37.01977661567079],[36.632175563272014,37.01983993699608],[36.63210262399667,37.01989442382547],[36.632076593292645,37.01987221153021],[36.63196075260624,37.019958752832316],[36.631905888609495,37.01991193679314],[36.63194307203971,37.01988415809719],[36.631918246747844,37.019862974391124],[36.632028895702646,37.01978031776603]]]}},{"type":"Feature","properties":{"source":"Microsoft Global ML Building Footprints"},"geometry":{"type":"Polygon","coordinates":[[[36.63257020262353,37.02701627030676],[36.632537237785755,37.02689567210104],[36.6327585068814,37.026857134812964],[36.632751541844534,37.02683164578529],[36.63292820392985,37.02680086757281],[36.632982382976266,37.02699913934526],[36.63273808644494,37.027041700771655],[36.63272382182817,37.02698951529306],[36.63257020262353,37.02701627030676]]]}},{"type":"Feature","properties":{"source":"Microsoft Global ML Building Footprints"},"geometry":{"type":"Polygon","coordinates":[[[36.63315588992128,37.02191366778335],[36.633037312092156,37.02193745533989],[36.63299643992919,37.02180757953586],[36.63294850500392,37.02181719831595],[36.63293485998332,37.02177383971468],[36.63310137353055,37.021740435837835],[36.63315588992128,37.02191366778335]]]}},{"type":"Feature","properties":{"source":"Microsoft Global ML Building Footprints"},"geometry":{"type":"Polygon","coordinates":[[[36.63434179725241,37.02152564408743],[36.634475826817415,37.02152301526103],[36.63447872428744,37.02161718440954],[36.63434469472247,37.021619813232704],[36.63434179725241,37.02152564408743]]]}},{"type":"Feature","properties":{"source":"Microsoft Global ML Building Footprints"},"geometry":{"type":"Polygon","coordinates":[[[36.63479790148891,37.01998703744922],[36.63470258222539,37.020005547107665],[36.63466870712938,37.019894340193034],[36.63481305465163,37.01986630989449],[36.63483399562007,37.01993505603174],[36.63478496384723,37.01994457731853],[36.63479790148891,37.01998703744922]]]}},{"type":"Feature","properties":{"source":"Microsoft Global ML Building Footprints"},"geometry":{"type":"Polygon","coordinates":[[[36.63513707233164,37.019195933620395],[36.634999419660936,37.01919985665645],[36.63499549165738,37.019112164332704],[36.635133152005174,37.01910824107331],[36.63513707233164,37.019195933620395]]]}},{"type":"Feature","properties":{"source":"Microsoft Global ML Building Footprints"},"geometry":{"type":"Polygon","coordinates":[[[36.6364259086659,37.02820908752696],[36.63641050294364,37.028441839460285],[36.636388190934156,37.028440896973834],[36.636202334376335,37.028382597436824],[36.63622157662002,37.028383409178105],[36.635961343407914,37.02830176453664],[36.63595552237026,37.02828892645156],[36.635982309357374,37.0282345096945],[36.63627442007063,37.02815009422041],[36.63622269285296,37.02814791208156],[36.63633261319051,37.02811614678041],[36.63633907909273,37.028116419547885],[36.63637916486327,37.0281048353683],[36.6363836442375,37.02803716009224],[36.63645747611435,37.028015823776215],[36.63645955228219,37.02798445659108],[36.636472418151,37.02801283739115],[36.636528286752586,37.02801519424059],[36.63652629904111,37.028045185273754],[36.63647434193393,37.02806020010101],[36.63647101915804,37.02811033484595],[36.63648885018793,37.02814966821907],[36.63648667028727,37.02818260255046],[36.636532140876206,37.02818452074939],[36.63653022316174,37.028213493911686],[36.6364259086659,37.02820908752696]]]}},{"type":"Feature","properties":{"source":"Microsoft Global ML Building Footprints"},"geometry":{"type":"Polygon","coordinates":[[[36.637504544007065,37.02016163279437],[36.637584035418556,37.02036782357854],[36.6374272339593,37.020406368285286],[36.637435975971215,37.020429043925624],[36.63734377542785,37.02045170336104],[36.63725552059265,37.02022283360946],[36.637504544007065,37.02016163279437]]]}},{"type":"Feature","properties":{"source":"Microsoft Global ML Building Footprints"},"geometry":{"type":"Polygon","coordinates":[[[36.63935561994643,37.02883518948118],[36.63937108666042,37.028763121539654],[36.6393997492303,37.028767043621926],[36.63940571218595,37.028739258909525],[36.63959426217441,37.028765048876444],[36.63957282433455,37.02886489877373],[36.63935561994643,37.02883518948118]]]}},{"type":"Feature","properties":{"source":"Microsoft Global ML Building Footprints"},"geometry":{"type":"Polygon","coordinates":[[[36.63955974231228,37.02302779024245],[36.63957529614139,37.0229221773798],[36.6397578447674,37.022939314348115],[36.63974229093834,37.02304492718695],[36.63955974231228,37.02302779024245]]]}},{"type":"Feature","properties":{"source":"Microsoft Global ML Building Footprints"},"geometry":{"type":"Polygon","coordinates":[[[36.624872582931715,37.02286999085437],[36.6249797654465,37.02287268001514],[36.62497791293235,37.02291974570346],[36.62487073041757,37.022917056544365],[36.624872582931715,37.02286999085437]]]}},{"type":"Feature","properties":{"source":"Microsoft Global ML Building Footprints"},"geometry":{"type":"Polygon","coordinates":[[[36.626464537661754,37.02547186212287],[36.626159519799586,37.02541681183821],[36.62622530230439,37.02518456547267],[36.62653030079669,37.02523961242971],[36.626464537661754,37.02547186212287]]]}},{"type":"Feature","properties":{"source":"Microsoft Global ML Building Footprints"},"geometry":{"type":"Polygon","coordinates":[[[36.62654347833819,37.02010838971939],[36.6263103168436,37.02008772534081],[36.62633737472114,37.01989310134771],[36.62638241728261,37.019897093340596],[36.62639035818144,37.01983997533796],[36.62652018674094,37.01985148167787],[36.626517245667316,37.019872636495485],[36.62657553604096,37.01987780260528],[36.62654347833819,37.02010838971939]]]}},{"type":"Feature","properties":{"source":"Microsoft Global ML Building Footprints"},"geometry":{"type":"Polygon","coordinates":[[[36.627942589361744,37.01952218611081],[36.62804080363938,37.01968492027141],[36.62759237845563,37.01985742263936],[36.627494176451506,37.01969470918459],[36.627942589361744,37.01952218611081]]]}},{"type":"Feature","properties":{"source":"Microsoft Global ML Building Footprints"},"geometry":{"type":"Polygon","coordinates":[[[36.62799213024522,37.02495752839402],[36.627937844749525,37.025004798852784],[36.62786935726692,37.02495466280681],[36.627911615769094,37.02491786513297],[36.62789412899371,37.02490506495972],[36.62807583414863,37.024746840309284],[36.6282455831544,37.02487109532859],[36.62807589556842,37.025018843847654],[36.62799213024522,37.02495752839402]]]}},{"type":"Feature","properties":{"source":"Microsoft Global ML Building Footprints"},"geometry":{"type":"Polygon","coordinates":[[[36.628879927437744,37.027249844402526],[36.62880498286412,37.02729659437273],[36.62873341158893,37.02722346645568],[36.62880835616256,37.02717671644047],[36.628879927437744,37.027249844402526]]]}},{"type":"Feature","properties":{"source":"Microsoft Global ML Building Footprints"},"geometry":{"type":"Polygon","coordinates":[[[36.63056929334871,37.019434547001524],[36.630582224797735,37.01946535129685],[36.630531587198384,37.01947890268732],[36.63051865574935,37.01944809839749],[36.63056929334871,37.019434547001524]]]}},{"type":"Feature","properties":{"source":"Microsoft Global ML Building Footprints"},"geometry":{"type":"Polygon","coordinates":[[[36.63192811141729,37.02659154444437],[36.63225228202688,37.02648855184898],[36.6322619178031,37.02650788258907],[36.63243558480544,37.026452716318154],[36.632511641527,37.02660529687707],[36.63206573567456,37.026746965854485],[36.63200769190333,37.026630501588244],[36.631955755505544,37.026647002335984],[36.63192811141729,37.02659154444437]]]}},{"type":"Feature","properties":{"source":"Microsoft Global ML Building Footprints"},"geometry":{"type":"Polygon","coordinates":[[[36.632589312899015,37.024983632732095],[36.63263188639303,37.02497457393216],[36.63264189807699,37.025004564690505],[36.63267445427828,37.02499763737493],[36.63269781487414,37.0250676157714],[36.63262268517875,37.025083601868616],[36.632589312899015,37.024983632732095]]]}},{"type":"Feature","properties":{"source":"Microsoft Global ML Building Footprints"},"geometry":{"type":"Polygon","coordinates":[[[36.634202288817406,37.02242579098191],[36.634127284264636,37.02241426522692],[36.63411956292179,37.02244628322198],[36.63398766007739,37.02242600668787],[36.63401753827422,37.02230211103746],[36.63422444469682,37.022333917414926],[36.634202288817406,37.02242579098191]]]}},{"type":"Feature","properties":{"source":"Microsoft Global ML Building Footprints"},"geometry":{"type":"Polygon","coordinates":[[[36.635282652095285,37.021995757782236],[36.63524238436897,37.022079827685744],[36.635101004955274,37.02203665317014],[36.635141279110684,37.02195258518216],[36.635282652095285,37.021995757782236]]]}},{"type":"Feature","properties":{"source":"Microsoft Global ML Building Footprints"},"geometry":{"type":"Polygon","coordinates":[[[36.63538757792891,37.026303592126546],[36.63513977717139,37.02630835520704],[36.63513679971303,37.02620990954032],[36.63538460909581,37.02620514628788],[36.63538757792891,37.026303592126546]]]}},{"type":"Feature","properties":{"source":"Microsoft Global ML Building Footprints"},"geometry":{"type":"Polygon","coordinates":[[[36.63589415981239,37.0215055863235],[36.63581029242435,37.02160868237211],[36.63565371386547,37.021527495202804],[36.635737586259424,37.021424392890324],[36.63589415981239,37.0215055863235]]]}},{"type":"Feature","properties":{"source":"Microsoft Global ML Building Footprints"},"geometry":{"type":"Polygon","coordinates":[[[36.639723986256286,37.03093649191825],[36.63976654204478,37.03085415050397],[36.639907329881765,37.03090051397879],[36.639864780262464,37.03098285737442],[36.639723986256286,37.03093649191825]]]}},{"type":"Feature","properties":{"source":"Microsoft Global ML Building Footprints"},"geometry":{"type":"Polygon","coordinates":[[[36.62567768005468,37.032862840474955],[36.625786234912105,37.03277290916908],[36.62603589676674,37.03296495831076],[36.6259273378211,37.03305488624439],[36.62567768005468,37.032862840474955]]]}},{"type":"Feature","properties":{"source":"Microsoft Global ML Building Footprints"},"geometry":{"type":"Polygon","coordinates":[[[36.62811541116873,37.019961166738014],[36.62813549499981,37.0200126299939],[36.627954580209064,37.02005764833269],[36.627934492781776,37.0200061758923],[36.62811541116873,37.019961166738014]]]}},{"type":"Feature","properties":{"source":"Microsoft Global ML Building Footprints"},"geometry":{"type":"Polygon","coordinates":[[[36.62950800773156,37.01954587310604],[36.62945464650712,37.01956823427837],[36.62946016507704,37.019576629485606],[36.62933819518829,37.019627741282775],[36.62927197234908,37.019526998802625],[36.62944730980915,37.01945352307847],[36.62950800773156,37.01954587310604]]]}},{"type":"Feature","properties":{"source":"Microsoft Global ML Building Footprints"},"geometry":{"type":"Polygon","coordinates":[[[36.63082378150885,37.01955829813838],[36.63073408225958,37.019482347221654],[36.63080791083372,37.019426762580636],[36.630897610083025,37.01950271355293],[36.63082378150885,37.01955829813838]]]}},{"type":"Feature","properties":{"source":"Microsoft Global ML Building Footprints"},"geometry":{"type":"Polygon","coordinates":[[[36.63091878936943,37.01943305040025],[36.63088055526782,37.01944373324709],[36.63085881744968,37.019394126366855],[36.63089705155132,37.019383443513036],[36.63091878936943,37.01943305040025]]]}},{"type":"Feature","properties":{"source":"Microsoft Global ML Building Footprints"},"geometry":{"type":"Polygon","coordinates":[[[36.631059502541945,37.02036348713914],[36.63119144637516,37.02046060550369],[36.63112919364735,37.02051452050961],[36.6310624944382,37.020465429775115],[36.63102717173219,37.02049602159239],[36.63096192478171,37.02044799606541],[36.631059502541945,37.02036348713914]]]}},{"type":"Feature","properties":{"source":"Microsoft Global ML Building Footprints"},"geometry":{"type":"Polygon","coordinates":[[[36.63286149796183,37.01895210621206],[36.632853411572306,37.018986159364644],[36.63279903974327,37.01897792838244],[36.6328071254363,37.01894387815917],[36.63286149796183,37.01895210621206]]]}},{"type":"Feature","properties":{"source":"Microsoft Global ML Building Footprints"},"geometry":{"type":"Polygon","coordinates":[[[36.63300947439565,37.02130014972164],[36.633037264026484,37.02125000482071],[36.63305296547563,37.02125555171595],[36.63306686029109,37.021230479254896],[36.63312069383095,37.02124949718465],[36.63307900938466,37.02132471452413],[36.63300947439565,37.02130014972164]]]}},{"type":"Feature","properties":{"source":"Microsoft Global ML Building Footprints"},"geometry":{"type":"Polygon","coordinates":[[[36.633677462070786,37.02726264758723],[36.633562194905814,37.027297104841935],[36.63352520006502,37.027218227608415],[36.63364046723003,37.027183770317926],[36.633677462070786,37.02726264758723]]]}},{"type":"Feature","properties":{"source":"Microsoft Global ML Building Footprints"},"geometry":{"type":"Polygon","coordinates":[[[36.634764125647024,37.019367942376334],[36.63493022405297,37.01936335716947],[36.63493439218813,37.01945961232294],[36.63479240484117,37.01946353193033],[36.63479101546276,37.019431446894366],[36.63476690440385,37.019432112488346],[36.634764125647024,37.019367942376334]]]}},{"type":"Feature","properties":{"source":"Microsoft Global ML Building Footprints"},"geometry":{"type":"Polygon","coordinates":[[[36.637823458537966,37.02896628703029],[36.63799108767706,37.0289870424179],[36.637969151466045,37.029099955935585],[36.63780152232696,37.029079200578835],[36.637823458537966,37.02896628703029]]]}},{"type":"Feature","properties":{"source":"Microsoft Global ML Building Footprints"},"geometry":{"type":"Polygon","coordinates":[[[36.63898760700359,37.03015107627533],[36.63904144348207,37.030059010371886],[36.63914714989849,37.030098410493935],[36.639151262101024,37.030091378204624],[36.639278113879584,37.03013865984876],[36.63922016430481,37.030237744605174],[36.63898760700359,37.03015107627533]]]}},{"type":"Feature","properties":{"source":"Microsoft Global ML Building Footprints"},"geometry":{"type":"Polygon","coordinates":[[[36.62428262730125,37.01954536589513],[36.62431903966625,37.01954360582288],[36.62432203865767,37.01958315772657],[36.62428562268471,37.019584915937344],[36.62428262730125,37.01954536589513]]]}},{"type":"Feature","properties":{"source":"Microsoft Global ML Building Footprints"},"geometry":{"type":"Polygon","coordinates":[[[36.62445838422606,37.02524856055396],[36.62443544328367,37.02532225523568],[36.62431418692608,37.02529819567288],[36.62433712588197,37.02522450734921],[36.62445838422606,37.02524856055396]]]}},{"type":"Feature","properties":{"source":"Microsoft Global ML Building Footprints"},"geometry":{"type":"Polygon","coordinates":[[[36.625396866645275,37.02103151880774],[36.625550683928466,37.02103475924395],[36.62554583457055,37.02118149715587],[36.62539200471794,37.021178247865095],[36.625396866645275,37.02103151880774]]]}},{"type":"Feature","properties":{"source":"Microsoft Global ML Building Footprints"},"geometry":{"type":"Polygon","coordinates":[[[36.62666484034163,37.024600074099574],[36.62663737848225,37.02470244763539],[36.626506586800005,37.02468007693742],[36.626534048659394,37.02457770337145],[36.62666484034163,37.024600074099574]]]}},{"type":"Feature","properties":{"source":"Microsoft Global ML Building Footprints"},"geometry":{"type":"Polygon","coordinates":[[[36.62711304804039,37.026756361595424],[36.627169226787885,37.02680458376756],[36.627039188515134,37.02690114153479],[36.627071291951765,37.026928696051215],[36.62701005598495,37.02697416574588],[36.62692177509599,37.02689838820223],[36.62711304804039,37.026756361595424]]]}},{"type":"Feature","properties":{"source":"Microsoft Global ML Building Footprints"},"geometry":{"type":"Polygon","coordinates":[[[36.62712564429723,37.02020926656881],[36.62719778839556,37.020305378914124],[36.627123518457246,37.02034091749297],[36.62705136816043,37.02024480815864],[36.62712564429723,37.02020926656881]]]}},{"type":"Feature","properties":{"source":"Microsoft Global ML Building Footprints"},"geometry":{"type":"Polygon","coordinates":[[[36.62885561052422,37.02216880318333],[36.62898221191255,37.022130438759376],[36.62902492432568,37.022220286642444],[36.62889832293739,37.022258651021026],[36.62885561052422,37.02216880318333]]]}},{"type":"Feature","properties":{"source":"Microsoft Global ML Building Footprints"},"geometry":{"type":"Polygon","coordinates":[[[36.62932960093798,37.028017369331124],[36.62927696673698,37.02804936373206],[36.62919293618182,37.027961257166865],[36.62931348548089,37.02788797956306],[36.629375538813925,37.02795304294538],[36.62930762371586,37.02799432607578],[36.62932960093798,37.028017369331124]]]}},{"type":"Feature","properties":{"source":"Microsoft Global ML Building Footprints"},"geometry":{"type":"Polygon","coordinates":[[[36.63245661723684,37.01943309213007],[36.632478968200594,37.0193969248157],[36.63255662183472,37.01942751746994],[36.63253427087096,37.01946368476976],[36.63245661723684,37.01943309213007]]]}},{"type":"Feature","properties":{"source":"Microsoft Global ML Building Footprints"},"geometry":{"type":"Polygon","coordinates":[[[36.632620599160475,37.03227680547943],[36.63261585619482,37.0323858750443],[36.632543523718766,37.03238387053951],[36.63254826668443,37.03227480097176],[36.632620599160475,37.03227680547943]]]}},{"type":"Feature","properties":{"source":"Microsoft Global ML Building Footprints"},"geometry":{"type":"Polygon","coordinates":[[[36.63482287122295,37.019321137286376],[36.63473172473755,37.01932281810418],[36.634731415157106,37.019312115998034],[36.63464563022967,37.01931369794439],[36.63464333933443,37.01923450231378],[36.634820270747234,37.01923123954598],[36.63482287122295,37.019321137286376]]]}},{"type":"Feature","properties":{"source":"Microsoft Global ML Building Footprints"},"geometry":{"type":"Polygon","coordinates":[[[36.63523347139981,37.02052539515524],[36.63528020922949,37.020635852272314],[36.63515261489236,37.02067026886425],[36.63510587435472,37.020559805397475],[36.63523347139981,37.02052539515524]]]}},{"type":"Feature","properties":{"source":"Microsoft Global ML Building Footprints"},"geometry":{"type":"Polygon","coordinates":[[[36.63800419956863,37.02720098166034],[36.638057816770505,37.027200022975514],[36.6380590213563,37.0272428282416],[36.63800540415442,37.0272437869259],[36.63800419956863,37.02720098166034]]]}},{"type":"Feature","properties":{"source":"Microsoft Global ML Building Footprints"},"geometry":{"type":"Polygon","coordinates":[[[36.63966312953187,37.02775132078658],[36.639575405191714,37.02773739041158],[36.63961132978542,37.02759320220148],[36.63967067272142,37.02760262570862],[36.63965784250941,37.02765412152298],[36.63968622391356,37.02765862841423],[36.63966312953187,37.02775132078658]]]}},{"type":"Feature","properties":{"source":"Microsoft Global ML Building Footprints"},"geometry":{"type":"Polygon","coordinates":[[[36.62603033765065,37.03308142765159],[36.62619814114778,37.03295532861803],[36.62627846066578,37.03302344166745],[36.6261106571686,37.03314954058792],[36.62603033765065,37.03308142765159]]]}},{"type":"Feature","properties":{"source":"Microsoft Global ML Building Footprints"},"geometry":{"type":"Polygon","coordinates":[[[36.63139980614212,37.02151224081728],[36.63144127899811,37.021543900065424],[36.63136683363196,37.02160606592684],[36.63132536217325,37.021574410088675],[36.63139980614212,37.02151224081728]]]}},{"type":"Feature","properties":{"source":"Microsoft Global ML Building Footprints"},"geometry":{"type":"Polygon","coordinates":[[[36.632203690732936,37.02028805308292],[36.632079345452986,37.02037135850646],[36.63199878098065,37.02029469927114],[36.6321231262606,37.02021139376355],[36.632203690732936,37.02028805308292]]]}},{"type":"Feature","properties":{"source":"Microsoft Global ML Building Footprints"},"geometry":{"type":"Polygon","coordinates":[[[36.63287284307216,37.025860865045765],[36.63280059949791,37.025872337402895],[36.63276313527871,37.025721965999935],[36.63292568332081,37.02569615314286],[36.632948777702495,37.02578884791001],[36.63285847323468,37.02580318836974],[36.63287284307216,37.025860865045765]]]}},{"type":"Feature","properties":{"source":"Microsoft Global ML Building Footprints"},"geometry":{"type":"Polygon","coordinates":[[[36.63455950972462,37.020738004460036],[36.634433452579614,37.02073727187258],[36.63443419442792,37.02065589826654],[36.63456025157292,37.0206566308548],[36.63455950972462,37.020738004460036]]]}},{"type":"Feature","properties":{"source":"Microsoft Global ML Building Footprints"},"geometry":{"type":"Polygon","coordinates":[[[36.63782478212556,37.02339378208074],[36.63787351472068,37.0233854602973],[36.63789216677894,37.023455084404944],[36.637843434183864,37.023463406180724],[36.63782478212556,37.02339378208074]]]}},{"type":"Feature","properties":{"source":"Microsoft Global ML Building Footprints"},"geometry":{"type":"Polygon","coordinates":[[[36.63788446776412,37.0329858307381],[36.63786735525335,37.03303235860811],[36.63782169204917,37.03302165351921],[36.637838807451345,37.032975128871556],[36.63788446776412,37.0329858307381]]]}},{"type":"Feature","properties":{"source":"Microsoft Global ML Building Footprints"},"geometry":{"type":"Polygon","coordinates":[[[36.62544888393787,37.01861783826131],[36.62531685439093,37.01863416589683],[36.62529372937867,37.01851495540349],[36.62542576913052,37.01849862648035],[36.62544888393787,37.01861783826131]]]}},{"type":"Feature","properties":{"source":"Microsoft Global ML Building Footprints"},"geometry":{"type":"Polygon","coordinates":[[[36.6262561493103,37.024467035152526],[36.62623202107153,37.02451750018856],[36.62618754035586,37.02450394442419],[36.62621166859463,37.02445347937914],[36.6262561493103,37.024467035152526]]]}},{"type":"Feature","properties":{"source":"Microsoft Global ML Building Footprints"},"geometry":{"type":"Polygon","coordinates":[[[36.62745817736591,37.02285832051295],[36.62746629188161,37.02274304506227],[36.62758512316958,37.022748370463994],[36.62757872644771,37.02283935611528],[36.62754129360788,37.02283767647999],[36.62753958574095,37.02286196880841],[36.62745817736591,37.02285832051295]]]}},{"type":"Feature","properties":{"source":"Microsoft Global ML Building Footprints"},"geometry":{"type":"Polygon","coordinates":[[[36.62819004866863,37.020682250714714],[36.628245479424855,37.02069349459967],[36.628221154757895,37.02076993833058],[36.62813044988408,37.02075153926375],[36.62816158331148,37.02065369799584],[36.62819685801828,37.02066085134659],[36.62819004866863,37.020682250714714]]]}},{"type":"Feature","properties":{"source":"Microsoft Global ML Building Footprints"},"geometry":{"type":"Polygon","coordinates":[[[36.630867425058426,37.02009883188091],[36.630741405241366,37.02009695164456],[36.63074360986005,37.02000275667361],[36.63086962967707,37.02000463691229],[36.630867425058426,37.02009883188091]]]}},{"type":"Feature","properties":{"source":"Microsoft Global ML Building Footprints"},"geometry":{"type":"Polygon","coordinates":[[[36.631153211440264,37.02237703488862],[36.63107390198706,37.0223768886412],[36.631074136266136,37.022293371432994],[36.631153453040525,37.022293517694074],[36.631153211440264,37.02237703488862]]]}},{"type":"Feature","properties":{"source":"Microsoft Global ML Building Footprints"},"geometry":{"type":"Polygon","coordinates":[[[36.632441551915285,37.020480801291384],[36.63235528339764,37.020524317976154],[36.63229286294899,37.020445425685686],[36.63237913419286,37.02040191240142],[36.632441551915285,37.020480801291384]]]}},{"type":"Feature","properties":{"source":"Microsoft Global ML Building Footprints"},"geometry":{"type":"Polygon","coordinates":[[[36.63260530708815,37.020691327382835],[36.63264569216303,37.020747904149516],[36.63257483106149,37.02078014829437],[36.632534445986565,37.0207235715517],[36.63260530708815,37.020691327382835]]]}},{"type":"Feature","properties":{"source":"Microsoft Global ML Building Footprints"},"geometry":{"type":"Polygon","coordinates":[[[36.636548026404576,37.026921668690754],[36.636138164497645,37.02691005771078],[36.636148335562474,37.02668122116017],[36.63655819746937,37.026692832175115],[36.636548026404576,37.026921668690754]]]}},{"type":"Feature","properties":{"source":"Microsoft Global ML Building Footprints"},"geometry":{"type":"Polygon","coordinates":[[[36.63801796689171,37.02219783323647],[36.63815720214763,37.02207988154838],[36.63825155870544,37.022150876791656],[36.63811232892578,37.0222688324899],[36.63801796689171,37.02219783323647]]]}},{"type":"Feature","properties":{"source":"Microsoft Global ML Building Footprints"},"geometry":{"type":"Polygon","coordinates":[[[36.639429756252845,37.02843213857361],[36.63958761348689,37.02843842738677],[36.63957995489113,37.02856095015599],[36.63942209820705,37.028554652554725],[36.639429756252845,37.02843213857361]]]}},{"type":"Feature","properties":{"source":"Microsoft Global ML Building Footprints"},"geometry":{"type":"Polygon","coordinates":[[[36.62495772693124,37.02105379735897],[36.62499193016253,37.021057606537234],[36.624984590271076,37.021099619368854],[36.624950387039746,37.02109581019269],[36.62495772693124,37.02105379735897]]]}},{"type":"Feature","properties":{"source":"Microsoft Global ML Building Footprints"},"geometry":{"type":"Polygon","coordinates":[[[36.626024669467846,37.02234623776712],[36.62602735293545,37.0222349220844],[36.626048802661685,37.02223525169759],[36.62605014439549,37.022179593795315],[36.62611335481167,37.02218056513645],[36.626113428191495,37.022177532218365],[36.626229858809644,37.02217932788919],[36.6262278248568,37.02226370045582],[36.6261554320309,37.022262588011756],[36.62615336782502,37.022348215443266],[36.626024669467846,37.02234623776712]]]}},{"type":"Feature","properties":{"source":"Microsoft Global ML Building Footprints"},"geometry":{"type":"Polygon","coordinates":[[[36.62967771970975,37.0211937593839],[36.629730509916314,37.021274572013766],[36.62961158725488,37.02132408677084],[36.62955880261777,37.02124327187476],[36.62967771970975,37.0211937593839]]]}},{"type":"Feature","properties":{"source":"Microsoft Global ML Building Footprints"},"geometry":{"type":"Polygon","coordinates":[[[36.63080650187557,37.027359196705675],[36.63095505430461,37.02735190062749],[36.63097083552917,37.02755669357185],[36.63082226521412,37.027563990508824],[36.63080650187557,37.027359196705675]]]}},{"type":"Feature","properties":{"source":"Microsoft Global ML Building Footprints"},"geometry":{"type":"Polygon","coordinates":[[[36.632437144213284,37.021267811724485],[36.632537455058156,37.02119419088585],[36.63262164591264,37.02126731601567],[36.63252133506777,37.02134093678343],[36.632437144213284,37.021267811724485]]]}},{"type":"Feature","properties":{"source":"Microsoft Global ML Building Footprints"},"geometry":{"type":"Polygon","coordinates":[[[36.634938919176754,37.018826181934756],[36.635073002568625,37.01881096404055],[36.63509318330703,37.018924318701416],[36.63495909991519,37.01893953657293],[36.634938919176754,37.018826181934756]]]}},{"type":"Feature","properties":{"source":"Microsoft Global ML Building Footprints"},"geometry":{"type":"Polygon","coordinates":[[[36.63692039476792,37.023659367609866],[36.63695329950562,37.02362423507261],[36.636980825341624,37.02364066652218],[36.63694791967999,37.023675800038355],[36.63692039476792,37.023659367609866]]]}},{"type":"Feature","properties":{"source":"Microsoft Global ML Building Footprints"},"geometry":{"type":"Polygon","coordinates":[[[36.63749247283424,37.01957842262206],[36.63725130377308,37.01958436589222],[36.637246127340994,37.01945045975867],[36.637487295881655,37.01944450301408],[36.63749247283424,37.01957842262206]]]}},{"type":"Feature","properties":{"source":"Microsoft Global ML Building Footprints"},"geometry":{"type":"Polygon","coordinates":[[[36.638027267019936,37.019601506337715],[36.63779132848739,37.01960530347697],[36.63779078806012,37.01958389662247],[36.63770767334981,37.01958523425141],[36.63770529546988,37.01949104402161],[36.63778841018019,37.019489706391035],[36.63778716719747,37.01944047054175],[36.63802310573003,37.019436673394274],[36.638027267019936,37.019601506337715]]]}},{"type":"Feature","properties":{"source":"Microsoft Global ML Building Footprints"},"geometry":{"type":"Polygon","coordinates":[[[36.625031991464965,37.019077516184936],[36.62506410448537,37.01907628873036],[36.625069548378704,37.01916721716268],[36.6249009544588,37.01917365189153],[36.624890592648434,37.01900058024159],[36.62502707344074,37.01899537116357],[36.625031991464965,37.019077516184936]]]}},{"type":"Feature","properties":{"source":"Microsoft Global ML Building Footprints"},"geometry":{"type":"Polygon","coordinates":[[[36.62551520736051,37.02790704484009],[36.625608992449,37.02787115440238],[36.62568217694762,37.027993039993774],[36.62557530556767,37.02803393833257],[36.62552452824257,37.02794937097791],[36.625537614176984,37.02794436241909],[36.62551520736051,37.02790704484009]]]}},{"type":"Feature","properties":{"source":"Microsoft Global ML Building Footprints"},"geometry":{"type":"Polygon","coordinates":[[[36.62655434903801,37.02316771944242],[36.62663868986837,37.023176669124354],[36.62662012391364,37.02328819602267],[36.626577953498476,37.023283721188406],[36.6265722068711,37.023318241521956],[36.62646150851942,37.02330650116439],[36.62647005856692,37.023255140505306],[36.62653858549158,37.02326241211359],[36.62655434903801,37.02316771944242]]]}},{"type":"Feature","properties":{"source":"Microsoft Global ML Building Footprints"},"geometry":{"type":"Polygon","coordinates":[[[36.626792732401455,37.024348315462746],[36.62689030182628,37.02439329402868],[36.62683571187868,37.024468775295205],[36.62673814741649,37.02442379906168],[36.626792732401455,37.024348315462746]]]}},{"type":"Feature","properties":{"source":"Microsoft Global ML Building Footprints"},"geometry":{"type":"Polygon","coordinates":[[[36.62780786446127,37.02676853110955],[36.627971797999734,37.02667614402886],[36.628047156362,37.02676137155027],[36.627883212431094,37.02685375522358],[36.62780786446127,37.02676853110955]]]}},{"type":"Feature","properties":{"source":"Microsoft Global ML Building Footprints"},"geometry":{"type":"Polygon","coordinates":[[[36.629201120970315,37.01880790077523],[36.629245071902204,37.0189092542125],[36.6290774156361,37.01895560218053],[36.629033464704165,37.01885424880511],[36.629201120970315,37.01880790077523]]]}},{"type":"Feature","properties":{"source":"Microsoft Global ML Building Footprints"},"geometry":{"type":"Polygon","coordinates":[[[36.629380482770124,37.019329837372034],[36.62943540580101,37.01945836281762],[36.62921677169735,37.01951791110199],[36.62916184866646,37.01938938575715],[36.629380482770124,37.019329837372034]]]}},{"type":"Feature","properties":{"source":"Microsoft Global ML Building Footprints"},"geometry":{"type":"Polygon","coordinates":[[[36.629923230927666,37.02180650274665],[36.62992716602835,37.02168451847606],[36.63004510498838,37.02168694373645],[36.630041169887704,37.02180892800314],[36.629923230927666,37.02180650274665]]]}},{"type":"Feature","properties":{"source":"Microsoft Global ML Building Footprints"},"geometry":{"type":"Polygon","coordinates":[[[36.63192941858778,37.02192259419528],[36.63185819025103,37.02199373278217],[36.63178850634607,37.021949256726735],[36.63185972849928,37.02187811804574],[36.63192941858778,37.02192259419528]]]}},{"type":"Feature","properties":{"source":"Microsoft Global ML Building Footprints"},"geometry":{"type":"Polygon","coordinates":[[[36.63689079913078,37.024266855975526],[36.63705771174615,37.02424437864279],[36.63709290381321,37.02441095324107],[36.6369259911978,37.02443343052453],[36.63689079913078,37.024266855975526]]]}},{"type":"Feature","properties":{"source":"Microsoft Global ML Building Footprints"},"geometry":{"type":"Polygon","coordinates":[[[36.63837771190245,37.030483894850875],[36.63848215415885,37.030487197752414],[36.63847610727698,37.030609057571255],[36.63831810488912,37.03060406088202],[36.638322666571916,37.03051213155706],[36.63837622670341,37.03051382535211],[36.63837771190245,37.030483894850875]]]}},{"type":"Feature","properties":{"source":"Microsoft Global ML Building Footprints"},"geometry":{"type":"Polygon","coordinates":[[[36.624317861728024,37.02429535076585],[36.62449010578456,37.02426938359668],[36.62451699353942,37.024383108255485],[36.62434475910914,37.024409073934535],[36.624317861728024,37.02429535076585]]]}},{"type":"Feature","properties":{"source":"Microsoft Global ML Building Footprints"},"geometry":{"type":"Polygon","coordinates":[[[36.62536046821329,37.0223096691539],[36.62530156732628,37.02231168015698],[36.625298247105825,37.022249690611304],[36.62535714799283,37.02224767960659],[36.62536046821329,37.0223096691539]]]}},{"type":"Feature","properties":{"source":"Microsoft Global ML Building Footprints"},"geometry":{"type":"Polygon","coordinates":[[[36.626804749794736,37.022895611158944],[36.62676657327955,37.022990780973345],[36.62680792890084,37.023001355631465],[36.626770531498224,37.023094583076194],[36.626785127599874,37.023098315303535],[36.626746951084684,37.023193484864],[36.62659855738475,37.02315554059163],[36.626642966800375,37.02304483307711],[36.62662107264793,37.023039234732074],[36.62669041366526,37.02286637529514],[36.626804749794736,37.022895611158944]]]}},{"type":"Feature","properties":{"source":"Microsoft Global ML Building Footprints"},"geometry":{"type":"Polygon","coordinates":[[[36.627071627975496,37.02148539726617],[36.62701639346788,37.02148608863997],[36.62701584450901,37.02145825598169],[36.627071081455824,37.021457564577126],[36.627071627975496,37.02148539726617]]]}},{"type":"Feature","properties":{"source":"Microsoft Global ML Building Footprints"},"geometry":{"type":"Polygon","coordinates":[[[36.6272271333948,37.0188568631718],[36.62727381820961,37.01883855964818],[36.62730182196784,37.01888408749713],[36.62725513523033,37.01890239437253],[36.6272271333948,37.0188568631718]]]}},{"type":"Feature","properties":{"source":"Microsoft Global ML Building Footprints"},"geometry":{"type":"Polygon","coordinates":[[[36.62744451604611,37.02646986128747],[36.627549599999455,37.026430051292635],[36.62761984973796,37.026548242100645],[36.627514762936016,37.02658804724088],[36.62744451604611,37.02646986128747]]]}},{"type":"Feature","properties":{"source":"Microsoft Global ML Building Footprints"},"geometry":{"type":"Polygon","coordinates":[[[36.62797421102819,37.02533943327175],[36.62809757209635,37.02543991821431],[36.62795045623466,37.025555027950524],[36.627827099659704,37.02545453964454],[36.62797421102819,37.02533943327175]]]}},{"type":"Feature","properties":{"source":"Microsoft Global ML Building Footprints"},"geometry":{"type":"Polygon","coordinates":[[[36.628937952887746,37.02105396811103],[36.62861932158493,37.02120630870757],[36.62854130086033,37.02110227138976],[36.6284413825933,37.0211500432473],[36.6284106445119,37.02110906010035],[36.628829187369035,37.02090895053915],[36.628937952887746,37.02105396811103]]]}},{"type":"Feature","properties":{"source":"Microsoft Global ML Building Footprints"},"geometry":{"type":"Polygon","coordinates":[[[36.630470678768084,37.022106736371946],[36.63020024699878,37.02209771478538],[36.63020140892374,37.022075475251825],[36.63014518037221,37.022073602612274],[36.63014730247306,37.0220329850548],[36.63013659227278,37.02203262836137],[36.63014351702295,37.021900086706395],[36.63047017813191,37.02191096587472],[36.630466492377806,37.021981512258144],[36.63047720257809,37.02198186895182],[36.630470678768084,37.022106736371946]]]}},{"type":"Feature","properties":{"source":"Microsoft Global ML Building Footprints"},"geometry":{"type":"Polygon","coordinates":[[[36.63130885469039,37.025620457208596],[36.63142290102097,37.02557219800194],[36.6315365803062,37.0257434533589],[36.631422542393565,37.02579170252263],[36.63130885469039,37.025620457208596]]]}},{"type":"Feature","properties":{"source":"Microsoft Global ML Building Footprints"},"geometry":{"type":"Polygon","coordinates":[[[36.634950496856334,37.03075336965435],[36.63467540488189,37.03079002755734],[36.634645361690914,37.030646285349796],[36.634920441404965,37.03060962901122],[36.634950496856334,37.03075336965435]]]}},{"type":"Feature","properties":{"source":"Microsoft Global ML Building Footprints"},"geometry":{"type":"Polygon","coordinates":[[[36.63773989365707,37.03356938233242],[36.637743181753905,37.03344225142577],[36.63786651061703,37.033444291013886],[36.63786322269833,37.033571415029584],[36.63773989365707,37.03356938233242]]]}},{"type":"Feature","properties":{"source":"Microsoft Global ML Building Footprints"},"geometry":{"type":"Polygon","coordinates":[[[36.6381299820921,37.029732698578165],[36.63812410116448,37.02983311834829],[36.63792501303873,37.029825676545165],[36.63792922416374,37.029753876977814],[36.63798007481939,37.02975577490763],[36.63798175324023,37.02972715785907],[36.6381299820921,37.029732698578165]]]}},{"type":"Feature","properties":{"source":"Microsoft Global ML Building Footprints"},"geometry":{"type":"Polygon","coordinates":[[[36.639604861786395,37.02682079315894],[36.6394702976512,37.0267952740715],[36.63950165917782,37.02668987116384],[36.63963622331301,37.02671539028666],[36.639604861786395,37.02682079315894]]]}},{"type":"Feature","properties":{"source":"Microsoft Global ML Building Footprints"},"geometry":{"type":"Polygon","coordinates":[[[36.639700245801365,37.02803537186735],[36.639697078766375,37.02812523600239],[36.63950411247063,37.02812090165246],[36.63950727950562,37.02803103751228],[36.639700245801365,37.02803537186735]]]}},{"type":"Feature","properties":{"source":"Microsoft Global ML Building Footprints"},"geometry":{"type":"Polygon","coordinates":[[[36.626740656591075,37.031297233202345],[36.62659173044186,37.03128199766919],[36.62666278434283,37.03083960797575],[36.62681167233376,37.03085483969396],[36.626740656591075,37.031297233202345]]]}},{"type":"Feature","properties":{"source":"Microsoft Global ML Building Footprints"},"geometry":{"type":"Polygon","coordinates":[[[36.62722664374168,37.02856979697567],[36.62733849135497,37.02848606702444],[36.6274147764859,37.028551013711535],[36.62730293190223,37.02863474132318],[36.62722664374168,37.02856979697567]]]}},{"type":"Feature","properties":{"source":"Microsoft Global ML Building Footprints"},"geometry":{"type":"Polygon","coordinates":[[[36.62726361725333,37.02556241248714],[36.627183096431,37.025633980662306],[36.62709105838402,37.02556797817416],[36.627171582408586,37.0254964070906],[36.62726361725333,37.02556241248714]]]}},{"type":"Feature","properties":{"source":"Microsoft Global ML Building Footprints"},"geometry":{"type":"Polygon","coordinates":[[[36.62797836751003,37.02735995992439],[36.62813729560639,37.02725948956294],[36.62823128391733,37.027354248826875],[36.62807236092656,37.02745471583536],[36.62797836751003,37.02735995992439]]]}},{"type":"Feature","properties":{"source":"Microsoft Global ML Building Footprints"},"geometry":{"type":"Polygon","coordinates":[[[36.62812254913999,37.02446253174067],[36.62802220786625,37.02457140792793],[36.62807620084638,37.02465161488673],[36.627947173056526,37.02470697845502],[36.62792834208375,37.02467900494002],[36.62790172198914,37.02466336725529],[36.627869815631946,37.02461597015066],[36.62788940692733,37.024594714488764],[36.628012261636016,37.024541999604665],[36.627928410231355,37.02449274191028],[36.62801466510404,37.02439915020965],[36.62812254913999,37.02446253174067]]]}},{"type":"Feature","properties":{"source":"Microsoft Global ML Building Footprints"},"geometry":{"type":"Polygon","coordinates":[[[36.62996759049224,37.01902170039805],[36.63007591168914,37.01907191737195],[36.63001884100588,37.0191503966843],[36.62991051980899,37.01910017976227],[36.62996759049224,37.01902170039805]]]}},{"type":"Feature","properties":{"source":"Microsoft Global ML Building Footprints"},"geometry":{"type":"Polygon","coordinates":[[[36.63175476845571,37.02491486843401],[36.63175725321878,37.0250026210133],[36.6316326400466,37.0250048770349],[36.631630147594755,37.02491712459742],[36.63175476845571,37.02491486843401]]]}},{"type":"Feature","properties":{"source":"Microsoft Global ML Building Footprints"},"geometry":{"type":"Polygon","coordinates":[[[36.631837971482895,37.01914027174497],[36.63156464301967,37.019146961754885],[36.63155692127902,37.018945843111794],[36.631830249742286,37.01893915308416],[36.631837971482895,37.01914027174497]]]}},{"type":"Feature","properties":{"source":"Microsoft Global ML Building Footprints"},"geometry":{"type":"Polygon","coordinates":[[[36.6351049306307,37.01849538248422],[36.63524379405502,37.01845118175093],[36.63529177165319,37.01854727278792],[36.63515290822892,37.01859147346532],[36.6351049306307,37.01849538248422]]]}},{"type":"Feature","properties":{"source":"Microsoft Global ML Building Footprints"},"geometry":{"type":"Polygon","coordinates":[[[36.63597361225569,37.02143692243794],[36.63600896468987,37.02139935120868],[36.6361210978794,37.0214666102189],[36.636032226769174,37.021561067752764],[36.63588922659456,37.02147529440182],[36.6359427495262,37.02141841227689],[36.63597361225569,37.02143692243794]]]}},{"type":"Feature","properties":{"source":"Microsoft Global ML Building Footprints"},"geometry":{"type":"Polygon","coordinates":[[[36.63663946976858,37.02010076110027],[36.63680572659069,37.02009869859638],[36.63680620258845,37.02012315863014],[36.63663994594704,37.02012523042168],[36.63663946976858,37.02010076110027]]]}},{"type":"Feature","properties":{"source":"Microsoft Global ML Building Footprints"},"geometry":{"type":"Polygon","coordinates":[[[36.625401905807685,37.02542611824928],[36.62553862105125,37.02542871558284],[36.625536898714735,37.025486500389974],[36.625400183471214,37.025483903058394],[36.625401905807685,37.02542611824928]]]}},{"type":"Feature","properties":{"source":"Microsoft Global ML Building Footprints"},"geometry":{"type":"Polygon","coordinates":[[[36.626131295180066,37.01960457466968],[36.62603485164459,37.01960724779886],[36.62602896559694,37.019471595552965],[36.62612540936595,37.019468927801924],[36.626131295180066,37.01960457466968]]]}},{"type":"Feature","properties":{"source":"Microsoft Global ML Building Footprints"},"geometry":{"type":"Polygon","coordinates":[[[36.62694103618244,37.01957659694325],[36.62676890754785,37.01959977811673],[36.62675395091935,37.01952897947374],[36.62692607955394,37.01950579827867],[36.62694103618244,37.01957659694325]]]}},{"type":"Feature","properties":{"source":"Microsoft Global ML Building Footprints"},"geometry":{"type":"Polygon","coordinates":[[[36.62716062538034,37.01894362816459],[36.62721969480541,37.01892358512896],[36.62725348710617,37.0189870740212],[36.627194417681096,37.01900711704009],[36.62716062538034,37.01894362816459]]]}},{"type":"Feature","properties":{"source":"Microsoft Global ML Building Footprints"},"geometry":{"type":"Polygon","coordinates":[[[36.62775462074332,37.02118576439338],[36.62772067571625,37.021076867943876],[36.62796567444055,37.02102818436966],[36.62799961946762,37.02113708088892],[36.62775462074332,37.02118576439338]]]}},{"type":"Feature","properties":{"source":"Microsoft Global ML Building Footprints"},"geometry":{"type":"Polygon","coordinates":[[[36.630457200756894,37.02158380256071],[36.63031759880506,37.02159888172054],[36.6303121088548,37.021566482594984],[36.63028683517925,37.02156921395414],[36.630269153205084,37.02146491705652],[36.63043403804583,37.021447106923745],[36.630457200756894,37.02158380256071]]]}},{"type":"Feature","properties":{"source":"Microsoft Global ML Building Footprints"},"geometry":{"type":"Polygon","coordinates":[[[36.63054526655983,37.02506213718059],[36.630706382055614,37.025015395310035],[36.63075373580062,37.02511943437946],[36.63059262030483,37.02516617618599],[36.63054526655983,37.02506213718059]]]}},{"type":"Feature","properties":{"source":"Microsoft Global ML Building Footprints"},"geometry":{"type":"Polygon","coordinates":[[[36.630869152408366,37.02688917372346],[36.63089444780547,37.026983345088915],[36.630819011946826,37.026996259943985],[36.63079370865716,37.0269020899458],[36.630869152408366,37.02688917372346]]]}},{"type":"Feature","properties":{"source":"Microsoft Global ML Building Footprints"},"geometry":{"type":"Polygon","coordinates":[[[36.63543826795856,37.02298223245947],[36.635509560277846,37.02308891792361],[36.63544901137348,37.02311470946955],[36.63544121377603,37.02310304075817],[36.63535674587572,37.02313902088371],[36.63538904690904,37.02318736405864],[36.63530439875464,37.02322342092555],[36.63525761317011,37.02315340873056],[36.63532556247062,37.02312446490957],[36.635301058238454,37.02308779074932],[36.63533123741829,37.023074935555286],[36.63530673068357,37.023038262437154],[36.63543826795856,37.02298223245947]]]}},{"type":"Feature","properties":{"source":"Microsoft Global ML Building Footprints"},"geometry":{"type":"Polygon","coordinates":[[[36.62545870958069,37.0231345158448],[36.625470679066574,37.0229809261644],[36.6256443495598,37.022989563143646],[36.62564743686317,37.022949947533206],[36.62577835826441,37.022956451202056],[36.625772872226264,37.023026846838846],[36.625756841034296,37.023026050471984],[36.625751093370546,37.02309980316138],[36.62556017752709,37.02309030855025],[36.625556349656954,37.02313937167043],[36.62545870958069,37.0231345158448]]]}},{"type":"Feature","properties":{"source":"Microsoft Global ML Building Footprints"},"geometry":{"type":"Polygon","coordinates":[[[36.62649569450902,37.01957707589964],[36.62647349804451,37.0194695072168],[36.626576963813505,37.019455891090544],[36.626583850195125,37.01948924977905],[36.6267206210359,37.01947125069952],[36.62673593666263,37.01954547342619],[36.62649569450902,37.01957707589964]]]}},{"type":"Feature","properties":{"source":"Microsoft Global ML Building Footprints"},"geometry":{"type":"Polygon","coordinates":[[[36.628005233808054,37.02963777326527],[36.62802950137737,37.02925331822198],[36.62807864698643,37.02925529256952],[36.62805441303695,37.02963974895344],[36.628005233808054,37.02963777326527]]]}},{"type":"Feature","properties":{"source":"Microsoft Global ML Building Footprints"},"geometry":{"type":"Polygon","coordinates":[[[36.63043948273393,37.02669001204809],[36.63063734314638,37.02666252774273],[36.630648850838824,37.026715351512856],[36.6304509880886,37.026742825068084],[36.63043948273393,37.02669001204809]]]}},{"type":"Feature","properties":{"source":"Microsoft Global ML Building Footprints"},"geometry":{"type":"Polygon","coordinates":[[[36.63272490351303,37.026060652273216],[36.63261352455126,37.02607016170883],[36.63260259627889,37.025988578747025],[36.632713976064885,37.02597907545432],[36.63272490351303,37.026060652273216]]]}},{"type":"Feature","properties":{"source":"Microsoft Global ML Building Footprints"},"geometry":{"type":"Polygon","coordinates":[[[36.63274890622293,37.02356956392055],[36.63265099113993,37.02361529866772],[36.632563855151545,37.02349638584463],[36.63266177322156,37.02345065510218],[36.63274890622293,37.02356956392055]]]}},{"type":"Feature","properties":{"source":"Microsoft Global ML Building Footprints"},"geometry":{"type":"Polygon","coordinates":[[[36.63407278841333,37.02258844426266],[36.6339087043408,37.02264094503843],[36.63386378423384,37.02255145382901],[36.63402787227188,37.02249896089166],[36.63407278841333,37.02258844426266]]]}},{"type":"Feature","properties":{"source":"Microsoft Global ML Building Footprints"},"geometry":{"type":"Polygon","coordinates":[[[36.63437727724755,37.02383041153165],[36.634670641701,37.023801855574426],[36.63468690761522,37.0239083713831],[36.63451903511004,37.02392472137218],[36.634538379471635,37.02405132320625],[36.634412879054295,37.02406354633143],[36.63437727724755,37.02383041153165]]]}},{"type":"Feature","properties":{"source":"Microsoft Global ML Building Footprints"},"geometry":{"type":"Polygon","coordinates":[[[36.6346240758276,37.027930342252304],[36.634630318819404,37.028001768501376],[36.634606295907865,37.028003106753516],[36.63461095227116,37.02805638029572],[36.63452553747469,37.02806113852206],[36.63451463865148,37.02793644482501],[36.6346240758276,37.027930342252304]]]}},{"type":"Feature","properties":{"source":"Microsoft Global ML Building Footprints"},"geometry":{"type":"Polygon","coordinates":[[[36.63579239850585,37.02719248194666],[36.635902296555784,37.02734880894471],[36.63556982263435,37.027497778752966],[36.635587616669156,37.027523090205385],[36.635227382436035,37.027684477916004],[36.63509971322063,37.02750285003929],[36.63579239850585,37.02719248194666]]]}},{"type":"Feature","properties":{"source":"Microsoft Global ML Building Footprints"},"geometry":{"type":"Polygon","coordinates":[[[36.63966027313127,37.025533609693674],[36.639614045354584,37.02552874579407],[36.63963362860009,37.02541011187921],[36.63967984657302,37.0254149721724],[36.63966027313127,37.025533609693674]]]}},{"type":"Feature","properties":{"source":"Microsoft Global ML Building Footprints"},"geometry":{"type":"Polygon","coordinates":[[[36.62690458960416,37.02496693553356],[36.62693353089836,37.02493880037734],[36.62696396596283,37.02495875552366],[36.627005544712155,37.02491833491152],[36.6271489424703,37.025012347485735],[36.62707842109392,37.025080910300645],[36.62690458960416,37.02496693553356]]]}},{"type":"Feature","properties":{"source":"Microsoft Global ML Building Footprints"},"geometry":{"type":"Polygon","coordinates":[[[36.629102007458116,37.02434720339177],[36.62924556372583,37.02431405017258],[36.629284941468654,37.02442273432459],[36.629141385200946,37.02445588749633],[36.629102007458116,37.02434720339177]]]}},{"type":"Feature","properties":{"source":"Microsoft Global ML Building Footprints"},"geometry":{"type":"Polygon","coordinates":[[[36.63101592960568,37.032022485600066],[36.63101312456984,37.03212093018162],[36.63074896341793,37.032116148203656],[36.63075175982731,37.03201770345973],[36.63101592960568,37.032022485600066]]]}},{"type":"Feature","properties":{"source":"Microsoft Global ML Building Footprints"},"geometry":{"type":"Polygon","coordinates":[[[36.632322057685215,37.027572307507455],[36.63239622656378,37.027747106265096],[36.63235051142938,37.02775947182131],[36.63243076164381,37.027948602386175],[36.63225178265598,37.02799700454439],[36.63218004408633,37.027827968945694],[36.63194518529676,37.027891483045025],[36.631921998392805,37.027836837064505],[36.63195955519016,37.02782667827979],[36.63193917534822,37.02777865775493],[36.63192327686461,37.02778295815838],[36.6318996406286,37.027727253129754],[36.63195257394214,37.02771293511102],[36.63193708813234,37.02767643868393],[36.632322057685215,37.027572307507455]]]}},{"type":"Feature","properties":{"source":"Microsoft Global ML Building Footprints"},"geometry":{"type":"Polygon","coordinates":[[[36.63397313313294,37.02155124911025],[36.633807707286316,37.02157689181187],[36.63377759736244,37.02145306909734],[36.63394302320906,37.02142742635393],[36.63397313313294,37.02155124911025]]]}},{"type":"Feature","properties":{"source":"Microsoft Global ML Building Footprints"},"geometry":{"type":"Polygon","coordinates":[[[36.63415776616828,37.02388776111787],[36.63417322326001,37.02397926286023],[36.63411390877468,37.02398564964988],[36.63409844435522,37.02389415201902],[36.63415776616828,37.02388776111787]]]}},{"type":"Feature","properties":{"source":"Microsoft Global ML Building Footprints"},"geometry":{"type":"Polygon","coordinates":[[[36.63500425396765,37.025475966276815],[36.635028277189065,37.025633096160945],[36.63459749886198,37.02567509911653],[36.6345734720145,37.025517945602154],[36.63500425396765,37.025475966276815]]]}},{"type":"Feature","properties":{"source":"Microsoft Global ML Building Footprints"},"geometry":{"type":"Polygon","coordinates":[[[36.63765968118992,37.02264418064957],[36.63765968351994,37.022617601276366],[36.637756780789005,37.022516391599794],[36.63782439847478,37.02255774248215],[36.63793227774033,37.022445294057086],[36.6380712389946,37.022445294057086],[36.63807325313841,37.022446525786975],[36.638090870481875,37.02242816225636],[36.638189256191254,37.02242816225636],[36.638189256191254,37.02249668943608],[36.63810139657535,37.02249668943608],[36.63806441971094,37.02253523594751],[36.638014969673556,37.02253523594751],[36.63798272609711,37.02256884515835],[36.63798272609711,37.02263996978132],[36.63785996480322,37.02276794190621],[36.63778059184553,37.022719402343284],[36.63778269649327,37.022719402343284],[36.63765968118992,37.02264418064957]]]}},{"type":"Feature","properties":{"source":"Microsoft Global ML Building Footprints"},"geometry":{"type":"Polygon","coordinates":[[[36.62500971271233,37.024780762630606],[36.62501412556225,37.024686672494994],[36.62506501618213,37.02468819383969],[36.625060603332244,37.02478228397342],[36.62500971271233,37.024780762630606]]]}},{"type":"Feature","properties":{"source":"Microsoft Global ML Building Footprints"},"geometry":{"type":"Polygon","coordinates":[[[36.625240405651795,37.02287913597991],[36.62524744010733,37.02285931252424],[36.625331859134704,37.02287840786203],[36.62532482467916,37.02289823131272],[36.625240405651795,37.02287913597991]]]}},{"type":"Feature","properties":{"source":"Microsoft Global ML Building Footprints"},"geometry":{"type":"Polygon","coordinates":[[[36.625533590346436,37.02359745009688],[36.62560599282437,37.0235965600386],[36.62560698377529,37.02364794245681],[36.62553458129736,37.02364883251448],[36.625533590346436,37.02359745009688]]]}},{"type":"Feature","properties":{"source":"Microsoft Global ML Building Footprints"},"geometry":{"type":"Polygon","coordinates":[[[36.6263197435947,37.024071829782095],[36.62648294104693,37.024078422906555],[36.62647712781364,37.02417026943729],[36.62631393036144,37.02416367632083],[36.6263197435947,37.024071829782095]]]}},{"type":"Feature","properties":{"source":"Microsoft Global ML Building Footprints"},"geometry":{"type":"Polygon","coordinates":[[[36.62719065540201,37.02547453303939],[36.627252942356805,37.025390448700385],[36.62736223694334,37.02544205316715],[36.62729994998851,37.025526137449035],[36.62719065540201,37.02547453303939]]]}},{"type":"Feature","properties":{"source":"Microsoft Global ML Building Footprints"},"geometry":{"type":"Polygon","coordinates":[[[36.631760728806356,37.027419718035645],[36.63176804924729,37.027446268974195],[36.63171688404737,37.02745526013216],[36.63170956360648,37.027428709196755],[36.631760728806356,37.027419718035645]]]}},{"type":"Feature","properties":{"source":"Microsoft Global ML Building Footprints"},"geometry":{"type":"Polygon","coordinates":[[[36.63714856044555,37.020553043347],[36.637454137825834,37.02048419370935],[36.63744011630349,37.02044452228701],[36.637512163002896,37.02042828942803],[36.637586477071515,37.02063854777532],[36.63720885299179,37.02072363007243],[36.63714856044555,37.020553043347]]]}},{"type":"Feature","properties":{"source":"Microsoft Global ML Building Footprints"},"geometry":{"type":"Polygon","coordinates":[[[36.63786395361622,37.023376709089014],[36.63780140457087,37.02339011294059],[36.63778192978904,37.02333218423829],[36.63784447883439,37.02331878037651],[36.63786395361622,37.023376709089014]]]}},{"type":"Feature","properties":{"source":"Microsoft Global ML Building Footprints"},"geometry":{"type":"Polygon","coordinates":[[[36.63814631874118,37.024595012321235],[36.638087447836504,37.024592739237725],[36.638096636301896,37.02444105344863],[36.6381889600242,37.0244446181968],[36.63818131351482,37.02457066654081],[36.638147871721245,37.024569375308495],[36.63814631874118,37.024595012321235]]]}},{"type":"Feature","properties":{"source":"Microsoft Global ML Building Footprints"},"geometry":{"type":"Polygon","coordinates":[[[36.62530859214581,37.018852445397194],[36.625540617711366,37.01885865610062],[36.62553810277563,37.01891855288535],[36.625388067695425,37.018914536851014],[36.62538743896148,37.01892951104061],[36.62530544192057,37.01892731620137],[36.62530859214581,37.018852445397194]]]}},{"type":"Feature","properties":{"source":"Microsoft Global ML Building Footprints"},"geometry":{"type":"Polygon","coordinates":[[[36.62574474774205,37.019094484791985],[36.62574889213863,37.01919931716582],[36.625598837939684,37.0192030989101],[36.62560306691577,37.01931007056571],[36.62552000119851,37.019312164028264],[36.62552215224401,37.01936657451443],[36.62539621417644,37.01936975550198],[36.62538958013832,37.019201948035615],[36.625301155342555,37.01920417656343],[36.6252983642183,37.01913357518923],[36.625182104120995,37.019136505239445],[36.62517735717611,37.019016696965785],[36.625352577628945,37.019012280957575],[36.62535621454839,37.019104276821515],[36.62574474774205,37.019094484791985]]]}},{"type":"Feature","properties":{"source":"Microsoft Global ML Building Footprints"},"geometry":{"type":"Polygon","coordinates":[[[36.62605810352401,37.02159060394385],[36.62606093191745,37.02149428937712],[36.62614295614654,37.02149582484704],[36.626140119314805,37.021592139253855],[36.62605810352401,37.02159060394385]]]}},{"type":"Feature","properties":{"source":"Microsoft Global ML Building Footprints"},"geometry":{"type":"Polygon","coordinates":[[[36.62699220061592,37.02421856890374],[36.62694987977501,37.024330423593476],[36.62681469364736,37.024297821026245],[36.62685701448831,37.02418596628851],[36.62699220061592,37.02421856890374]]]}},{"type":"Feature","properties":{"source":"Microsoft Global ML Building Footprints"},"geometry":{"type":"Polygon","coordinates":[[[36.62771744702569,37.022162448945245],[36.6275682394155,37.022137852995535],[36.62759851471242,37.02202077904082],[36.62781203594767,37.022055976744774],[36.62780035074534,37.02210116318388],[36.62773603712027,37.02209056147383],[36.62771744702569,37.022162448945245]]]}},{"type":"Feature","properties":{"source":"Microsoft Global ML Building Footprints"},"geometry":{"type":"Polygon","coordinates":[[[36.631586511953095,37.02668747849847],[36.63164702097297,37.02685327706939],[36.63162477003248,37.026858452881314],[36.6316690291355,37.026979725406946],[36.63135112153014,37.0270536562703],[36.63129319466759,37.0268948952649],[36.63122292817321,37.02691124000924],[36.6311804277902,37.02679478637778],[36.63148699630365,37.02672347510045],[36.631482674230796,37.026711632337154],[36.631586511953095,37.02668747849847]]]}},{"type":"Feature","properties":{"source":"Microsoft Global ML Building Footprints"},"geometry":{"type":"Polygon","coordinates":[[[36.63232575864603,37.02991395922074],[36.63236842340552,37.0299113489254],[36.632372714927016,37.02995605290237],[36.63233005016753,37.02995866319616],[36.63232575864603,37.02991395922074]]]}},{"type":"Feature","properties":{"source":"Microsoft Global ML Building Footprints"},"geometry":{"type":"Polygon","coordinates":[[[36.63739402848345,37.024990941161654],[36.63740101183275,37.025068506975124],[36.637308899812254,37.02507379289601],[36.637301922767236,37.024996221579556],[36.63739402848345,37.024990941161654]]]}},{"type":"Feature","properties":{"source":"Microsoft Global ML Building Footprints"},"geometry":{"type":"Polygon","coordinates":[[[36.63817176824156,37.02050993017426],[36.638242961811166,37.020428786778886],[36.63826574145625,37.02041505177196],[36.638277709618436,37.020401410960005],[36.63844286204533,37.02030183206759],[36.63844685143271,37.02029728512377],[36.63849265788966,37.02026966603017],[36.63853674198807,37.0202943226726],[36.63854964402319,37.020307963503775],[36.63865792939938,37.020368528467586],[36.638588899770404,37.020447205559314],[36.63852056083513,37.02048841055524],[36.63846224095708,37.02055488102008],[36.63836112881247,37.020615840894806],[36.63817176824156,37.02050993017426]]]}},{"type":"Feature","properties":{"source":"Microsoft Global ML Building Footprints"},"geometry":{"type":"Polygon","coordinates":[[[36.6382479870926,37.033136821789576],[36.63809084886249,37.033121115267406],[36.63810519618754,37.03302964254162],[36.638262340956935,37.03304535851621],[36.6382479870926,37.033136821789576]]]}},{"type":"Feature","properties":{"source":"Microsoft Global ML Building Footprints"},"geometry":{"type":"Polygon","coordinates":[[[36.6256912240913,37.02399308627357],[36.62568806779939,37.02404864917917],[36.62560776669798,37.02404574156841],[36.625610922989885,37.02399017866067],[36.6256912240913,37.02399308627357]]]}},{"type":"Feature","properties":{"source":"Microsoft Global ML Building Footprints"},"geometry":{"type":"Polygon","coordinates":[[[36.62592231536009,37.02303262730644],[36.62593679406633,37.02299085565415],[36.62598662227021,37.023001864902454],[36.62597214356402,37.02304363654867],[36.62592231536009,37.02303262730644]]]}},{"type":"Feature","properties":{"source":"Microsoft Global ML Building Footprints"},"geometry":{"type":"Polygon","coordinates":[[[36.626098435139056,37.03042237017686],[36.62609709649098,37.03045230952539],[36.62604084177482,37.03045070653006],[36.62604218042285,37.03042076718089],[36.626098435139056,37.03042237017686]]]}},{"type":"Feature","properties":{"source":"Microsoft Global ML Building Footprints"},"geometry":{"type":"Polygon","coordinates":[[[36.62623766022827,37.02361172279132],[36.62627193460529,37.02361532717844],[36.62625860178892,37.02369618424548],[36.62610568395272,37.023680111548636],[36.62612442704592,37.023566443727155],[36.62624307019467,37.02357891394193],[36.62623766022827,37.02361172279132]]]}},{"type":"Feature","properties":{"source":"Microsoft Global ML Building Footprints"},"geometry":{"type":"Polygon","coordinates":[[[36.6281304482888,37.028398425823724],[36.628138722303476,37.0286337838473],[36.62800203730679,37.02863684636598],[36.62799376329212,37.0284014883519],[36.6281304482888,37.028398425823724]]]}},{"type":"Feature","properties":{"source":"Microsoft Global ML Building Footprints"},"geometry":{"type":"Polygon","coordinates":[[[36.62893182238676,37.028119779734126],[36.62879436866596,37.02814007852096],[36.628764624757096,37.02801170942281],[36.62890207847791,37.02799141060168],[36.62893182238676,37.028119779734126]]]}},{"type":"Feature","properties":{"source":"Microsoft Global ML Building Footprints"},"geometry":{"type":"Polygon","coordinates":[[[36.628987157522516,37.01871731383424],[36.62916827186696,37.018680078695965],[36.62915920643152,37.01865196031241],[36.62922209335666,37.018639031435924],[36.62927001065843,37.01878765708494],[36.62919354272484,37.018803378039905],[36.62919313913888,37.018802126574336],[36.629147860552756,37.018811432815426],[36.629139197156995,37.018784568794516],[36.629091403901604,37.01879439455597],[36.629091403901604,37.01879439455597],[36.62901694395336,37.01880970269021],[36.628987157522516,37.01871731383424]]]}},{"type":"Feature","properties":{"source":"Microsoft Global ML Building Footprints"},"geometry":{"type":"Polygon","coordinates":[[[36.632353406878735,37.02287540830575],[36.632233538206705,37.02290512780569],[36.6321704852156,37.022743019263125],[36.63247871894366,37.02266659750528],[36.63254101226017,37.02282675309605],[36.63235264720417,37.022873455192084],[36.632353406878735,37.02287540830575]]]}},{"type":"Feature","properties":{"source":"Microsoft Global ML Building Footprints"},"geometry":{"type":"Polygon","coordinates":[[[36.634235051059925,37.02202000071738],[36.63402870771,37.022035140042306],[36.63401537618468,37.021919401248034],[36.63413661688236,37.02191049908093],[36.63413845145805,37.02192643825134],[36.634223563397825,37.021920193615514],[36.634235051059925,37.02202000071738]]]}},{"type":"Feature","properties":{"source":"Microsoft Global ML Building Footprints"},"geometry":{"type":"Polygon","coordinates":[[[36.6348158900832,37.02661395031032],[36.634772582473666,37.02664852518718],[36.63474296242801,37.026659324375075],[36.63468135321639,37.02670851040611],[36.63468135321639,37.02670851040611],[36.63458005217692,37.02678938454296],[36.63454055878268,37.02680378343313],[36.634535622108416,37.026807724646105],[36.63432635057268,37.026884022871734],[36.63424509841268,37.02681915493496],[36.6341853761515,37.02671474956863],[36.63429372506889,37.02662824863884],[36.63458005217692,37.026523856382084],[36.634681588556546,37.026442794076964],[36.63470975458661,37.02649203361056],[36.63477673232017,37.026545505744984],[36.6348158900832,37.02661395031032]]]}},{"type":"Feature","properties":{"source":"Microsoft Global ML Building Footprints"},"geometry":{"type":"Polygon","coordinates":[[[36.6357160936652,37.027898744294134],[36.63556696573212,37.02800822529002],[36.63539529647223,37.0278591781313],[36.635544422525854,37.027749706632804],[36.6357160936652,37.027898744294134]]]}},{"type":"Feature","properties":{"source":"Microsoft Global ML Building Footprints"},"geometry":{"type":"Polygon","coordinates":[[[36.63669516541979,37.02715259492575],[36.636674614474124,37.02736115433764],[36.63655998948147,37.02735394902751],[36.63658054042709,37.02714538959582],[36.63669516541979,37.02715259492575]]]}},{"type":"Feature","properties":{"source":"Microsoft Global ML Building Footprints"},"geometry":{"type":"Polygon","coordinates":[[[36.6371190910117,37.019724980125325],[36.63728644729617,37.01971182179972],[36.63729194072404,37.019756362457734],[36.637124584439576,37.01976952077563],[36.6371190910117,37.019724980125325]]]}},{"type":"Feature","properties":{"source":"Microsoft Global ML Building Footprints"},"geometry":{"type":"Polygon","coordinates":[[[36.63753554634856,37.027603007717964],[36.637623207366644,37.02683204912534],[36.63764868458506,37.0268338940594],[36.637662197706234,37.02671495685587],[36.637965474329974,37.02673691867874],[36.637952926431694,37.02684736034199],[36.63790238032775,37.02684370004394],[36.637895865072856,37.02690104469313],[36.637882563466555,37.026900081457505],[36.63784371324308,37.02724202458236],[36.63770803685879,37.02723219962245],[36.637680045393445,37.02747856765977],[36.63774655342497,37.027483383801126],[36.63774100339305,37.02753223253809],[36.637764946284406,37.02753396634779],[36.63775529405495,37.02761892059618],[36.63753554634856,37.027603007717964]]]}},{"type":"Feature","properties":{"source":"Microsoft Global ML Building Footprints"},"geometry":{"type":"Polygon","coordinates":[[[36.638092923004706,37.026956951960464],[36.63809875999152,37.026845797161684],[36.63815231005427,37.02684758946109],[36.63814647306745,37.02695874425725],[36.638092923004706,37.026956951960464]]]}},{"type":"Feature","properties":{"source":"Microsoft Global ML Building Footprints"},"geometry":{"type":"Polygon","coordinates":[[[36.63917556444464,37.032495747790335],[36.639186904130554,37.03256740467986],[36.63913146254543,37.03257299586502],[36.639120122859524,37.03250133898076],[36.63917556444464,37.032495747790335]]]}},{"type":"Feature","properties":{"source":"Microsoft Global ML Building Footprints"},"geometry":{"type":"Polygon","coordinates":[[[36.639550226418805,37.02698780713377],[36.63954358469975,37.02710242294849],[36.63925987682508,37.02709196039599],[36.63926651946076,37.02697732874698],[36.639550226418805,37.02698780713377]]]}},{"type":"Feature","properties":{"source":"Microsoft Global ML Building Footprints"},"geometry":{"type":"Polygon","coordinates":[[[36.625270681694026,37.02360939011945],[36.62527377722786,37.0236628119895],[36.62519080605696,37.023665871930866],[36.625187710523136,37.02361245006296],[36.625270681694026,37.02360939011945]]]}},{"type":"Feature","properties":{"source":"Microsoft Global ML Building Footprints"},"geometry":{"type":"Polygon","coordinates":[[[36.625660467968046,37.02006617779816],[36.62569139543607,37.01990161735155],[36.625839965275624,37.01991940900184],[36.62583580423875,37.019941559605705],[36.62601417987645,37.01996293053903],[36.626002211581934,37.02002664175687],[36.62606348624088,37.02003397955565],[36.62604869330972,37.02011269044428],[36.625660467968046,37.02006617779816]]]}},{"type":"Feature","properties":{"source":"Microsoft Global ML Building Footprints"},"geometry":{"type":"Polygon","coordinates":[[[36.62580154197896,37.02369373520585],[36.62578623044328,37.023795048366686],[36.62586956573203,37.023803081023715],[36.62585616047872,37.02389172918093],[36.62566052852305,37.02387287231124],[36.62568925406583,37.02368291180051],[36.62580154197896,37.02369373520585]]]}},{"type":"Feature","properties":{"source":"Microsoft Global ML Building Footprints"},"geometry":{"type":"Polygon","coordinates":[[[36.62853460403255,37.027804264505164],[36.62842844950922,37.02782033265025],[36.628404886353756,37.02772111571684],[36.62861099386385,37.02768991808221],[36.628657467676334,37.02788553223323],[36.62855749941618,37.027900669560395],[36.62853460403255,37.027804264505164]]]}},{"type":"Feature","properties":{"source":"Microsoft Global ML Building Footprints"},"geometry":{"type":"Polygon","coordinates":[[[36.63051531282094,37.019558424916596],[36.63073423553322,37.01974501141524],[36.6305876173234,37.01985467699245],[36.63036869820289,37.01966807988361],[36.63051531282094,37.019558424916596]]]}},{"type":"Feature","properties":{"source":"Microsoft Global ML Building Footprints"},"geometry":{"type":"Polygon","coordinates":[[[36.63199280389918,37.019767338023456],[36.63187430454245,37.01983229185402],[36.63182355286387,37.0197732612998],[36.6319420560903,37.019708311919715],[36.63199280389918,37.019767338023456]]]}},{"type":"Feature","properties":{"source":"Microsoft Global ML Building Footprints"},"geometry":{"type":"Polygon","coordinates":[[[36.63315931401796,37.023873161211384],[36.63319963545495,37.023950778375585],[36.633073766081864,37.023992457818885],[36.63303344776226,37.02391484669814],[36.63315931401796,37.023873161211384]]]}},{"type":"Feature","properties":{"source":"Microsoft Global ML Building Footprints"},"geometry":{"type":"Polygon","coordinates":[[[36.633503759691024,37.02437244853289],[36.63359611336465,37.024369083884515],[36.63360270903774,37.024484480215456],[36.63351036545912,37.024487844490935],[36.633503759691024,37.02437244853289]]]}},{"type":"Feature","properties":{"source":"Microsoft Global ML Building Footprints"},"geometry":{"type":"Polygon","coordinates":[[[36.63437673293679,37.03072254912419],[36.63452993533608,37.030707346793825],[36.63456143716163,37.03090977981218],[36.6343105021973,37.03093468011293],[36.63429032458716,37.03080501742954],[36.63438805798905,37.03079532477969],[36.63437673293679,37.03072254912419]]]}},{"type":"Feature","properties":{"source":"Microsoft Global ML Building Footprints"},"geometry":{"type":"Polygon","coordinates":[[[36.63439315414878,37.01884525940672],[36.63441104858939,37.018930674056016],[36.63427276084897,37.018949143360324],[36.63425486640837,37.0188637287318],[36.63439315414878,37.01884525940672]]]}},{"type":"Feature","properties":{"source":"Microsoft Global ML Building Footprints"},"geometry":{"type":"Polygon","coordinates":[[[36.63507468332928,37.02234255820397],[36.63517575388252,37.022434442704636],[36.6351242681496,37.02247054296107],[36.63502319759636,37.02237865850407],[36.63507468332928,37.02234255820397]]]}},{"type":"Feature","properties":{"source":"Microsoft Global ML Building Footprints"},"geometry":{"type":"Polygon","coordinates":[[[36.635698637450844,37.02174824809913],[36.635661574754856,37.021853421626595],[36.6355000199486,37.02181713067619],[36.63553148827538,37.02172783236484],[36.63549917731412,37.02172057416414],[36.63550477168333,37.02170469889629],[36.635698637450844,37.02174824809913]]]}},{"type":"Feature","properties":{"source":"Microsoft Global ML Building Footprints"},"geometry":{"type":"Polygon","coordinates":[[[36.63731318470038,37.02237133860802],[36.63726620965305,37.0223423174538],[36.6373298206004,37.02227668382574],[36.63737679564777,37.02230570500502],[36.63731318470038,37.02237133860802]]]}},{"type":"Feature","properties":{"source":"Microsoft Global ML Building Footprints"},"geometry":{"type":"Polygon","coordinates":[[[36.637317533135835,37.02195845776066],[36.63740075687881,37.02189884772472],[36.63744608700838,37.02193919010354],[36.637362863265366,37.02199880010782],[36.637317533135835,37.02195845776066]]]}},{"type":"Feature","properties":{"source":"Microsoft Global ML Building Footprints"},"geometry":{"type":"Polygon","coordinates":[[[36.63861291099481,37.02903458222785],[36.63889410532771,37.029069430339746],[36.63886687676103,37.02920952210806],[36.63858567043545,37.0291746725742],[36.63861291099481,37.02903458222785]]]}},{"type":"Feature","properties":{"source":"Microsoft Global ML Building Footprints"},"geometry":{"type":"Polygon","coordinates":[[[36.63957970359295,37.02152899225822],[36.639523835363185,37.0215395692566],[36.639501176144286,37.02146325126447],[36.63955704525163,37.02145267721127],[36.63957970359295,37.02152899225822]]]}},{"type":"Feature","properties":{"source":"Microsoft Global ML Building Footprints"},"geometry":{"type":"Polygon","coordinates":[[[36.62486155195518,37.024665329779545],[36.62486874706053,37.024555455515305],[36.62502924091246,37.02456215460571],[36.62502204639276,37.02467201991667],[36.62486155195518,37.024665329779545]]]}},{"type":"Feature","properties":{"source":"Microsoft Global ML Building Footprints"},"geometry":{"type":"Polygon","coordinates":[[[36.62589779968137,37.020869232224705],[36.625739617467644,37.020871848643615],[36.625740899262354,37.0209210823677],[36.62562994753359,37.02092291756776],[36.62562208434049,37.02061987153719],[36.625772223390804,37.02061737975845],[36.6257760321886,37.02076417028825],[36.62583769653075,37.02076315032541],[36.62583433198407,37.02063348118411],[36.62597106576205,37.02063121188603],[36.62597412060295,37.02074894502429],[36.62589470233611,37.02075026308515],[36.62589779968137,37.020869232224705]]]}},{"type":"Feature","properties":{"source":"Microsoft Global ML Building Footprints"},"geometry":{"type":"Polygon","coordinates":[[[36.62654287368078,37.021780660694574],[36.626492063135416,37.021778446064545],[36.62649425298695,37.02174641910004],[36.626545063532326,37.02174863373099],[36.62654287368078,37.021780660694574]]]}},{"type":"Feature","properties":{"source":"Microsoft Global ML Building Footprints"},"geometry":{"type":"Polygon","coordinates":[[[36.62750942854961,37.02561666367959],[36.62749457459794,37.02560728728339],[36.62745853431798,37.02564367867376],[36.62733310521931,37.02556449589611],[36.62742133890531,37.02547540249912],[36.62756162622659,37.02556395745977],[36.62750942854961,37.02561666367959]]]}},{"type":"Feature","properties":{"source":"Microsoft Global ML Building Footprints"},"geometry":{"type":"Polygon","coordinates":[[[36.6285494708327,37.019138014148226],[36.62859520986678,37.01911308326666],[36.62861814364366,37.019139906035335],[36.62857240311885,37.019164835164574],[36.6285494708327,37.019138014148226]]]}},{"type":"Feature","properties":{"source":"Microsoft Global ML Building Footprints"},"geometry":{"type":"Polygon","coordinates":[[[36.631111126539736,37.027062780871695],[36.631177932363094,37.02705952212133],[36.63118397350224,37.02713845715373],[36.63111716767889,37.02714171590073],[36.631111126539736,37.027062780871695]]]}},{"type":"Feature","properties":{"source":"Microsoft Global ML Building Footprints"},"geometry":{"type":"Polygon","coordinates":[[[36.634126550700266,37.01965569206304],[36.6341306320873,37.01975517976267],[36.63393334609295,37.019760328223555],[36.633927872690265,37.01962662309865],[36.63407423917092,37.01962279526969],[36.63407564334618,37.01965702340997],[36.634126550700266,37.01965569206304]]]}},{"type":"Feature","properties":{"source":"Microsoft Global ML Building Footprints"},"geometry":{"type":"Polygon","coordinates":[[[36.63607378335191,37.02783116068695],[36.63639992162486,37.02775498850536],[36.63649316594496,37.028009441064604],[36.636297977130056,37.02805502881762],[36.63630159125098,37.02806489129684],[36.6361706417929,37.028095475466266],[36.63607378335191,37.02783116068695]]]}},{"type":"Feature","properties":{"source":"Microsoft Global ML Building Footprints"},"geometry":{"type":"Polygon","coordinates":[[[36.637150679011036,37.03311714242112],[36.63705683955775,37.03311563770259],[36.637059671381884,37.03300309547789],[36.63697251245285,37.033001702749345],[36.63697380047837,37.03295033505951],[36.63726336303235,37.03295496203578],[36.63725874760747,37.033139029419004],[36.63715017193813,37.03313729447153],[36.637150679011036,37.03311714242112]]]}},{"type":"Feature","properties":{"source":"Microsoft Global ML Building Footprints"},"geometry":{"type":"Polygon","coordinates":[[[36.63757362535015,37.02517007262056],[36.637585947555486,37.02525892272314],[36.63745611004079,37.025270392761364],[36.63744378783545,37.0251815426722],[36.63757362535015,37.02517007262056]]]}},{"type":"Feature","properties":{"source":"Microsoft Global ML Building Footprints"},"geometry":{"type":"Polygon","coordinates":[[[36.63795622188836,37.02776654234871],[36.63791312566513,37.02776023577863],[36.63793262808013,37.027675295329274],[36.63797571709885,37.027681600852105],[36.63795622188836,37.02776654234871]]]}},{"type":"Feature","properties":{"source":"Microsoft Global ML Building Footprints"},"geometry":{"type":"Polygon","coordinates":[[[36.63915855606694,37.02738058417192],[36.63914698875687,37.027429453015316],[36.63907811333338,37.0274190583785],[36.63908821523258,37.02737639630747],[36.63904831922936,37.0273703774522],[36.639058106845916,37.027329027315936],[36.6391383885018,37.02734113890284],[36.63913006902773,37.02737628651451],[36.63915855606694,37.02738058417192]]]}},{"type":"Feature","properties":{"source":"Microsoft Global ML Building Footprints"},"geometry":{"type":"Polygon","coordinates":[[[36.6396362628129,37.02904218199652],[36.63965520566095,37.02893074693133],[36.63993079489734,37.028960619717914],[36.63991184245676,37.02907205369949],[36.6396362628129,37.02904218199652]]]}},{"type":"Feature","properties":{"source":"Microsoft Global ML Building Footprints"},"geometry":{"type":"Polygon","coordinates":[[[36.625091647077454,37.01856566411878],[36.625222610732216,37.01855943607783],[36.62523032181791,37.018662807308665],[36.62509935870711,37.018669042633725],[36.625091647077454,37.01856566411878]]]}},{"type":"Feature","properties":{"source":"Microsoft Global ML Building Footprints"},"geometry":{"type":"Polygon","coordinates":[[[36.62529216746067,37.027390005595066],[36.625243984674555,37.02738827987404],[36.625245838792736,37.027355285262516],[36.625294021427855,37.02735701367113],[36.62529216746067,37.027390005595066]]]}},{"type":"Feature","properties":{"source":"Microsoft Global ML Building Footprints"},"geometry":{"type":"Polygon","coordinates":[[[36.627017484949754,37.0288804469646],[36.626942669151475,37.02894563113492],[36.626844459943186,37.02887379049912],[36.62691927884782,37.028808608539435],[36.627017484949754,37.0288804469646]]]}},{"type":"Feature","properties":{"source":"Microsoft Global ML Building Footprints"},"geometry":{"type":"Polygon","coordinates":[[[36.63215410198219,37.028374391307345],[36.63215475016582,37.02839150612133],[36.63209043594327,37.02839305852868],[36.63208654684135,37.028290369589],[36.632196416971546,37.02828771755618],[36.6321996578898,37.028373291685206],[36.63215410198219,37.028374391307345]]]}},{"type":"Feature","properties":{"source":"Microsoft Global ML Building Footprints"},"geometry":{"type":"Polygon","coordinates":[[[36.63573921882039,37.01887503656574],[36.635862738422176,37.01883406342844],[36.635912154459604,37.018929033375905],[36.63578863485781,37.018970006462],[36.63573921882039,37.01887503656574]]]}},{"type":"Feature","properties":{"source":"Microsoft Global ML Building Footprints"},"geometry":{"type":"Polygon","coordinates":[[[36.63967339529431,37.02469678424891],[36.639520718271804,37.02469227124808],[36.63952590101372,37.02458030040736],[36.63967857843059,37.024584804895255],[36.63967339529431,37.02469678424891]]]}},{"type":"Feature","properties":{"source":"Microsoft Global ML Building Footprints"},"geometry":{"type":"Polygon","coordinates":[[[36.62516816891368,37.02653403048848],[36.625058584807334,37.02653922289817],[36.62505182622388,37.02644841645904],[36.625161409876114,37.02644321794154],[36.62516816891368,37.02653403048848]]]}},{"type":"Feature","properties":{"source":"Microsoft Global ML Building Footprints"},"geometry":{"type":"Polygon","coordinates":[[[36.62528978489229,37.0272817575094],[36.62534985299994,37.027294595487255],[36.625333772337015,37.02734255076935],[36.62527370422937,37.02732971279961],[36.62528978489229,37.0272817575094]]]}},{"type":"Feature","properties":{"source":"Microsoft Global ML Building Footprints"},"geometry":{"type":"Polygon","coordinates":[[[36.62748440638123,37.028307189317836],[36.627557748731505,37.02838541189118],[36.62747460023046,37.028435104367],[36.62740125348538,37.0283568844713],[36.62748440638123,37.028307189317836]]]}},{"type":"Feature","properties":{"source":"Microsoft Global ML Building Footprints"},"geometry":{"type":"Polygon","coordinates":[[[36.63065569673531,37.026322725814815],[36.63060988453092,37.026331214148406],[36.63059748026522,37.026288543794394],[36.630643292469614,37.02628005545604],[36.63065569673531,37.026322725814815]]]}},{"type":"Feature","properties":{"source":"Microsoft Global ML Building Footprints"},"geometry":{"type":"Polygon","coordinates":[[[36.63364968867428,37.02617095431226],[36.63371918989414,37.026343714782804],[36.633456599061745,37.02641104717693],[36.633391002404835,37.02624799250576],[36.633310766317145,37.026268566325115],[36.63329552597763,37.02623068312679],[36.63350219889965,37.02617770038625],[36.633513530464896,37.026205867492365],[36.63364968867428,37.02617095431226]]]}},{"type":"Feature","properties":{"source":"Microsoft Global ML Building Footprints"},"geometry":{"type":"Polygon","coordinates":[[[36.63513482282318,37.02106754566574],[36.635137048014414,37.02094550515125],[36.63526947924392,37.0209470444086],[36.635267264748485,37.02106908504495],[36.63513482282318,37.02106754566574]]]}},{"type":"Feature","properties":{"source":"Microsoft Global ML Building Footprints"},"geometry":{"type":"Polygon","coordinates":[[[36.637842420297645,37.01906495337901],[36.637716464911286,37.01912622418397],[36.63762827387066,37.01901064841376],[36.63775423664579,37.01894937392136],[36.637842420297645,37.01906495337901]]]}},{"type":"Feature","properties":{"source":"Microsoft Global ML Building Footprints"},"geometry":{"type":"Polygon","coordinates":[[[36.62573600694732,37.0227418055754],[36.62573440571097,37.022788883107246],[36.62577996966402,37.022789870977874],[36.625778836099904,37.02282319858321],[36.625576624791606,37.02281880314872],[36.625576551820856,37.022820943026865],[36.625466662704966,37.022818554384884],[36.625469476925225,37.02273602694256],[36.62573600694732,37.0227418055754]]]}},{"type":"Feature","properties":{"source":"Microsoft Global ML Building Footprints"},"geometry":{"type":"Polygon","coordinates":[[[36.630984260516975,37.01846933376652],[36.630895512930614,37.01852777022755],[36.63081991643075,37.01845457880059],[36.6309086571498,37.01839614184607],[36.630984260516975,37.01846933376652]]]}},{"type":"Feature","properties":{"source":"Microsoft Global ML Building Footprints"},"geometry":{"type":"Polygon","coordinates":[[[36.637535329191664,37.02407235807856],[36.63754927404398,37.024180423885404],[36.63747626215117,37.02418642926412],[36.6374859498644,37.02426145325477],[36.63741694582364,37.02426713282914],[36.637398066711285,37.02412092836644],[36.6374378767348,37.024117651682666],[36.63742912120442,37.02404984661603],[36.63747158522951,37.024046351483385],[36.637475578027605,37.024077272742005],[36.637535329191664,37.02407235807856]]]}},{"type":"Feature","properties":{"source":"Microsoft Global ML Building Footprints"},"geometry":{"type":"Polygon","coordinates":[[[36.638356069578116,37.02813884968351],[36.63836038773499,37.02805333603653],[36.63851034772753,37.028058162341246],[36.63850602957062,37.02814367598278],[36.638356069578116,37.02813884968351]]]}},{"type":"Feature","properties":{"source":"Microsoft Global ML Building Footprints"},"geometry":{"type":"Polygon","coordinates":[[[36.638489335181546,37.02935153080478],[36.638825465411756,37.029387947012054],[36.63879949404806,37.029540649002],[36.63872838534621,37.02953294115908],[36.63872337904116,37.02956237634453],[36.638634832899946,37.02955277836926],[36.638629694428936,37.0295830062138],[36.638355789133726,37.02955333150726],[36.6383798730073,37.029411654264045],[36.63847731917464,37.02942221697882],[36.638489335181546,37.02935153080478]]]}},{"type":"Feature","properties":{"source":"Microsoft Global ML Building Footprints"},"geometry":{"type":"Polygon","coordinates":[[[36.62456545286118,37.01951145523414],[36.62456927066733,37.01962487556206],[36.62443694037117,37.0196277225462],[36.62443311263,37.019514302436264],[36.62456545286118,37.01951145523414]]]}},{"type":"Feature","properties":{"source":"Microsoft Global ML Building Footprints"},"geometry":{"type":"Polygon","coordinates":[[[36.62554854822937,37.01865858552901],[36.625553510159875,37.01874621119941],[36.625360785078264,37.018753168500496],[36.6253558231478,37.01866554283814],[36.62554854822937,37.01865858552901]]]}},{"type":"Feature","properties":{"source":"Microsoft Global ML Building Footprints"},"geometry":{"type":"Polygon","coordinates":[[[36.62709169493355,37.01953854125163],[36.627182067517126,37.019508265738935],[36.62721518907466,37.01957129322346],[36.62712480953673,37.0196015659903],[36.62709169493355,37.01953854125163]]]}},{"type":"Feature","properties":{"source":"Microsoft Global ML Building Footprints"},"geometry":{"type":"Polygon","coordinates":[[[36.629591376316036,37.029745886736535],[36.62959009613931,37.029913728587566],[36.62923710568252,37.029912012701516],[36.62923747698815,37.029862765410144],[36.62920424798388,37.0298626038839],[36.62920512988131,37.029746979732046],[36.62924804363447,37.029747188336174],[36.62924841925748,37.029697940958926],[36.629342293092506,37.02969839728076],[36.62934194001949,37.02974468816136],[36.629591376316036,37.029745886736535]]]}},{"type":"Feature","properties":{"source":"Microsoft Global ML Building Footprints"},"geometry":{"type":"Polygon","coordinates":[[[36.63062759989953,37.02660557975414],[36.63050161829063,37.026608149115226],[36.630498536925025,37.026511850810195],[36.63062451853393,37.026509281445854],[36.63062759989953,37.02660557975414]]]}},{"type":"Feature","properties":{"source":"Microsoft Global ML Building Footprints"},"geometry":{"type":"Polygon","coordinates":[[[36.634564412435296,37.022064823089856],[36.634400126706836,37.022086993207786],[36.634380733141484,37.0219953849476],[36.6345450188699,37.021973214802955],[36.634564412435296,37.022064823089856]]]}},{"type":"Feature","properties":{"source":"Microsoft Global ML Building Footprints"},"geometry":{"type":"Polygon","coordinates":[[[36.63869530709088,37.023908632464234],[36.63865660477737,37.02400018974702],[36.63858677419581,37.02398137436899],[36.63862547502855,37.0238898205666],[36.63869530709088,37.023908632464234]]]}},{"type":"Feature","properties":{"source":"Microsoft Global ML Building Footprints"},"geometry":{"type":"Polygon","coordinates":[[[36.63894490241808,37.029086192689974],[36.63891693558955,37.02921508336033],[36.63887170924684,37.02920882655933],[36.63889968704564,37.02907993739604],[36.63894490241808,37.029086192689974]]]}},{"type":"Feature","properties":{"source":"Microsoft Global ML Building Footprints"},"geometry":{"type":"Polygon","coordinates":[[[36.6222350725939,37.03029255286555],[36.622206152627356,37.03032077111907],[36.622170805451816,37.03029768381697],[36.6221997254184,37.030269465554866],[36.6222350725939,37.03029255286555]]]}},{"type":"Feature","properties":{"source":"Microsoft Global ML Building Footprints"},"geometry":{"type":"Polygon","coordinates":[[[36.62466243474314,37.02269164467563],[36.62464835272983,37.022818232856814],[36.62462866436245,37.022852001400395],[36.62467374491406,37.02285519806761],[36.62468627189128,37.02274258871894],[36.62475014109181,37.02274711769796],[36.62474594471568,37.02278484039629],[36.624794883397826,37.02280302844647],[36.624791722602524,37.02283144192609],[36.62482897963614,37.022834083827455],[36.62482661605553,37.02285533086157],[36.62478935902191,37.02285268896093],[36.624780613773666,37.02293130293819],[36.624700777273056,37.02292564172813],[36.62471209331899,37.02282391796297],[36.624669077641734,37.02289769636481],[36.62451879790404,37.02288704001635],[36.62452258258976,37.022853044982774],[36.624381538975214,37.022843043562716],[36.624390873369116,37.02275919952792],[36.624293589546994,37.022752295675645],[36.624297991026694,37.02271272921146],[36.62431946612328,37.022675890548534],[36.62448808044067,37.02268784703667],[36.62438804273707,37.02265067357566],[36.62439228623338,37.02261252722959],[36.62443486570037,37.02261554655415],[36.624429817435846,37.02266092725309],[36.62447710898408,37.02267850317508],[36.62466243474314,37.02269164467563]]]}},{"type":"Feature","properties":{"source":"Microsoft Global ML Building Footprints"},"geometry":{"type":"Polygon","coordinates":[[[36.624736367163806,37.02379003458052],[36.62457093765744,37.02377498554565],[36.624579686921706,37.023713679753286],[36.62462470008143,37.02371777458024],[36.62462952726168,37.023683950675455],[36.62467189258849,37.02368780463178],[36.62467068579338,37.02369626060895],[36.62474872931255,37.02370336019442],[36.624736367163806,37.02379003458052]]]}},{"type":"Feature","properties":{"source":"Microsoft Global ML Building Footprints"},"geometry":{"type":"Polygon","coordinates":[[[36.62572772552993,37.024870277489974],[36.6258995155252,37.02488699921303],[36.62588147084261,37.0250051614222],[36.62575461053839,37.024992813092446],[36.62573495472345,37.025121525310645],[36.62556316472814,37.025104803639216],[36.62557232592211,37.02504481338582],[36.62553532531113,37.02504120975451],[36.625546141847515,37.02497037975657],[36.625480068772426,37.02496394833212],[36.62548651330194,37.02492174754134],[36.62559487314511,37.024932295083005],[36.62558810638912,37.02497660590657],[36.625709680847336,37.02498843972517],[36.62572772552993,37.024870277489974]]]}},{"type":"Feature","properties":{"source":"Microsoft Global ML Building Footprints"},"geometry":{"type":"Polygon","coordinates":[[[36.62673493213381,37.02444650372884],[36.62684208430634,37.024478392628225],[36.62680696473964,37.02455359757642],[36.62669981835556,37.024521710431266],[36.62673493213381,37.02444650372884]]]}},{"type":"Feature","properties":{"source":"Microsoft Global ML Building Footprints"},"geometry":{"type":"Polygon","coordinates":[[[36.62826325280734,37.02820800628135],[36.62834806763574,37.02817237364572],[36.62840775829172,37.02826292710953],[36.62832294968011,37.028298557090906],[36.62826325280734,37.02820800628135]]]}},{"type":"Feature","properties":{"source":"Microsoft Global ML Building Footprints"},"geometry":{"type":"Polygon","coordinates":[[[36.629209304851244,37.02269763463514],[36.62903831696052,37.02272569651089],[36.629010289378265,37.02261679846302],[36.62918126810984,37.0225887380502],[36.629209304851244,37.02269763463514]]]}},{"type":"Feature","properties":{"source":"Microsoft Global ML Building Footprints"},"geometry":{"type":"Polygon","coordinates":[[[36.6308011308989,37.02220265863879],[36.6307853407699,37.02226785116296],[36.63071553166992,37.022257073046106],[36.630731322709714,37.02219187675248],[36.6308011308989,37.02220265863879]]]}},{"type":"Feature","properties":{"source":"Microsoft Global ML Building Footprints"},"geometry":{"type":"Polygon","coordinates":[[[36.63107036068173,37.02460868040767],[36.631072303623014,37.02465665342024],[36.630971810260746,37.024659242077604],[36.63096987174732,37.024611274567675],[36.63107036068173,37.02460868040767]]]}},{"type":"Feature","properties":{"source":"Microsoft Global ML Building Footprints"},"geometry":{"type":"Polygon","coordinates":[[[36.63348943007381,37.02761347198087],[36.633521796334364,37.02778298240929],[36.633359274108,37.027802751629466],[36.63332690784741,37.027633241245184],[36.63348943007381,37.02761347198087]]]}},{"type":"Feature","properties":{"source":"Microsoft Global ML Building Footprints"},"geometry":{"type":"Polygon","coordinates":[[[36.63393384033364,37.02116096305425],[36.63401788965099,37.021139273808906],[36.634037508726955,37.02118774880725],[36.63395346325697,37.02120943704593],[36.63393384033364,37.02116096305425]]]}},{"type":"Feature","properties":{"source":"Microsoft Global ML Building Footprints"},"geometry":{"type":"Polygon","coordinates":[[[36.63447979199932,37.02531605230135],[36.634585500018694,37.02530573340198],[36.63460262559825,37.025417555465445],[36.634496917578836,37.02542787434963],[36.63447979199932,37.02531605230135]]]}},{"type":"Feature","properties":{"source":"Microsoft Global ML Building Footprints"},"geometry":{"type":"Polygon","coordinates":[[[36.63645215663885,37.02184948834135],[36.636583496055316,37.0219782167066],[36.63645612288834,37.0220610576369],[36.636324783471835,37.02193232941201],[36.63645215663885,37.02184948834135]]]}},{"type":"Feature","properties":{"source":"Microsoft Global ML Building Footprints"},"geometry":{"type":"Polygon","coordinates":[[[36.63906341043469,37.02879678818101],[36.638949147545055,37.0287879522173],[36.638950177128116,37.028779466650406],[36.638897031598056,37.028775356899025],[36.63890758482439,37.02868837977908],[36.63907499324408,37.028701325509985],[36.63906341043469,37.02879678818101]]]}},{"type":"Feature","properties":{"source":"Microsoft Global ML Building Footprints"},"geometry":{"type":"Polygon","coordinates":[[[36.62299257840522,37.02707169917724],[36.62300662574315,37.02714164054051],[36.62294648061076,37.0271493364157],[36.6229324339309,37.02707939833592],[36.62299257840522,37.02707169917724]]]}},{"type":"Feature","properties":{"source":"Microsoft Global ML Building Footprints"},"geometry":{"type":"Polygon","coordinates":[[[36.62644816286072,37.02046510425767],[36.62649620351881,37.02046239824561],[36.626501175612745,37.02051866887422],[36.626453135190665,37.0205213775555],[36.62644816286072,37.02046510425767]]]}},{"type":"Feature","properties":{"source":"Microsoft Global ML Building Footprints"},"geometry":{"type":"Polygon","coordinates":[[[36.62871041400337,37.022756183207235],[36.62869917695004,37.02284954553289],[36.62860881625024,37.02284261292318],[36.62862005330353,37.02274925058901],[36.62871041400337,37.022756183207235]]]}},{"type":"Feature","properties":{"source":"Microsoft Global ML Building Footprints"},"geometry":{"type":"Polygon","coordinates":[[[36.62997465065886,37.02348017490308],[36.62999250356237,37.02354559564056],[36.629951533070056,37.023552722413314],[36.62993368016654,37.02348730168198],[36.62997465065886,37.02348017490308]]]}},{"type":"Feature","properties":{"source":"Microsoft Global ML Building Footprints"},"geometry":{"type":"Polygon","coordinates":[[[36.630467224527706,37.02472088161734],[36.63046401844707,37.02466444273672],[36.63054431954848,37.02466153514952],[36.63055002515303,37.0247619748731],[36.63041886668742,37.02476672392586],[36.6304163670024,37.02472272025187],[36.630467224527706,37.02472088161734]]]}},{"type":"Feature","properties":{"source":"Microsoft Global ML Building Footprints"},"geometry":{"type":"Polygon","coordinates":[[[36.63300038883039,37.02280279944482],[36.63284090832415,37.02286127717938],[36.63279513078871,37.022781696831615],[36.63284607595044,37.0227630164295],[36.63282267854343,37.022722341987354],[36.63293121388798,37.02268254457233],[36.63300038883039,37.02280279944482]]]}},{"type":"Feature","properties":{"source":"Microsoft Global ML Building Footprints"},"geometry":{"type":"Polygon","coordinates":[[[36.63609532413643,37.02324614643265],[36.636131288849676,37.023290682285065],[36.636105639007425,37.02330388702397],[36.63611731449756,37.02331834344879],[36.63605100434815,37.02335247670855],[36.63600336056946,37.02329348487268],[36.63609532413643,37.02324614643265]]]}},{"type":"Feature","properties":{"source":"Microsoft Global ML Building Footprints"},"geometry":{"type":"Polygon","coordinates":[[[36.62502686369552,37.02220849282788],[36.62517550053979,37.022210070912706],[36.625173574825965,37.02232569037922],[36.62502492784816,37.0223241121892],[36.62502686369552,37.02220849282788]]]}},{"type":"Feature","properties":{"source":"Microsoft Global ML Building Footprints"},"geometry":{"type":"Polygon","coordinates":[[[36.62771312056598,37.02035426597638],[36.62763626145151,37.02020366514801],[36.62773287322513,37.02017223372246],[36.62778536237647,37.02027508314353],[36.62782363435594,37.020262631849604],[36.62784331488818,37.020301201296256],[36.62789245646059,37.02028521372583],[36.6279277278064,37.02035432577684],[36.62779430828441,37.02039772457742],[36.62776372673312,37.020337801930594],[36.62771312056598,37.02035426597638]]]}},{"type":"Feature","properties":{"source":"Microsoft Global ML Building Footprints"},"geometry":{"type":"Polygon","coordinates":[[[36.62821087832535,37.02079974262821],[36.62826491738258,37.020894336059776],[36.62816585909265,37.020930415755295],[36.628111810553605,37.02083582028626],[36.62821087832535,37.02079974262821]]]}},{"type":"Feature","properties":{"source":"Microsoft Global ML Building Footprints"},"geometry":{"type":"Polygon","coordinates":[[[36.630599710248944,37.018677726171546],[36.630650272982024,37.018651183072514],[36.630682285456054,37.01869005911623],[36.630631722722974,37.018716602201685],[36.630599710248944,37.018677726171546]]]}},{"type":"Feature","properties":{"source":"Microsoft Global ML Building Footprints"},"geometry":{"type":"Polygon","coordinates":[[[36.63375741416833,37.02335076431689],[36.63359633341987,37.02339301467028],[36.63353588771818,37.023246118950276],[36.63360982521123,37.02322672562854],[36.63361857224893,37.023247987315436],[36.63370572712736,37.02322512715983],[36.63375741416833,37.02335076431689]]]}},{"type":"Feature","properties":{"source":"Microsoft Global ML Building Footprints"},"geometry":{"type":"Polygon","coordinates":[[[36.63781711920447,37.03198374396747],[36.637771572421286,37.03220912813308],[36.63726563487115,37.03214397112658],[36.63732254427637,37.031862237472986],[36.637444222344314,37.03187790780752],[36.63743283564853,37.03193425399015],[36.63781711920447,37.03198374396747]]]}},{"type":"Feature","properties":{"source":"Microsoft Global ML Building Footprints"},"geometry":{"type":"Polygon","coordinates":[[[36.63948763654481,37.028688709285404],[36.63938750417101,37.02869099198042],[36.639384819088214,37.028616107697275],[36.63944743769,37.02861468019378],[36.63944820298235,37.02863607575393],[36.63948572331399,37.02863522041082],[36.63948763654481,37.028688709285404]]]}},{"type":"Feature","properties":{"source":"Microsoft Global ML Building Footprints"},"geometry":{"type":"Polygon","coordinates":[[[36.62513709927534,37.02527560013281],[36.625192283011486,37.02528193980688],[36.62518207344649,37.025338584542176],[36.62500338325333,37.025318056087144],[36.62501926479889,37.025229942012416],[36.62514277125591,37.02524413081456],[36.62513709927534,37.02527560013281]]]}},{"type":"Feature","properties":{"source":"Microsoft Global ML Building Footprints"},"geometry":{"type":"Polygon","coordinates":[[[36.62579605842091,37.02857020538633],[36.62575564431561,37.028682041340204],[36.62558479173141,37.02864269150533],[36.62562520265198,37.02853086430652],[36.62579605842091,37.02857020538633]]]}},{"type":"Feature","properties":{"source":"Microsoft Global ML Building Footprints"},"geometry":{"type":"Polygon","coordinates":[[[36.627777969425864,37.03160497577144],[36.62766546140037,37.03160820053151],[36.62762501276041,37.03070709438382],[36.62773752106772,37.0307038758636],[36.627777969425864,37.03160497577144]]]}},{"type":"Feature","properties":{"source":"Microsoft Global ML Building Footprints"},"geometry":{"type":"Polygon","coordinates":[[[36.62879989635846,37.02830361338415],[36.6286507744504,37.02832252735351],[36.628631654848576,37.028226452117025],[36.628780776756635,37.02820753812372],[36.62879989635846,37.02830361338415]]]}},{"type":"Feature","properties":{"source":"Microsoft Global ML Building Footprints"},"geometry":{"type":"Polygon","coordinates":[[[36.62885656392178,37.023261973348816],[36.628858576226904,37.023332604681876],[36.6287767104089,37.02333409140401],[36.62877469191529,37.023263460184715],[36.62885656392178,37.023261973348816]]]}},{"type":"Feature","properties":{"source":"Microsoft Global ML Building Footprints"},"geometry":{"type":"Polygon","coordinates":[[[36.62930622469596,37.028454671005164],[36.629482928411896,37.02844864832088],[36.629484642966794,37.0284807094603],[36.629444483031335,37.02848207825165],[36.62944836935584,37.02855475011627],[36.62950289854193,37.02855289157227],[36.629509973772244,37.028685411074306],[36.62938681626957,37.02868960870224],[36.62937985515585,37.02855922662055],[36.629311939879,37.0285615414088],[36.62930622469596,37.028454671005164]]]}},{"type":"Feature","properties":{"source":"Microsoft Global ML Building Footprints"},"geometry":{"type":"Polygon","coordinates":[[[36.63581656402108,37.01961069317487],[36.635820971049455,37.01951230719034],[36.63594854653747,37.019515943016316],[36.63594414812244,37.01961432924162],[36.63581656402108,37.01961069317487]]]}},{"type":"Feature","properties":{"source":"Microsoft Global ML Building Footprints"},"geometry":{"type":"Polygon","coordinates":[[[36.636165065943636,37.02998241287166],[36.63615530871349,37.03002377105403],[36.63611127318435,37.0300171500702],[36.63612103041449,37.02997579188424],[36.636165065943636,37.02998241287166]]]}},{"type":"Feature","properties":{"source":"Microsoft Global ML Building Footprints"},"geometry":{"type":"Polygon","coordinates":[[[36.638574539419736,37.025789346386674],[36.63854988414979,37.02589710242862],[36.63846682502885,37.02588498927966],[36.63848389406188,37.02581038894732],[36.63847091607423,37.02580849626575],[36.63848324370918,37.02575461820104],[36.6385351556598,37.02576218893236],[36.63853041426173,37.02578291126741],[36.638574539419736,37.025789346386674]]]}},{"type":"Feature","properties":{"source":"Microsoft Global ML Building Footprints"},"geometry":{"type":"Polygon","coordinates":[[[36.62655312619103,37.01849569971468],[36.626612067538666,37.018611492708466],[36.62650617704837,37.01864585479445],[36.62644723570073,37.01853006185301],[36.62655312619103,37.01849569971468]]]}},{"type":"Feature","properties":{"source":"Microsoft Global ML Building Footprints"},"geometry":{"type":"Polygon","coordinates":[[[36.627278685356934,37.027869008530566],[36.62733230910154,37.02791295987653],[36.627208439291806,37.028009289461025],[36.62715481554721,37.02796533817082],[36.627278685356934,37.027869008530566]]]}},{"type":"Feature","properties":{"source":"Microsoft Global ML Building Footprints"},"geometry":{"type":"Polygon","coordinates":[[[36.627492887072975,37.02386408597568],[36.62752266003639,37.02381583624122],[36.62757014402474,37.02383451290004],[36.62754037106132,37.023882762622655],[36.627492887072975,37.02386408597568]]]}},{"type":"Feature","properties":{"source":"Microsoft Global ML Building Footprints"},"geometry":{"type":"Polygon","coordinates":[[[36.62841310188781,37.020573775243676],[36.62841628656217,37.020753627401255],[36.6282607495274,37.02075538307479],[36.62825748902741,37.020571248722085],[36.628321849179734,37.02057052223471],[36.62832173544136,37.02056409893521],[36.62837536890163,37.02056349352904],[36.62837555846559,37.02057419902795],[36.62841310188781,37.020573775243676]]]}},{"type":"Feature","properties":{"source":"Microsoft Global ML Building Footprints"},"geometry":{"type":"Polygon","coordinates":[[[36.63178846231621,37.030736588287965],[36.631797154765884,37.03055365707281],[36.632528343717155,37.030575840668774],[36.63252468610778,37.030652814504585],[36.63254343454246,37.03065338331407],[36.63253992569825,37.03072722633607],[36.63251314214915,37.03072641524617],[36.63251161814123,37.03075848770868],[36.63178846231621,37.030736588287965]]]}},{"type":"Feature","properties":{"source":"Microsoft Global ML Building Footprints"},"geometry":{"type":"Polygon","coordinates":[[[36.63195532918777,37.02825526484003],[36.63194839543439,37.028149669327746],[36.632025966329024,37.02814642296583],[36.63203290036625,37.02825202280503],[36.63195532918777,37.02825526484003]]]}},{"type":"Feature","properties":{"source":"Microsoft Global ML Building Footprints"},"geometry":{"type":"Polygon","coordinates":[[[36.63531004864995,37.022560889551904],[36.63534634173041,37.02260310140274],[36.63528070917422,37.02263907200339],[36.63524441609376,37.02259686017254],[36.63531004864995,37.022560889551904]]]}},{"type":"Feature","properties":{"source":"Microsoft Global ML Building Footprints"},"geometry":{"type":"Polygon","coordinates":[[[36.63558406359356,37.018804340926515],[36.635598104171386,37.018831905205765],[36.63563262693443,37.0188206946788],[36.63566258016713,37.01887949844978],[36.63546695117656,37.01894302469827],[36.635422957366046,37.018856656716196],[36.63558406359356,37.018804340926515]]]}},{"type":"Feature","properties":{"source":"Microsoft Global ML Building Footprints"},"geometry":{"type":"Polygon","coordinates":[[[36.63636490314359,37.026132445330404],[36.6364253970085,37.02613233040445],[36.63642530787812,37.026103281577996],[36.63651501939909,37.026103106131664],[36.63651509961528,37.02613001861694],[36.636693609776174,37.02612967948419],[36.63669422362419,37.026329740733274],[36.636365493125325,37.026330383620454],[36.63636490314359,37.026132445330404]]]}},{"type":"Feature","properties":{"source":"Microsoft Global ML Building Footprints"},"geometry":{"type":"Polygon","coordinates":[[[36.63674422665922,37.02644714900948],[36.63684739372815,37.02645687960783],[36.63681334925451,37.02668707665652],[36.63671018218558,37.02667734608764],[36.63674422665922,37.02644714900948]]]}},{"type":"Feature","properties":{"source":"Microsoft Global ML Building Footprints"},"geometry":{"type":"Polygon","coordinates":[[[36.624066870280394,37.019193544644246],[36.62427297054485,37.01918603544422],[36.624278042880405,37.01927464998139],[36.62407194327382,37.01928217066581],[36.624066870280394,37.019193544644246]]]}},{"type":"Feature","properties":{"source":"Microsoft Global ML Building Footprints"},"geometry":{"type":"Polygon","coordinates":[[[36.6243914719005,37.020346747163266],[36.62439369650252,37.02042808662638],[36.62425696903893,37.02043047043176],[36.62425474443691,37.02034913097117],[36.6243914719005,37.020346747163266]]]}},{"type":"Feature","properties":{"source":"Microsoft Global ML Building Footprints"},"geometry":{"type":"Polygon","coordinates":[[[36.624758822590806,37.019087232453074],[36.624757105034305,37.01918669407008],[36.62463642845322,37.0191853723283],[36.624638683913076,37.01905476134872],[36.62471004201799,37.019055542918345],[36.62470950689192,37.01908668955345],[36.624758822590806,37.019087232453074]]]}},{"type":"Feature","properties":{"source":"Microsoft Global ML Building Footprints"},"geometry":{"type":"Polygon","coordinates":[[[36.626908382141124,37.028640953140986],[36.627022987530665,37.028724506179465],[36.626947382964374,37.02879059477287],[36.62685910923349,37.02872623395724],[36.62689516908955,37.02869471034161],[36.626868844583974,37.02867551699533],[36.626908382141124,37.028640953140986]]]}},{"type":"Feature","properties":{"source":"Microsoft Global ML Building Footprints"},"geometry":{"type":"Polygon","coordinates":[[[36.62731965675429,37.024020665585354],[36.62743527869799,37.02405757560678],[36.62737737241966,37.02417317822544],[36.62726175326596,37.024136262690284],[36.62731965675429,37.024020665585354]]]}},{"type":"Feature","properties":{"source":"Microsoft Global ML Building Footprints"},"geometry":{"type":"Polygon","coordinates":[[[36.628203659259924,37.02196946286647],[36.628409627296236,37.0219443379125],[36.62843190010879,37.02206078125101],[36.628225939895025,37.02208589370333],[36.628203659259924,37.02196946286647]]]}},{"type":"Feature","properties":{"source":"Microsoft Global ML Building Footprints"},"geometry":{"type":"Polygon","coordinates":[[[36.62829446065297,37.02624572668622],[36.62838837053688,37.02617246340945],[36.62845406475107,37.02622613950724],[36.628398574747074,37.026269429705],[36.628437456420876,37.0263011960441],[36.628399642158996,37.02633069658993],[36.628438522408175,37.02636246401479],[36.62831443588744,37.02645926917081],[36.62823801328723,37.026396832000955],[36.62827017186743,37.026371743720276],[36.628249577325356,37.02635491678536],[36.62834090592004,37.02628367249359],[36.62829446065297,37.02624572668622]]]}},{"type":"Feature","properties":{"source":"Microsoft Global ML Building Footprints"},"geometry":{"type":"Polygon","coordinates":[[[36.6290478116352,37.020664629015805],[36.62905264346003,37.02068615205123],[36.6289876747003,37.02069544606882],[36.62896188276447,37.020580557586165],[36.62907362767304,37.02056456580102],[36.62909458857365,37.02065793478796],[36.6290478116352,37.020664629015805]]]}},{"type":"Feature","properties":{"source":"Microsoft Global ML Building Footprints"},"geometry":{"type":"Polygon","coordinates":[[[36.62945071382278,37.022418875658495],[36.62948223539897,37.0224763906082],[36.62940569524415,37.022503130335274],[36.629374173668005,37.0224456154058],[36.62945071382278,37.022418875658495]]]}},{"type":"Feature","properties":{"source":"Microsoft Global ML Building Footprints"},"geometry":{"type":"Polygon","coordinates":[[[36.630756495185736,37.02212626152946],[36.63071087793892,37.02223526491067],[36.63061056359621,37.02220850992873],[36.63065617435697,37.022099499173365],[36.630756495185736,37.02212626152946]]]}},{"type":"Feature","properties":{"source":"Microsoft Global ML Building Footprints"},"geometry":{"type":"Polygon","coordinates":[[[36.63153387092084,37.01993013478649],[36.631398756828766,37.019856255110135],[36.63149378927492,37.01974546066262],[36.631628903366995,37.0198193404467],[36.63153387092084,37.01993013478649]]]}},{"type":"Feature","properties":{"source":"Microsoft Global ML Building Footprints"},"geometry":{"type":"Polygon","coordinates":[[[36.63449788834242,37.02831569658401],[36.63435059432564,37.02832032185053],[36.63434533677045,37.02821342140916],[36.634492630787236,37.02820879613611],[36.63449788834242,37.02831569658401]]]}},{"type":"Feature","properties":{"source":"Microsoft Global ML Building Footprints"},"geometry":{"type":"Polygon","coordinates":[[[36.63662160530191,37.024385459736415],[36.63670548192388,37.02437969494116],[36.63670328779936,37.02435934622743],[36.6368284235086,37.02435073872182],[36.636839425170855,37.02445277011453],[36.63663042044953,37.02446714656099],[36.63662160530191,37.024385459736415]]]}},{"type":"Feature","properties":{"source":"Microsoft Global ML Building Footprints"},"geometry":{"type":"Polygon","coordinates":[[[36.63694241608218,37.027804416106534],[36.63708062582774,37.02781497273974],[36.63706994557114,37.02790409250236],[36.63693173582558,37.027893535881546],[36.63694241608218,37.027804416106534]]]}},{"type":"Feature","properties":{"source":"Microsoft Global ML Building Footprints"},"geometry":{"type":"Polygon","coordinates":[[[36.637378705003,37.02487607277251],[36.637239344112935,37.02490300057082],[36.63719949492127,37.02477150889372],[36.637338855811336,37.02474458104877],[36.637378705003,37.02487607277251]]]}},{"type":"Feature","properties":{"source":"Microsoft Global ML Building Footprints"},"geometry":{"type":"Polygon","coordinates":[[[36.62705618055463,37.02448482699843],[36.62720013413556,37.02454421414117],[36.62713668832056,37.02464224202664],[36.62699273473963,37.024582854960556],[36.62705618055463,37.02448482699843]]]}},{"type":"Feature","properties":{"source":"Microsoft Global ML Building Footprints"},"geometry":{"type":"Polygon","coordinates":[[[36.62714948607374,37.02744944417706],[36.62720489285774,37.02740664061343],[36.627284493008176,37.027472312665324],[36.62722908816198,37.027515117790685],[36.62714948607374,37.02744944417706]]]}},{"type":"Feature","properties":{"source":"Microsoft Global ML Building Footprints"},"geometry":{"type":"Polygon","coordinates":[[[36.62812500002316,37.01919601365014],[36.62808103960286,37.019214629543214],[36.62810324485437,37.01924805761056],[36.62801741736714,37.01928440289647],[36.6279374784618,37.01916406184276],[36.62806726636931,37.019109100584906],[36.62812500002316,37.01919601365014]]]}},{"type":"Feature","properties":{"source":"Microsoft Global ML Building Footprints"},"geometry":{"type":"Polygon","coordinates":[[[36.62952394873595,37.02518486288364],[36.62966291807167,37.02513813970467],[36.629769994349715,37.02534113645349],[36.629631028492895,37.025387866102946],[36.62952394873595,37.02518486288364]]]}},{"type":"Feature","properties":{"source":"Microsoft Global ML Building Footprints"},"geometry":{"type":"Polygon","coordinates":[[[36.63013886704626,37.02335757261088],[36.62987876430748,37.023372339271525],[36.62986765371124,37.023247469251274],[36.630127746846625,37.02323271764516],[36.63013886704626,37.02335757261088]]]}},{"type":"Feature","properties":{"source":"Microsoft Global ML Building Footprints"},"geometry":{"type":"Polygon","coordinates":[[[36.63177474816,37.02588492152778],[36.63156958342532,37.025945634259045],[36.631532871320395,37.02586656032864],[36.63149406821723,37.02587804302187],[36.63147483487463,37.02583662426216],[36.631718805904924,37.025764427790406],[36.63177474816,37.02588492152778]]]}},{"type":"Feature","properties":{"source":"Microsoft Global ML Building Footprints"},"geometry":{"type":"Polygon","coordinates":[[[36.63273783803464,37.01998080895367],[36.63266686537278,37.020004279813215],[36.63264789993312,37.01996772085477],[36.632718872594985,37.01994424998395],[36.63273783803464,37.01998080895367]]]}},{"type":"Feature","properties":{"source":"Microsoft Global ML Building Footprints"},"geometry":{"type":"Polygon","coordinates":[[[36.63284396606789,37.026217277546124],[36.63285513393216,37.026271486664804],[36.63274805988601,37.026285546462816],[36.632736892021775,37.02623133735416],[36.63284396606789,37.026217277546124]]]}},{"type":"Feature","properties":{"source":"Microsoft Global ML Building Footprints"},"geometry":{"type":"Polygon","coordinates":[[[36.6347985821671,37.021801700367014],[36.63450260185149,37.02182672422595],[36.63449754274775,37.02178860508058],[36.634355869475755,37.0218005829477],[36.634339297689415,37.021675635829965],[36.63477695458154,37.02163863375111],[36.6347985821671,37.021801700367014]]]}},{"type":"Feature","properties":{"source":"Microsoft Global ML Building Footprints"},"geometry":{"type":"Polygon","coordinates":[[[36.63561189735566,37.023160595169976],[36.6356826812361,37.02324642228728],[36.635495580291916,37.0233447820213],[36.63542479039661,37.023258947721935],[36.63561189735566,37.023160595169976]]]}},{"type":"Feature","properties":{"source":"Microsoft Global ML Building Footprints"},"geometry":{"type":"Polygon","coordinates":[[[36.63566171856006,37.01867930496058],[36.635679924016365,37.01871123756004],[36.635617711466175,37.01873384555025],[36.63556107226876,37.01863449967072],[36.635677511680235,37.01859218562235],[36.63571594052614,37.01865960072837],[36.63566171856006,37.01867930496058]]]}},{"type":"Feature","properties":{"source":"Microsoft Global ML Building Footprints"},"geometry":{"type":"Polygon","coordinates":[[[36.62594244028114,37.025480794171074],[36.6259294134652,37.02551255264238],[36.62585787198837,37.02549384830259],[36.625870902799804,37.02546208687079],[36.62594244028114,37.025480794171074]]]}},{"type":"Feature","properties":{"source":"Microsoft Global ML Building Footprints"},"geometry":{"type":"Polygon","coordinates":[[[36.629527121890014,37.02104901690672],[36.629622445291105,37.02115028569738],[36.62944143553209,37.02125890870997],[36.62946383007495,37.02128269774767],[36.62940555339946,37.02131766597628],[36.629317461048565,37.0212240881672],[36.62940762970515,37.02116997842113],[36.6294261571869,37.021189661454535],[36.62948167829049,37.021156346618405],[36.62943351853319,37.02110518788738],[36.629527121890014,37.02104901690672]]]}},{"type":"Feature","properties":{"source":"Microsoft Global ML Building Footprints"},"geometry":{"type":"Polygon","coordinates":[[[36.63152017491687,37.028449829230915],[36.63140787639739,37.028454861489784],[36.63140036295692,37.02834813283083],[36.631451164668114,37.0283458563296],[36.63144944622928,37.02832144582958],[36.63151094279644,37.02831868663868],[36.63152017491687,37.028449829230915]]]}},{"type":"Feature","properties":{"source":"Microsoft Global ML Building Footprints"},"geometry":{"type":"Polygon","coordinates":[[[36.632064407392875,37.03252520963083],[36.63206755095373,37.032439635546574],[36.63219618636337,37.032442646931855],[36.63219304280252,37.03252822101272],[36.632064407392875,37.03252520963083]]]}},{"type":"Feature","properties":{"source":"Microsoft Global ML Building Footprints"},"geometry":{"type":"Polygon","coordinates":[[[36.63636835359459,37.01997326728088],[36.6364460975553,37.01997185535119],[36.63644461218447,37.0199195560405],[36.63651431377709,37.01991829406456],[36.63651938573062,37.02009687537085],[36.63637194028789,37.02009955316413],[36.63636835359459,37.01997326728088]]]}},{"type":"Feature","properties":{"source":"Microsoft Global ML Building Footprints"},"geometry":{"type":"Polygon","coordinates":[[[36.636463343246774,37.02507950533242],[36.63628856431293,37.02509532647757],[36.63628569329638,37.025075110376896],[36.63623410604019,37.02507978298454],[36.63618904085341,37.024762654094026],[36.636415433121904,37.024742148123174],[36.636463343246774,37.02507950533242]]]}},{"type":"Feature","properties":{"source":"Microsoft Global ML Building Footprints"},"geometry":{"type":"Polygon","coordinates":[[[36.6366673025019,37.0210592289555],[36.63660116229531,37.021110605901576],[36.63655826312529,37.02107540106128],[36.63662440333188,37.02102402409139],[36.6366673025019,37.0210592289555]]]}},{"type":"Feature","properties":{"source":"Microsoft Global ML Building Footprints"},"geometry":{"type":"Polygon","coordinates":[[[36.63774550951916,37.033070291894866],[36.63792059785615,37.03308499483964],[36.63790804006271,37.03318029311698],[36.637732951725724,37.033165590190656],[36.63774550951916,37.033070291894866]]]}},{"type":"Feature","properties":{"source":"Microsoft Global ML Building Footprints"},"geometry":{"type":"Polygon","coordinates":[[[36.63909190119292,37.02477050510788],[36.63899303409677,37.0252742083593],[36.6388057890537,37.025250771945274],[36.63883451815559,37.02510446996215],[36.63890918123195,37.025113815140394],[36.63892913143796,37.025012173859885],[36.63877990987362,37.024993504906135],[36.63882477869731,37.02476490898446],[36.63893863183455,37.024779159436406],[36.63894396723919,37.02475198892074],[36.63909190119292,37.02477050510788]]]}},{"type":"Feature","properties":{"source":"Microsoft Global ML Building Footprints"},"geometry":{"type":"Polygon","coordinates":[[[36.62680680027065,37.021875403547895],[36.62668887595973,37.02187804595598],[36.62668458851577,37.02175607695188],[36.62680251282665,37.02175343453956],[36.62680680027065,37.021875403547895]]]}},{"type":"Feature","properties":{"source":"Microsoft Global ML Building Footprints"},"geometry":{"type":"Polygon","coordinates":[[[36.62682282152493,37.0232125077377],[36.62683871227241,37.0231644630832],[36.62689638168893,37.02317662150302],[36.62688049094145,37.023224666149844],[36.62682282152493,37.0232125077377]]]}},{"type":"Feature","properties":{"source":"Microsoft Global ML Building Footprints"},"geometry":{"type":"Polygon","coordinates":[[[36.6272197259977,37.03169394727314],[36.62722450278982,37.031595599216864],[36.62765836837356,37.031609028769005],[36.62765359158144,37.031707376807894],[36.6272197259977,37.03169394727314]]]}},{"type":"Feature","properties":{"source":"Microsoft Global ML Building Footprints"},"geometry":{"type":"Polygon","coordinates":[[[36.62811694534648,37.027738275442914],[36.62815425707067,37.02784942843973],[36.628072648099405,37.02786688375935],[36.62803534689468,37.02775573309738],[36.62811694534648,37.027738275442914]]]}},{"type":"Feature","properties":{"source":"Microsoft Global ML Building Footprints"},"geometry":{"type":"Polygon","coordinates":[[[36.6302115501488,37.0245434376476],[36.630228478326224,37.02459561364682],[36.63016688589307,37.024608351112754],[36.6301499620021,37.024556174235855],[36.6302115501488,37.0245434376476]]]}},{"type":"Feature","properties":{"source":"Microsoft Global ML Building Footprints"},"geometry":{"type":"Polygon","coordinates":[[[36.63128524437837,37.01902705617819],[36.631324008131294,37.019139379883676],[36.63121681206403,37.0191629635877],[36.63117805023245,37.01905064548455],[36.63128524437837,37.01902705617819]]]}},{"type":"Feature","properties":{"source":"Microsoft Global ML Building Footprints"},"geometry":{"type":"Polygon","coordinates":[[[36.63177552498076,37.019421725004925],[36.63181977724346,37.01949168468944],[36.63175138977613,37.01951926116555],[36.63170713751343,37.0194493015064],[36.63177552498076,37.019421725004925]]]}},{"type":"Feature","properties":{"source":"Microsoft Global ML Building Footprints"},"geometry":{"type":"Polygon","coordinates":[[[36.632404532075256,37.0266424058094],[36.6325657072077,37.026598772629356],[36.63263259693501,37.02675625547382],[36.63247142180253,37.026799888563396],[36.632404532075256,37.0266424058094]]]}},{"type":"Feature","properties":{"source":"Microsoft Global ML Building Footprints"},"geometry":{"type":"Polygon","coordinates":[[[36.63456377635591,37.01952790487635],[36.634698783397376,37.019445150820474],[36.634812793858,37.01956372394828],[36.63471153857689,37.01962578940179],[36.63469080940223,37.01960423068265],[36.63465705764188,37.019624919161764],[36.63456377635591,37.01952790487635]]]}},{"type":"Feature","properties":{"source":"Microsoft Global ML Building Footprints"},"geometry":{"type":"Polygon","coordinates":[[[36.634572438968654,37.02291763122139],[36.63464297482165,37.022884412664375],[36.63467114724085,37.022922540071406],[36.63460060890828,37.022955759779485],[36.634572438968654,37.02291763122139]]]}},{"type":"Feature","properties":{"source":"Microsoft Global ML Building Footprints"},"geometry":{"type":"Polygon","coordinates":[[[36.63657244316755,37.022427838013506],[36.63678290702461,37.02258023068548],[36.63657240817618,37.022765556435466],[36.63652368691971,37.02276122223851],[36.63650380473929,37.022778726729925],[36.63653547355598,37.022781543957336],[36.63645815396545,37.022849616938714],[36.636433793337254,37.02284744984267],[36.636359282096876,37.02291305026714],[36.636356250099226,37.022934776021486],[36.636279419877354,37.02292794129261],[36.63627285643709,37.02297497155276],[36.636260624714375,37.022985740466865],[36.63627433676011,37.022887486932255],[36.63623616457302,37.022859849482074],[36.636283373339715,37.02286404912392],[36.636215932244404,37.02281522035913],[36.63622267635396,37.022815820308324],[36.63617573136318,37.02278183113402],[36.636289670217735,37.022681518056345],[36.63629042166108,37.02267613357793],[36.63657244316755,37.022427838013506]]]}},{"type":"Feature","properties":{"source":"Microsoft Global ML Building Footprints"},"geometry":{"type":"Polygon","coordinates":[[[36.63943021710304,37.02318679099758],[36.639454016419165,37.02307357620242],[36.639562397580924,37.02308809893252],[36.6395648675745,37.023076353913176],[36.63963269291336,37.02308544608229],[36.639625843611434,37.02311801505891],[36.639660944957704,37.023122718524945],[36.63964152153532,37.023215116880365],[36.63943021710304,37.02318679099758]]]}},{"type":"Feature","properties":{"source":"Microsoft Global ML Building Footprints"},"geometry":{"type":"Polygon","coordinates":[[[36.624195279172994,37.025194045215876],[36.62433051167935,37.02522996828024],[36.62430078252677,37.02530130268328],[36.62425858599454,37.025290093639576],[36.62424733925636,37.025317085587744],[36.62415430115186,37.02529237104367],[36.624195279172994,37.025194045215876]]]}},{"type":"Feature","properties":{"source":"Microsoft Global ML Building Footprints"},"geometry":{"type":"Polygon","coordinates":[[[36.628647214381836,37.02707206273403],[36.62854974856402,37.02714236465608],[36.628432336634006,37.02703861542859],[36.62840427829247,37.02705885387628],[36.628364251498155,37.02702348479848],[36.62848977565746,37.026932944290564],[36.628647214381836,37.02707206273403]]]}},{"type":"Feature","properties":{"source":"Microsoft Global ML Building Footprints"},"geometry":{"type":"Polygon","coordinates":[[[36.634200864257174,37.02375127457536],[36.633988871002224,37.0238032064372],[36.63393735852422,37.02366913835599],[36.634149345198274,37.02361721986004],[36.634200864257174,37.02375127457536]]]}},{"type":"Feature","properties":{"source":"Microsoft Global ML Building Footprints"},"geometry":{"type":"Polygon","coordinates":[[[36.63511585939675,37.02277932560839],[36.634994515447026,37.0228495382057],[36.635039119446276,37.02289868045035],[36.63493967028745,37.0229562240969],[36.63482690920266,37.02283200213667],[36.63492539124878,37.02277502349458],[36.634904328587524,37.02275182001463],[36.63502665139824,37.02268104093291],[36.63511585939675,37.02277932560839]]]}},{"type":"Feature","properties":{"source":"Microsoft Global ML Building Footprints"},"geometry":{"type":"Polygon","coordinates":[[[36.62372634693048,37.01884611854057],[36.62381304965028,37.01884283841183],[36.6238152684069,37.01888028181025],[36.623836678154035,37.01887947303559],[36.62384250260024,37.01897776541414],[36.62373440171804,37.01898184902794],[36.62372634693048,37.01884611854057]]]}},{"type":"Feature","properties":{"source":"Microsoft Global ML Building Footprints"},"geometry":{"type":"Polygon","coordinates":[[[36.62546703166199,37.025066048009556],[36.62540852544688,37.02506171964394],[36.62541419336674,37.025012886723125],[36.625472699581884,37.025017215091516],[36.62546703166199,37.025066048009556]]]}},{"type":"Feature","properties":{"source":"Microsoft Global ML Building Footprints"},"geometry":{"type":"Polygon","coordinates":[[[36.62738258065842,37.020912793035116],[36.627297638132006,37.02092961024551],[36.62727883572581,37.02086908725818],[36.627363783250345,37.02085226904485],[36.62738258065842,37.020912793035116]]]}},{"type":"Feature","properties":{"source":"Microsoft Global ML Building Footprints"},"geometry":{"type":"Polygon","coordinates":[[[36.63012150093008,37.03305407900202],[36.630226360417254,37.03301889792717],[36.63025548977538,37.03307422645201],[36.630150627666744,37.03310940252196],[36.63012150093008,37.03305407900202]]]}},{"type":"Feature","properties":{"source":"Microsoft Global ML Building Footprints"},"geometry":{"type":"Polygon","coordinates":[[[36.63095138456298,37.02048044520354],[36.6310291153047,37.0205613003691],[36.63090590471968,37.020636808780864],[36.630828173977996,37.02055595369567],[36.63095138456298,37.02048044520354]]]}},{"type":"Feature","properties":{"source":"Microsoft Global ML Building Footprints"},"geometry":{"type":"Polygon","coordinates":[[[36.632892878856026,37.022460811862814],[36.632798507838224,37.022477929189336],[36.63278085178353,37.02241587988125],[36.632686482192625,37.02243300223236],[36.63264850987386,37.02229955460528],[36.632829600205305,37.02226670776304],[36.63282874739984,37.022263710711016],[36.632925667520254,37.0222461255544],[36.63295665305387,37.02235501933932],[36.63286738317218,37.02237121142761],[36.632892878856026,37.022460811862814]]]}},{"type":"Feature","properties":{"source":"Microsoft Global ML Building Footprints"},"geometry":{"type":"Polygon","coordinates":[[[36.63411836490135,37.02609163765938],[36.63422000332982,37.02622723850416],[36.63410545393197,37.02628196354153],[36.634003815503505,37.026146362794414],[36.63411836490135,37.02609163765938]]]}},{"type":"Feature","properties":{"source":"Microsoft Global ML Building Footprints"},"geometry":{"type":"Polygon","coordinates":[[[36.63548381892132,37.026601121395345],[36.635433725147394,37.02659585640326],[36.63544047963536,37.02655489528301],[36.635490572955575,37.026560163029274],[36.63548381892132,37.026601121395345]]]}},{"type":"Feature","properties":{"source":"Microsoft Global ML Building Footprints"},"geometry":{"type":"Polygon","coordinates":[[[36.63596302270889,37.02238319126107],[36.63601264357567,37.02234357393365],[36.636040806770325,37.022366059446334],[36.63598582148552,37.02240995971386],[36.636024713516235,37.02244101110726],[36.63594290614128,37.022506326065766],[36.63591742515564,37.022485982068325],[36.63588926196098,37.02250846753887],[36.635814160108566,37.0224485062693],[36.63592949509621,37.022356422798865],[36.63596302270889,37.02238319126107]]]}},{"type":"Feature","properties":{"source":"Microsoft Global ML Building Footprints"},"geometry":{"type":"Polygon","coordinates":[[[36.637001935234224,37.03248628814625],[36.63700666984145,37.032380606942624],[36.63707758122249,37.0323826314947],[36.63707285604576,37.03248830900229],[36.637001935234224,37.03248628814625]]]}},{"type":"Feature","properties":{"source":"Microsoft Global ML Building Footprints"},"geometry":{"type":"Polygon","coordinates":[[[36.638020996434406,37.02914049370529],[36.63804232352994,37.02898303843396],[36.63839758557236,37.02901370666635],[36.63838382481651,37.02911530059722],[36.638320195794016,37.02910980778774],[36.63831263163591,37.02916565296214],[36.638020996434406,37.02914049370529]]]}},{"type":"Feature","properties":{"source":"Microsoft Global ML Building Footprints"},"geometry":{"type":"Polygon","coordinates":[[[36.63919508457184,37.02931269347848],[36.63919508457184,37.02927843297062],[36.639243364334106,37.02927843297062],[36.639243364334106,37.02931269347848],[36.63919508457184,37.02931269347848]]]}},{"type":"Feature","properties":{"source":"Microsoft Global ML Building Footprints"},"geometry":{"type":"Polygon","coordinates":[[[36.63948220428048,37.02392578945368],[36.63947101181297,37.02406655666017],[36.63933209672898,37.0240595162759],[36.63933379255737,37.024038187926074],[36.639184191697716,37.024030605970935],[36.63919052769268,37.023950918415416],[36.63917053858016,37.0239499042246],[36.63917523052803,37.02389095871895],[36.63928604367577,37.02389657487564],[36.6392845174302,37.023915770426534],[36.63948220428048,37.02392578945368]]]}},{"type":"Feature","properties":{"source":"Microsoft Global ML Building Footprints"},"geometry":{"type":"Polygon","coordinates":[[[36.63973163363929,37.021016065604684],[36.639689655572795,37.02102590832108],[36.63965703087129,37.02093718970655],[36.639699008937754,37.02092734697867],[36.63973163363929,37.021016065604684]]]}},{"type":"Feature","properties":{"source":"Microsoft Global ML Building Footprints"},"geometry":{"type":"Polygon","coordinates":[[[36.62526061920467,37.02284146312437],[36.62528567342005,37.0227676497251],[36.62532815142357,37.02277684038077],[36.625303097208224,37.022850653771116],[36.62526061920467,37.02284146312437]]]}},{"type":"Feature","properties":{"source":"Microsoft Global ML Building Footprints"},"geometry":{"type":"Polygon","coordinates":[[[36.629113934218374,37.02386264300445],[36.62913840060937,37.02396380132743],[36.62899618205436,37.02398572675835],[36.62897171566336,37.023884568464545],[36.629113934218374,37.02386264300445]]]}},{"type":"Feature","properties":{"source":"Microsoft Global ML Building Footprints"},"geometry":{"type":"Polygon","coordinates":[[[36.63050696042281,37.020493022441684],[36.630587822037086,37.02055577652849],[36.63047844599111,37.02064561965515],[36.630397585598125,37.02058287110888],[36.63050696042281,37.020493022441684]]]}},{"type":"Feature","properties":{"source":"Microsoft Global ML Building Footprints"},"geometry":{"type":"Polygon","coordinates":[[[36.63075949786976,37.02287089088073],[36.630754963491725,37.02275965255046],[36.63088089393448,37.02275638041847],[36.63088542831255,37.022867618753544],[36.63075949786976,37.02287089088073]]]}},{"type":"Feature","properties":{"source":"Microsoft Global ML Building Footprints"},"geometry":{"type":"Polygon","coordinates":[[[36.63088330270502,37.020824522674616],[36.63077708779483,37.020902850967715],[36.6306581098997,37.0207999960911],[36.63076431994446,37.02072167127999],[36.63088330270502,37.020824522674616]]]}},{"type":"Feature","properties":{"source":"Microsoft Global ML Building Footprints"},"geometry":{"type":"Polygon","coordinates":[[[36.63137854135727,37.02390224066058],[36.6315913607706,37.023846122688425],[36.631630499181234,37.02394073262065],[36.6314176797679,37.02399685052293],[36.63137854135727,37.02390224066058]]]}},{"type":"Feature","properties":{"source":"Microsoft Global ML Building Footprints"},"geometry":{"type":"Polygon","coordinates":[[[36.633195110855695,37.0199599564019],[36.633243196633536,37.01995751922493],[36.633247019379375,37.02000554733101],[36.63319893381456,37.0200079871827],[36.633195110855695,37.0199599564019]]]}},{"type":"Feature","properties":{"source":"Microsoft Global ML Building Footprints"},"geometry":{"type":"Polygon","coordinates":[[[36.63357432780258,37.02815327445216],[36.633618111371746,37.028390080654944],[36.63350163564409,37.02840381262285],[36.633457831757646,37.028167008858205],[36.63357432780258,37.02815327445216]]]}},{"type":"Feature","properties":{"source":"Microsoft Global ML Building Footprints"},"geometry":{"type":"Polygon","coordinates":[[[36.633632221760045,37.021399986550726],[36.6335107760404,37.02140500167307],[36.63350290025786,37.02128326106951],[36.633624335334176,37.021278246378664],[36.633632221760045,37.021399986550726]]]}},{"type":"Feature","properties":{"source":"Microsoft Global ML Building Footprints"},"geometry":{"type":"Polygon","coordinates":[[[36.634796424341744,37.03099582140931],[36.634818550042496,37.03106064832514],[36.63473472805363,37.03107888064679],[36.63471259855071,37.031014059257124],[36.634796424341744,37.03099582140931]]]}},{"type":"Feature","properties":{"source":"Microsoft Global ML Building Footprints"},"geometry":{"type":"Polygon","coordinates":[[[36.636679591966185,37.02519958525763],[36.63657252383095,37.0252034620131],[36.63656803218481,37.0251243929141],[36.636675100320005,37.02512051615462],[36.636679591966185,37.02519958525763]]]}},{"type":"Feature","properties":{"source":"Microsoft Global ML Building Footprints"},"geometry":{"type":"Polygon","coordinates":[[[36.625167961866346,37.018488199493575],[36.62520387967855,37.018487143728834],[36.62520683796337,37.018551304338644],[36.62508630191762,37.01855484736067],[36.62508196309987,37.01846074511879],[36.62516657871243,37.0184582579346],[36.625167961866346,37.018488199493575]]]}},{"type":"Feature","properties":{"source":"Microsoft Global ML Building Footprints"},"geometry":{"type":"Polygon","coordinates":[[[36.62535431303196,37.0276060002492],[36.62536131215512,37.02766448910381],[36.62527465132322,37.02767109385232],[36.62526348659383,37.02757772628936],[36.62531292776483,37.02757395818686],[36.62531710172888,37.027608838344264],[36.62535431303196,37.0276060002492]]]}},{"type":"Feature","properties":{"source":"Microsoft Global ML Building Footprints"},"geometry":{"type":"Polygon","coordinates":[[[36.62571833563742,37.02807052730402],[36.62558597198906,37.02811213609501],[36.62555305465456,37.028045396352375],[36.62568541830292,37.028003787524824],[36.62571833563742,37.02807052730402]]]}},{"type":"Feature","properties":{"source":"Microsoft Global ML Building Footprints"},"geometry":{"type":"Polygon","coordinates":[[[36.62681073980275,37.02250601890743],[36.626805992817744,37.02258507193676],[36.62665880912491,37.02257944640045],[36.62666540389228,37.022469621641676],[36.62678315045235,37.02247412864177],[36.626781303064185,37.022504893799024],[36.62681073980275,37.02250601890743]]]}},{"type":"Feature","properties":{"source":"Microsoft Global ML Building Footprints"},"geometry":{"type":"Polygon","coordinates":[[[36.62723731075555,37.02129447240558],[36.627245297951895,37.02134288663042],[36.62712402158506,37.02135564754148],[36.62711151988643,37.02127986875386],[36.62714419904137,37.02127643019289],[36.62713655512431,37.02123012131434],[36.627089099584936,37.02123511467671],[36.62707958235693,37.02117745674794],[36.6273184674986,37.021152334124146],[36.62734013202309,37.0212836533637],[36.62723731075555,37.02129447240558]]]}},{"type":"Feature","properties":{"source":"Microsoft Global ML Building Footprints"},"geometry":{"type":"Polygon","coordinates":[[[36.628119908640485,37.02580639212452],[36.628232314998385,37.025700247786595],[36.628319907006876,37.025759371480646],[36.62820750064897,37.02586551573594],[36.628119908640485,37.02580639212452]]]}},{"type":"Feature","properties":{"source":"Microsoft Global ML Building Footprints"},"geometry":{"type":"Polygon","coordinates":[[[36.63526368247413,37.03076668997691],[36.63529177012134,37.03091752585074],[36.63501885152194,37.03094991414179],[36.63499076387469,37.030799078332294],[36.63526368247413,37.03076668997691]]]}},{"type":"Feature","properties":{"source":"Microsoft Global ML Building Footprints"},"geometry":{"type":"Polygon","coordinates":[[[36.6370376142805,37.02804899662403],[36.63701686602523,37.028146834090876],[36.63689431494154,37.028130269931744],[36.63691506319682,37.02803243244356],[36.6370376142805,37.02804899662403]]]}},{"type":"Feature","properties":{"source":"Microsoft Global ML Building Footprints"},"geometry":{"type":"Polygon","coordinates":[[[36.63844937151549,37.024689860741425],[36.638610542402446,37.02470059566378],[36.638608904350754,37.02471628464377],[36.638716763378824,37.02472346265577],[36.638689957875606,37.02497998532728],[36.63833036244505,37.02495603425745],[36.638343251266384,37.02483269118876],[36.63843381604146,37.02483872332057],[36.63844937151549,37.024689860741425]]]}},{"type":"Feature","properties":{"source":"Microsoft Global ML Building Footprints"},"geometry":{"type":"Polygon","coordinates":[[[36.639445624160636,37.0261112668101],[36.63943801332603,37.02622228548977],[36.63928825821396,37.02621574190469],[36.63929523098125,37.02611403066322],[36.63935941198867,37.02611683148517],[36.63936004981087,37.02610752761322],[36.639445624160636,37.0261112668101]]]}},{"type":"Feature","properties":{"source":"Microsoft Global ML Building Footprints"},"geometry":{"type":"Polygon","coordinates":[[[36.62427762371842,37.025515770294824],[36.624244476747606,37.02550612431799],[36.624280723127185,37.02542673388157],[36.62436233194062,37.02545048258179],[36.62431439552334,37.025555457497966],[36.62426594289515,37.02554135477823],[36.62427762371842,37.025515770294824]]]}},{"type":"Feature","properties":{"source":"Microsoft Global ML Building Footprints"},"geometry":{"type":"Polygon","coordinates":[[[36.625274698068665,37.02720989617258],[36.6252703192673,37.027245959843526],[36.625287351225026,37.027247278857125],[36.62527692773311,37.02733306440059],[36.62514140936339,37.02732257697367],[36.62515621570031,37.02720072048405],[36.625274698068665,37.02720989617258]]]}},{"type":"Feature","properties":{"source":"Microsoft Global ML Building Footprints"},"geometry":{"type":"Polygon","coordinates":[[[36.62560279594541,37.02181379961244],[36.62559434066126,37.021595575883644],[36.625741721117336,37.021591935761535],[36.62573724479043,37.021476405292894],[36.62587390666788,37.02147302990165],[36.62587863167958,37.02159497872993],[36.62578752376129,37.02159722898717],[36.6257918342983,37.021708480375786],[36.62581327145555,37.02170795090427],[36.625817167517866,37.021808504904506],[36.62560279594541,37.02181379961244]]]}},{"type":"Feature","properties":{"source":"Microsoft Global ML Building Footprints"},"geometry":{"type":"Polygon","coordinates":[[[36.62636928626478,37.01897982174099],[36.62650168859804,37.01897720994602],[36.626504264113684,37.01906068042654],[36.62637186909278,37.01906329207438],[36.62636928626478,37.01897982174099]]]}},{"type":"Feature","properties":{"source":"Microsoft Global ML Building Footprints"},"geometry":{"type":"Polygon","coordinates":[[[36.628420752053785,37.030433931369956],[36.62841041861161,37.030377319098854],[36.62846188225651,37.03037133531072],[36.62847221083854,37.030427948151384],[36.628420752053785,37.030433931369956]]]}},{"type":"Feature","properties":{"source":"Microsoft Global ML Building Footprints"},"geometry":{"type":"Polygon","coordinates":[[[36.63123562204013,37.020951733637894],[36.6313208179142,37.02087488580876],[36.63140954874005,37.02093759334802],[36.631324352865974,37.02101444111372],[36.63123562204013,37.020951733637894]]]}},{"type":"Feature","properties":{"source":"Microsoft Global ML Building Footprints"},"geometry":{"type":"Polygon","coordinates":[[[36.63374205939471,37.02112655608972],[36.63350095289883,37.021133265659785],[36.63349866883533,37.0210808391148],[36.63373977591747,37.02107414299687],[36.63374205939471,37.02112655608972]]]}},{"type":"Feature","properties":{"source":"Microsoft Global ML Building Footprints"},"geometry":{"type":"Polygon","coordinates":[[[36.63504165639181,37.02434872022133],[36.63467887831571,37.02439692507661],[36.63462849060455,37.02415521535586],[36.635001708337505,37.02410562315229],[36.63501430526533,37.02416605069402],[36.63503257466484,37.024163623104734],[36.63504299970851,37.02421363207003],[36.63501429065214,37.02421744685064],[36.63504165639181,37.02434872022133]]]}},{"type":"Feature","properties":{"source":"Microsoft Global ML Building Footprints"},"geometry":{"type":"Polygon","coordinates":[[[36.63577415812576,37.02248810333287],[36.635829978710916,37.022524900512515],[36.635764132120016,37.02258856775909],[36.63570831153482,37.022551770610264],[36.63577415812576,37.02248810333287]]]}},{"type":"Feature","properties":{"source":"Microsoft Global ML Building Footprints"},"geometry":{"type":"Polygon","coordinates":[[[36.63842626315307,37.02847013246334],[36.638418159358274,37.0285652321871],[36.638269627781476,37.028557157130315],[36.6382777391704,37.02846206610802],[36.63842626315307,37.02847013246334]]]}},{"type":"Feature","properties":{"source":"Microsoft Global ML Building Footprints"},"geometry":{"type":"Polygon","coordinates":[[[36.62588888462383,37.02823492472209],[36.62570598457805,37.02833717074726],[36.625648736857364,37.02827189635743],[36.62580284232615,37.028185755817866],[36.62582804804974,37.02821449278806],[36.62585684480168,37.028198396224454],[36.62588888462383,37.02823492472209]]]}},{"type":"Feature","properties":{"source":"Microsoft Global ML Building Footprints"},"geometry":{"type":"Polygon","coordinates":[[[36.626071637115814,37.02378711013488],[36.626059356610526,37.02384762320678],[36.62592344954696,37.023830042595264],[36.62593573005229,37.02376952950939],[36.626071637115814,37.02378711013488]]]}},{"type":"Feature","properties":{"source":"Microsoft Global ML Building Footprints"},"geometry":{"type":"Polygon","coordinates":[[[36.626591889803265,37.02557541586067],[36.6266082289505,37.025480853797156],[36.626733166556285,37.02549462055317],[36.62671681927419,37.025589181703175],[36.626591889803265,37.02557541586067]]]}},{"type":"Feature","properties":{"source":"Microsoft Global ML Building Footprints"},"geometry":{"type":"Polygon","coordinates":[[[36.62728825893542,37.021100517135736],[36.62726714567528,37.02102279702088],[36.627379858736205,37.0210032719309],[36.62739152659049,37.02104622254156],[36.62751035426619,37.02102563823357],[36.62752980668295,37.021097221511944],[36.62738891740007,37.02112162748949],[36.62737891330004,37.021084813252294],[36.62728825893542,37.021100517135736]]]}},{"type":"Feature","properties":{"source":"Microsoft Global ML Building Footprints"},"geometry":{"type":"Polygon","coordinates":[[[36.627798832873154,37.02040879548875],[36.627765438154924,37.02042491312006],[36.627717197381386,37.02036119618508],[36.627750591064924,37.0203450771736],[36.627798832873154,37.02040879548875]]]}},{"type":"Feature","properties":{"source":"Microsoft Global ML Building Footprints"},"geometry":{"type":"Polygon","coordinates":[[[36.62841424351836,37.0227298788563],[36.62841516107606,37.022841230178884],[36.62830251322498,37.02284182816785],[36.62830159566731,37.02273047684615],[36.62841424351836,37.0227298788563]]]}},{"type":"Feature","properties":{"source":"Microsoft Global ML Building Footprints"},"geometry":{"type":"Polygon","coordinates":[[[36.628716985814066,37.02380030960128],[36.628794641470336,37.02380283070314],[36.6287923947237,37.02384694322437],[36.628659788048864,37.02384264554219],[36.6286643140285,37.02375362942021],[36.62871927246082,37.02375541365459],[36.628716985814066,37.02380030960128]]]}},{"type":"Feature","properties":{"source":"Microsoft Global ML Building Footprints"},"geometry":{"type":"Polygon","coordinates":[[[36.62966755557122,37.03265747227774],[36.629665960283354,37.03243824479115],[36.62978538618353,37.03243769097145],[36.62978696229964,37.032656925219975],[36.62966755557122,37.03265747227774]]]}},{"type":"Feature","properties":{"source":"Microsoft Global ML Building Footprints"},"geometry":{"type":"Polygon","coordinates":[[[36.63177593987644,37.02427797472843],[36.63179665544406,37.02438022816788],[36.63172738166371,37.02438917758087],[36.631706657360915,37.024286925281956],[36.63177593987644,37.02427797472843]]]}},{"type":"Feature","properties":{"source":"Microsoft Global ML Building Footprints"},"geometry":{"type":"Polygon","coordinates":[[[36.63564936806408,37.02944718032125],[36.63565088346312,37.02929944193891],[36.63589494811781,37.0293010374524],[36.63589343271876,37.02944877583164],[36.63564936806408,37.02944718032125]]]}},{"type":"Feature","properties":{"source":"Microsoft Global ML Building Footprints"},"geometry":{"type":"Polygon","coordinates":[[[36.63667825436355,37.029767916221296],[36.63667019691837,37.029864762024935],[36.63656501138205,37.029859184663955],[36.63657307776764,37.02976233345067],[36.63667825436355,37.029767916221296]]]}},{"type":"Feature","properties":{"source":"Microsoft Global ML Building Footprints"},"geometry":{"type":"Polygon","coordinates":[[[36.63733962415657,37.03050531659654],[36.63734484417774,37.03041343188757],[36.637406408355496,37.03041566086897],[36.63740118833432,37.03050754557525],[36.63733962415657,37.03050531659654]]]}},{"type":"Feature","properties":{"source":"Microsoft Global ML Building Footprints"},"geometry":{"type":"Polygon","coordinates":[[[36.62332317947961,37.02523434830194],[36.62338012262861,37.02521657151871],[36.62342697780411,37.025312253976644],[36.623370040579054,37.02533002570665],[36.62332317947961,37.02523434830194]]]}},{"type":"Feature","properties":{"source":"Microsoft Global ML Building Footprints"},"geometry":{"type":"Polygon","coordinates":[[[36.624248131227326,37.02496109542188],[36.62414546492507,37.024949828534],[36.62416519767898,37.024835218134136],[36.624267864950625,37.02484647940862],[36.624248131227326,37.02496109542188]]]}},{"type":"Feature","properties":{"source":"Microsoft Global ML Building Footprints"},"geometry":{"type":"Polygon","coordinates":[[[36.62454140554352,37.03067665516334],[36.62462874410854,37.03064466763404],[36.62465369595797,37.03068808613689],[36.6245663519316,37.030720070767956],[36.62454140554352,37.03067665516334]]]}},{"type":"Feature","properties":{"source":"Microsoft Global ML Building Footprints"},"geometry":{"type":"Polygon","coordinates":[[[36.62536561489105,37.019901179340074],[36.62548899650574,37.019901179340074],[36.62548899650574,37.02002110585276],[36.625317335128784,37.02002110585276],[36.625317335128784,37.01998898269829],[36.62536561489105,37.01998898269829],[36.62536561489105,37.019901179340074]]]}},{"type":"Feature","properties":{"source":"Microsoft Global ML Building Footprints"},"geometry":{"type":"Polygon","coordinates":[[[36.62577930611329,37.02024987750647],[36.62577811553565,37.020194213764434],[36.62583978835714,37.02019337286235],[36.62584097893478,37.02024903660499],[36.62577930611329,37.02024987750647]]]}},{"type":"Feature","properties":{"source":"Microsoft Global ML Building Footprints"},"geometry":{"type":"Polygon","coordinates":[[[36.62588616675411,37.02100916861154],[36.625803036576166,37.02100818380325],[36.62580474749693,37.02091611885565],[36.625887877674835,37.02091710366516],[36.62588616675411,37.02100916861154]]]}},{"type":"Feature","properties":{"source":"Microsoft Global ML Building Footprints"},"geometry":{"type":"Polygon","coordinates":[[[36.625899273655634,37.0258904026534],[36.62570990623944,37.0258465330306],[36.62573759660364,37.025770347596705],[36.62583902858886,37.025793840100356],[36.62584333583981,37.0257819894122],[36.62593126769865,37.025802355169965],[36.625899273655634,37.0258904026534]]]}},{"type":"Feature","properties":{"source":"Microsoft Global ML Building Footprints"},"geometry":{"type":"Polygon","coordinates":[[[36.62661346447755,37.020924785777986],[36.626699336591095,37.02090945441843],[36.62673189597828,37.021025707803794],[36.62664603357002,37.02104103740713],[36.62661346447755,37.020924785777986]]]}},{"type":"Feature","properties":{"source":"Microsoft Global ML Building Footprints"},"geometry":{"type":"Polygon","coordinates":[[[36.62920250552063,37.01993959460004],[36.62908632406509,37.01998426825495],[36.62901187754031,37.01986084440366],[36.62893428826822,37.019890678771624],[36.62888291574187,37.01980549651648],[36.62905847467606,37.01973799108854],[36.62907525135766,37.01976580497666],[36.62912968231504,37.0197448753334],[36.62918735215818,37.01984048552249],[36.629151132994274,37.01985441239973],[36.62920250552063,37.01993959460004]]]}},{"type":"Feature","properties":{"source":"Microsoft Global ML Building Footprints"},"geometry":{"type":"Polygon","coordinates":[[[36.63024432863381,37.027460657130575],[36.62963114516097,37.027628094559645],[36.6296140593819,37.02762847738301],[36.62948263177686,37.02766436528886],[36.62945649642318,37.02766494941608],[36.629451207007556,37.02751448780257],[36.62952008759714,37.027495679084936],[36.629485916039044,37.02749644473301],[36.62990017850277,37.02738332502191],[36.62987648776424,37.0273280282232],[36.629869940612906,37.027141788453484],[36.629884058100245,37.02714147292435],[36.630049746747645,37.02709622931002],[36.63012663275337,37.02709450659275],[36.63014968906894,37.027088210739386],[36.63014733465212,37.02702123701921],[36.630308140530616,37.02701763397939],[36.630311149263235,37.02710322035543],[36.63025477609622,37.027104483459375],[36.63023205632348,37.02711068741361],[36.63024432863381,37.027460657130575]]]}},{"type":"Feature","properties":{"source":"Microsoft Global ML Building Footprints"},"geometry":{"type":"Polygon","coordinates":[[[36.63144916529069,37.02306558277288],[36.63144795087425,37.02306554015689],[36.63144318550874,37.02315196400064],[36.63130520196843,37.02314711421189],[36.63131619552673,37.022947419299065],[36.631377767385665,37.022949579966635],[36.631376826075794,37.02296667861751],[36.63145446015876,37.02296940293677],[36.63144916529069,37.02306558277288]]]}},{"type":"Feature","properties":{"source":"Microsoft Global ML Building Footprints"},"geometry":{"type":"Polygon","coordinates":[[[36.63400246810155,37.02030834561495],[36.63399927515377,37.020208824546096],[36.634186906329646,37.02020497656633],[36.6341900996136,37.0203045081183],[36.63400246810155,37.02030834561495]]]}},{"type":"Feature","properties":{"source":"Microsoft Global ML Building Footprints"},"geometry":{"type":"Polygon","coordinates":[[[36.63407289565682,37.02313084119938],[36.63412736021001,37.023108943937835],[36.63414136867883,37.02313115081328],[36.634238816699,37.02309197221187],[36.634236661788876,37.02308855567212],[36.634401413728646,37.023022317739986],[36.63447468067328,37.02313848010725],[36.63415801460719,37.02326579432834],[36.63407289565682,37.02313084119938]]]}},{"type":"Feature","properties":{"source":"Microsoft Global ML Building Footprints"},"geometry":{"type":"Polygon","coordinates":[[[36.638069333500155,37.03293255725813],[36.63808302377347,37.03283745932504],[36.6381624418105,37.032844740763935],[36.63814875153718,37.03293983868793],[36.638069333500155,37.03293255725813]]]}},{"type":"Feature","properties":{"source":"Microsoft Global ML Building Footprints"},"geometry":{"type":"Polygon","coordinates":[[[36.63841608388876,37.032669271233026],[36.638328113448864,37.03265885625848],[36.6383376045646,37.03260776814541],[36.638425578493184,37.03261818845522],[36.63841608388876,37.032669271233026]]]}},{"type":"Feature","properties":{"source":"Microsoft Global ML Building Footprints"},"geometry":{"type":"Polygon","coordinates":[[[36.638440479795015,37.020689588100865],[36.63825154405916,37.020980535274184],[36.638014782518624,37.02088252542909],[36.638203725025505,37.02059156745347],[36.638440479795015,37.020689588100865]]]}},{"type":"Feature","properties":{"source":"Microsoft Global ML Building Footprints"},"geometry":{"type":"Polygon","coordinates":[[[36.62499227101216,37.01898491324474],[36.62493163833168,37.018984526984234],[36.62493267450491,37.018881738040626],[36.62499329817575,37.01888212424428],[36.62499227101216,37.01898491324474]]]}},{"type":"Feature","properties":{"source":"Microsoft Global ML Building Footprints"},"geometry":{"type":"Polygon","coordinates":[[[36.62514490529158,37.0283865716943],[36.62515598091191,37.02840003744058],[36.625170276366774,37.0283925435335],[36.62526504150867,37.02850774668834],[36.62515890623562,37.02856338440136],[36.6250530725303,37.0284347118938],[36.62514490529158,37.0283865716943]]]}},{"type":"Feature","properties":{"source":"Microsoft Global ML Building Footprints"},"geometry":{"type":"Polygon","coordinates":[[[36.625399085666366,37.0277818726757],[36.62540592538855,37.02782834013478],[36.625350366209375,37.027833552377665],[36.625343526487185,37.02778708492179],[36.625399085666366,37.0277818726757]]]}},{"type":"Feature","properties":{"source":"Microsoft Global ML Building Footprints"},"geometry":{"type":"Polygon","coordinates":[[[36.627285907876114,37.02560462834879],[36.6273969917911,37.025685126942754],[36.6273254246688,37.02574807468601],[36.62721434159765,37.02566757056327],[36.627285907876114,37.02560462834879]]]}},{"type":"Feature","properties":{"source":"Microsoft Global ML Building Footprints"},"geometry":{"type":"Polygon","coordinates":[[[36.627352005377986,37.01918918468949],[36.6272840233025,37.019090565458704],[36.62742606642037,37.019028144278636],[36.62749178242669,37.019123476282104],[36.627475313659374,37.01913071351392],[36.6275251671814,37.01920303425746],[36.62743126344282,37.01924430038558],[36.62738368063449,37.019175264946504],[36.627352005377986,37.01918918468949]]]}},{"type":"Feature","properties":{"source":"Microsoft Global ML Building Footprints"},"geometry":{"type":"Polygon","coordinates":[[[36.62888996904517,37.02573242619927],[36.628799150483374,37.025797340892936],[36.6287045114833,37.02571294825306],[36.62885717093746,37.025603831180476],[36.6289211550095,37.025660883467424],[36.62885931134091,37.02570508772534],[36.62888996904517,37.02573242619927]]]}},{"type":"Feature","properties":{"source":"Microsoft Global ML Building Footprints"},"geometry":{"type":"Polygon","coordinates":[[[36.630816125956855,37.025408619030635],[36.63067171388408,37.02544242129105],[36.630583050819986,37.0252010397415],[36.6307274796494,37.02516722538122],[36.630816125956855,37.025408619030635]]]}},{"type":"Feature","properties":{"source":"Microsoft Global ML Building Footprints"},"geometry":{"type":"Polygon","coordinates":[[[36.631615742289966,37.02100311119246],[36.63152944910085,37.021089508479065],[36.631473703997194,37.02105401572392],[36.631559997186315,37.02096761839697],[36.631615742289966,37.02100311119246]]]}},{"type":"Feature","properties":{"source":"Microsoft Global ML Building Footprints"},"geometry":{"type":"Polygon","coordinates":[[[36.6366761943418,37.02928439824247],[36.63679858447307,37.02929319245914],[36.6367866107806,37.02939939611802],[36.63666422064932,37.029390601913626],[36.6366761943418,37.02928439824247]]]}},{"type":"Feature","properties":{"source":"Microsoft Global ML Building Footprints"},"geometry":{"type":"Polygon","coordinates":[[[36.63685722200754,37.020761934226385],[36.63659033077374,37.02077698240628],[36.636571044288615,37.020558712170725],[36.6365239959364,37.02056136228526],[36.63650684470025,37.02036744907989],[36.6368208025116,37.020349764584516],[36.63685722200754,37.020761934226385]]]}},{"type":"Feature","properties":{"source":"Microsoft Global ML Building Footprints"},"geometry":{"type":"Polygon","coordinates":[[[36.637698043102446,37.01895974202492],[36.63763118386398,37.01896855572328],[36.637620411033275,37.01891643650925],[36.63768726582434,37.018907623391094],[36.637698043102446,37.01895974202492]]]}},{"type":"Feature","properties":{"source":"Microsoft Global ML Building Footprints"},"geometry":{"type":"Polygon","coordinates":[[[36.638866880413666,37.028197924668355],[36.63884044918902,37.02833821876049],[36.638672585221535,37.02831806253609],[36.63869901644618,37.028177768406714],[36.638866880413666,37.028197924668355]]]}},{"type":"Feature","properties":{"source":"Microsoft Global ML Building Footprints"},"geometry":{"type":"Polygon","coordinates":[[[36.63895954875007,37.02281097719765],[36.63895888654978,37.022855941686224],[36.63898987033448,37.022856234281804],[36.63898900220954,37.022914832555934],[36.63884954673569,37.02291352340089],[36.63885108111748,37.02280995288227],[36.63895954875007,37.02281097719765]]]}},{"type":"Feature","properties":{"source":"Microsoft Global ML Building Footprints"},"geometry":{"type":"Polygon","coordinates":[[[36.63965300124885,37.02755877720276],[36.63965851483373,37.02744545787958],[36.6398004573571,37.02744986756524],[36.63979494377227,37.02756318688185],[36.63965300124885,37.02755877720276]]]}},{"type":"Feature","properties":{"source":"Microsoft Global ML Building Footprints"},"geometry":{"type":"Polygon","coordinates":[[[36.626062410672205,37.02713867758802],[36.62619190575914,37.0273128670634],[36.62605504300145,37.027377715878345],[36.6260762331066,37.027406219548304],[36.62586399665631,37.027506782056136],[36.62581455307764,37.02744027356429],[36.62573124531211,37.02747974669637],[36.62563000369866,37.027343562530696],[36.626062410672205,37.02713867758802]]]}},{"type":"Feature","properties":{"source":"Microsoft Global ML Building Footprints"},"geometry":{"type":"Polygon","coordinates":[[[36.62656834273037,37.023084641793204],[36.62651875633035,37.02307516836928],[36.626498723043916,37.02314200908775],[36.6264138480865,37.023125793837615],[36.626459390878274,37.022973885402706],[36.62659384669376,37.02299957306099],[36.62656834273037,37.023084641793204]]]}},{"type":"Feature","properties":{"source":"Microsoft Global ML Building Footprints"},"geometry":{"type":"Polygon","coordinates":[[[36.62707165976902,37.02851981818797],[36.62716987372867,37.028458515483045],[36.627239650137,37.028529763663634],[36.62714143284178,37.02859106290517],[36.62707165976902,37.02851981818797]]]}},{"type":"Feature","properties":{"source":"Microsoft Global ML Building Footprints"},"geometry":{"type":"Polygon","coordinates":[[[36.62711373342302,37.02493667197575],[36.62701560082461,37.02486524001161],[36.62710907884518,37.02478338537291],[36.62720721144359,37.02485481741403],[36.62711373342302,37.02493667197575]]]}},{"type":"Feature","properties":{"source":"Microsoft Global ML Building Footprints"},"geometry":{"type":"Polygon","coordinates":[[[36.62829703897513,37.021854208773995],[36.628341988212256,37.021842355873616],[36.62836115438323,37.02188869763509],[36.62831620880888,37.021900549562375],[36.62829703897513,37.021854208773995]]]}},{"type":"Feature","properties":{"source":"Microsoft Global ML Building Footprints"},"geometry":{"type":"Polygon","coordinates":[[[36.631149955615456,37.02502514304921],[36.631004183636605,37.02503093437243],[36.630989937389984,37.0248023700025],[36.63113572935632,37.024796577867775],[36.631149955615456,37.02502514304921]]]}},{"type":"Feature","properties":{"source":"Microsoft Global ML Building Footprints"},"geometry":{"type":"Polygon","coordinates":[[[36.631217455315486,37.0193162839659],[36.631123253174515,37.019343199518076],[36.6310666167118,37.01921680880286],[36.63115697413606,37.01919099677444],[36.63117824277299,37.019238460200214],[36.631182083447925,37.019237363051104],[36.631217455315486,37.0193162839659]]]}},{"type":"Feature","properties":{"source":"Microsoft Global ML Building Footprints"},"geometry":{"type":"Polygon","coordinates":[[[36.63869481018644,37.02985567476951],[36.63888367128832,37.0298734343677],[36.63887495112896,37.02993256977514],[36.63884481511184,37.029929735930146],[36.6388397135087,37.029964311668756],[36.63868098201987,37.029949394202816],[36.63869481018644,37.02985567476951]]]}},{"type":"Feature","properties":{"source":"Microsoft Global ML Building Footprints"},"geometry":{"type":"Polygon","coordinates":[[[36.62747230691752,37.020127674996594],[36.62755930566433,37.0200989043113],[36.62761525371136,37.020206753001844],[36.62752825496452,37.02023552364633],[36.62747230691752,37.020127674996594]]]}},{"type":"Feature","properties":{"source":"Microsoft Global ML Building Footprints"},"geometry":{"type":"Polygon","coordinates":[[[36.627780257494315,37.024399945603456],[36.62772462024435,37.024462752854554],[36.627604829598745,37.02439511391311],[36.62766046684872,37.024332306606084],[36.627780257494315,37.024399945603456]]]}},{"type":"Feature","properties":{"source":"Microsoft Global ML Building Footprints"},"geometry":{"type":"Polygon","coordinates":[[[36.62837614625833,37.02819131388778],[36.62836554798132,37.028113769865556],[36.62855008133915,37.028097695362455],[36.62856328954496,37.028194273414115],[36.62846887068551,37.028202503405424],[36.62846626773121,37.02818345847574],[36.62837614625833,37.02819131388778]]]}},{"type":"Feature","properties":{"source":"Microsoft Global ML Building Footprints"},"geometry":{"type":"Polygon","coordinates":[[[36.62841707853522,37.02378569687604],[36.628481444830754,37.02378517176321],[36.628483061721575,37.02391150325502],[36.62841869542604,37.023912028366965],[36.62841707853522,37.02378569687604]]]}},{"type":"Feature","properties":{"source":"Microsoft Global ML Building Footprints"},"geometry":{"type":"Polygon","coordinates":[[[36.62885781568184,37.024259957378725],[36.628896717830855,37.02438729357557],[36.62887520655422,37.02439148133896],[36.62890607291353,37.02449254328308],[36.62878961566364,37.02451521486514],[36.628719857691564,37.02428681474818],[36.62885781568184,37.024259957378725]]]}},{"type":"Feature","properties":{"source":"Microsoft Global ML Building Footprints"},"geometry":{"type":"Polygon","coordinates":[[[36.62974652925845,37.02704994979837],[36.629703033018835,37.027059394257144],[36.629691485723995,37.027025498684196],[36.629734984730476,37.027016053620414],[36.62974652925845,37.02704994979837]]]}},{"type":"Feature","properties":{"source":"Microsoft Global ML Building Footprints"},"geometry":{"type":"Polygon","coordinates":[[[36.63187982815574,37.020956986140945],[36.63179656924821,37.02097195329237],[36.63177159135298,37.020883407021216],[36.631854856399116,37.020868434095966],[36.63187982815574,37.020956986140945]]]}},{"type":"Feature","properties":{"source":"Microsoft Global ML Building Footprints"},"geometry":{"type":"Polygon","coordinates":[[[36.63294326669892,37.024166967899994],[36.63306786113861,37.024151950735906],[36.63310406115612,37.024343482814594],[36.63297948184569,37.024358491156114],[36.63294326669892,37.024166967899994]]]}},{"type":"Feature","properties":{"source":"Microsoft Global ML Building Footprints"},"geometry":{"type":"Polygon","coordinates":[[[36.63325327688892,37.020322427786596],[36.63337831859583,37.02032051323745],[36.63337916318039,37.02035580589401],[36.63339793179158,37.020355519571396],[36.633400288376706,37.020453994109616],[36.63325648961249,37.020456187813956],[36.63325327688892,37.020322427786596]]]}},{"type":"Feature","properties":{"source":"Microsoft Global ML Building Footprints"},"geometry":{"type":"Polygon","coordinates":[[[36.63540291547598,37.02134337795301],[36.63540021226001,37.021448267259885],[36.635059715881596,37.021442673362934],[36.63506137091175,37.021378455432405],[36.63522759749021,37.02138118631358],[36.63522864567599,37.02134051493098],[36.63540291547598,37.02134337795301]]]}},{"type":"Feature","properties":{"source":"Microsoft Global ML Building Footprints"},"geometry":{"type":"Polygon","coordinates":[[[36.6377916809084,37.02878599886785],[36.63781187482266,37.02872059749061],[36.637922219412964,37.02874231216782],[36.63790203269831,37.02880770877736],[36.6377916809084,37.02878599886785]]]}},{"type":"Feature","properties":{"source":"Microsoft Global ML Building Footprints"},"geometry":{"type":"Polygon","coordinates":[[[36.62484567995503,37.02081601294343],[36.62489651920204,37.02081800726162],[36.624886659303584,37.020978234363135],[36.62483582005657,37.02097624004916],[36.62484567995503,37.02081601294343]]]}},{"type":"Feature","properties":{"source":"Microsoft Global ML Building Footprints"},"geometry":{"type":"Polygon","coordinates":[[[36.62914979318773,37.02820897312678],[36.62923801378088,37.02820040105997],[36.62924464755066,37.028243914116295],[36.62927372092512,37.028241087541616],[36.62927995490997,37.02828197825708],[36.62917951877332,37.02829173725224],[36.62918840482958,37.028350023713145],[36.62906055272511,37.02836245374537],[36.629047476249205,37.02827673028632],[36.62906333445348,37.02827518940506],[36.62905947201291,37.02824986897339],[36.629154621238406,37.028240623682095],[36.62914979318773,37.02820897312678]]]}},{"type":"Feature","properties":{"source":"Microsoft Global ML Building Footprints"},"geometry":{"type":"Polygon","coordinates":[[[36.63009365947778,37.02478343883041],[36.6301627299765,37.02477802012841],[36.63016847296031,37.02482468056696],[36.630099402461546,37.02483009926561],[36.63009365947778,37.02478343883041]]]}},{"type":"Feature","properties":{"source":"Microsoft Global ML Building Footprints"},"geometry":{"type":"Polygon","coordinates":[[[36.63151040753125,37.0282167903316],[36.63148094872789,37.02821771538612],[36.63148299251211,37.028259271111246],[36.63141771017929,37.028261317434314],[36.631413391299205,37.02817365901541],[36.63150814018921,37.028170689037836],[36.63151040753125,37.0282167903316]]]}},{"type":"Feature","properties":{"source":"Microsoft Global ML Building Footprints"},"geometry":{"type":"Polygon","coordinates":[[[36.63559173494068,37.02861361890584],[36.635811673898246,37.02861306590177],[36.63581268760101,37.028870019036155],[36.635753679588014,37.028870167402594],[36.63575369648306,37.02887444994746],[36.63559276553849,37.028874854583194],[36.63559173494068,37.02861361890584]]]}},{"type":"Feature","properties":{"source":"Microsoft Global ML Building Footprints"},"geometry":{"type":"Polygon","coordinates":[[[36.636357392310586,37.02104926843615],[36.636424791961126,37.02101387277039],[36.636451186659755,37.0210459119332],[36.636473652488036,37.02103411250298],[36.63653961776323,37.02111418430043],[36.636449751562516,37.02116137845548],[36.636357392310586,37.02104926843615]]]}},{"type":"Feature","properties":{"source":"Microsoft Global ML Building Footprints"},"geometry":{"type":"Polygon","coordinates":[[[36.6368643498738,37.021412904987464],[36.63698801586285,37.021304983916146],[36.63710482216575,37.02139030640405],[36.63701454636045,37.02146908839274],[36.63695760527252,37.02142749200293],[36.63692421101748,37.02145663453326],[36.6368643498738,37.021412904987464]]]}},{"type":"Feature","properties":{"source":"Microsoft Global ML Building Footprints"},"geometry":{"type":"Polygon","coordinates":[[[36.63788163679346,37.021909905870665],[36.63786999940345,37.02217701780874],[36.63769467933107,37.022264483156086],[36.63771501004854,37.022265047779705],[36.637649951752664,37.02229750465606],[36.63758710184447,37.02229575919243],[36.63744782977076,37.02211780712995],[36.637601158030805,37.02204131312522],[36.63756862888287,37.02204040972475],[36.637832928209775,37.02190855313209],[36.63788163679346,37.021909905870665]]]}},{"type":"Feature","properties":{"source":"Microsoft Global ML Building Footprints"},"geometry":{"type":"Polygon","coordinates":[[[36.638305252221635,37.02207554561033],[36.63821833531604,37.0221112823534],[36.63819255457766,37.02207131822232],[36.63827946900699,37.02203557762186],[36.638305252221635,37.02207554561033]]]}},{"type":"Feature","properties":{"source":"Microsoft Global ML Building Footprints"},"geometry":{"type":"Polygon","coordinates":[[[36.639401660860116,37.02189383345969],[36.63936413455773,37.021894600942986],[36.63936035813959,37.021776896116194],[36.63940592579252,37.02177596417075],[36.639404827198184,37.02174172273193],[36.639463797101946,37.02174051668433],[36.63946606295281,37.021811139636114],[36.639399051698504,37.021812510143484],[36.639401660860116,37.02189383345969]]]}},{"type":"Feature","properties":{"source":"Microsoft Global ML Building Footprints"},"geometry":{"type":"Polygon","coordinates":[[[36.62463152825158,37.02174399059638],[36.62464353247088,37.021797967641966],[36.62458632743952,37.02180607738869],[36.62457432322022,37.02175210034886],[36.62463152825158,37.02174399059638]]]}},{"type":"Feature","properties":{"source":"Microsoft Global ML Building Footprints"},"geometry":{"type":"Polygon","coordinates":[[[36.62517000159233,37.024903174596254],[36.62504272558968,37.02490684430068],[36.62504007572563,37.024848150225885],[36.6251673469109,37.02484448776908],[36.62517000159233,37.024903174596254]]]}},{"type":"Feature","properties":{"source":"Microsoft Global ML Building Footprints"},"geometry":{"type":"Polygon","coordinates":[[[36.625955888994966,37.022345077595205],[36.62582189487833,37.02234822982092],[36.6258176308494,37.022232690255194],[36.62595162496608,37.02222953802468],[36.625955888994966,37.022345077595205]]]}},{"type":"Feature","properties":{"source":"Microsoft Global ML Building Footprints"},"geometry":{"type":"Polygon","coordinates":[[[36.63076361483537,37.022605237511634],[36.63079777522085,37.022506981027185],[36.63100198255141,37.022552236642575],[36.63098193613524,37.022609896698306],[36.6310181978462,37.02261793286535],[36.63098955672776,37.02270029324728],[36.6308451226075,37.0226682763271],[36.630859642114174,37.02262652403648],[36.63076361483537,37.022605237511634]]]}},{"type":"Feature","properties":{"source":"Microsoft Global ML Building Footprints"},"geometry":{"type":"Polygon","coordinates":[[[36.635266449187746,37.02158551024465],[36.635359175975275,37.02159701326768],[36.635356547468064,37.02161052616533],[36.63539845208588,37.02161572220984],[36.6353909115016,37.021654487597395],[36.63540400655569,37.02165611207491],[36.635388362518256,37.02173653643754],[36.63526002962611,37.02172062357541],[36.6352767063838,37.02163489008478],[36.63525730767248,37.02163248470453],[36.635266449187746,37.02158551024465]]]}},{"type":"Feature","properties":{"source":"Microsoft Global ML Building Footprints"},"geometry":{"type":"Polygon","coordinates":[[[36.63670989827289,37.02336280178451],[36.636894515637806,37.02314447225885],[36.6369405756363,37.02316930136292],[36.63692512563014,37.023187572644446],[36.636969344663896,37.02321140687373],[36.63693451639779,37.02325259498723],[36.6369649901434,37.023269020440075],[36.63688413305393,37.02336463249347],[36.63695868527089,37.02340481632723],[36.63690519900511,37.0234680693313],[36.63670989827289,37.02336280178451]]]}},{"type":"Feature","properties":{"source":"Microsoft Global ML Building Footprints"},"geometry":{"type":"Polygon","coordinates":[[[36.63922231357729,37.02691266412736],[36.639006949728376,37.026887598099115],[36.639027383356485,37.02677569994045],[36.639146684919154,37.026789592042626],[36.63917182849613,37.026651967241015],[36.639325658321255,37.02666987142922],[36.639304216345174,37.02678729163893],[36.639246435800345,37.026780566596685],[36.63922231357729,37.02691266412736]]]}},{"type":"Feature","properties":{"source":"Microsoft Global ML Building Footprints"},"geometry":{"type":"Polygon","coordinates":[[[36.63930310301599,37.0256073167163],[36.63911529618678,37.02558209956259],[36.639126702218135,37.02552795500438],[36.639100617936286,37.02552445261876],[36.63911334004817,37.0254640605632],[36.63908342633882,37.02546004398974],[36.63909422928779,37.025408740839275],[36.63933804127296,37.02544146435353],[36.63930310301599,37.0256073167163]]]}},{"type":"Feature","properties":{"source":"Microsoft Global ML Building Footprints"},"geometry":{"type":"Polygon","coordinates":[[[36.62697962924198,37.02230388065254],[36.627150974198045,37.02230975946228],[36.62714503643089,37.02242007763303],[36.62697369198925,37.02241418927489],[36.62697962924198,37.02230388065254]]]}},{"type":"Feature","properties":{"source":"Microsoft Global ML Building Footprints"},"geometry":{"type":"Polygon","coordinates":[[[36.63026144328714,37.02146191052804],[36.630189440694615,37.02147660430356],[36.63017630771211,37.021435592284575],[36.63009725157612,37.02145172992002],[36.63005632350786,37.02132388357252],[36.630207386938544,37.021293055559795],[36.63026144328714,37.02146191052804]]]}},{"type":"Feature","properties":{"source":"Microsoft Global ML Building Footprints"},"geometry":{"type":"Polygon","coordinates":[[[36.63115762930342,37.027279027138476],[36.63121293137466,37.02726759711703],[36.63123347629211,37.0273309525875],[36.63117817515992,37.02734238549532],[36.63115762930342,37.027279027138476]]]}},{"type":"Feature","properties":{"source":"Microsoft Global ML Building Footprints"},"geometry":{"type":"Polygon","coordinates":[[[36.63324974950554,37.02112643508015],[36.63339635471703,37.02110809251744],[36.63341029684101,37.02117915953663],[36.63326369162947,37.02119750208219],[36.63324974950554,37.02112643508015]]]}},{"type":"Feature","properties":{"source":"Microsoft Global ML Building Footprints"},"geometry":{"type":"Polygon","coordinates":[[[36.63377264378753,37.022079425497],[36.6338144921573,37.02221578328177],[36.63362869739069,37.02225212049757],[36.6336088624476,37.02218747236188],[36.63367572630629,37.02217439530808],[36.63365372014984,37.02210269093536],[36.63377264378753,37.022079425497]]]}},{"type":"Feature","properties":{"source":"Microsoft Global ML Building Footprints"},"geometry":{"type":"Polygon","coordinates":[[[36.63510422888004,37.03171257300903],[36.63511148081905,37.03185794484607],[36.63493059662595,37.031863695377346],[36.63492333196208,37.03171832395583],[36.63510422888004,37.03171257300903]]]}},{"type":"Feature","properties":{"source":"Microsoft Global ML Building Footprints"},"geometry":{"type":"Polygon","coordinates":[[[36.63806266739605,37.03055242766574],[36.637939396652435,37.03054947292156],[36.63794490386576,37.03040270402827],[36.638068174867605,37.03040565189679],[36.63806266739605,37.03055242766574]]]}},{"type":"Feature","properties":{"source":"Microsoft Global ML Building Footprints"},"geometry":{"type":"Polygon","coordinates":[[[36.639692554785825,37.03192381329933],[36.63973255191455,37.031834604856996],[36.639757626688045,37.031841769473644],[36.639772096242204,37.03180950328398],[36.63994673868743,37.03185940388352],[36.63987440345454,37.0320207381712],[36.639836361601915,37.03200986849556],[36.639854232659474,37.031970009462405],[36.639692554785825,37.03192381329933]]]}},{"type":"Feature","properties":{"source":"Microsoft Global ML Building Footprints"},"geometry":{"type":"Polygon","coordinates":[[[36.62642926831451,37.023346492029255],[36.62644860236375,37.023312897014556],[36.62649953941097,37.02333158284494],[36.62648020536177,37.02336517785135],[36.62642926831451,37.023346492029255]]]}},{"type":"Feature","properties":{"source":"Microsoft Global ML Building Footprints"},"geometry":{"type":"Polygon","coordinates":[[[36.626978873833686,37.02018967278299],[36.62700834218988,37.020188851073556],[36.62700581605754,37.02013109995329],[36.627067431711396,37.02012938183224],[36.62707117412961,37.02021493903372],[36.6269800901196,37.02021747886197],[36.626978873833686,37.02018967278299]]]}},{"type":"Feature","properties":{"source":"Microsoft Global ML Building Footprints"},"geometry":{"type":"Polygon","coordinates":[[[36.628538528257494,37.020748601328094],[36.628516397320496,37.0208145362882],[36.62841880030343,37.020793653897776],[36.62844562568162,37.020713732704706],[36.628515695334904,37.02072872520648],[36.62851100089371,37.02074271141857],[36.628538528257494,37.020748601328094]]]}},{"type":"Feature","properties":{"source":"Microsoft Global ML Building Footprints"},"geometry":{"type":"Polygon","coordinates":[[[36.62868794947649,37.02968096438376],[36.62869009048423,37.02981155942483],[36.62861500149404,37.029812343982144],[36.62861286048631,37.029681748942416],[36.62868794947649,37.02968096438376]]]}},{"type":"Feature","properties":{"source":"Microsoft Global ML Building Footprints"},"geometry":{"type":"Polygon","coordinates":[[[36.63042390106985,37.023090334711334],[36.63041414351441,37.02301309059977],[36.63034335878665,37.02299521635785],[36.630333028067284,37.022913491495935],[36.630265457182595,37.02291893616003],[36.630256620262045,37.022848979951554],[36.630626439634845,37.02281918095676],[36.63060054052903,37.022884558998214],[36.63074440019633,37.02292088584454],[36.630706612186486,37.0230162753262],[36.630769122990216,37.023032060269784],[36.6307740061437,37.02307069015804],[36.63083754449884,37.02306557043361],[36.63084756357077,37.02306809984276],[36.63085203432561,37.02310349183541],[36.63089923259798,37.02311540747752],[36.63092974882949,37.02303835743803],[36.63101021433039,37.02305867621347],[36.63097507345234,37.02314740293294],[36.63110987017141,37.0231814335917],[36.63111163475769,37.02319539294168],[36.63109142904958,37.02324640997692],[36.631062056556424,37.02324877671612],[36.63107473513665,37.0233490747189],[36.63089332913047,37.02330326708217],[36.63094423929931,37.023174753372395],[36.63090948789444,37.0231775535293],[36.630879718314155,37.023252718221975],[36.63065298612398,37.023195464992185],[36.63064839612579,37.02315915427137],[36.63052925911006,37.02312907703924],[36.63052334880226,37.02308232152209],[36.63042390106985,37.023090334711334]]]}},{"type":"Feature","properties":{"source":"Microsoft Global ML Building Footprints"},"geometry":{"type":"Polygon","coordinates":[[[36.63077529084265,37.018692181442226],[36.630711727263325,37.0187203527226],[36.63066392456085,37.018651592418266],[36.630727488140174,37.01862342111238],[36.63077529084265,37.018692181442226]]]}},{"type":"Feature","properties":{"source":"Microsoft Global ML Building Footprints"},"geometry":{"type":"Polygon","coordinates":[[[36.63101231844687,37.02070184785676],[36.6309691133427,37.020759554782416],[36.63091773510779,37.02073503331097],[36.630960941795536,37.02067732425156],[36.63101231844687,37.02070184785676]]]}},{"type":"Feature","properties":{"source":"Microsoft Global ML Building Footprints"},"geometry":{"type":"Polygon","coordinates":[[[36.6315878176056,37.022087496354786],[36.63176555549149,37.0219633280295],[36.631829358835134,37.02202154617066],[36.63172062275268,37.02209750955419],[36.63171796415961,37.022095083885766],[36.63168302544517,37.02211949217082],[36.631694401355944,37.02212987141145],[36.631660339053525,37.02215366932518],[36.6315878176056,37.022087496354786]]]}},{"type":"Feature","properties":{"source":"Microsoft Global ML Building Footprints"},"geometry":{"type":"Polygon","coordinates":[[[36.637251819952176,37.02294435339484],[36.63728053795935,37.022884626933106],[36.637328340874774,37.022899275603116],[36.63729962743108,37.022959003451746],[36.637251819952176,37.02294435339484]]]}},{"type":"Feature","properties":{"source":"Microsoft Global ML Building Footprints"},"geometry":{"type":"Polygon","coordinates":[[[36.63891424858106,37.021678055181596],[36.63877812371983,37.021690423517185],[36.63876347069152,37.02158762111617],[36.638899585585435,37.021575246063406],[36.63891424858106,37.021678055181596]]]}},{"type":"Feature","properties":{"source":"Microsoft Global ML Building Footprints"},"geometry":{"type":"Polygon","coordinates":[[[36.63943322574055,37.026646882702465],[36.63944780036046,37.02651514622659],[36.63973408423198,37.026535333693644],[36.63971952107155,37.02666707094257],[36.63943322574055,37.026646882702465]]]}},{"type":"Feature","properties":{"source":"Microsoft Global ML Building Footprints"},"geometry":{"type":"Polygon","coordinates":[[[36.62463306598256,37.02091931389044],[36.62464511894259,37.02085973963734],[36.62478004813988,37.020877141657756],[36.624767988603274,37.020936722588516],[36.62463306598256,37.02091931389044]]]}},{"type":"Feature","properties":{"source":"Microsoft Global ML Building Footprints"},"geometry":{"type":"Polygon","coordinates":[[[36.628291592525194,37.02299107038083],[36.628284138782455,37.023046104806774],[36.62834776780494,37.02305159805475],[36.62833142690739,37.02317225030188],[36.6281976554984,37.023160701509305],[36.628221465361676,37.02298501612772],[36.628291592525194,37.02299107038083]]]}},{"type":"Feature","properties":{"source":"Microsoft Global ML Building Footprints"},"geometry":{"type":"Polygon","coordinates":[[[36.62890756939659,37.01910537911304],[36.62899825516948,37.019342388270566],[36.628870686412,37.01937350508573],[36.62883396242131,37.01927752629908],[36.62884868189335,37.01927393589345],[36.628794720111145,37.01913290561295],[36.62890756939659,37.01910537911304]]]}},{"type":"Feature","properties":{"source":"Microsoft Global ML Building Footprints"},"geometry":{"type":"Polygon","coordinates":[[[36.6294211013838,37.02390669804557],[36.629262287648714,37.02393422577172],[36.62921447694388,37.0237583495315],[36.629170931242314,37.02376589747214],[36.629148346644605,37.023682817740955],[36.629227754664086,37.02366905807108],[36.62921364617359,37.02361715850364],[36.629318668159655,37.023598954609874],[36.62932867505137,37.02363576602689],[36.62935549952789,37.02363111643136],[36.62938685407065,37.02374642016536],[36.62939197709438,37.02374553245843],[36.62941289678304,37.023822462784345],[36.62939886384667,37.023824895164154],[36.6294211013838,37.02390669804557]]]}},{"type":"Feature","properties":{"source":"Microsoft Global ML Building Footprints"},"geometry":{"type":"Polygon","coordinates":[[[36.63277745099811,37.021872216433316],[36.632824448963035,37.02196529536306],[36.63256701423198,37.02204816900776],[36.63252000299951,37.021955080064615],[36.63277745099811,37.021872216433316]]]}},{"type":"Feature","properties":{"source":"Microsoft Global ML Building Footprints"},"geometry":{"type":"Polygon","coordinates":[[[36.63385536728315,37.02209906905239],[36.63387182474302,37.02219579227864],[36.63380486410383,37.02220305493423],[36.63379628194668,37.02215259019136],[36.63382261825718,37.02214973371213],[36.63381475127974,37.02210347433331],[36.63385536728315,37.02209906905239]]]}},{"type":"Feature","properties":{"source":"Microsoft Global ML Building Footprints"},"geometry":{"type":"Polygon","coordinates":[[[36.63481677888268,37.023027400562114],[36.635074806068296,37.02290252442611],[36.63514432387001,37.022994086773494],[36.63503448474253,37.023047251169395],[36.63505588594371,37.0230754387883],[36.63490771356762,37.02314715717906],[36.63481677888268,37.023027400562114]]]}},{"type":"Feature","properties":{"source":"Microsoft Global ML Building Footprints"},"geometry":{"type":"Polygon","coordinates":[[[36.63698495985488,37.03327065575621],[36.63698488555224,37.033271550675835],[36.63685403153973,37.033264634512854],[36.636866775429276,37.03311114369536],[36.63692684920231,37.03311431884334],[36.63692384339191,37.03315055992447],[36.636998617458325,37.033154512041854],[36.63699791020883,37.0331630393521],[36.63728365396268,37.03317814208278],[36.6372747094191,37.033285986377315],[36.63698495985488,37.03327065575621]]]}},{"type":"Feature","properties":{"source":"Microsoft Global ML Building Footprints"},"geometry":{"type":"Polygon","coordinates":[[[36.63911450027932,37.02503149202895],[36.63931967470533,37.02502863735366],[36.639319111703244,37.025002948358235],[36.639353969791216,37.02500246336331],[36.63935501875557,37.02505032612692],[36.63937776094674,37.02505000843489],[36.63937937977094,37.02512416968398],[36.63911660309476,37.02512782579821],[36.63911450027932,37.02503149202895]]]}},{"type":"Feature","properties":{"source":"Microsoft Global ML Building Footprints"},"geometry":{"type":"Polygon","coordinates":[[[36.62459772623299,37.02673883193799],[36.62452797647391,37.02676066087538],[36.62449930950422,37.026702267839084],[36.62456906092187,37.02668044226329],[36.62459772623299,37.02673883193799]]]}},{"type":"Feature","properties":{"source":"Microsoft Global ML Building Footprints"},"geometry":{"type":"Polygon","coordinates":[[[36.62465498668769,37.02187013557493],[36.624676322704325,37.0219409923671],[36.62461293135355,37.02195316006769],[36.624625123363074,37.02199364962704],[36.624526232855935,37.022012631225934],[36.62449270482978,37.021901284913554],[36.62465498668769,37.02187013557493]]]}},{"type":"Feature","properties":{"source":"Microsoft Global ML Building Footprints"},"geometry":{"type":"Polygon","coordinates":[[[36.6260952537015,37.02450406034065],[36.62613573875853,37.02441661053056],[36.62620181243246,37.0244361118702],[36.62616132887919,37.02452355840954],[36.6260952537015,37.02450406034065]]]}},{"type":"Feature","properties":{"source":"Microsoft Global ML Building Footprints"},"geometry":{"type":"Polygon","coordinates":[[[36.62631605517757,37.02810788064674],[36.626173450916646,37.02821473138319],[36.62607976207308,37.0281350387557],[36.62622236633396,37.02802818790717],[36.62631605517757,37.02810788064674]]]}},{"type":"Feature","properties":{"source":"Microsoft Global ML Building Footprints"},"geometry":{"type":"Polygon","coordinates":[[[36.627157423131074,37.02367536212927],[36.627124227870816,37.02379588079718],[36.62705514774955,37.02378375634121],[36.62704895880272,37.023806225905815],[36.626974761635424,37.02379320334371],[36.62701414584252,37.023650215067455],[36.627157423131074,37.02367536212927]]]}},{"type":"Feature","properties":{"source":"Microsoft Global ML Building Footprints"},"geometry":{"type":"Polygon","coordinates":[[[36.62753219437012,37.02729201516362],[36.62761661364756,37.0273729288592],[36.62754376735149,37.02742136561476],[36.62745934807404,37.02734045197077],[36.62753219437012,37.02729201516362]]]}},{"type":"Feature","properties":{"source":"Microsoft Global ML Building Footprints"},"geometry":{"type":"Polygon","coordinates":[[[36.628757462132164,37.02832744337193],[36.62887878194692,37.028303480629745],[36.62891840886295,37.02843134772544],[36.62879708706858,37.02845530403946],[36.628757462132164,37.02832744337193]]]}},{"type":"Feature","properties":{"source":"Microsoft Global ML Building Footprints"},"geometry":{"type":"Polygon","coordinates":[[[36.63061918600955,37.03307993840274],[36.63061681645835,37.033137688281066],[36.63052972744411,37.033135415968616],[36.63053209193755,37.03307766595662],[36.63061918600955,37.03307993840274]]]}},{"type":"Feature","properties":{"source":"Microsoft Global ML Building Footprints"},"geometry":{"type":"Polygon","coordinates":[[[36.63152007621002,37.028453353207595],[36.63162190654871,37.028439931130244],[36.63164087455815,37.028531648392736],[36.63153904421947,37.02854507045389],[36.63152007621002,37.028453353207595]]]}},{"type":"Feature","properties":{"source":"Microsoft Global ML Building Footprints"},"geometry":{"type":"Polygon","coordinates":[[[36.63461659290053,37.01873457056772],[36.634599160209156,37.018580524132666],[36.63475346853963,37.018569391787686],[36.634772344547265,37.01873619230073],[36.634697850403214,37.01874156239551],[36.63469640805489,37.01872881689422],[36.63461659290053,37.01873457056772]]]}},{"type":"Feature","properties":{"source":"Microsoft Global ML Building Footprints"},"geometry":{"type":"Polygon","coordinates":[[[36.63518411428537,37.019466608831245],[36.635188258174324,37.01953812681705],[36.63505811378962,37.01954293401953],[36.635053975736554,37.0194714085504],[36.63518411428537,37.019466608831245]]]}},{"type":"Feature","properties":{"source":"Microsoft Global ML Building Footprints"},"geometry":{"type":"Polygon","coordinates":[[[36.635273956885854,37.02694679310603],[36.63536242089545,37.02704446959626],[36.63521094915374,37.02713191528287],[36.63512248011045,37.027034233347216],[36.635273956885854,37.02694679310603]]]}},{"type":"Feature","properties":{"source":"Microsoft Global ML Building Footprints"},"geometry":{"type":"Polygon","coordinates":[[[36.63750566927274,37.03013552807756],[36.63768104524217,37.03016130884317],[36.6376521906923,37.03028640408328],[36.6374768231453,37.0302606343966],[36.63750566927274,37.03013552807756]]]}},{"type":"Feature","properties":{"source":"Microsoft Global ML Building Footprints"},"geometry":{"type":"Polygon","coordinates":[[[36.638198680029085,37.021557909676446],[36.63833261780263,37.021542297213685],[36.638349871742314,37.021636653462195],[36.63821593396876,37.02165226590558],[36.638198680029085,37.021557909676446]]]}},{"type":"Feature","properties":{"source":"Microsoft Global ML Building Footprints"},"geometry":{"type":"Polygon","coordinates":[[[36.638310955522705,37.01907821441518],[36.638359273902644,37.01918898966157],[36.638201396716916,37.01923288992788],[36.63817140599833,37.01916413293713],[36.63807333077686,37.01919140432659],[36.63805500311552,37.01914938615002],[36.638310955522705,37.01907821441518]]]}},{"type":"Feature","properties":{"source":"Microsoft Global ML Building Footprints"},"geometry":{"type":"Polygon","coordinates":[[[36.6393508666729,37.0319520124809],[36.63934588268368,37.03199368982641],[36.63930335519842,37.031990446454955],[36.63930833890603,37.0319487714623],[36.6393508666729,37.0319520124809]]]}},{"type":"Feature","properties":{"source":"Microsoft Global ML Building Footprints"},"geometry":{"type":"Polygon","coordinates":[[[36.62813780053649,37.02611785256853],[36.62821940511778,37.026059961769604],[36.62829180174831,37.02612500803868],[36.62821020318916,37.02618289907536],[36.62813780053649,37.02611785256853]]]}},{"type":"Feature","properties":{"source":"Microsoft Global ML Building Footprints"},"geometry":{"type":"Polygon","coordinates":[[[36.63197401766637,37.02371308989326],[36.63205360381852,37.023697427123075],[36.632068562854286,37.023745877677875],[36.63198897269807,37.02376154122609],[36.63197401766637,37.02371308989326]]]}},{"type":"Feature","properties":{"source":"Microsoft Global ML Building Footprints"},"geometry":{"type":"Polygon","coordinates":[[[36.63487609593279,37.02267698281948],[36.63479303883403,37.02272957152012],[36.63474864023404,37.02268487318564],[36.6348316949274,37.02263228597708],[36.63487609593279,37.02267698281948]]]}},{"type":"Feature","properties":{"source":"Microsoft Global ML Building Footprints"},"geometry":{"type":"Polygon","coordinates":[[[36.63928668849237,37.03037692623066],[36.639422148274235,37.030414481475326],[36.6394201896738,37.03041898378449],[36.639460880623886,37.030430262778246],[36.63940768030921,37.0305525562406],[36.63923153655987,37.03050373158711],[36.63928668849237,37.03037692623066]]]}},{"type":"Feature","properties":{"source":"Microsoft Global ML Building Footprints"},"geometry":{"type":"Polygon","coordinates":[[[36.623929207758614,37.019183478920375],[36.623936432810254,37.019293523655584],[36.62377861558508,37.01930012029761],[36.62377139111091,37.01919008436684],[36.623929207758614,37.019183478920375]]]}},{"type":"Feature","properties":{"source":"Microsoft Global ML Building Footprints"},"geometry":{"type":"Polygon","coordinates":[[[36.6243557608844,37.02550556139182],[36.624363184714504,37.02545803938539],[36.62441864836182,37.025463562039],[36.624411224054974,37.0255110870936],[36.6243557608844,37.02550556139182]]]}},{"type":"Feature","properties":{"source":"Microsoft Global ML Building Footprints"},"geometry":{"type":"Polygon","coordinates":[[[36.625551057851,37.02431556037354],[36.62554643385593,37.02421412360174],[36.62561744235693,37.02421206431646],[36.62561904097769,37.0242472009129],[36.62570607673433,37.0242446719662],[36.625709098851885,37.02431096827334],[36.625551057851,37.02431556037354]]]}},{"type":"Feature","properties":{"source":"Microsoft Global ML Building Footprints"},"geometry":{"type":"Polygon","coordinates":[[[36.62596702096336,37.02042159927579],[36.6259674207275,37.020443009811125],[36.626015689712226,37.02044243258988],[36.62601648924047,37.02048525364278],[36.62584754779384,37.02048727391597],[36.625846348501454,37.020423042329256],[36.62596702096336,37.02042159927579]]]}},{"type":"Feature","properties":{"source":"Microsoft Global ML Building Footprints"},"geometry":{"type":"Polygon","coordinates":[[[36.62686486735167,37.033409611599524],[36.62683791906875,37.033417778118675],[36.62688775709165,37.03352258019573],[36.62678226083428,37.033554550165455],[36.626457423720716,37.03287146288571],[36.62658991257632,37.03283131261752],[36.62686486735167,37.033409611599524]]]}},{"type":"Feature","properties":{"source":"Microsoft Global ML Building Footprints"},"geometry":{"type":"Polygon","coordinates":[[[36.627039313316345,37.02121393604008],[36.627039313316345,37.02126533225208],[36.626977622509,37.02126533225208],[36.626977622509,37.02121393604008],[36.627039313316345,37.02121393604008]]]}},{"type":"Feature","properties":{"source":"Microsoft Global ML Building Footprints"},"geometry":{"type":"Polygon","coordinates":[[[36.62996351502732,37.03179982994595],[36.62947001862118,37.03180291808924],[36.62946829722232,37.03162603051268],[36.62996179389676,37.03162296993331],[36.62996351502732,37.03179982994595]]]}},{"type":"Feature","properties":{"source":"Microsoft Global ML Building Footprints"},"geometry":{"type":"Polygon","coordinates":[[[36.6328584296445,37.01881920879651],[36.632849177782944,37.01888476527119],[36.63281209767133,37.018881429193236],[36.63282134953288,37.01881587271569],[36.6328584296445,37.01881920879651]]]}},{"type":"Feature","properties":{"source":"Microsoft Global ML Building Footprints"},"geometry":{"type":"Polygon","coordinates":[[[36.63812749778115,37.02441020896897],[36.638129139088036,37.02431516941111],[36.63820154496685,37.02431596644775],[36.63819990372983,37.02441100195949],[36.63812749778115,37.02441020896897]]]}},{"type":"Feature","properties":{"source":"Microsoft Global ML Building Footprints"},"geometry":{"type":"Polygon","coordinates":[[[36.63895317105058,37.03344580034273],[36.63895715825723,37.0333688500299],[36.63925437494113,37.03337866405353],[36.639250387734485,37.033455614356406],[36.63895317105058,37.03344580034273]]]}},{"type":"Feature","properties":{"source":"Microsoft Global ML Building Footprints"},"geometry":{"type":"Polygon","coordinates":[[[36.624918026334115,37.022801852610115],[36.62491515011889,37.02286172552665],[36.62484551511892,37.02285959319537],[36.62484187362742,37.02293539646863],[36.6247883080992,37.02293375920415],[36.624792006100144,37.022856779598],[36.62483218024627,37.02285800754761],[36.624834999987996,37.022799310213095],[36.624918026334115,37.022801852610115]]]}},{"type":"Feature","properties":{"source":"Microsoft Global ML Building Footprints"},"geometry":{"type":"Polygon","coordinates":[[[36.625373121737994,37.02755871085804],[36.625488365950886,37.027556128697796],[36.62549032162707,37.02761175945879],[36.625375077414176,37.02761434161716],[36.625373121737994,37.02755871085804]]]}},{"type":"Feature","properties":{"source":"Microsoft Global ML Building Footprints"},"geometry":{"type":"Polygon","coordinates":[[[36.62541716839348,37.02828245894378],[36.625374569152825,37.02833766398848],[36.6252734642915,37.028287939677305],[36.62531606037204,37.028232738691685],[36.62541716839348,37.02828245894378]]]}},{"type":"Feature","properties":{"source":"Microsoft Global ML Building Footprints"},"geometry":{"type":"Polygon","coordinates":[[[36.62795965530309,37.025718851849426],[36.62798359000095,37.02570067270153],[36.62807333240646,37.02577598317285],[36.628049397708594,37.02579416230273],[36.62795965530309,37.025718851849426]]]}},{"type":"Feature","properties":{"source":"Microsoft Global ML Building Footprints"},"geometry":{"type":"Polygon","coordinates":[[[36.62882560984896,37.02242515448568],[36.62883890890405,37.022535488568536],[36.62869656013872,37.0225464336881],[36.62868325150045,37.02243610035799],[36.62882560984896,37.02242515448568]]]}},{"type":"Feature","properties":{"source":"Microsoft Global ML Building Footprints"},"geometry":{"type":"Polygon","coordinates":[[[36.63309496816575,37.027391273342616],[36.63315842639247,37.027594946338624],[36.63319126342688,37.02758842553909],[36.633211997302936,37.0276549720489],[36.63304781213072,37.02768757601238],[36.63305912151766,37.02772387406847],[36.63308438077491,37.0277188580774],[36.63309883165824,37.027765238904685],[36.63284118723412,37.02781640196685],[36.632771446014644,37.027592563950556],[36.63260726084243,37.02762516794083],[36.632589668462714,37.02756870421714],[36.63282205362958,37.02752255699249],[36.63279943485569,37.02744996067055],[36.63309496816575,37.027391273342616]]]}},{"type":"Feature","properties":{"source":"Microsoft Global ML Building Footprints"},"geometry":{"type":"Polygon","coordinates":[[[36.634363060620196,37.02010872221556],[36.63435949721415,37.020197479649475],[36.63429251081831,37.02019576524274],[36.63429607437445,37.02010700406741],[36.634363060620196,37.02010872221556]]]}},{"type":"Feature","properties":{"source":"Microsoft Global ML Building Footprints"},"geometry":{"type":"Polygon","coordinates":[[[36.636752517100476,37.02640256884983],[36.6367618251821,37.02635540013953],[36.636740887198314,37.02635276661768],[36.63675861755126,37.0262629179573],[36.636975849133066,37.02629024077442],[36.6369488085865,37.02642726879982],[36.636752517100476,37.02640256884983]]]}},{"type":"Feature","properties":{"source":"Microsoft Global ML Building Footprints"},"geometry":{"type":"Polygon","coordinates":[[[36.63758085132281,37.02175855215191],[36.6376661992662,37.021834337778785],[36.637568311878326,37.021904609513406],[36.637482963934936,37.021828823956625],[36.63758085132281,37.02175855215191]]]}},{"type":"Feature","properties":{"source":"Microsoft Global ML Building Footprints"},"geometry":{"type":"Polygon","coordinates":[[[36.63833047165222,37.02817567627573],[36.638492936072616,37.02819559268258],[36.63847376658778,37.028295209934946],[36.63831130387398,37.028275284685854],[36.63833047165222,37.02817567627573]]]}},{"type":"Feature","properties":{"source":"Microsoft Global ML Building Footprints"},"geometry":{"type":"Polygon","coordinates":[[[36.639569353853965,37.021569248258416],[36.63955986975913,37.02152700248754],[36.639645627479624,37.02151472987537],[36.63967048413076,37.021625450835586],[36.63953688964756,37.02164456177519],[36.63952152394905,37.021576090421],[36.639569353853965,37.021569248258416]]]}},{"type":"Feature","properties":{"source":"Microsoft Global ML Building Footprints"},"geometry":{"type":"Polygon","coordinates":[[[36.62470404924003,37.022103395408315],[36.62462351729928,37.02211988815432],[36.624610606571586,37.022079702548666],[36.62469113851238,37.02206320979394],[36.62470404924003,37.022103395408315]]]}},{"type":"Feature","properties":{"source":"Microsoft Global ML Building Footprints"},"geometry":{"type":"Polygon","coordinates":[[[36.62504912483409,37.02279878944413],[36.62517755446138,37.02282035479533],[36.62515756643211,37.022896232632164],[36.62502913680482,37.022874667302524],[36.62504912483409,37.02279878944413]]]}},{"type":"Feature","properties":{"source":"Microsoft Global ML Building Footprints"},"geometry":{"type":"Polygon","coordinates":[[[36.62521740851344,37.0277763027263],[36.62524715803489,37.02784656043415],[36.62512439421542,37.027879691504545],[36.62509464730053,37.027809439983194],[36.62521740851344,37.0277763027263]]]}},{"type":"Feature","properties":{"source":"Microsoft Global ML Building Footprints"},"geometry":{"type":"Polygon","coordinates":[[[36.62537270253045,37.02410308986831],[36.62527285512227,37.02409159102219],[36.625263005437596,37.02414613381109],[36.625097468945086,37.02412706994446],[36.62512247199072,37.023988615061484],[36.62522104718049,37.023999967409004],[36.62522332126553,37.023987380715305],[36.625390128895596,37.024006591006675],[36.62537270253045,37.02410308986831]]]}},{"type":"Feature","properties":{"source":"Microsoft Global ML Building Footprints"},"geometry":{"type":"Polygon","coordinates":[[[36.62641591055569,37.028200972187875],[36.626337712548704,37.028256235052886],[36.62626715903847,37.02819260598943],[36.626345357045494,37.02813734307812],[36.62641591055569,37.028200972187875]]]}},{"type":"Feature","properties":{"source":"Microsoft Global ML Building Footprints"},"geometry":{"type":"Polygon","coordinates":[[[36.626997555820644,37.02571669188332],[36.62706322105957,37.02574761549309],[36.62702800863504,37.025795274412246],[36.62696234339611,37.025764350821895],[36.626997555820644,37.02571669188332]]]}},{"type":"Feature","properties":{"source":"Microsoft Global ML Building Footprints"},"geometry":{"type":"Polygon","coordinates":[[[36.627250573330386,37.019174462450785],[36.627300114435286,37.019250161074744],[36.62716657596828,37.01930588215931],[36.627117029651316,37.01923018576569],[36.627250573330386,37.019174462450785]]]}},{"type":"Feature","properties":{"source":"Microsoft Global ML Building Footprints"},"geometry":{"type":"Polygon","coordinates":[[[36.628419418407596,37.02193027884248],[36.628416087188654,37.02181684218049],[36.62849650924898,37.02181533670907],[36.62849984046788,37.02192877337331],[36.628419418407596,37.02193027884248]]]}},{"type":"Feature","properties":{"source":"Microsoft Global ML Building Footprints"},"geometry":{"type":"Polygon","coordinates":[[[36.629035243308905,37.02243204936436],[36.62911555279477,37.02241355589009],[36.62914412719306,37.02249263483452],[36.6290638113074,37.02251112976328],[36.629035243308905,37.02243204936436]]]}},{"type":"Feature","properties":{"source":"Microsoft Global ML Building Footprints"},"geometry":{"type":"Polygon","coordinates":[[[36.63094907970047,37.02181920710077],[36.63095056488209,37.02186414714223],[36.631010642989295,37.02186288150328],[36.63101241574924,37.02191638142013],[36.63080759443693,37.02192069629717],[36.63080434118194,37.02182225624496],[36.63094907970047,37.02181920710077]]]}},{"type":"Feature","properties":{"source":"Microsoft Global ML Building Footprints"},"geometry":{"type":"Polygon","coordinates":[[[36.63246307636451,37.02239773940285],[36.63248692704158,37.02244069448996],[36.63240300977992,37.022470391289815],[36.632379162250054,37.02242743510576],[36.63246307636451,37.02239773940285]]]}},{"type":"Feature","properties":{"source":"Microsoft Global ML Building Footprints"},"geometry":{"type":"Polygon","coordinates":[[[36.63790413528213,37.03040393614995],[36.63788542995852,37.03053499210235],[36.63775039047944,37.03052270872321],[36.63776909580305,37.03039165274961],[36.63790413528213,37.03040393614995]]]}},{"type":"Feature","properties":{"source":"Microsoft Global ML Building Footprints"},"geometry":{"type":"Polygon","coordinates":[[[36.638335206796896,37.02767405236896],[36.638279832899784,37.0279438665756],[36.638238039023946,37.02793840213128],[36.63820353876458,37.02810650722113],[36.63795277830986,37.02807370697449],[36.63797674487607,37.027956928080236],[36.63811940177049,37.02797558807571],[36.63812779086914,37.0279346940613],[36.63793710418198,37.02790976224962],[36.637948823640706,37.02785263380236],[36.63802036846529,37.027861992116414],[36.638066161725675,37.027638860236756],[36.638335206796896,37.02767405236896]]]}},{"type":"Feature","properties":{"source":"Microsoft Global ML Building Footprints"},"geometry":{"type":"Polygon","coordinates":[[[36.639429483226806,37.02779997629451],[36.63943124240792,37.027941289582934],[36.639248870208185,37.02794273656941],[36.63924823050597,37.02789134995049],[36.63930455133234,37.0278909030867],[36.63930343185343,37.027800976419385],[36.639429483226806,37.02779997629451]]]}},{"type":"Feature","properties":{"source":"Microsoft Global ML Building Footprints"},"geometry":{"type":"Polygon","coordinates":[[[36.639570381144296,37.02292684339621],[36.63955342593366,37.023029998488326],[36.63971163396594,37.023046574320084],[36.63970367539769,37.02309499399832],[36.63966412338962,37.02309085004337],[36.63967000580961,37.023055061586554],[36.639505081146964,37.02303778203932],[36.63952410252752,37.02292199466821],[36.639570381144296,37.02292684339621]]]}},{"type":"Feature","properties":{"source":"Microsoft Global ML Building Footprints"},"geometry":{"type":"Polygon","coordinates":[[[36.639629879543065,37.02527602031303],[36.639698392858804,37.0249865609057],[36.640071314099096,37.02504282289894],[36.640007205210736,37.02531367403408],[36.63993469274738,37.02530273424435],[36.6399185431801,37.025370963777156],[36.63987451775587,37.02536432176714],[36.639886262895736,37.02531470029048],[36.639629879543065,37.02527602031303]]]}},{"type":"Feature","properties":{"source":"Microsoft Global ML Building Footprints"},"geometry":{"type":"Polygon","coordinates":[[[36.62499464984409,37.02141268060511],[36.62498395598705,37.02126207279659],[36.62506683809491,37.02125832132639],[36.62506941478145,37.021294610331076],[36.625195074751446,37.02128892262058],[36.62520319274668,37.02140325305641],[36.62499464984409,37.02141268060511]]]}},{"type":"Feature","properties":{"source":"Microsoft Global ML Building Footprints"},"geometry":{"type":"Polygon","coordinates":[[[36.62746256023893,37.022038466056294],[36.627396291878135,37.022138699705266],[36.62728733778978,37.0221402217738],[36.62733980306331,37.02216233280864],[36.627340608330286,37.02219907738052],[36.627359231448494,37.02220692592694],[36.62725524268457,37.022364212844984],[36.62717642776015,37.022365318275796],[36.62717143470046,37.022138391394826],[36.627210554103094,37.02213784271802],[36.62716022711284,37.02211663283741],[36.62715983409163,37.02209877059516],[36.62718319646602,37.022063434029796],[36.62718130878281,37.021977641471395],[36.62727448381326,37.02197633462404],[36.627294154493306,37.02198462468033],[36.6273285781834,37.021984141863165],[36.62738267255351,37.022006939513375],[36.62738759022354,37.022006870539514],[36.62746256023893,37.022038466056294]]]}},{"type":"Feature","properties":{"source":"Microsoft Global ML Building Footprints"},"geometry":{"type":"Polygon","coordinates":[[[36.630589979865086,37.01939641407901],[36.630496303627,37.019476271892984],[36.63042826061841,37.019425389143656],[36.630521940585396,37.0193455340647],[36.630589979865086,37.01939641407901]]]}},{"type":"Feature","properties":{"source":"Microsoft Global ML Building Footprints"},"geometry":{"type":"Polygon","coordinates":[[[36.63106301483588,37.027959057590344],[36.63119716534358,37.027886454619974],[36.63125447137262,37.02795394103403],[36.63112032086492,37.02802654393989],[36.63106301483588,37.027959057590344]]]}},{"type":"Feature","properties":{"source":"Microsoft Global ML Building Footprints"},"geometry":{"type":"Polygon","coordinates":[[[36.63320583346993,37.02622900333917],[36.6332196283859,37.026295708755356],[36.63309283718216,37.02631242135172],[36.63307904795888,37.02624571519985],[36.63320583346993,37.02622900333917]]]}},{"type":"Feature","properties":{"source":"Microsoft Global ML Building Footprints"},"geometry":{"type":"Polygon","coordinates":[[[36.6341496676356,37.02165785790916],[36.63415483259246,37.02177226565993],[36.63399789034286,37.02177679090733],[36.63399271497381,37.02166237469316],[36.6341496676356,37.02165785790916]]]}},{"type":"Feature","properties":{"source":"Microsoft Global ML Building Footprints"},"geometry":{"type":"Polygon","coordinates":[[[36.63464845654425,37.02303247783363],[36.63457917006146,37.02306443427795],[36.634501894471455,37.02295763546323],[36.63457117183454,37.02292567930908],[36.63464845654425,37.02303247783363]]]}},{"type":"Feature","properties":{"source":"Microsoft Global ML Building Footprints"},"geometry":{"type":"Polygon","coordinates":[[[36.634855132998084,37.02741712629614],[36.63479919203314,37.02732820390032],[36.63497785334213,37.02725657741765],[36.6350740929917,37.027409579022375],[36.634954142053715,37.02745767474772],[36.63491383377668,37.02739359280661],[36.634855132998084,37.02741712629614]]]}},{"type":"Feature","properties":{"source":"Microsoft Global ML Building Footprints"},"geometry":{"type":"Polygon","coordinates":[[[36.63543775089565,37.02151248176067],[36.63545160670027,37.021445788687565],[36.635516866370736,37.02145443135556],[36.63550301056611,37.021521124421085],[36.63543775089565,37.02151248176067]]]}},{"type":"Feature","properties":{"source":"Microsoft Global ML Building Footprints"},"geometry":{"type":"Polygon","coordinates":[[[36.63814386010948,37.028282685266376],[36.63810636165985,37.028281566420894],[36.63810800549968,37.028246518339046],[36.638145503851185,37.02824763927733],[36.63814386010948,37.028282685266376]]]}},{"type":"Feature","properties":{"source":"Microsoft Global ML Building Footprints"},"geometry":{"type":"Polygon","coordinates":[[[36.638681802275734,37.028150108350516],[36.638675970759664,37.02819242273254],[36.638633568366785,37.02818870067895],[36.6386393998829,37.02814638629483],[36.638681802275734,37.028150108350516]]]}},{"type":"Feature","properties":{"source":"Microsoft Global ML Building Footprints"},"geometry":{"type":"Polygon","coordinates":[[[36.639551942677464,37.021853563676196],[36.63956279428975,37.02201370724484],[36.63944132494285,37.022018947294086],[36.639430487327964,37.021858803132645],[36.639551942677464,37.021853563676196]]]}},{"type":"Feature","properties":{"source":"Microsoft Global ML Building Footprints"},"geometry":{"type":"Polygon","coordinates":[[[36.63956333630487,37.03258931684394],[36.63950857287256,37.03259244387695],[36.63950596916686,37.03256338526512],[36.639560735406405,37.0325602611305],[36.63956333630487,37.03258931684394]]]}},{"type":"Feature","properties":{"source":"Microsoft Global ML Building Footprints"},"geometry":{"type":"Polygon","coordinates":[[[36.63975329368533,37.03281464568283],[36.63978873052991,37.032825052070535],[36.639762335753545,37.032882320107994],[36.63972689971273,37.03287191198431],[36.63975329368533,37.03281464568283]]]}},{"type":"Feature","properties":{"source":"Microsoft Global ML Building Footprints"},"geometry":{"type":"Polygon","coordinates":[[[36.63982670366039,37.028509028753255],[36.64003815761018,37.02854285480467],[36.640011490179475,37.02864913887618],[36.63980003337961,37.02861532423122],[36.63982670366039,37.028509028753255]]]}},{"type":"Feature","properties":{"source":"Microsoft Global ML Building Footprints"},"geometry":{"type":"Polygon","coordinates":[[[36.62468578170647,37.02605163568816],[36.62470379817342,37.026131384857294],[36.624568719149536,37.026150842876],[36.62455070103122,37.02607108641736],[36.62468578170647,37.02605163568816]]]}},{"type":"Feature","properties":{"source":"Microsoft Global ML Building Footprints"},"geometry":{"type":"Polygon","coordinates":[[[36.625523407958106,37.02151312797216],[36.62547781178111,37.02151332670849],[36.62547729273826,37.021438376394656],[36.62539146464043,37.021438750486965],[36.62539053036334,37.021303839736426],[36.62552195463816,37.02130326690658],[36.625523407958106,37.02151312797216]]]}},{"type":"Feature","properties":{"source":"Microsoft Global ML Building Footprints"},"geometry":{"type":"Polygon","coordinates":[[[36.626361208255204,37.028726332824846],[36.626363389763455,37.02860002016273],[36.626481384528894,37.02860131896397],[36.626479203020644,37.02872763162394],[36.626361208255204,37.028726332824846]]]}},{"type":"Feature","properties":{"source":"Microsoft Global ML Building Footprints"},"geometry":{"type":"Polygon","coordinates":[[[36.6268018623859,37.02816082497334],[36.62667120173621,37.028187917651195],[36.62663569709066,37.028078785300636],[36.62658891523048,37.028088482985794],[36.62657482504158,37.028045161577296],[36.62670200910091,37.02801878972615],[36.6267098405518,37.02804286166897],[36.62676009464788,37.028032441389506],[36.6268018623859,37.02816082497334]]]}},{"type":"Feature","properties":{"source":"Microsoft Global ML Building Footprints"},"geometry":{"type":"Polygon","coordinates":[[[36.627026429228266,37.02391647399305],[36.62698693200174,37.02402132783279],[36.62686886465076,37.023992979001264],[36.62690836415627,37.023888119072346],[36.627026429228266,37.02391647399305]]]}},{"type":"Feature","properties":{"source":"Microsoft Global ML Building Footprints"},"geometry":{"type":"Polygon","coordinates":[[[36.62712417810802,37.01997948523044],[36.62732257671388,37.01997620357222],[36.62732571063257,37.020097394825775],[36.6271772959031,37.020099841416666],[36.62717620665837,37.02005786174075],[36.62712622624592,37.020058688452515],[36.62712417810802,37.01997948523044]]]}},{"type":"Feature","properties":{"source":"Microsoft Global ML Building Footprints"},"geometry":{"type":"Polygon","coordinates":[[[36.6278769121476,37.025804534762024],[36.627787083305634,37.02589242220822],[36.62775810133553,37.025873541491684],[36.62784793117106,37.025785653051564],[36.6278769121476,37.025804534762024]]]}},{"type":"Feature","properties":{"source":"Microsoft Global ML Building Footprints"},"geometry":{"type":"Polygon","coordinates":[[[36.628883686189134,37.0223490279654],[36.62902565499876,37.022307601355394],[36.629067706265474,37.02239946306883],[36.62892574065936,37.02244089662685],[36.628883686189134,37.0223490279654]]]}},{"type":"Feature","properties":{"source":"Microsoft Global ML Building Footprints"},"geometry":{"type":"Polygon","coordinates":[[[36.63529117456186,37.0196325698021],[36.6354389762111,37.01961068260174],[36.635475045710926,37.01976595769816],[36.6355372779843,37.01975674205181],[36.63557094285083,37.01990166520641],[36.635500931543284,37.01991203278871],[36.63550429802993,37.01992652508701],[36.63544206575659,37.01993574071276],[36.63541657664334,37.01982601325604],[36.635338786301645,37.019837532803315],[36.63529117456186,37.0196325698021]]]}},{"type":"Feature","properties":{"source":"Microsoft Global ML Building Footprints"},"geometry":{"type":"Polygon","coordinates":[[[36.63578298877282,37.02063196252463],[36.63581085338735,37.02072288756931],[36.63561598954197,37.02076095568218],[36.63558812492744,37.020670030683064],[36.63578298877282,37.02063196252463]]]}},{"type":"Feature","properties":{"source":"Microsoft Global ML Building Footprints"},"geometry":{"type":"Polygon","coordinates":[[[36.63668187626953,37.024279865070966],[36.63658106050411,37.02428830383167],[36.63657009272215,37.024204784213445],[36.63667090921926,37.024196351015604],[36.63668187626953,37.024279865070966]]]}},{"type":"Feature","properties":{"source":"Microsoft Global ML Building Footprints"},"geometry":{"type":"Polygon","coordinates":[[[36.637719317039064,37.03038466556399],[36.637707179028745,37.03049731829055],[36.63743294053407,37.030478486863345],[36.63744507854443,37.030365834108856],[36.637719317039064,37.03038466556399]]]}},{"type":"Feature","properties":{"source":"Microsoft Global ML Building Footprints"},"geometry":{"type":"Polygon","coordinates":[[[36.63774643171757,37.02408885347929],[36.63771451923659,37.02409121443624],[36.63772018715648,37.024140047949565],[36.63759785597933,37.02414909827808],[36.637581591513595,37.024008967259334],[36.637735835171725,37.02399755595431],[36.63774643171757,37.02408885347929]]]}},{"type":"Feature","properties":{"source":"Microsoft Global ML Building Footprints"},"geometry":{"type":"Polygon","coordinates":[[[36.638876999050716,37.027468785042515],[36.63888879556904,37.027377681200214],[36.638957795663394,37.02738337563841],[36.638945999145115,37.027474479473895],[36.638876999050716,37.027468785042515]]]}},{"type":"Feature","properties":{"source":"Microsoft Global ML Building Footprints"},"geometry":{"type":"Polygon","coordinates":[[[36.62501490909273,37.026351713745704],[36.62500619589517,37.02631669224604],[36.6249262033742,37.02632937718919],[36.62492774099731,37.02633555745397],[36.62483484645685,37.026350288351836],[36.624812807192434,37.02626170452569],[36.62493924698363,37.02624165411284],[36.6249494978043,37.02628285591618],[36.624990784266714,37.026276308845006],[36.62498207106915,37.026241287310576],[36.62515639421027,37.02621364370229],[36.62518408080808,37.02632488707322],[36.62501490909273,37.026351713745704]]]}},{"type":"Feature","properties":{"source":"Microsoft Global ML Building Footprints"},"geometry":{"type":"Polygon","coordinates":[[[36.62563339736033,37.020099137778026],[36.62579121400804,37.02010574314489],[36.62578504431077,37.02019971265096],[36.62562722766306,37.020193107292265],[36.62563339736033,37.020099137778026]]]}},{"type":"Feature","properties":{"source":"Microsoft Global ML Building Footprints"},"geometry":{"type":"Polygon","coordinates":[[[36.62736191377789,37.01956513137386],[36.627297898210045,37.01959843569383],[36.62726109326451,37.01955333692332],[36.62732510883236,37.019520032583586],[36.62736191377789,37.01956513137386]]]}},{"type":"Feature","properties":{"source":"Microsoft Global ML Building Footprints"},"geometry":{"type":"Polygon","coordinates":[[[36.630745944621076,37.02832919945895],[36.630787567476716,37.02832643424325],[36.630791339005405,37.02836258592708],[36.6307497130022,37.02836535135057],[36.630745944621076,37.02832919945895]]]}},{"type":"Feature","properties":{"source":"Microsoft Global ML Building Footprints"},"geometry":{"type":"Polygon","coordinates":[[[36.63404456758665,37.02010170898058],[36.63422522297126,37.02010065908389],[36.63422557437309,37.020139204768775],[36.63404491560978,37.02014025468458],[36.63404456758665,37.02010170898058]]]}},{"type":"Feature","properties":{"source":"Microsoft Global ML Building Footprints"},"geometry":{"type":"Polygon","coordinates":[[[36.63740531371384,37.032648061671495],[36.63738784283382,37.032793198389086],[36.637231039398024,37.032781178527294],[36.63724851132301,37.03263603310606],[36.63740531371384,37.032648061671495]]]}},{"type":"Feature","properties":{"source":"Microsoft Global ML Building Footprints"},"geometry":{"type":"Polygon","coordinates":[[[36.6374131751985,37.019877702250604],[36.63740827125113,37.01969487902191],[36.63744143464668,37.019694313794176],[36.637442407555355,37.01973070359409],[36.6374628670152,37.019730354888885],[36.63746679478511,37.019876785379076],[36.6374131751985,37.019877702250604]]]}},{"type":"Feature","properties":{"source":"Microsoft Global ML Building Footprints"},"geometry":{"type":"Polygon","coordinates":[[[36.6382224857787,37.022233159512865],[36.6382470310645,37.022316344845635],[36.63814174898912,37.02233614137713],[36.63811721061223,37.02225295476694],[36.6382224857787,37.022233159512865]]]}},{"type":"Feature","properties":{"source":"Microsoft Global ML Building Footprints"},"geometry":{"type":"Polygon","coordinates":[[[36.63852428622089,37.02568607025426],[36.63857782510186,37.0256933487523],[36.63857116980766,37.02572456472207],[36.638517628267266,37.025717285865476],[36.63852428622089,37.02568607025426]]]}},{"type":"Feature","properties":{"source":"Microsoft Global ML Building Footprints"},"geometry":{"type":"Polygon","coordinates":[[[36.63961048188534,37.02501735482428],[36.63966886113594,37.02501251718039],[36.639674648990216,37.025057007004264],[36.63961626973962,37.02506184464531],[36.63961048188534,37.02501735482428]]]}},{"type":"Feature","properties":{"source":"Microsoft Global ML Building Footprints"},"geometry":{"type":"Polygon","coordinates":[[[36.63986501416288,37.03329310943892],[36.6398619145659,37.03335375042831],[36.63967715028986,37.03334772181517],[36.639680249360104,37.03328709112677],[36.63986501416288,37.03329310943892]]]}},{"type":"Feature","properties":{"source":"Microsoft Global ML Building Footprints"},"geometry":{"type":"Polygon","coordinates":[[[36.62464964815295,37.022991954688486],[36.62469362028669,37.02300294285158],[36.62467909285007,37.023040000316186],[36.62463512071634,37.023029012158446],[36.62464964815295,37.022991954688486]]]}},{"type":"Feature","properties":{"source":"Microsoft Global ML Building Footprints"},"geometry":{"type":"Polygon","coordinates":[[[36.62489125966539,37.0219720883373],[36.62474537287507,37.02197470514988],[36.624739881906905,37.02177895865371],[36.62480532597307,37.02177778841899],[36.62480709977889,37.021840825555955],[36.624887525455335,37.02183938293535],[36.62489125966539,37.0219720883373]]]}},{"type":"Feature","properties":{"source":"Microsoft Global ML Building Footprints"},"geometry":{"type":"Polygon","coordinates":[[[36.625116447484025,37.02396377088707],[36.62511474204755,37.02389622072846],[36.62516032108226,37.02389548723163],[36.625162026583,37.02396303993674],[36.625116447484025,37.02396377088707]]]}},{"type":"Feature","properties":{"source":"Microsoft Global ML Building Footprints"},"geometry":{"type":"Polygon","coordinates":[[[36.62732812292617,37.02135057618533],[36.627416504861465,37.02134785986253],[36.62742001011739,37.02142056329412],[36.6273316281821,37.02142327961433],[36.62732812292617,37.02135057618533]]]}},{"type":"Feature","properties":{"source":"Microsoft Global ML Building Footprints"},"geometry":{"type":"Polygon","coordinates":[[[36.62836700677872,37.02703005335836],[36.62845015525818,37.02709643504323],[36.62831872701645,37.02720136081389],[36.62823557853699,37.02713497922072],[36.62836700677872,37.02703005335836]]]}},{"type":"Feature","properties":{"source":"Microsoft Global ML Building Footprints"},"geometry":{"type":"Polygon","coordinates":[[[36.628811242497925,37.02318225684991],[36.62880524425751,37.02307189471769],[36.629110441411974,37.0230613212477],[36.629116438727216,37.02317166637342],[36.628811242497925,37.02318225684991]]]}},{"type":"Feature","properties":{"source":"Microsoft Global ML Building Footprints"},"geometry":{"type":"Polygon","coordinates":[[[36.6289658477588,37.02588135463959],[36.62913976137631,37.026030313489585],[36.628869937413256,37.02623110593867],[36.62869602379575,37.026082147482434],[36.6289658477588,37.02588135463959]]]}},{"type":"Feature","properties":{"source":"Microsoft Global ML Building Footprints"},"geometry":{"type":"Polygon","coordinates":[[[36.62918790025551,37.022704131046765],[36.629218642747105,37.02277146873718],[36.629071852324884,37.02281419540351],[36.62904110652774,37.02274685051047],[36.62918790025551,37.022704131046765]]]}},{"type":"Feature","properties":{"source":"Microsoft Global ML Building Footprints"},"geometry":{"type":"Polygon","coordinates":[[[36.62934361118842,37.03123939558424],[36.62886176828748,37.03125651784753],[36.62885199743431,37.0310812842827],[36.62933384033525,37.03106416197991],[36.62934361118842,37.03123939558424]]]}},{"type":"Feature","properties":{"source":"Microsoft Global ML Building Footprints"},"geometry":{"type":"Polygon","coordinates":[[[36.63162746444717,37.028153019036864],[36.631659737845766,37.02822381366847],[36.63158394605384,37.028245834886555],[36.63155167435996,37.02817504401495],[36.63162746444717,37.028153019036864]]]}},{"type":"Feature","properties":{"source":"Microsoft Global ML Building Footprints"},"geometry":{"type":"Polygon","coordinates":[[[36.631658221239725,37.021752065225336],[36.63155645717654,37.021812598311094],[36.63145549919429,37.021704407413466],[36.6315572666699,37.02164387789838],[36.631658221239725,37.021752065225336]]]}},{"type":"Feature","properties":{"source":"Microsoft Global ML Building Footprints"},"geometry":{"type":"Polygon","coordinates":[[[36.638379845178285,37.0269163358096],[36.638314069733475,37.02690901103152],[36.63832764853268,37.026831293218216],[36.63839342397749,37.02683861800379],[36.638379845178285,37.0269163358096]]]}},{"type":"Feature","properties":{"source":"Microsoft Global ML Building Footprints"},"geometry":{"type":"Polygon","coordinates":[[[36.62476330926984,37.019661185019864],[36.62462661689218,37.019664141126434],[36.624624729392025,37.01960850154084],[36.62476142176972,37.0196055454321],[36.62476330926984,37.019661185019864]]]}},{"type":"Feature","properties":{"source":"Microsoft Global ML Building Footprints"},"geometry":{"type":"Polygon","coordinates":[[[36.625407842462494,37.02157076024203],[36.6254101350112,37.021532300482086],[36.62547436233646,37.02153474459394],[36.62547206978779,37.02157320435264],[36.625407842462494,37.02157076024203]]]}},{"type":"Feature","properties":{"source":"Microsoft Global ML Building Footprints"},"geometry":{"type":"Polygon","coordinates":[[[36.62758402714787,37.02047555517015],[36.62762096295512,37.02054162969529],[36.62750912971701,37.020581481409174],[36.627472193909796,37.02051540691868],[36.62758402714787,37.02047555517015]]]}},{"type":"Feature","properties":{"source":"Microsoft Global ML Building Footprints"},"geometry":{"type":"Polygon","coordinates":[[[36.62828595335946,37.02950759257715],[36.628290945612235,37.02920144140812],[36.628416988075976,37.029202751314074],[36.62841199582325,37.02950890247782],[36.62828595335946,37.02950759257715]]]}},{"type":"Feature","properties":{"source":"Microsoft Global ML Building Footprints"},"geometry":{"type":"Polygon","coordinates":[[[36.62958746772698,37.02790080155939],[36.62940215483775,37.02796625145523],[36.629318794814985,37.0278158220624],[36.62950409667528,37.027750375932214],[36.62958746772698,37.02790080155939]]]}},{"type":"Feature","properties":{"source":"Microsoft Global ML Building Footprints"},"geometry":{"type":"Polygon","coordinates":[[[36.6297754417911,37.02677608679949],[36.62974762291613,37.02673322217942],[36.62993792669415,37.02665449250593],[36.62998218507015,37.02672268793528],[36.62983205224222,37.02678479023775],[36.62981561818167,37.02675946787654],[36.6297754417911,37.02677608679949]]]}},{"type":"Feature","properties":{"source":"Microsoft Global ML Building Footprints"},"geometry":{"type":"Polygon","coordinates":[[[36.63025581599795,37.02579836195642],[36.63019228560128,37.02583093902147],[36.63019716406784,37.025837002963314],[36.630102220826764,37.02588568785122],[36.63005343616146,37.02582504844984],[36.630117997565364,37.02579194270304],[36.63012287603187,37.025798006647996],[36.63016275219312,37.02577755897528],[36.63012860292739,37.02573511133896],[36.63018264464525,37.02570739983681],[36.63025581599795,37.02579836195642]]]}},{"type":"Feature","properties":{"source":"Microsoft Global ML Building Footprints"},"geometry":{"type":"Polygon","coordinates":[[[36.6315676339642,37.020691456408336],[36.63171445035805,37.0208475759145],[36.63156865580338,37.02093497721012],[36.631420551546434,37.02077748841434],[36.63150631304917,37.02072607579313],[36.6314432077571,37.020658971726846],[36.63156670432104,37.020584937425774],[36.631631097476244,37.020653411028874],[36.6315676339642,37.020691456408336]]]}},{"type":"Feature","properties":{"source":"Microsoft Global ML Building Footprints"},"geometry":{"type":"Polygon","coordinates":[[[36.632645285067994,37.02367970373601],[36.6327334674157,37.02366181210968],[36.632757157693,37.02373623876973],[36.6326689753453,37.023754130378514],[36.632645285067994,37.02367970373601]]]}},{"type":"Feature","properties":{"source":"Microsoft Global ML Building Footprints"},"geometry":{"type":"Polygon","coordinates":[[[36.63265498157084,37.020862621546705],[36.63268370934196,37.02092367216962],[36.6326578550644,37.02093142898412],[36.63267904804445,37.02097646706214],[36.63256622937872,37.02101031495061],[36.63251630543218,37.0209042195126],[36.63265498157084,37.020862621546705]]]}},{"type":"Feature","properties":{"source":"Microsoft Global ML Building Footprints"},"geometry":{"type":"Polygon","coordinates":[[[36.632755452068594,37.02474652265262],[36.63265142335,37.024752713336134],[36.63263959789382,37.024625932022275],[36.632546238303526,37.02463148258482],[36.63253372414565,37.02449731744479],[36.63273111299376,37.024485581948454],[36.632755452068594,37.02474652265262]]]}},{"type":"Feature","properties":{"source":"Microsoft Global ML Building Footprints"},"geometry":{"type":"Polygon","coordinates":[[[36.63285563627669,37.022674028580134],[36.632748033403196,37.02273969955522],[36.63268393273554,37.02267274953834],[36.63279154294716,37.02260708003998],[36.63285563627669,37.022674028580134]]]}},{"type":"Feature","properties":{"source":"Microsoft Global ML Building Footprints"},"geometry":{"type":"Polygon","coordinates":[[[36.63454098064351,37.024850390013384],[36.63472764575768,37.02482920599651],[36.63477735016898,37.02510837190827],[36.63459068505482,37.02512955584728],[36.63454098064351,37.024850390013384]]]}},{"type":"Feature","properties":{"source":"Microsoft Global ML Building Footprints"},"geometry":{"type":"Polygon","coordinates":[[[36.63594312331248,37.01992882544792],[36.635955850213776,37.020078041517614],[36.63581434934459,37.02008573520217],[36.63580162244326,37.01993651914759],[36.63594312331248,37.01992882544792]]]}},{"type":"Feature","properties":{"source":"Microsoft Global ML Building Footprints"},"geometry":{"type":"Polygon","coordinates":[[[36.63716056816561,37.02380471071554],[36.63720611559116,37.02380350433775],[36.63721233744572,37.023953239956434],[36.63716679002016,37.02395444633182],[36.63716056816561,37.02380471071554]]]}},{"type":"Feature","properties":{"source":"Microsoft Global ML Building Footprints"},"geometry":{"type":"Polygon","coordinates":[[[36.637375549003984,37.02002200771611],[36.63737877200689,37.02007883565553],[36.637206506069894,37.020085063906734],[36.63720327864141,37.02002824575857],[36.637375549003984,37.02002200771611]]]}},{"type":"Feature","properties":{"source":"Microsoft Global ML Building Footprints"},"geometry":{"type":"Polygon","coordinates":[[[36.637527699863455,37.03303186080335],[36.637612996353326,37.03304190673285],[36.63759867315654,37.033119443272554],[36.637513370013586,37.03310939656972],[36.637527699863455,37.03303186080335]]]}},{"type":"Feature","properties":{"source":"Microsoft Global ML Building Footprints"},"geometry":{"type":"Polygon","coordinates":[[[36.62777408136755,37.0242042828804],[36.62791085113122,37.0243045662011],[36.62779326028736,37.024406790550266],[36.627656490523684,37.02430650736452],[36.62777408136755,37.0242042828804]]]}},{"type":"Feature","properties":{"source":"Microsoft Global ML Building Footprints"},"geometry":{"type":"Polygon","coordinates":[[[36.62784979255755,37.020838572383795],[36.627869033251905,37.02083335778863],[36.627855154514066,37.02080071333958],[36.62790325624998,37.020787676844485],[36.62795305642696,37.02090481276372],[36.62788571399665,37.02092306382806],[36.62784979255755,37.020838572383795]]]}},{"type":"Feature","properties":{"source":"Microsoft Global ML Building Footprints"},"geometry":{"type":"Polygon","coordinates":[[[36.62965058109951,37.02703557731187],[36.62964750557811,37.02710532280114],[36.6295392395624,37.02710228598737],[36.629542309242865,37.02703253428174],[36.62965058109951,37.02703557731187]]]}},{"type":"Feature","properties":{"source":"Microsoft Global ML Building Footprints"},"geometry":{"type":"Polygon","coordinates":[[[36.630235410009846,37.01883861569912],[36.63030117664387,37.01882408047678],[36.63032392848716,37.01888972405344],[36.630258167197745,37.018904258081996],[36.630235410009846,37.01883861569912]]]}},{"type":"Feature","properties":{"source":"Microsoft Global ML Building Footprints"},"geometry":{"type":"Polygon","coordinates":[[[36.632431203496004,37.02593043251851],[36.63239350497546,37.02576679936824],[36.63251803799931,37.02574851247721],[36.63251135724884,37.025719514153664],[36.63259178482676,37.025707703863034],[36.63265000279517,37.025960403206824],[36.63255400858926,37.025974499313065],[36.63254828223171,37.02594964368178],[36.632615737619666,37.02593973830687],[36.63260762527979,37.02590452614406],[36.632431203496004,37.02593043251851]]]}},{"type":"Feature","properties":{"source":"Microsoft Global ML Building Footprints"},"geometry":{"type":"Polygon","coordinates":[[[36.63491941821607,37.02047455347547],[36.63492339390417,37.020580520635995],[36.63470096967406,37.02058582788587],[36.6346969944519,37.02047987315075],[36.63491941821607,37.02047455347547]]]}},{"type":"Feature","properties":{"source":"Microsoft Global ML Building Footprints"},"geometry":{"type":"Polygon","coordinates":[[[36.63624882537247,37.021043792371394],[36.636366523185885,37.02108164277761],[36.63631220283119,37.02118931819367],[36.63619450216286,37.02115147350012],[36.63624882537247,37.021043792371394]]]}},{"type":"Feature","properties":{"source":"Microsoft Global ML Building Footprints"},"geometry":{"type":"Polygon","coordinates":[[[36.62467027261381,37.019850223920415],[36.62485527994563,37.01985299460748],[36.624853318538236,37.01993648555619],[36.62500078815056,37.01993869407237],[36.62499839653573,37.02004049747266],[36.62494209003035,37.020039651076814],[36.62494116226648,37.02007914298393],[36.62481246151391,37.020077215555176],[36.624813718826324,37.020023695825955],[36.624706468199186,37.020022089634175],[36.62470842960658,37.01993859877954],[36.6246682106214,37.01993799645697],[36.62467027261381,37.019850223920415]]]}},{"type":"Feature","properties":{"source":"Microsoft Global ML Building Footprints"},"geometry":{"type":"Polygon","coordinates":[[[36.6248356653066,37.02500498345994],[36.624824551245126,37.02505035916983],[36.62483871204805,37.02505256996394],[36.62482658343778,37.0251020700535],[36.62473234076915,37.0250873568328],[36.62475557926136,37.024992480363764],[36.6248356653066,37.02500498345994]]]}},{"type":"Feature","properties":{"source":"Microsoft Global ML Building Footprints"},"geometry":{"type":"Polygon","coordinates":[[[36.62502316562919,37.02248078211421],[36.625026348783926,37.02233949042179],[36.625244690463305,37.02234262601189],[36.62524151969042,37.0224839178763],[36.62502316562919,37.02248078211421]]]}},{"type":"Feature","properties":{"source":"Microsoft Global ML Building Footprints"},"geometry":{"type":"Polygon","coordinates":[[[36.62683411864281,37.02261287009967],[36.626972883543985,37.02262079472],[36.626962767013126,37.02273371480357],[36.62682400211196,37.02272579019502],[36.62683411864281,37.02261287009967]]]}},{"type":"Feature","properties":{"source":"Microsoft Global ML Building Footprints"},"geometry":{"type":"Polygon","coordinates":[[[36.627357202579695,37.02461740666511],[36.627418084683335,37.024650153694914],[36.62739772336047,37.02467428519841],[36.62745122755031,37.0247030608141],[36.62737417078386,37.02479438560281],[36.62725978251592,37.02473286538172],[36.627357202579695,37.02461740666511]]]}},{"type":"Feature","properties":{"source":"Microsoft Global ML Building Footprints"},"geometry":{"type":"Polygon","coordinates":[[[36.63059409654368,37.02243045841479],[36.63063251016457,37.022322658879],[36.63073566001163,37.02234608922441],[36.6306972357483,37.02245389207286],[36.63059409654368,37.02243045841479]]]}},{"type":"Feature","properties":{"source":"Microsoft Global ML Building Footprints"},"geometry":{"type":"Polygon","coordinates":[[[36.633163914196714,37.02206090478584],[36.63303203847689,37.02207054360152],[36.63301851948561,37.02195272905338],[36.63309831599437,37.02194689224701],[36.6331018442975,37.02197764052547],[36.63315393057043,37.021973833527646],[36.633163914196714,37.02206090478584]]]}},{"type":"Feature","properties":{"source":"Microsoft Global ML Building Footprints"},"geometry":{"type":"Polygon","coordinates":[[[36.63343155444584,37.02748839978669],[36.63341419006991,37.02740725612487],[36.633541891074756,37.02738983875016],[36.633567051155374,37.0275074117087],[36.63346541276091,37.02752128001401],[36.63347587073216,37.02757015001031],[36.63329344072518,37.02759503191389],[36.63327518586839,37.02750972715607],[36.63343155444584,37.02748839978669]]]}},{"type":"Feature","properties":{"source":"Microsoft Global ML Building Footprints"},"geometry":{"type":"Polygon","coordinates":[[[36.633758878371566,37.02301925854932],[36.63345133493113,37.023196711702006],[36.63343012777506,37.02317328355803],[36.63338469446159,37.02316457566042],[36.633352835178734,37.0231293797936],[36.63337506299956,37.02305545487244],[36.633289270361445,37.02310495261267],[36.63328118143508,37.023096015671925],[36.63335260368875,37.022858549586765],[36.633455598367334,37.022799126997306],[36.63350159950679,37.0228079437687],[36.63353341623085,37.0227895853834],[36.63362587087567,37.02289172310263],[36.633647133360284,37.02289579835482],[36.633758878371566,37.02301925854932]]]}},{"type":"Feature","properties":{"source":"Microsoft Global ML Building Footprints"},"geometry":{"type":"Polygon","coordinates":[[[36.63446585743214,37.031102852377614],[36.634616370464215,37.03108776561675],[36.63464488384391,37.03126905322939],[36.63458415051519,37.03127514085556],[36.6345868029226,37.031292004796185],[36.634497023219254,37.031301003892864],[36.63446585743214,37.031102852377614]]]}},{"type":"Feature","properties":{"source":"Microsoft Global ML Building Footprints"},"geometry":{"type":"Polygon","coordinates":[[[36.63732658212155,37.02736136435873],[36.63700558983608,37.027328918888855],[36.63700291449349,37.02734577916434],[36.6369437638601,37.02733980029745],[36.63698434672885,37.0270839012153],[36.63736448778708,37.02712234672687],[36.63732658212155,37.02736136435873]]]}},{"type":"Feature","properties":{"source":"Microsoft Global ML Building Footprints"},"geometry":{"type":"Polygon","coordinates":[[[36.63887368309045,37.02749384769227],[36.639009415155954,37.02751426401447],[36.638978349558386,37.02764584883892],[36.63884263036138,37.027625426904365],[36.63887368309045,37.02749384769227]]]}},{"type":"Feature","properties":{"source":"Microsoft Global ML Building Footprints"},"geometry":{"type":"Polygon","coordinates":[[[36.62477232711059,37.02374184795105],[36.62477430677886,37.02369907758038],[36.62482787780232,37.02370065812083],[36.62482589813405,37.023743428490604],[36.62477232711059,37.02374184795105]]]}},{"type":"Feature","properties":{"source":"Microsoft Global ML Building Footprints"},"geometry":{"type":"Polygon","coordinates":[[[36.62595293884053,37.02575296279766],[36.62593562894237,37.02579177070201],[36.62588197034069,37.02577651555894],[36.62589928444496,37.025737705844584],[36.62595293884053,37.02575296279766]]]}},{"type":"Feature","properties":{"source":"Microsoft Global ML Building Footprints"},"geometry":{"type":"Polygon","coordinates":[[[36.62690301017893,37.02413719497296],[36.62697655823194,37.024024246142616],[36.62713281097268,37.02408910051277],[36.62708713586367,37.024159244411614],[36.62701009207752,37.0241272622961],[36.62698221397253,37.02417006931211],[36.62690301017893,37.02413719497296]]]}},{"type":"Feature","properties":{"source":"Microsoft Global ML Building Footprints"},"geometry":{"type":"Polygon","coordinates":[[[36.630835965102065,37.019300423646094],[36.63069622692847,37.01937501286488],[36.630619905375916,37.01928386164291],[36.630759653590516,37.019209274784295],[36.630835965102065,37.019300423646094]]]}},{"type":"Feature","properties":{"source":"Microsoft Global ML Building Footprints"},"geometry":{"type":"Polygon","coordinates":[[[36.63178951213732,37.02463467447692],[36.63179414776112,37.02480804973978],[36.63161452160857,37.02481111103216],[36.631614349918785,37.024804689733436],[36.631485662525925,37.02480688289824],[36.631484804077054,37.02477477639743],[36.631476761114996,37.02477491347029],[36.63147527313701,37.02471926217018],[36.63161200349193,37.024716931929895],[36.631609885984766,37.02463773577628],[36.63178951213732,37.02463467447692]]]}},{"type":"Feature","properties":{"source":"Microsoft Global ML Building Footprints"},"geometry":{"type":"Polygon","coordinates":[[[36.63213919479974,37.0188483646945],[36.63159046782844,37.01885293359858],[36.63159027205297,37.018837944194466],[36.63151517836702,37.01883856945244],[36.63151350029162,37.018710088725484],[36.632137308374084,37.018704894658455],[36.63213919479974,37.0188483646945]]]}},{"type":"Feature","properties":{"source":"Microsoft Global ML Building Footprints"},"geometry":{"type":"Polygon","coordinates":[[[36.63249493609652,37.027471513573936],[36.63244219513137,37.02732391662281],[36.632551330715096,37.027299061171696],[36.63260406966526,37.02744665253215],[36.63249493609652,37.027471513573936]]]}},{"type":"Feature","properties":{"source":"Microsoft Global ML Building Footprints"},"geometry":{"type":"Polygon","coordinates":[[[36.633663797343594,37.0254714611039],[36.63378491264766,37.025435126188746],[36.63387633801378,37.0256293339478],[36.633755210582535,37.02566567917643],[36.633663797343594,37.0254714611039]]]}},{"type":"Feature","properties":{"source":"Microsoft Global ML Building Footprints"},"geometry":{"type":"Polygon","coordinates":[[[36.6350293465137,37.026382965649205],[36.634857667103084,37.02645025899224],[36.63481521801073,37.0263812432868],[36.63488005331202,37.026355829715556],[36.63486413490239,37.026329948801184],[36.63497098571502,37.026288066326444],[36.6350293465137,37.026382965649205]]]}},{"type":"Feature","properties":{"source":"Microsoft Global ML Building Footprints"},"geometry":{"type":"Polygon","coordinates":[[[36.63568072349309,37.0265161957171],[36.63562827100921,37.02651717754759],[36.635626613174146,37.026460558371106],[36.63567906078316,37.02645957956171],[36.63568072349309,37.0265161957171]]]}},{"type":"Feature","properties":{"source":"Microsoft Global ML Building Footprints"},"geometry":{"type":"Polygon","coordinates":[[[36.63669188456132,37.02609488955715],[36.63668970839072,37.02590095533226],[36.63705445954332,37.02589834656214],[36.637056635942585,37.026092301173016],[36.63669188456132,37.02609488955715]]]}},{"type":"Feature","properties":{"source":"Microsoft Global ML Building Footprints"},"geometry":{"type":"Polygon","coordinates":[[[36.625214358277056,37.02748546800443],[36.62521303736056,37.02753255361885],[36.625159420158646,37.02753159194232],[36.62516074107518,37.027484506327305],[36.625214358277056,37.02748546800443]]]}},{"type":"Feature","properties":{"source":"Microsoft Global ML Building Footprints"},"geometry":{"type":"Polygon","coordinates":[[[36.62524256574598,37.02795936861175],[36.62531599501169,37.02795824853128],[36.6253180154019,37.02804266606294],[36.62524459363268,37.02804379013027],[36.62524256574598,37.02795936861175]]]}},{"type":"Feature","properties":{"source":"Microsoft Global ML Building Footprints"},"geometry":{"type":"Polygon","coordinates":[[[36.62538508483547,37.022026685066315],[36.62535404620864,37.02202602251859],[36.62535684093197,37.02194256414864],[36.62542116796743,37.02194393726924],[36.62541686839305,37.02207233472118],[36.62538357604785,37.022071624066214],[36.62538508483547,37.022026685066315]]]}},{"type":"Feature","properties":{"source":"Microsoft Global ML Building Footprints"},"geometry":{"type":"Polygon","coordinates":[[[36.62582069337763,37.023986205311566],[36.62581866172366,37.024047354872636],[36.62571680944597,37.024045197874734],[36.62571884091096,37.02398405399922],[36.62582069337763,37.023986205311566]]]}},{"type":"Feature","properties":{"source":"Microsoft Global ML Building Footprints"},"geometry":{"type":"Polygon","coordinates":[[[36.625878286507934,37.02034465105794],[36.62601599970146,37.02034690583751],[36.62601455211461,37.02040346010914],[36.62587683376808,37.02040121294266],[36.625878286507934,37.02034465105794]]]}},{"type":"Feature","properties":{"source":"Microsoft Global ML Building Footprints"},"geometry":{"type":"Polygon","coordinates":[[[36.626391289673236,37.020949026213266],[36.62647674020933,37.020944475649785],[36.62647114625227,37.020877513899364],[36.62657693998652,37.02087188589026],[36.626583950993336,37.02095589840718],[36.62656628594799,37.02095683913739],[36.626573232205516,37.02103998833289],[36.62639966080407,37.02104923165306],[36.626391289673236,37.020949026213266]]]}},{"type":"Feature","properties":{"source":"Microsoft Global ML Building Footprints"},"geometry":{"type":"Polygon","coordinates":[[[36.62674078657126,37.02839385421239],[36.626612977409245,37.02843560220415],[36.626561273876035,37.02833471891014],[36.62668907546219,37.02829297333751],[36.62674078657126,37.02839385421239]]]}},{"type":"Feature","properties":{"source":"Microsoft Global ML Building Footprints"},"geometry":{"type":"Polygon","coordinates":[[[36.627476426000676,37.0213228123126],[36.62734973559171,37.021335696897296],[36.62734065809268,37.02127879940437],[36.62746734850164,37.02126591481003],[36.627476426000676,37.0213228123126]]]}},{"type":"Feature","properties":{"source":"Microsoft Global ML Building Footprints"},"geometry":{"type":"Polygon","coordinates":[[[36.62873924489725,37.02337283061065],[36.62896938188835,37.023327603114545],[36.62900548743786,37.02344471150547],[36.628775350446716,37.023489938931824],[36.62873924489725,37.02337283061065]]]}},{"type":"Feature","properties":{"source":"Microsoft Global ML Building Footprints"},"geometry":{"type":"Polygon","coordinates":[[[36.63029713244126,37.028335750141615],[36.630467217498136,37.02832267339004],[36.630477296749326,37.02840628826238],[36.6303072105574,37.028419355583324],[36.63029713244126,37.028335750141615]]]}},{"type":"Feature","properties":{"source":"Microsoft Global ML Building Footprints"},"geometry":{"type":"Polygon","coordinates":[[[36.63113477960572,37.0195244593587],[36.63117208556636,37.019507579530206],[36.63119624646573,37.019541620149624],[36.6311589427636,37.019558498948655],[36.63113477960572,37.0195244593587]]]}},{"type":"Feature","properties":{"source":"Microsoft Global ML Building Footprints"},"geometry":{"type":"Polygon","coordinates":[[[36.631155060042175,37.02081779044253],[36.63116211986478,37.02084794277539],[36.631084370664304,37.020859547312895],[36.63106886725898,37.020793332635186],[36.631250282060044,37.02076625535467],[36.63125872695335,37.02080232331429],[36.631155060042175,37.02081779044253]]]}},{"type":"Feature","properties":{"source":"Microsoft Global ML Building Footprints"},"geometry":{"type":"Polygon","coordinates":[[[36.63120673512299,37.021624960341455],[36.631261825554205,37.02168656125714],[36.6311623385921,37.02174327156578],[36.63110725145377,37.02168167437817],[36.63120673512299,37.021624960341455]]]}},{"type":"Feature","properties":{"source":"Microsoft Global ML Building Footprints"},"geometry":{"type":"Polygon","coordinates":[[[36.63167177361235,37.023620048861964],[36.63162225574578,37.023626800263465],[36.63159644178165,37.02350611610437],[36.63172414575325,37.02348870456639],[36.63175554810561,37.02363551528794],[36.63167736290853,37.023646179638156],[36.63167177361235,37.023620048861964]]]}},{"type":"Feature","properties":{"source":"Microsoft Global ML Building Footprints"},"geometry":{"type":"Polygon","coordinates":[[[36.63199713629502,37.02556316914634],[36.632050672260604,37.02555143083114],[36.63207837412676,37.02563198064345],[36.63202484377054,37.02564371472519],[36.63199713629502,37.02556316914634]]]}},{"type":"Feature","properties":{"source":"Microsoft Global ML Building Footprints"},"geometry":{"type":"Polygon","coordinates":[[[36.63370085478523,37.02660216607781],[36.6337542687022,37.02675633792912],[36.6335634736267,37.02679846955796],[36.63351006883503,37.02664428511673],[36.63370085478523,37.02660216607781]]]}},{"type":"Feature","properties":{"source":"Microsoft Global ML Building Footprints"},"geometry":{"type":"Polygon","coordinates":[[[36.63507432523648,37.025676182449054],[36.635397532331886,37.025652235238816],[36.63541926672417,37.02583906648568],[36.63545770886505,37.02583621821922],[36.635466953740746,37.025915747991995],[36.63510529059476,37.025942564620806],[36.63507432523648,37.025676182449054]]]}},{"type":"Feature","properties":{"source":"Microsoft Global ML Building Footprints"},"geometry":{"type":"Polygon","coordinates":[[[36.635078000147175,37.02184220081932],[36.635085643705125,37.021735475107356],[36.6351738681396,37.02173950287034],[36.63516622458165,37.02184622857664],[36.635078000147175,37.02184220081932]]]}},{"type":"Feature","properties":{"source":"Microsoft Global ML Building Footprints"},"geometry":{"type":"Polygon","coordinates":[[[36.63719553491235,37.022030585983295],[36.63728489912242,37.02196438562258],[36.63735176672468,37.0220219249632],[36.63726240251461,37.02208812527376],[36.63719553491235,37.022030585983295]]]}},{"type":"Feature","properties":{"source":"Microsoft Global ML Building Footprints"},"geometry":{"type":"Polygon","coordinates":[[[36.62585319421165,37.01896686562348],[36.62585575182665,37.01887482324009],[36.62596834918053,37.018876817844465],[36.625965791565534,37.01896886022545],[36.62585319421165,37.01896686562348]]]}},{"type":"Feature","properties":{"source":"Microsoft Global ML Building Footprints"},"geometry":{"type":"Polygon","coordinates":[[[36.62659665946022,37.0223658272894],[36.626600924950615,37.022284593889296],[36.62672944510114,37.02228889566608],[36.62672517961078,37.022370129061606],[36.62659665946022,37.0223658272894]]]}},{"type":"Feature","properties":{"source":"Microsoft Global ML Building Footprints"},"geometry":{"type":"Polygon","coordinates":[[[36.629235728975175,37.02164286704594],[36.629120432402765,37.021689460851874],[36.62909192551791,37.02164450072298],[36.6292072188386,37.021597901760984],[36.629235728975175,37.02164286704594]]]}},{"type":"Feature","properties":{"source":"Microsoft Global ML Building Footprints"},"geometry":{"type":"Polygon","coordinates":[[[36.62948560773398,37.02739791885018],[36.62947522431418,37.027482762284286],[36.629353009380765,37.02747322927886],[36.62936339280057,37.027388385834094],[36.62948560773398,37.02739791885018]]]}},{"type":"Feature","properties":{"source":"Microsoft Global ML Building Footprints"},"geometry":{"type":"Polygon","coordinates":[[[36.6299642556279,37.03134394919447],[36.62996338727091,37.0315208177727],[36.62946718622558,37.03151926523293],[36.62946805471866,37.031342368927525],[36.6299642556279,37.03134394919447]]]}},{"type":"Feature","properties":{"source":"Microsoft Global ML Building Footprints"},"geometry":{"type":"Polygon","coordinates":[[[36.63078152161427,37.019136421698846],[36.63069474320569,37.019060187960605],[36.63113159760506,37.01874319629626],[36.631218372353885,37.01881943300818],[36.63078152161427,37.019136421698846]]]}},{"type":"Feature","properties":{"source":"Microsoft Global ML Building Footprints"},"geometry":{"type":"Polygon","coordinates":[[[36.630912502639774,37.02600175497143],[36.6308050655342,37.0260318910346],[36.63076899583529,37.02594992945269],[36.630876432940866,37.02591979335701],[36.630912502639774,37.02600175497143]]]}},{"type":"Feature","properties":{"source":"Microsoft Global ML Building Footprints"},"geometry":{"type":"Polygon","coordinates":[[[36.631225189190744,37.020808770932696],[36.631314039610004,37.0208672286186],[36.631248220774026,37.020931000144124],[36.631159373684255,37.020872544697866],[36.631225189190744,37.020808770932696]]]}},{"type":"Feature","properties":{"source":"Microsoft Global ML Building Footprints"},"geometry":{"type":"Polygon","coordinates":[[[36.63353792646967,37.02475322920412],[36.63362893811373,37.02475649408775],[36.63362341400188,37.0248548007025],[36.63353240235782,37.024851535823096],[36.63353792646967,37.02475322920412]]]}},{"type":"Feature","properties":{"source":"Microsoft Global ML Building Footprints"},"geometry":{"type":"Polygon","coordinates":[[[36.634576771302264,37.02442837026442],[36.63439992721721,37.02443289604594],[36.634390479359915,37.02419758139997],[36.63456732344497,37.024193055604414],[36.634576771302264,37.02442837026442]]]}},{"type":"Feature","properties":{"source":"Microsoft Global ML Building Footprints"},"geometry":{"type":"Polygon","coordinates":[[[36.6234142400537,37.03125860851894],[36.62325478173611,37.03132887647918],[36.62292114970734,37.03084637540362],[36.623080640448116,37.03077609270904],[36.6234142400537,37.03125860851894]]]}},{"type":"Feature","properties":{"source":"Microsoft Global ML Building Footprints"},"geometry":{"type":"Polygon","coordinates":[[[36.62408997974734,37.02486711198858],[36.62406066046781,37.024951569022214],[36.623948571226045,37.02492676661812],[36.62397789252475,37.02484230374055],[36.62408997974734,37.02486711198858]]]}},{"type":"Feature","properties":{"source":"Microsoft Global ML Building Footprints"},"geometry":{"type":"Polygon","coordinates":[[[36.62490868410009,37.022215138889266],[36.62498109173529,37.02221588336821],[36.62498026288095,37.022267270380304],[36.625007080523616,37.02226754611306],[36.62500614806247,37.02232535645993],[36.6249069227846,37.022324336249504],[36.62490868410009,37.022215138889266]]]}},{"type":"Feature","properties":{"source":"Microsoft Global ML Building Footprints"},"geometry":{"type":"Polygon","coordinates":[[[36.62498435210759,37.02608267321343],[36.6249981066417,37.026192931611],[36.624845243917704,37.026205077481585],[36.62483149895469,37.02609481834118],[36.62498435210759,37.02608267321343]]]}},{"type":"Feature","properties":{"source":"Microsoft Global ML Building Footprints"},"geometry":{"type":"Polygon","coordinates":[[[36.637661395571556,37.02358904519653],[36.63782471216485,37.02356476134122],[36.63784836025314,37.02366617571507],[36.63768504365984,37.02369045953795],[36.637661395571556,37.02358904519653]]]}},{"type":"Feature","properties":{"source":"Microsoft Global ML Building Footprints"},"geometry":{"type":"Polygon","coordinates":[[[36.63800115945747,37.021967515959034],[36.63799884951958,37.02189046661427],[36.63794903001298,37.02189142148732],[36.637947163791964,37.02182935400779],[36.63813749094728,37.021825706070814],[36.63814167385654,37.021964822771416],[36.63800115945747,37.021967515959034]]]}},{"type":"Feature","properties":{"source":"Microsoft Global ML Building Footprints"},"geometry":{"type":"Polygon","coordinates":[[[36.63881813237318,37.02251488639806],[36.63905163050749,37.02254275615008],[36.63903412454917,37.02263624840167],[36.638800628804546,37.02260836592167],[36.63881813237318,37.02251488639806]]]}},{"type":"Feature","properties":{"source":"Microsoft Global ML Building Footprints"},"geometry":{"type":"Polygon","coordinates":[[[36.639039244747714,37.03189929307609],[36.63912771187262,37.03190089949991],[36.639126736209505,37.0319351411083],[36.639161586895085,37.031935773941626],[36.63915977966476,37.03199919996689],[36.63912492903466,37.03199856518793],[36.63912405313602,37.03202930545177],[36.63903558601116,37.03202769903067],[36.639039244747714,37.03189929307609]]]}},{"type":"Feature","properties":{"source":"Microsoft Global ML Building Footprints"},"geometry":{"type":"Polygon","coordinates":[[[36.62481122752152,37.02301852687462],[36.62482274675041,37.02298231716278],[36.62487200221304,37.0229923081142],[36.62484226852988,37.02308574761114],[36.624765303635584,37.02307014041288],[36.62478351168046,37.0230129050105],[36.62481122752152,37.02301852687462]]]}},{"type":"Feature","properties":{"source":"Microsoft Global ML Building Footprints"},"geometry":{"type":"Polygon","coordinates":[[[36.62602717741729,37.02420479161122],[36.62607725714717,37.024097651057474],[36.62616907624686,37.024125007685505],[36.62611196778294,37.02424718545386],[36.62612373946237,37.02425069270751],[36.62610616762735,37.02428828582575],[36.62604966356599,37.02427145101508],[36.626074264135056,37.0242188206327],[36.62602717741729,37.02420479161122]]]}},{"type":"Feature","properties":{"source":"Microsoft Global ML Building Footprints"},"geometry":{"type":"Polygon","coordinates":[[[36.62673296375215,37.0200946073879],[36.62673163110108,37.02001624274129],[36.62688717054908,37.02001455655679],[36.626888503347914,37.0200929298952],[36.62673296375215,37.0200946073879]]]}},{"type":"Feature","properties":{"source":"Microsoft Global ML Building Footprints"},"geometry":{"type":"Polygon","coordinates":[[[36.6273582864718,37.027637288858806],[36.62745255255605,37.02753328741984],[36.62752825067874,37.027577017809804],[36.62754990640084,37.02755312558099],[36.62758687525146,37.027574482280635],[36.62747095344515,37.027702375852556],[36.6273582864718,37.027637288858806]]]}},{"type":"Feature","properties":{"source":"Microsoft Global ML Building Footprints"},"geometry":{"type":"Polygon","coordinates":[[[36.62914279954159,37.02455845829271],[36.62913029686949,37.02451356665215],[36.629229974795884,37.024495871538534],[36.629237931041786,37.02452443895589],[36.62933249727966,37.024507651286505],[36.62932397273052,37.02447704333216],[36.62949265845215,37.024447097738474],[36.6295375544111,37.02460829955632],[36.62879124788508,37.02474078575178],[36.628767739571146,37.024656377834],[36.62889682028123,37.02463345588284],[36.628888503031895,37.024603601698786],[36.62914279954159,37.02455845829271]]]}},{"type":"Feature","properties":{"source":"Microsoft Global ML Building Footprints"},"geometry":{"type":"Polygon","coordinates":[[[36.62997407905697,37.0254997162294],[36.630054438291594,37.02548501526023],[36.6300832854457,37.02558552275238],[36.62973160075322,37.025649840415056],[36.62969364348321,37.025517592097934],[36.629964970360774,37.025467970548725],[36.62997407905697,37.0254997162294]]]}},{"type":"Feature","properties":{"source":"Microsoft Global ML Building Footprints"},"geometry":{"type":"Polygon","coordinates":[[[36.63143437585538,37.02354738492318],[36.63144678306903,37.02359902068381],[36.631384695036274,37.02360853021772],[36.63137228782262,37.02355689446353],[36.63143437585538,37.02354738492318]]]}},{"type":"Feature","properties":{"source":"Microsoft Global ML Building Footprints"},"geometry":{"type":"Polygon","coordinates":[[[36.631689687930496,37.02429792728779],[36.631724279884395,37.02439499962296],[36.63159773048704,37.02442374435881],[36.63158008153098,37.02437421769143],[36.63151556615194,37.02438887187585],[36.631498623154094,37.02434132625396],[36.631689687930496,37.02429792728779]]]}},{"type":"Feature","properties":{"source":"Microsoft Global ML Building Footprints"},"geometry":{"type":"Polygon","coordinates":[[[36.63214964510992,37.019700581499215],[36.63209912606162,37.01971954962214],[36.632073770359476,37.019676499091794],[36.63212429076941,37.019657533270006],[36.63214964510992,37.019700581499215]]]}},{"type":"Feature","properties":{"source":"Microsoft Global ML Building Footprints"},"geometry":{"type":"Polygon","coordinates":[[[36.6333046957949,37.02642204679568],[36.63314941416618,37.02644867507316],[36.63312215077152,37.026347308729974],[36.63327742613713,37.02632069016718],[36.6333046957949,37.02642204679568]]]}},{"type":"Feature","properties":{"source":"Microsoft Global ML Building Footprints"},"geometry":{"type":"Polygon","coordinates":[[[36.633684389223475,37.022517151220086],[36.633666955029426,37.022582723558166],[36.633561726188745,37.02256488928642],[36.633579160382794,37.02249931693293],[36.633684389223475,37.022517151220086]]]}},{"type":"Feature","properties":{"source":"Microsoft Global ML Building Footprints"},"geometry":{"type":"Polygon","coordinates":[[[36.63580802600222,37.02752710841318],[36.63594629213069,37.02751292409758],[36.635959515615035,37.0275950794425],[36.635821256571866,37.02760926301591],[36.63580802600222,37.02752710841318]]]}},{"type":"Feature","properties":{"source":"Microsoft Global ML Building Footprints"},"geometry":{"type":"Polygon","coordinates":[[[36.636115822690044,37.02135472597432],[36.63614423294723,37.02131549870084],[36.63613217238512,37.021309930586646],[36.636203074613405,37.02121203271156],[36.63633251463263,37.02127179256959],[36.63625580770494,37.02137771798443],[36.636319329721225,37.02140704476591],[36.63625489140195,37.02149601740981],[36.63615237351449,37.021448692831704],[36.63619421872163,37.02139091540498],[36.636115822690044,37.02135472597432]]]}},{"type":"Feature","properties":{"source":"Microsoft Global ML Building Footprints"},"geometry":{"type":"Polygon","coordinates":[[[36.63694978424489,37.024005840146],[36.63683733076337,37.02400205738063],[36.63684037158124,37.02394434101113],[36.63695282506277,37.02394812377938],[36.63694978424489,37.024005840146]]]}},{"type":"Feature","properties":{"source":"Microsoft Global ML Building Footprints"},"geometry":{"type":"Polygon","coordinates":[[[36.63929942524802,37.02736714612436],[36.63930984076902,37.02727582576194],[36.639480090589146,37.0272882019023],[36.63946967506814,37.027379522249824],[36.63929942524802,37.02736714612436]]]}},{"type":"Feature","properties":{"source":"Microsoft Global ML Building Footprints"},"geometry":{"type":"Polygon","coordinates":[[[36.63055574788607,37.02026527018951],[36.63058063580684,37.02029467040836],[36.630624823270246,37.02027082511976],[36.630655933171184,37.02030757538884],[36.630523370781,37.02037911119762],[36.630467372959295,37.02031296076273],[36.63055574788607,37.02026527018951]]]}},{"type":"Feature","properties":{"source":"Microsoft Global ML Building Footprints"},"geometry":{"type":"Polygon","coordinates":[[[36.6310914775057,37.02459097299817],[36.63116100346629,37.02458791167009],[36.631165807079114,37.024657449499806],[36.63109628138607,37.02466051469822],[36.6310914775057,37.02459097299817]]]}},{"type":"Feature","properties":{"source":"Microsoft Global ML Building Footprints"},"geometry":{"type":"Polygon","coordinates":[[[36.63851006474629,37.03319222449495],[36.638521769981594,37.033125835113474],[36.6386309104515,37.03313809170447],[36.63861143986116,37.033248579271785],[36.63845626205032,37.0332311439932],[36.638464032059275,37.03318705240719],[36.63851006474629,37.03319222449495]]]}},{"type":"Feature","properties":{"source":"Microsoft Global ML Building Footprints"},"geometry":{"type":"Polygon","coordinates":[[[36.62466562071743,37.02239759225625],[36.62459204528832,37.022397255127466],[36.62459239229858,37.02234898030432],[36.6246621274641,37.022349295940174],[36.62466215824991,37.02234501312428],[36.62470890790067,37.022345224722926],[36.62470872543822,37.022370921624756],[36.62473554666638,37.02237104302318],[36.62473585077044,37.022328214848706],[36.62484466567233,37.02232870736769],[36.624844342421106,37.022373676932126],[36.624732849338336,37.022373172291424],[36.62473218719488,37.02246642447646],[36.62466513415112,37.022466117234046],[36.62466562071743,37.02239759225625]]]}},{"type":"Feature","properties":{"source":"Microsoft Global ML Building Footprints"},"geometry":{"type":"Polygon","coordinates":[[[36.626123655541306,37.028453374540334],[36.62627508247078,37.02846008405111],[36.6262719086459,37.02850579445541],[36.626344106453544,37.0285089894009],[36.626340252669856,37.028564492742234],[36.62625833957467,37.02856086787201],[36.62625774593857,37.028569406811386],[36.62636470523994,37.028574140041634],[36.626358026833834,37.028670203037436],[36.62622700168962,37.028664404837656],[36.62622988286656,37.02862296165441],[36.62611222809063,37.02861774855071],[36.626123655541306,37.028453374540334]]]}},{"type":"Feature","properties":{"source":"Microsoft Global ML Building Footprints"},"geometry":{"type":"Polygon","coordinates":[[[36.627809051688466,37.02658380043142],[36.62761756486451,37.02663689141402],[36.62759481123569,37.026584573619225],[36.62767140762636,37.02656334103538],[36.62765260522444,37.026520108322565],[36.62776749731884,37.02648825368848],[36.627809051688466,37.02658380043142]]]}},{"type":"Feature","properties":{"source":"Microsoft Global ML Building Footprints"},"geometry":{"type":"Polygon","coordinates":[[[36.627864309863824,37.02619138162536],[36.62788466699081,37.026164984760136],[36.62793242617573,37.026188460488996],[36.62791207072681,37.02621485817092],[36.627864309863824,37.02619138162536]]]}},{"type":"Feature","properties":{"source":"Microsoft Global ML Building Footprints"},"geometry":{"type":"Polygon","coordinates":[[[36.62914903680953,37.02849045278769],[36.629032164631234,37.02851247256889],[36.6290105786432,37.02843945259222],[36.62912745082149,37.028417432789844],[36.62914903680953,37.02849045278769]]]}},{"type":"Feature","properties":{"source":"Microsoft Global ML Building Footprints"},"geometry":{"type":"Polygon","coordinates":[[[36.634160993673184,37.02342937856842],[36.63388527922251,37.02347891031676],[36.63377437765594,37.023085533593616],[36.63405009210661,37.0230360015888],[36.634160993673184,37.02342937856842]]]}},{"type":"Feature","properties":{"source":"Microsoft Global ML Building Footprints"},"geometry":{"type":"Polygon","coordinates":[[[36.63478880792269,37.0222819942739],[36.63483920655776,37.02231307421806],[36.63476524388001,37.022389526996506],[36.634669486473406,37.022330475151165],[36.634717497334414,37.02228084787919],[36.63476285610595,37.022308819829945],[36.63478880792269,37.0222819942739]]]}},{"type":"Feature","properties":{"source":"Microsoft Global ML Building Footprints"},"geometry":{"type":"Polygon","coordinates":[[[36.63731135083061,37.022404952083654],[36.63722575859255,37.0224706822741],[36.63713999601287,37.02239948887121],[36.637225585009205,37.02233376110866],[36.63731135083061,37.022404952083654]]]}},{"type":"Feature","properties":{"source":"Microsoft Global ML Building Footprints"},"geometry":{"type":"Polygon","coordinates":[[[36.63864049664318,37.02514860847524],[36.63862987955345,37.025259312700165],[36.63828855602069,37.02523846686568],[36.63829917311038,37.02512776261039],[36.63864049664318,37.02514860847524]]]}},{"type":"Feature","properties":{"source":"Microsoft Global ML Building Footprints"},"geometry":{"type":"Polygon","coordinates":[[[36.62448027334198,37.02478087613149],[36.624473403036454,37.024881222851306],[36.6243717823328,37.02487679378883],[36.62437865263837,37.02477644706317],[36.62448027334198,37.02478087613149]]]}},{"type":"Feature","properties":{"source":"Microsoft Global ML Building Footprints"},"geometry":{"type":"Polygon","coordinates":[[[36.6249302735488,37.01941246463725],[36.62493922135565,37.019470363930154],[36.624867887777086,37.0194773916142],[36.624858939363435,37.01941948840018],[36.6249302735488,37.01941246463725]]]}},{"type":"Feature","properties":{"source":"Microsoft Global ML Building Footprints"},"geometry":{"type":"Polygon","coordinates":[[[36.63103242081928,37.02083465626871],[36.63112871070918,37.02091750835473],[36.63104367650882,37.02098050669661],[36.63110786976873,37.02103574132462],[36.63106607329736,37.02106670656964],[36.63109282048902,37.02108972097676],[36.63082762908443,37.02128618976401],[36.630664471215454,37.02114580213523],[36.630951281484506,37.02093331645573],[36.63092720901205,37.020912603447016],[36.63103242081928,37.02083465626871]]]}},{"type":"Feature","properties":{"source":"Microsoft Global ML Building Footprints"},"geometry":{"type":"Polygon","coordinates":[[[36.63125006607438,37.02646756832314],[36.63144438309813,37.02643116253552],[36.63146074643773,37.026486847351634],[36.6312664310159,37.026523241954884],[36.63125006607438,37.02646756832314]]]}},{"type":"Feature","properties":{"source":"Microsoft Global ML Building Footprints"},"geometry":{"type":"Polygon","coordinates":[[[36.63162264519773,37.02731970026566],[36.631668851913986,37.027404248005254],[36.631556188762374,37.02744349163325],[36.63150998204608,37.02735894393731],[36.63162264519773,37.02731970026566]]]}},{"type":"Feature","properties":{"source":"Microsoft Global ML Building Footprints"},"geometry":{"type":"Polygon","coordinates":[[[36.634325860672995,37.0276811553114],[36.63445698206322,37.02765310239762],[36.634488169061925,37.027746033998],[36.63435705297845,37.02777407841598],[36.634325860672995,37.0276811553114]]]}},{"type":"Feature","properties":{"source":"Microsoft Global ML Building Footprints"},"geometry":{"type":"Polygon","coordinates":[[[36.62469714576956,37.01893775627299],[36.624630663573605,37.01894268625385],[36.6246252340702,37.01889597424513],[36.62469171626615,37.01889104426123],[36.62469714576956,37.01893775627299]]]}},{"type":"Feature","properties":{"source":"Microsoft Global ML Building Footprints"},"geometry":{"type":"Polygon","coordinates":[[[36.627020775182636,37.02294565329387],[36.62706013362766,37.022950337797496],[36.62703197008189,37.0231011707428],[36.62690602305776,37.02308618035988],[36.626925817493486,37.02298016910786],[36.62701240695637,37.02299047027749],[36.627020775182636,37.02294565329387]]]}},{"type":"Feature","properties":{"source":"Microsoft Global ML Building Footprints"},"geometry":{"type":"Polygon","coordinates":[[[36.627873949845515,37.022069937561156],[36.62787516186208,37.022110602814095],[36.627962492547006,37.022108948502165],[36.62796440063202,37.022173156859935],[36.62787325683335,37.02217488340251],[36.627872326381194,37.02214357306209],[36.62784015803504,37.02214418422683],[36.62783797189498,37.022070619094606],[36.627873949845515,37.022069937561156]]]}},{"type":"Feature","properties":{"source":"Microsoft Global ML Building Footprints"},"geometry":{"type":"Polygon","coordinates":[[[36.62805832458731,37.019847520694995],[36.627875517018104,37.019932022935926],[36.62780224596812,37.01983097479066],[36.62798505353728,37.01974647243732],[36.62805832458731,37.019847520694995]]]}},{"type":"Feature","properties":{"source":"Microsoft Global ML Building Footprints"},"geometry":{"type":"Polygon","coordinates":[[[36.631531110705744,37.02098662930281],[36.631425147226274,37.02108045144967],[36.63133491139243,37.0210154803279],[36.63144087173093,37.02092166088185],[36.631531110705744,37.02098662930281]]]}},{"type":"Feature","properties":{"source":"Microsoft Global ML Building Footprints"},"geometry":{"type":"Polygon","coordinates":[[[36.63249112643002,37.02877932765363],[36.63250205241298,37.02861491040673],[36.63256624476234,37.028617629136946],[36.63255531877942,37.02878204637796],[36.63249112643002,37.02877932765363]]]}},{"type":"Feature","properties":{"source":"Microsoft Global ML Building Footprints"},"geometry":{"type":"Polygon","coordinates":[[[36.632586813750486,37.025275704865116],[36.632580088192334,37.02520544917318],[36.632601421253696,37.02520414747898],[36.63259795657223,37.025167955126854],[36.632669955654286,37.02516356190674],[36.632679222221,37.02526036120396],[36.63275515439119,37.02525573224424],[36.632766149888624,37.02537069721606],[36.632654150125845,37.02537752490975],[36.63264407765199,37.025272210757144],[36.632586813750486,37.025275704865116]]]}},{"type":"Feature","properties":{"source":"Microsoft Global ML Building Footprints"},"geometry":{"type":"Polygon","coordinates":[[[36.6335996653813,37.024518993411945],[36.63361530617419,37.02460497795064],[36.633414367790465,37.024628275890045],[36.63339871961563,37.02454229223363],[36.6335996653813,37.024518993411945]]]}},{"type":"Feature","properties":{"source":"Microsoft Global ML Building Footprints"},"geometry":{"type":"Polygon","coordinates":[[[36.63362222385059,37.02037362145138],[36.633626821107484,37.02046985037737],[36.63349558381033,37.02047384719174],[36.633490986553475,37.020377618270814],[36.63362222385059,37.02037362145138]]]}},{"type":"Feature","properties":{"source":"Microsoft Global ML Building Footprints"},"geometry":{"type":"Polygon","coordinates":[[[36.634234147204815,37.03043119079928],[36.634118868070374,37.03043321327637],[36.63411623759885,37.03033796229601],[36.634231516555516,37.0303359333785],[36.634234147204815,37.03043119079928]]]}},{"type":"Feature","properties":{"source":"Microsoft Global ML Building Footprints"},"geometry":{"type":"Polygon","coordinates":[[[36.63893257510028,37.03018097499235],[36.63910310814984,37.03022424277388],[36.63904941225303,37.030359149060764],[36.63909714846174,37.030371258036666],[36.639060757927034,37.03046266581637],[36.639000847819034,37.030447468773815],[36.638984876039736,37.03048759639205],[36.638837710079756,37.0304502574581],[36.638895004657684,37.03030634166054],[36.63888380704033,37.03030350059595],[36.63893257510028,37.03018097499235]]]}},{"type":"Feature","properties":{"source":"Microsoft Global ML Building Footprints"},"geometry":{"type":"Polygon","coordinates":[[[36.624440936076695,37.02224405232532],[36.6244849762994,37.02224480044859],[36.62448313082703,37.02231428010554],[36.62451530286678,37.0223148248225],[36.624513509577866,37.022382339778694],[36.62456176756591,37.02238315954878],[36.62455926595035,37.022477341965285],[36.62443477549165,37.022475227218415],[36.624440936076695,37.02224405232532]]]}},{"type":"Feature","properties":{"source":"Microsoft Global ML Building Footprints"},"geometry":{"type":"Polygon","coordinates":[[[36.62474988584302,37.024104701529325],[36.62482127845381,37.02391402091024],[36.62490253106745,37.02393341223047],[36.62483113845666,37.024124092800875],[36.62474988584302,37.024104701529325]]]}},{"type":"Feature","properties":{"source":"Microsoft Global ML Building Footprints"},"geometry":{"type":"Polygon","coordinates":[[[36.625192739467636,37.02500175573193],[36.62488202913809,37.0249925714397],[36.62488599595289,37.02490703252488],[36.62519670628243,37.024916216827464],[36.625192739467636,37.02500175573193]]]}},{"type":"Feature","properties":{"source":"Microsoft Global ML Building Footprints"},"geometry":{"type":"Polygon","coordinates":[[[36.626816414030316,37.02785551872904],[36.626682982094856,37.02790617895121],[36.62662929949968,37.02781607559424],[36.62665773504181,37.02780527784775],[36.62663484625522,37.02776686020905],[36.62672976383038,37.0277308174023],[36.62670167641779,37.02768366715312],[36.626799242218425,37.02764661870171],[36.62685958538305,37.027747901685785],[36.62677209140726,37.027781125541374],[36.626816414030316,37.02785551872904]]]}},{"type":"Feature","properties":{"source":"Microsoft Global ML Building Footprints"},"geometry":{"type":"Polygon","coordinates":[[[36.62766536213705,37.019917758400766],[36.62780075254154,37.019877833995004],[36.627831586848004,37.019944492163724],[36.627696204665185,37.01998442167529],[36.62766536213705,37.019917758400766]]]}},{"type":"Feature","properties":{"source":"Microsoft Global ML Building Footprints"},"geometry":{"type":"Polygon","coordinates":[[[36.62857531584951,37.0254734110496],[36.6287144821237,37.02531657618752],[36.628852832792816,37.02539483311296],[36.62871365736471,37.02555166263564],[36.62857531584951,37.0254734110496]]]}},{"type":"Feature","properties":{"source":"Microsoft Global ML Building Footprints"},"geometry":{"type":"Polygon","coordinates":[[[36.63018672745366,37.019845738652705],[36.63027713873736,37.01979499365197],[36.63032761530257,37.01985232469967],[36.63021631759216,37.01991479254072],[36.630178460168246,37.01987179429436],[36.63011563081557,37.019907058395454],[36.630033103135915,37.01981332388632],[36.62999361170036,37.01983549138864],[36.629895684359,37.01972426590631],[36.63001888169126,37.01965511901214],[36.63018672745366,37.019845738652705]]]}},{"type":"Feature","properties":{"source":"Microsoft Global ML Building Footprints"},"geometry":{"type":"Polygon","coordinates":[[[36.63211934131832,37.02476272846131],[36.63215349440132,37.02484345585274],[36.63214028176666,37.024847019559196],[36.632176437686674,37.02493246323937],[36.631940503527865,37.02499608602191],[36.63191085917398,37.02492603054246],[36.63212030648215,37.024869538538546],[36.63211135996347,37.02484839611457],[36.63199580282792,37.02487956413059],[36.63196408335264,37.02480460461075],[36.63211934131832,37.02476272846131]]]}},{"type":"Feature","properties":{"source":"Microsoft Global ML Building Footprints"},"geometry":{"type":"Polygon","coordinates":[[[36.63217711852606,37.02041706612989],[36.63212281608076,37.020467875953045],[36.63208246033606,37.02044038403772],[36.63213676278139,37.020389574196145],[36.63217711852606,37.02041706612989]]]}},{"type":"Feature","properties":{"source":"Microsoft Global ML Building Footprints"},"geometry":{"type":"Polygon","coordinates":[[[36.6335912100459,37.02712309735959],[36.633457223972066,37.02715354515988],[36.63342686197811,37.027068367041174],[36.63356084805194,37.02703791920673],[36.6335912100459,37.02712309735959]]]}},{"type":"Feature","properties":{"source":"Microsoft Global ML Building Footprints"},"geometry":{"type":"Polygon","coordinates":[[[36.634073056858114,37.02165950139155],[36.63392554823975,37.02165840510912],[36.63392671783937,37.021558834995325],[36.63407422636089,37.0215599395212],[36.634073056858114,37.02165950139155]]]}},{"type":"Feature","properties":{"source":"Microsoft Global ML Building Footprints"},"geometry":{"type":"Polygon","coordinates":[[[36.637175670774056,37.03290824901939],[36.6372212266817,37.0329071494629],[36.637221955888315,37.03292640247929],[36.637176399980675,37.0329275020355],[36.637175670774056,37.03290824901939]]]}},{"type":"Feature","properties":{"source":"Microsoft Global ML Building Footprints"},"geometry":{"type":"Polygon","coordinates":[[[36.63825032262169,37.02957796370349],[36.63779471295685,37.029528526894026],[36.63778777268042,37.02956931207785],[36.63790891857773,37.029582450475374],[36.637894033904075,37.029669921563304],[36.63788876674033,37.02966935004037],[36.637873240841124,37.02976058923997],[36.63781266789247,37.0297540200569],[36.63781495695864,37.02974056818036],[36.63765592924433,37.029723312610685],[36.63765542729405,37.02972626084265],[36.63757743216505,37.02971780220675],[36.637631455565966,37.02940032868046],[36.63759096683863,37.02939593762593],[36.63761315985322,37.029265585082605],[36.63807238078742,37.02931538825371],[36.638067014224426,37.02934692545361],[36.63811968635368,37.029352637817375],[36.63812254852063,37.029335817980325],[36.63828846572784,37.02935381192732],[36.63825032262169,37.02957796370349]]]}},{"type":"Feature","properties":{"source":"Microsoft Global ML Building Footprints"},"geometry":{"type":"Polygon","coordinates":[[[36.63935440353766,37.02351697976208],[36.639380643907614,37.02338540439079],[36.63964746466742,37.023419323502104],[36.639621224297464,37.02355089881465],[36.63935440353766,37.02351697976208]]]}},{"type":"Feature","properties":{"source":"Microsoft Global ML Building Footprints"},"geometry":{"type":"Polygon","coordinates":[[[36.63973869450095,37.02687222740821],[36.639693873755874,37.02686751664266],[36.63970012145359,37.02682962897751],[36.63974494219867,37.026834339745406],[36.63973869450095,37.02687222740821]]]}},{"type":"Feature","properties":{"source":"Microsoft Global ML Building Footprints"},"geometry":{"type":"Polygon","coordinates":[[[36.62493652598393,37.02394184412606],[36.62500086256911,37.02394306642456],[36.62499990571551,37.02397516972845],[36.62493556913033,37.02397394743046],[36.62493652598393,37.02394184412606]]]}},{"type":"Feature","properties":{"source":"Microsoft Global ML Building Footprints"},"geometry":{"type":"Polygon","coordinates":[[[36.62501863535235,37.02096030154438],[36.625120382255176,37.02096369017988],[36.62511329634883,37.02109931807747],[36.62501154914953,37.02109593512379],[36.62501863535235,37.02096030154438]]]}},{"type":"Feature","properties":{"source":"Microsoft Global ML Building Footprints"},"geometry":{"type":"Polygon","coordinates":[[[36.62752496210449,37.02291248551204],[36.62749779684345,37.02297174858976],[36.62740790964876,37.022945489516815],[36.627435076940216,37.022886221989076],[36.62752496210449,37.02291248551204]]]}},{"type":"Feature","properties":{"source":"Microsoft Global ML Building Footprints"},"geometry":{"type":"Polygon","coordinates":[[[36.62782116194167,37.023819911686104],[36.627887350481075,37.02372518895687],[36.627920079532544,37.023739766615925],[36.627946326711935,37.02370220412884],[36.62799132915771,37.023722248415375],[36.62799289001451,37.023720014664384],[36.62803380011062,37.0237382384824],[36.62799001674864,37.02380089705959],[36.62796342439432,37.02378905272136],[36.62791321239892,37.023860911293944],[36.62782116194167,37.023819911686104]]]}},{"type":"Feature","properties":{"source":"Microsoft Global ML Building Footprints"},"geometry":{"type":"Polygon","coordinates":[[[36.6305026361077,37.025892211101265],[36.630600891178055,37.025989688624165],[36.63053740086741,37.0260304790553],[36.63043914579705,37.02593300158474],[36.6305026361077,37.025892211101265]]]}},{"type":"Feature","properties":{"source":"Microsoft Global ML Building Footprints"},"geometry":{"type":"Polygon","coordinates":[[[36.63064713611978,37.02706469957599],[36.63059394796769,37.02706863142874],[36.630587791759226,37.02701555288543],[36.63064097991131,37.02701162102995],[36.63064713611978,37.02706469957599]]]}},{"type":"Feature","properties":{"source":"Microsoft Global ML Building Footprints"},"geometry":{"type":"Polygon","coordinates":[[[36.633728333404406,37.019624256520395],[36.63359465409363,37.019646480209296],[36.633555579070574,37.01949664271514],[36.63368925838135,37.019474418982426],[36.633728333404406,37.019624256520395]]]}},{"type":"Feature","properties":{"source":"Microsoft Global ML Building Footprints"},"geometry":{"type":"Polygon","coordinates":[[[36.63870500647553,37.02434696732742],[36.63878429816235,37.02435467219651],[36.638760493267775,37.02451082404175],[36.638457863110844,37.02448141715969],[36.63848937064778,37.024274619587885],[36.638472208865146,37.02427295195503],[36.63847852011535,37.02423155224617],[36.63850625086796,37.024234245331584],[36.63851312468608,37.024189129396106],[36.63872591618022,37.02420980664411],[36.63870500647553,37.02434696732742]]]}},{"type":"Feature","properties":{"source":"Microsoft Global ML Building Footprints"},"geometry":{"type":"Polygon","coordinates":[[[36.63901574193154,37.027475588409956],[36.638953657909376,37.027470378023295],[36.63896424838863,37.027389896122685],[36.639026339389254,37.02739510710054],[36.63901574193154,37.027475588409956]]]}},{"type":"Feature","properties":{"source":"Microsoft Global ML Building Footprints"},"geometry":{"type":"Polygon","coordinates":[[[36.624459308791884,37.02533769287287],[36.624565630214946,37.02536427845215],[36.624532319614154,37.02544918951902],[36.62442599353545,37.025422596864146],[36.624459308791884,37.02533769287287]]]}},{"type":"Feature","properties":{"source":"Microsoft Global ML Building Footprints"},"geometry":{"type":"Polygon","coordinates":[[[36.62460126385862,37.025507579933176],[36.624547426959445,37.02562568013833],[36.624465627391245,37.025601912547636],[36.62451947527248,37.02548381092639],[36.62460126385862,37.025507579933176]]]}},{"type":"Feature","properties":{"source":"Microsoft Global ML Building Footprints"},"geometry":{"type":"Polygon","coordinates":[[[36.6255783742551,37.019717448752445],[36.62556890396615,37.01989058401916],[36.625491267982305,37.01988787687628],[36.62549208640232,37.019872914584326],[36.625300310113346,37.01986622740234],[36.62530323771727,37.0198127907796],[36.625320997643115,37.019813410063385],[36.62532672658336,37.01970867385513],[36.6255783742551,37.019717448752445]]]}},{"type":"Feature","properties":{"source":"Microsoft Global ML Building Footprints"},"geometry":{"type":"Polygon","coordinates":[[[36.62583873130338,37.01842334089595],[36.625986202452395,37.018421165276635],[36.62598867957134,37.018528208070414],[36.62584120842237,37.018530383686645],[36.62583873130338,37.01842334089595]]]}},{"type":"Feature","properties":{"source":"Microsoft Global ML Building Footprints"},"geometry":{"type":"Polygon","coordinates":[[[36.62629798120321,37.025561065859314],[36.62625088173616,37.02575729160029],[36.62606460317195,37.02572879281223],[36.626072039929916,37.025697809822574],[36.625971139040956,37.02568237296827],[36.62601080175007,37.02551713010975],[36.62629798120321,37.025561065859314]]]}},{"type":"Feature","properties":{"source":"Microsoft Global ML Building Footprints"},"geometry":{"type":"Polygon","coordinates":[[[36.62699148644252,37.01971716099564],[36.62687421504205,37.01977066824935],[36.626811821071264,37.01968349288402],[36.62693515823383,37.01962721794815],[36.62698946409731,37.019703092865],[36.62704607787682,37.01967726175874],[36.62707611941835,37.019719235098705],[36.62701343987671,37.01974783380718],[36.62699148644252,37.01971716099564]]]}},{"type":"Feature","properties":{"source":"Microsoft Global ML Building Footprints"},"geometry":{"type":"Polygon","coordinates":[[[36.62718752893345,37.026424149472035],[36.62710523208075,37.02652082861134],[36.62690340279287,37.02641132477107],[36.62698569964556,37.02631464549239],[36.62718752893345,37.026424149472035]]]}},{"type":"Feature","properties":{"source":"Microsoft Global ML Building Footprints"},"geometry":{"type":"Polygon","coordinates":[[[36.62876785584194,37.01939100003524],[36.628803640861406,37.01949678779923],[36.62865708513481,37.01952838369694],[36.62862130875831,37.019422594113585],[36.62876785584194,37.01939100003524]]]}},{"type":"Feature","properties":{"source":"Microsoft Global ML Building Footprints"},"geometry":{"type":"Polygon","coordinates":[[[36.631645352021835,37.02035988034327],[36.63184142766807,37.02025587814443],[36.631895823467254,37.02032125315356],[36.63180768036224,37.02036800588639],[36.631833640096005,37.020399208562836],[36.63172570357868,37.02045646002485],[36.631645352021835,37.02035988034327]]]}},{"type":"Feature","properties":{"source":"Microsoft Global ML Building Footprints"},"geometry":{"type":"Polygon","coordinates":[[[36.633539292165224,37.02755607663046],[36.63365190607866,37.02753198328066],[36.633661963144284,37.027561951572544],[36.63354934923085,37.02758604491286],[36.633539292165224,37.02755607663046]]]}},{"type":"Feature","properties":{"source":"Microsoft Global ML Building Footprints"},"geometry":{"type":"Polygon","coordinates":[[[36.63416434891079,37.02467989848761],[36.63422106207108,37.024670787659204],[36.634208362031615,37.02462037988396],[36.634267653865024,37.0246108581037],[36.634300575893405,37.02474152899984],[36.63418457170195,37.024760164766725],[36.63416434891079,37.02467989848761]]]}},{"type":"Feature","properties":{"source":"Microsoft Global ML Building Footprints"},"geometry":{"type":"Polygon","coordinates":[[[36.636757437071985,37.024671088242194],[36.636672036239936,37.02468410619297],[36.636663145572534,37.02464691600828],[36.63655058698357,37.02466407371697],[36.636525668606204,37.0245598768146],[36.63672363939189,37.024529710437136],[36.636757437071985,37.024671088242194]]]}},{"type":"Feature","properties":{"source":"Microsoft Global ML Building Footprints"},"geometry":{"type":"Polygon","coordinates":[[[36.63957834151222,37.0204649564812],[36.63971959897123,37.02040687581646],[36.639801479827725,37.0205338237642],[36.63966023116396,37.02059190071555],[36.63957834151222,37.0204649564812]]]}},{"type":"Feature","properties":{"source":"Microsoft Global ML Building Footprints"},"geometry":{"type":"Polygon","coordinates":[[[36.625364164320786,37.02416596289719],[36.62542530846138,37.02416134707268],[36.6254303358321,37.02420379606975],[36.625369191691505,37.02420841189168],[36.625364164320786,37.02416596289719]]]}},{"type":"Feature","properties":{"source":"Microsoft Global ML Building Footprints"},"geometry":{"type":"Polygon","coordinates":[[[36.62581836721237,37.01934555836249],[36.62583379687295,37.019177277515304],[36.625970890749926,37.0191852985855],[36.625966394298594,37.01923429152689],[36.62600271799029,37.01923641674707],[36.626015413280626,37.019097957650445],[36.626120499474254,37.019104106025885],[36.62611240257283,37.01919232922859],[36.62614975312911,37.01919451244238],[36.626143888162645,37.019258416590944],[36.62602650070005,37.01925155506746],[36.62601954470255,37.01932734692942],[36.62606223083482,37.01932984439909],[36.62604932797444,37.01947043248744],[36.625960281102046,37.0194652225646],[36.625963601408756,37.01942901031891],[36.62590324997551,37.019425479296764],[36.62591009240149,37.01935092499578],[36.62581836721237,37.01934555836249]]]}},{"type":"Feature","properties":{"source":"Microsoft Global ML Building Footprints"},"geometry":{"type":"Polygon","coordinates":[[[36.6266891745849,37.02854538704603],[36.62680467936536,37.02851750672122],[36.626852234167615,37.028643071362616],[36.626736729387154,37.02867095164133],[36.6266891745849,37.02854538704603]]]}},{"type":"Feature","properties":{"source":"Microsoft Global ML Building Footprints"},"geometry":{"type":"Polygon","coordinates":[[[36.62733111326463,37.021511021527886],[36.627291266530236,37.021514154388576],[36.62728708106138,37.021480219436626],[36.62732692779578,37.02147708657452],[36.62733111326463,37.021511021527886]]]}},{"type":"Feature","properties":{"source":"Microsoft Global ML Building Footprints"},"geometry":{"type":"Polygon","coordinates":[[[36.62923661652261,37.022753158520445],[36.629305364435695,37.0227404737158],[36.62929006502404,37.02268761849064],[36.62950649363935,37.02264768480476],[36.62955945314125,37.02283064513899],[36.62938121781104,37.02286353162616],[36.62936790817632,37.022817550605325],[36.62926096533614,37.02283727682988],[36.62923661652261,37.022753158520445]]]}},{"type":"Feature","properties":{"source":"Microsoft Global ML Building Footprints"},"geometry":{"type":"Polygon","coordinates":[[[36.631357709366455,37.02727661030105],[36.63135653821316,37.02734083682239],[36.63130985985015,37.02734029432222],[36.63131205228534,37.02721947939882],[36.63144187223173,37.02722098092668],[36.63144084022833,37.02727757645629],[36.631357709366455,37.02727661030105]]]}},{"type":"Feature","properties":{"source":"Microsoft Global ML Building Footprints"},"geometry":{"type":"Polygon","coordinates":[[[36.631680683958045,37.02745956680099],[36.63172812519734,37.02752422824632],[36.631640257773086,37.027565321745],[36.63159281385185,37.02750065667919],[36.631680683958045,37.02745956680099]]]}},{"type":"Feature","properties":{"source":"Microsoft Global ML Building Footprints"},"geometry":{"type":"Polygon","coordinates":[[[36.63950108588317,37.03070181498778],[36.63955231674236,37.030590509327446],[36.639833531901004,37.03067299910728],[36.639782301041805,37.030784304646765],[36.63950108588317,37.03070181498778]]]}},{"type":"Feature","properties":{"source":"Microsoft Global ML Building Footprints"},"geometry":{"type":"Polygon","coordinates":[[[36.62774020142422,37.026007364150516],[36.627837441645454,37.025920140762025],[36.627978123375996,37.026020106491856],[36.62788088315476,37.02610732976556],[36.62774020142422,37.026007364150516]]]}},{"type":"Feature","properties":{"source":"Microsoft Global ML Building Footprints"},"geometry":{"type":"Polygon","coordinates":[[[36.62789224569791,37.02792169605754],[36.62798405781781,37.02787354583348],[36.62801851857387,37.027915430124956],[36.627926706454,37.02796358032247],[36.62789224569791,37.02792169605754]]]}},{"type":"Feature","properties":{"source":"Microsoft Global ML Building Footprints"},"geometry":{"type":"Polygon","coordinates":[[[36.628182266871626,37.025631376158366],[36.628192923607436,37.02562181639163],[36.6281704720541,37.02560586518421],[36.628235744560904,37.02554731157448],[36.62838173675124,37.02565103500628],[36.62830581084084,37.02571915065921],[36.628182266871626,37.025631376158366]]]}},{"type":"Feature","properties":{"source":"Microsoft Global ML Building Footprints"},"geometry":{"type":"Polygon","coordinates":[[[36.628216725826555,37.02096962497826],[36.6282375426742,37.021024557534446],[36.62820163593702,37.02103323351647],[36.62818081467802,37.020978302032454],[36.628216725826555,37.02096962497826]]]}},{"type":"Feature","properties":{"source":"Microsoft Global ML Building Footprints"},"geometry":{"type":"Polygon","coordinates":[[[36.62888930430894,37.019526653888015],[36.62892948160839,37.019604102572494],[36.62879126505786,37.01964981139564],[36.62875108538428,37.019572371266726],[36.62888930430894,37.019526653888015]]]}},{"type":"Feature","properties":{"source":"Microsoft Global ML Building Footprints"},"geometry":{"type":"Polygon","coordinates":[[[36.63131056214229,37.024023436329145],[36.631363907247824,37.024009557670716],[36.63137214977724,37.02402975638017],[36.631430345637455,37.024014618966426],[36.63145562575406,37.02407656907052],[36.63134408368863,37.02410558242055],[36.63131056214229,37.024023436329145]]]}},{"type":"Feature","properties":{"source":"Microsoft Global ML Building Footprints"},"geometry":{"type":"Polygon","coordinates":[[[36.632336558186736,37.0268000569771],[36.63240448777972,37.02677940119557],[36.63241876251596,37.02680932222242],[36.63222064709677,37.02686956439318],[36.632160394466766,37.02674324670983],[36.63229057365272,37.02670366953968],[36.632336558186736,37.0268000569771]]]}},{"type":"Feature","properties":{"source":"Microsoft Global ML Building Footprints"},"geometry":{"type":"Polygon","coordinates":[[[36.63239052000367,37.02084102856767],[36.63246660973559,37.02090792238782],[36.632360778394535,37.02098466076732],[36.63228468866262,37.02091776701472],[36.63239052000367,37.02084102856767]]]}},{"type":"Feature","properties":{"source":"Microsoft Global ML Building Footprints"},"geometry":{"type":"Polygon","coordinates":[[[36.63474783181834,37.02045163595933],[36.6347454271918,37.02039928559666],[36.63471328391608,37.02040022679692],[36.63471023861367,37.02033392843143],[36.634905776874334,37.02032820279141],[36.63491122638446,37.02044684240956],[36.63474783181834,37.02045163595933]]]}},{"type":"Feature","properties":{"source":"Microsoft Global ML Building Footprints"},"geometry":{"type":"Polygon","coordinates":[[[36.63921281939541,37.02853466702486],[36.63919114489569,37.02866513276508],[36.638914381329066,37.02863582844998],[36.638936055828786,37.0285053626594],[36.63921281939541,37.02853466702486]]]}},{"type":"Feature","properties":{"source":"Microsoft Global ML Building Footprints"},"geometry":{"type":"Polygon","coordinates":[[[36.63934291896312,37.02600279133424],[36.639176580762076,37.02597903488667],[36.639230049418934,37.02574041276262],[36.63939638761999,37.025764169284805],[36.63934291896312,37.02600279133424]]]}},{"type":"Feature","properties":{"source":"Microsoft Global ML Building Footprints"},"geometry":{"type":"Polygon","coordinates":[[[36.62491031260765,37.01992131425014],[36.624899845009026,37.0198331210954],[36.62506563410052,37.01982057702443],[36.62507609512597,37.01990877995514],[36.62491031260765,37.01992131425014]]]}},{"type":"Feature","properties":{"source":"Microsoft Global ML Building Footprints"},"geometry":{"type":"Polygon","coordinates":[[[36.62514349692843,37.02078745665143],[36.62500777236748,37.02077784731313],[36.625032912138224,37.02055167260429],[36.62511807212225,37.02055770673273],[36.62511382097733,37.020595953007344],[36.62516438471785,37.02059953576908],[36.62514349692843,37.02078745665143]]]}},{"type":"Feature","properties":{"source":"Microsoft Global ML Building Footprints"},"geometry":{"type":"Polygon","coordinates":[[[36.62579177813403,37.02606626364359],[36.626212742259746,37.026132266204],[36.62620614874381,37.02615907023064],[36.62623972256977,37.026164334234196],[36.62621943482844,37.02624680809725],[36.62618069579846,37.02624073425355],[36.626165479992444,37.02630258959701],[36.62574968107075,37.02623739703049],[36.62579177813403,37.02606626364359]]]}},{"type":"Feature","properties":{"source":"Microsoft Global ML Building Footprints"},"geometry":{"type":"Polygon","coordinates":[[[36.62626033426916,37.023922260353906],[36.626252059144456,37.02397714227483],[36.626064342602824,37.02395910083457],[36.626072617727566,37.023904218900604],[36.62626033426916,37.023922260353906]]]}},{"type":"Feature","properties":{"source":"Microsoft Global ML Building Footprints"},"geometry":{"type":"Polygon","coordinates":[[[36.62669253309812,37.02826215525795],[36.62680504188022,37.02822042611608],[36.62686141145302,37.0283172909199],[36.62674890267093,37.028359020008565],[36.62669253309812,37.02826215525795]]]}},{"type":"Feature","properties":{"source":"Microsoft Global ML Building Footprints"},"geometry":{"type":"Polygon","coordinates":[[[36.628028088225854,37.02919264894805],[36.62798764789937,37.02980119988231],[36.627867287244285,37.02979610234249],[36.62790772757077,37.0291875513674],[36.628028088225854,37.02919264894805]]]}},{"type":"Feature","properties":{"source":"Microsoft Global ML Building Footprints"},"geometry":{"type":"Polygon","coordinates":[[[36.62981176996261,37.02575021659016],[36.6298753502207,37.025887811315435],[36.62949524509329,37.02599976171878],[36.62943166483515,37.025862167196294],[36.62981176996261,37.02575021659016]]]}},{"type":"Feature","properties":{"source":"Microsoft Global ML Building Footprints"},"geometry":{"type":"Polygon","coordinates":[[[36.62988884429141,37.02169880840509],[36.629921026864174,37.02169909254422],[36.62991975161922,37.021791165552266],[36.62988756904645,37.02179088141351],[36.62988884429141,37.02169880840509]]]}},{"type":"Feature","properties":{"source":"Microsoft Global ML Building Footprints"},"geometry":{"type":"Polygon","coordinates":[[[36.62996085071783,37.02340834250722],[36.630180597154634,37.02337436633015],[36.63024267867136,37.023630306773974],[36.63007463727852,37.02365628847028],[36.630045599149696,37.02353657453999],[36.62999389410577,37.0235445689189],[36.62996085071783,37.02340834250722]]]}},{"type":"Feature","properties":{"source":"Microsoft Global ML Building Footprints"},"geometry":{"type":"Polygon","coordinates":[[[36.63157409284539,37.02458648660773],[36.63157458215842,37.02459503438383],[36.63126409543057,37.024606380765434],[36.631257664727165,37.0244940431846],[36.63171402756784,37.02447739140283],[36.63171997657884,37.02458115545271],[36.63157409284539,37.02458648660773]]]}},{"type":"Feature","properties":{"source":"Microsoft Global ML Building Footprints"},"geometry":{"type":"Polygon","coordinates":[[[36.63167007969962,37.02808411943281],[36.63162633010052,37.02809129894083],[36.6316064674621,37.028014130339365],[36.63176503500416,37.02798811751545],[36.631790720891054,37.028087876138876],[36.63167589674498,37.028106719300645],[36.63167007969962,37.02808411943281]]]}},{"type":"Feature","properties":{"source":"Microsoft Global ML Building Footprints"},"geometry":{"type":"Polygon","coordinates":[[[36.633398401217036,37.02194784141083],[36.63346646461044,37.0219456506859],[36.633469648007505,37.02200869745082],[36.63340157890491,37.022010884554035],[36.633398401217036,37.02194784141083]]]}},{"type":"Feature","properties":{"source":"Microsoft Global ML Building Footprints"},"geometry":{"type":"Polygon","coordinates":[[[36.635594002119085,37.01986135245167],[36.63564626699707,37.01987298524207],[36.63563377873465,37.01990875352672],[36.635581513856664,37.019897120741774],[36.635594002119085,37.01986135245167]]]}},{"type":"Feature","properties":{"source":"Microsoft Global ML Building Footprints"},"geometry":{"type":"Polygon","coordinates":[[[36.63608863817892,37.02324334827561],[36.63614754229954,37.02319791279632],[36.636207266334175,37.023247267840674],[36.63614835791555,37.02329270331401],[36.63608863817892,37.02324334827561]]]}},{"type":"Feature","properties":{"source":"Microsoft Global ML Building Footprints"},"geometry":{"type":"Polygon","coordinates":[[[36.63770859515224,37.02731475972337],[36.63776222060628,37.027315559747926],[36.637761068192,37.02736479330328],[36.63770744273792,37.02736399327923],[36.63770859515224,37.02731475972337]]]}},{"type":"Feature","properties":{"source":"Microsoft Global ML Building Footprints"},"geometry":{"type":"Polygon","coordinates":[[[36.638107914847474,37.0331670332117],[36.63803742603169,37.033186720727116],[36.638019032092,37.0331447523546],[36.638089517629645,37.0331250657439],[36.638107914847474,37.0331670332117]]]}},{"type":"Feature","properties":{"source":"Microsoft Global ML Building Footprints"},"geometry":{"type":"Polygon","coordinates":[[[36.624490346219275,37.020733727428656],[36.62459462423266,37.020738400751746],[36.624586080176954,37.02086008455276],[36.624504846418475,37.020856443986766],[36.62450364576038,37.02087352233332],[36.624380651662115,37.020868010240015],[36.62438418431053,37.020817761288114],[36.62444033401006,37.02082027455244],[36.624441753856416,37.02080007842344],[36.624485549556404,37.0208020411697],[36.624490346219275,37.020733727428656]]]}},{"type":"Feature","properties":{"source":"Microsoft Global ML Building Footprints"},"geometry":{"type":"Polygon","coordinates":[[[36.62457236543573,37.031996032909156],[36.624512700466404,37.03206257679696],[36.624468361582444,37.03203724144056],[36.62452802655173,37.031970697530554],[36.62457236543573,37.031996032909156]]]}},{"type":"Feature","properties":{"source":"Microsoft Global ML Building Footprints"},"geometry":{"type":"Polygon","coordinates":[[[36.62484618698852,37.029855850902976],[36.624672208468894,37.029862218029265],[36.624667374704785,37.02977791225058],[36.62484135378061,37.02977155481773],[36.62484618698852,37.029855850902976]]]}},{"type":"Feature","properties":{"source":"Microsoft Global ML Building Footprints"},"geometry":{"type":"Polygon","coordinates":[[[36.62530279329837,37.02464616331233],[36.62520121544516,37.024641429604706],[36.62520402399767,37.024603015045514],[36.625305601850876,37.024607748755535],[36.62530279329837,37.02464616331233]]]}},{"type":"Feature","properties":{"source":"Microsoft Global ML Building Footprints"},"geometry":{"type":"Polygon","coordinates":[[[36.62933642329194,37.02245066088564],[36.62937689979241,37.02244579125647],[36.62938836572777,37.02250651456363],[36.62934788402242,37.02251138481508],[36.62933642329194,37.02245066088564]]]}},{"type":"Feature","properties":{"source":"Microsoft Global ML Building Footprints"},"geometry":{"type":"Polygon","coordinates":[[[36.629962869904325,37.03189993665814],[36.6299673936535,37.032075441228386],[36.6294728381617,37.03208356497172],[36.62946832979294,37.03190806016762],[36.629962869904325,37.03189993665814]]]}},{"type":"Feature","properties":{"source":"Microsoft Global ML Building Footprints"},"geometry":{"type":"Polygon","coordinates":[[[36.6309475965685,37.02843375909403],[36.63107083265135,37.02843714000744],[36.63106484848771,37.02857616059422],[36.630941612404854,37.02857277968699],[36.6309475965685,37.02843375909403]]]}},{"type":"Feature","properties":{"source":"Microsoft Global ML Building Footprints"},"geometry":{"type":"Polygon","coordinates":[[[36.63279141101226,37.0185250536163],[36.63287899805984,37.01851786354776],[36.63287381328499,37.018477599032664],[36.63290035481452,37.01847542022272],[36.63291045148138,37.01855383005045],[36.632796322904234,37.018563198923076],[36.63279141101226,37.0185250536163]]]}},{"type":"Feature","properties":{"source":"Microsoft Global ML Building Footprints"},"geometry":{"type":"Polygon","coordinates":[[[36.63368613919912,37.02779323435239],[36.63375390741008,37.02807847876201],[36.63341313201262,37.0281300602426],[36.633392023352485,37.02804117877491],[36.63327033402087,37.02805959829813],[36.63324653392893,37.027959384015965],[36.63300733920063,37.02799560316026],[36.63301788571034,37.02803999461811],[36.63287807422658,37.02806115720345],[36.63285328854512,37.027956831441166],[36.63283775413488,37.02795918368026],[36.63282596851008,37.02790957659155],[36.63285962639896,37.02790448007009],[36.63284980504495,37.02786314080197],[36.63333137176265,37.02779022126403],[36.63334437779442,37.02784496527422],[36.63368613919912,37.02779323435239]]]}},{"type":"Feature","properties":{"source":"Microsoft Global ML Building Footprints"},"geometry":{"type":"Polygon","coordinates":[[[36.63484707107795,37.02117799481842],[36.635132066811884,37.02120715450041],[36.63511666115657,37.02130308425039],[36.63504013519996,37.02129525013963],[36.63502863133662,37.02136688368003],[36.63482016407544,37.021345542497784],[36.63484707107795,37.02117799481842]]]}},{"type":"Feature","properties":{"source":"Microsoft Global ML Building Footprints"},"geometry":{"type":"Polygon","coordinates":[[[36.63492985861254,37.0234599706515],[36.634855492722174,37.02350947437889],[36.63472551900518,37.02338501705128],[36.634799882335635,37.023335510791554],[36.63492985861254,37.0234599706515]]]}},{"type":"Feature","properties":{"source":"Microsoft Global ML Building Footprints"},"geometry":{"type":"Polygon","coordinates":[[[36.63644218785126,37.021224437311744],[36.63649036822559,37.02118339577374],[36.63655518529458,37.021231897633555],[36.63650700683556,37.02127294057857],[36.63644218785126,37.021224437311744]]]}},{"type":"Feature","properties":{"source":"Microsoft Global ML Building Footprints"},"geometry":{"type":"Polygon","coordinates":[[[36.63718292239943,37.023341573040526],[36.63721184800363,37.02330839395404],[36.63726424655193,37.02333751238328],[36.63723532094774,37.02337069145705],[36.63718292239943,37.023341573040526]]]}},{"type":"Feature","properties":{"source":"Microsoft Global ML Building Footprints"},"geometry":{"type":"Polygon","coordinates":[[[36.63890289243903,37.026049906515325],[36.63889763116737,37.026146084806165],[36.638747713405486,37.026140857650226],[36.638752974677146,37.02604467935277],[36.63890289243903,37.026049906515325]]]}},{"type":"Feature","properties":{"source":"Microsoft Global ML Building Footprints"},"geometry":{"type":"Polygon","coordinates":[[[36.629858394354436,37.02170523224505],[36.629856372287,37.021840127033315],[36.6298054176142,37.02183964014148],[36.62980625302458,37.02178390884254],[36.62978202881414,37.02178953455917],[36.62978152604076,37.02182307522059],[36.62973168596985,37.021834652622736],[36.629691736492724,37.021834270889805],[36.62969190836448,37.021822871768315],[36.629648168032965,37.021702839573074],[36.62972629166708,37.02168469648575],[36.629793669291644,37.021685340306654],[36.62983200392591,37.02167643549706],[36.62983157610561,37.021704975985735],[36.629858394354436,37.02170523224505]]]}},{"type":"Feature","properties":{"source":"Microsoft Global ML Building Footprints"},"geometry":{"type":"Polygon","coordinates":[[[36.631497838011704,37.02974642549679],[36.63149989575644,37.02983847069101],[36.631373872073866,37.02984026624715],[36.631371814329135,37.029748221055115],[36.631497838011704,37.02974642549679]]]}},{"type":"Feature","properties":{"source":"Microsoft Global ML Building Footprints"},"geometry":{"type":"Polygon","coordinates":[[[36.631851642192615,37.023888320611846],[36.6318850509296,37.02399160078285],[36.63174423903257,37.024020634705245],[36.63171083268165,37.02391736194988],[36.631851642192615,37.023888320611846]]]}},{"type":"Feature","properties":{"source":"Microsoft Global ML Building Footprints"},"geometry":{"type":"Polygon","coordinates":[[[36.63263962946789,37.02708044201259],[36.63248905728021,37.02710948477246],[36.63247313350104,37.0270568812465],[36.63262371004595,37.02702783762606],[36.63263962946789,37.02708044201259]]]}},{"type":"Feature","properties":{"source":"Microsoft Global ML Building Footprints"},"geometry":{"type":"Polygon","coordinates":[[[36.63325653562089,37.02732211072829],[36.63326349094996,37.02738698238072],[36.63319318287728,37.02739179085462],[36.63318622148405,37.02732691569222],[36.63325653562089,37.02732211072829]]]}},{"type":"Feature","properties":{"source":"Microsoft Global ML Building Footprints"},"geometry":{"type":"Polygon","coordinates":[[[36.633589617637334,37.01900218823987],[36.6336458899314,37.01900079518907],[36.633648299313094,37.01906284110438],[36.63358934738599,37.01906430048974],[36.63359125827496,37.01911350928217],[36.633497471118204,37.019115831030014],[36.63349497865437,37.01905164564423],[36.63359144544416,37.019049257558706],[36.633589617637334,37.01900218823987]]]}},{"type":"Feature","properties":{"source":"Microsoft Global ML Building Footprints"},"geometry":{"type":"Polygon","coordinates":[[[36.63458507924284,37.02263776133546],[36.634653168239566,37.022599440004896],[36.63473840019985,37.0226959733609],[36.63467031344722,37.02273429718439],[36.63458507924284,37.02263776133546]]]}},{"type":"Feature","properties":{"source":"Microsoft Global ML Building Footprints"},"geometry":{"type":"Polygon","coordinates":[[[36.6353396632197,37.02355083430569],[36.63561350475627,37.02344728709745],[36.63563784431008,37.02348831111785],[36.63536401018839,37.023591870767774],[36.6353396632197,37.02355083430569]]]}},{"type":"Feature","properties":{"source":"Microsoft Global ML Building Footprints"},"geometry":{"type":"Polygon","coordinates":[[[36.63557743886476,37.0264673378786],[36.635583418375326,37.0265214281555],[36.63548228219262,37.026528554178824],[36.635476302062145,37.02647445829954],[36.63557743886476,37.0264673378786]]]}},{"type":"Feature","properties":{"source":"Microsoft Global ML Building Footprints"},"geometry":{"type":"Polygon","coordinates":[[[36.639951642262616,37.026724317906684],[36.639823338634855,37.0267183030488],[36.63983071574174,37.02661800516378],[36.6399590193695,37.02662402002959],[36.639951642262616,37.026724317906684]]]}},{"type":"Feature","properties":{"source":"Microsoft Global ML Building Footprints"},"geometry":{"type":"Polygon","coordinates":[[[36.62480258743328,37.021738397785484],[36.624805582305065,37.02177249400742],[36.62475596799516,37.021775271976665],[36.62475297014912,37.021741175922514],[36.62480258743328,37.021738397785484]]]}},{"type":"Feature","properties":{"source":"Microsoft Global ML Building Footprints"},"geometry":{"type":"Polygon","coordinates":[[[36.62598514734379,37.0209394109016],[36.625953419550996,37.020942456835954],[36.625961685327944,37.02099734273176],[36.62591409363871,37.02100191162975],[36.625901377058845,37.0209174717787],[36.625980696540864,37.0209098569401],[36.62598514734379,37.0209394109016]]]}},{"type":"Feature","properties":{"source":"Microsoft Global ML Building Footprints"},"geometry":{"type":"Polygon","coordinates":[[[36.62613942007071,37.02131120227645],[36.6261045666167,37.0213117846108],[36.62610327619977,37.02126255149884],[36.62635261244762,37.02125838556568],[36.62635586654253,37.02138253857619],[36.626141383748646,37.021386122168785],[36.62613942007071,37.02131120227645]]]}},{"type":"Feature","properties":{"source":"Microsoft Global ML Building Footprints"},"geometry":{"type":"Polygon","coordinates":[[[36.62649680636558,37.024362856437115],[36.62661895641146,37.024383100733175],[36.62659012249041,37.02449395861229],[36.62646798176128,37.024473715889854],[36.62649680636558,37.024362856437115]]]}},{"type":"Feature","properties":{"source":"Microsoft Global ML Building Footprints"},"geometry":{"type":"Polygon","coordinates":[[[36.627170023322364,37.02430857912659],[36.62721913982747,37.024205755695256],[36.62734677731045,37.024244618467975],[36.6272976529362,37.02434743945074],[36.627170023322364,37.02430857912659]]]}},{"type":"Feature","properties":{"source":"Microsoft Global ML Building Footprints"},"geometry":{"type":"Polygon","coordinates":[[[36.63358202165222,37.02049921605464],[36.63369714542473,37.02049527895424],[36.63369794816413,37.0205102422087],[36.633770235184095,37.020507770076286],[36.633776083714,37.020616787987684],[36.63358867292147,37.02062319721052],[36.63358202165222,37.02049921605464]]]}},{"type":"Feature","properties":{"source":"Microsoft Global ML Building Footprints"},"geometry":{"type":"Polygon","coordinates":[[[36.63751924415824,37.024066697090504],[36.637482658204014,37.02407408739474],[36.637470536917874,37.02403584871561],[36.63750712602254,37.02402845777128],[36.63751924415824,37.024066697090504]]]}},{"type":"Feature","properties":{"source":"Microsoft Global ML Building Footprints"},"geometry":{"type":"Polygon","coordinates":[[[36.639422090004686,37.030841419805284],[36.639458805673115,37.03073609051384],[36.63971770682028,37.03079360559053],[36.63968099115181,37.03089893480222],[36.639422090004686,37.030841419805284]]]}},{"type":"Feature","properties":{"source":"Microsoft Global ML Building Footprints"},"geometry":{"type":"Polygon","coordinates":[[[36.62441611289978,37.0187147532831],[36.62447243928909,37.0187147532831],[36.62447243928909,37.01877900065594],[36.62441611289978,37.01877900065594],[36.62441611289978,37.0187147532831]]]}},{"type":"Feature","properties":{"source":"Microsoft Global ML Building Footprints"},"geometry":{"type":"Polygon","coordinates":[[[36.62448085012476,37.020578669955356],[36.624571921803756,37.02058134683392],[36.624567977424014,37.02066689194377],[36.62447690574502,37.020664215068216],[36.62448085012476,37.020578669955356]]]}},{"type":"Feature","properties":{"source":"Microsoft Global ML Building Footprints"},"geometry":{"type":"Polygon","coordinates":[[[36.625567799791156,37.022685581992626],[36.625566096898126,37.02271457564419],[36.62550068215602,37.02271212293791],[36.62550482979422,37.02264160999784],[36.62559164889073,37.022644865257],[36.62558921038341,37.02268638358029],[36.625567799791156,37.022685581992626]]]}},{"type":"Feature","properties":{"source":"Microsoft Global ML Building Footprints"},"geometry":{"type":"Polygon","coordinates":[[[36.62558203154505,37.02323463715737],[36.62556791127545,37.023308797246735],[36.6254525585116,37.02329480356956],[36.62547504907549,37.02317668238135],[36.62552485997825,37.023182727835824],[36.62551649088347,37.02322668261737],[36.62558203154505,37.02323463715737]]]}},{"type":"Feature","properties":{"source":"Microsoft Global ML Building Footprints"},"geometry":{"type":"Polygon","coordinates":[[[36.62862977783407,37.027233802400154],[36.62867987562886,37.02725884439804],[36.62869314637676,37.027241923210596],[36.628779854098525,37.02728526512015],[36.628706261769295,37.0273791006949],[36.62856945625274,37.027310716866346],[36.62862977783407,37.027233802400154]]]}},{"type":"Feature","properties":{"source":"Microsoft Global ML Building Footprints"},"geometry":{"type":"Polygon","coordinates":[[[36.62924240878524,37.02063831652183],[36.62918980339715,37.02063939535809],[36.62918862976852,37.02060301348049],[36.629241238343695,37.02060193457834],[36.62924240878524,37.02063831652183]]]}},{"type":"Feature","properties":{"source":"Microsoft Global ML Building Footprints"},"geometry":{"type":"Polygon","coordinates":[[[36.62960274863732,37.02225158357384],[36.629505801895284,37.02227885969696],[36.62944168182315,37.022278447654735],[36.62939746834316,37.02229088471526],[36.629357135284664,37.022199485831685],[36.62932720739865,37.022199291839456],[36.62925592725187,37.02221934265606],[36.62928896312415,37.022294205349226],[36.629288428329254,37.02234725492611],[36.62918565568774,37.02237616439591],[36.62917304588306,37.022347589317754],[36.629127711372476,37.022360341707696],[36.629089041304844,37.02227271141572],[36.62911528760042,37.02226532844486],[36.62909227533057,37.02221318025641],[36.62917622529771,37.02218956077715],[36.62917674599248,37.02213835503585],[36.629147685803105,37.022138166667865],[36.629130136810204,37.022098398767916],[36.629201496293284,37.0220783256024],[36.62920217328739,37.02201174909622],[36.629297441649186,37.02198495041749],[36.62931616170253,37.02198507176102],[36.62933842586773,37.02203552481886],[36.62940906320962,37.02201565477265],[36.629420886443334,37.02201573141091],[36.629458752303464,37.02210153957839],[36.629458803226925,37.022096531698935],[36.62953454123563,37.02209701840038],[36.62960274863732,37.02225158357384]]]}},{"type":"Feature","properties":{"source":"Microsoft Global ML Building Footprints"},"geometry":{"type":"Polygon","coordinates":[[[36.63004563508491,37.02286287020725],[36.630070589294654,37.02293995233745],[36.62989710362494,37.02297574312774],[36.62987215235701,37.022898670120924],[36.63004563508491,37.02286287020725]]]}},{"type":"Feature","properties":{"source":"Microsoft Global ML Building Footprints"},"geometry":{"type":"Polygon","coordinates":[[[36.63208328159571,37.02248899822098],[36.63196040069434,37.022527855522746],[36.6318970391343,37.022400129948814],[36.63201992003564,37.02236127258172],[36.63208328159571,37.02248899822098]]]}},{"type":"Feature","properties":{"source":"Microsoft Global ML Building Footprints"},"geometry":{"type":"Polygon","coordinates":[[[36.636042788564495,37.02493907920118],[36.63608339213516,37.02517881559336],[36.63585949804977,37.02520298594483],[36.635863772109836,37.025228221302484],[36.635566124678654,37.02526035362952],[36.635521247047876,37.02499538206805],[36.636042788564495,37.02493907920118]]]}},{"type":"Feature","properties":{"source":"Microsoft Global ML Building Footprints"},"geometry":{"type":"Polygon","coordinates":[[[36.63629895837714,37.02530744078303],[36.63616416059092,37.025314505880104],[36.63615310307418,37.02518017749396],[36.636311948873896,37.02517185196412],[36.63631693477295,37.02523248602939],[36.63629289859474,37.025233747171384],[36.63629895837714,37.02530744078303]]]}},{"type":"Feature","properties":{"source":"Microsoft Global ML Building Footprints"},"geometry":{"type":"Polygon","coordinates":[[[36.62512425197895,37.0238574848506],[36.625117657186884,37.02389747895027],[36.62503065221114,37.02388833416464],[36.62503724700317,37.02384834006016],[36.62512425197895,37.0238574848506]]]}},{"type":"Feature","properties":{"source":"Microsoft Global ML Building Footprints"},"geometry":{"type":"Polygon","coordinates":[[[36.62844605882614,37.022553379684375],[36.62844298381574,37.02250133480236],[36.62852059517324,37.02249841176892],[36.62852367043932,37.02255046098017],[36.62844605882614,37.022553379684375]]]}},{"type":"Feature","properties":{"source":"Microsoft Global ML Building Footprints"},"geometry":{"type":"Polygon","coordinates":[[[36.63046333776368,37.021315958261276],[36.63055974170035,37.021312866100665],[36.63056479797411,37.02141335467214],[36.6304683940374,37.02141644682867],[36.63046333776368,37.021315958261276]]]}},{"type":"Feature","properties":{"source":"Microsoft Global ML Building Footprints"},"geometry":{"type":"Polygon","coordinates":[[[36.631179495742316,37.024191422770635],[36.63120600087065,37.02428965247456],[36.630993250858964,37.02432624365993],[36.63096674573063,37.024228014003306],[36.631179495742316,37.024191422770635]]]}},{"type":"Feature","properties":{"source":"Microsoft Global ML Building Footprints"},"geometry":{"type":"Polygon","coordinates":[[[36.631754636764526,37.03251598268831],[36.631754636764526,37.032428193808734],[36.631880700588226,37.032428193808734],[36.631880700588226,37.03251598268831],[36.631754636764526,37.03251598268831]]]}},{"type":"Feature","properties":{"source":"Microsoft Global ML Building Footprints"},"geometry":{"type":"Polygon","coordinates":[[[36.63251663073173,37.02615462186785],[36.63258112987468,37.02637831879941],[36.6324868822202,37.02639563931472],[36.632490986711105,37.02640987454846],[36.6322770190631,37.02644919677741],[36.63222893788382,37.026282441101074],[36.63234611064344,37.02626090745477],[36.63232558818886,37.02618973111979],[36.63251663073173,37.02615462186785]]]}},{"type":"Feature","properties":{"source":"Microsoft Global ML Building Footprints"},"geometry":{"type":"Polygon","coordinates":[[[36.63256624632589,37.021415321911924],[36.63280491856949,37.021295782680205],[36.63282665232069,37.02132344442613],[36.63289209471008,37.0212906675191],[36.63294458748976,37.02135747796734],[36.63261159072284,37.02152424093574],[36.63254703412845,37.02144207637897],[36.63249891472451,37.02146617699925],[36.632433713470995,37.02138319188716],[36.63251070451733,37.02134463084892],[36.63256624632589,37.021415321911924]]]}},{"type":"Feature","properties":{"source":"Microsoft Global ML Building Footprints"},"geometry":{"type":"Polygon","coordinates":[[[36.63295402389534,37.0266621820005],[36.632626235524896,37.02669386777775],[36.632585415382266,37.02642471634428],[36.632572197998876,37.02642599327297],[36.63257123777741,37.0264196619516],[36.632912246268944,37.026386717181694],[36.63295402389534,37.0266621820005]]]}},{"type":"Feature","properties":{"source":"Microsoft Global ML Building Footprints"},"geometry":{"type":"Polygon","coordinates":[[[36.633544639024024,37.03058269120868],[36.6335378829044,37.03043837943507],[36.63361397226777,37.030436104961154],[36.63362074122077,37.030580420607535],[36.633544639024024,37.03058269120868]]]}},{"type":"Feature","properties":{"source":"Microsoft Global ML Building Footprints"},"geometry":{"type":"Polygon","coordinates":[[[36.634170380935906,37.026352996098396],[36.634322400911074,37.026310703001904],[36.634415338383796,37.026523580918315],[36.63426330507377,37.026565886101146],[36.634170380935906,37.026352996098396]]]}},{"type":"Feature","properties":{"source":"Microsoft Global ML Building Footprints"},"geometry":{"type":"Polygon","coordinates":[[[36.63446953629847,37.02371203109104],[36.63441133982271,37.02376162892707],[36.634325624741436,37.02369752498368],[36.63438382421036,37.02364792455487],[36.63446953629847,37.02371203109104]]]}},{"type":"Feature","properties":{"source":"Microsoft Global ML Building Footprints"},"geometry":{"type":"Polygon","coordinates":[[[36.635083479732046,37.02023047287189],[36.63522281700124,37.0202269768413],[36.635226943055464,37.020331808575996],[36.63508760578626,37.02033530460178],[36.635083479732046,37.02023047287189]]]}},{"type":"Feature","properties":{"source":"Microsoft Global ML Building Footprints"},"geometry":{"type":"Polygon","coordinates":[[[36.6376130032877,37.02423593241927],[36.63761571480259,37.02434295992678],[36.63749506458677,37.02434490152182],[36.63749235307188,37.02423787401707],[36.6376130032877,37.02423593241927]]]}},{"type":"Feature","properties":{"source":"Microsoft Global ML Building Footprints"},"geometry":{"type":"Polygon","coordinates":[[[36.63804327706811,37.03335646563978],[36.638059079732244,37.03325526200853],[36.63826244993412,37.033275498643256],[36.638252573269035,37.03333875091175],[36.63828162615501,37.033341641856715],[36.63827570015596,37.03337959319107],[36.63804327706811,37.03335646563978]]]}},{"type":"Feature","properties":{"source":"Microsoft Global ML Building Footprints"},"geometry":{"type":"Polygon","coordinates":[[[36.62594366631538,37.019646452725894],[36.626026672776646,37.01964919407464],[36.62602811260126,37.019621401423215],[36.626124507201446,37.01962458492604],[36.626119080170184,37.019729341785535],[36.626119080170184,37.019729341785535],[36.62611420691758,37.0198234090465],[36.62592945060057,37.01981730734861],[36.625933880830196,37.01973179165477],[36.625939236085756,37.01973196851578],[36.62594366631538,37.019646452725894]]]}},{"type":"Feature","properties":{"source":"Microsoft Global ML Building Footprints"},"geometry":{"type":"Polygon","coordinates":[[[36.62745680397075,37.02801609321584],[36.62738938785346,37.02806146893651],[36.62730794579765,37.02798434915633],[36.627375359589834,37.027938971187815],[36.62745680397075,37.02801609321584]]]}},{"type":"Feature","properties":{"source":"Microsoft Global ML Building Footprints"},"geometry":{"type":"Polygon","coordinates":[[[36.628493818383056,37.02037875285133],[36.628119393126255,37.02050876883478],[36.628107621455655,37.02048715808742],[36.62806108874801,37.02050331616312],[36.62792471511091,37.02025299768568],[36.627854794111755,37.02027727721457],[36.627819474320866,37.02021244641601],[36.62785249502719,37.020200980221034],[36.62784268530168,37.02018297119238],[36.62792839710741,37.02015320838939],[36.62790779668385,37.020115389400516],[36.62800027521112,37.02008327687348],[36.62804477840513,37.020164977427754],[36.62801771221193,37.02017437747934],[36.628029123760555,37.02019532719143],[36.6281960362244,37.02013736804744],[36.62821467470288,37.02017158521877],[36.628183096669176,37.020182550460696],[36.62819192542214,37.020198758586766],[36.62836334903369,37.02013923298149],[36.628493818383056,37.02037875285133]]]}},{"type":"Feature","properties":{"source":"Microsoft Global ML Building Footprints"},"geometry":{"type":"Polygon","coordinates":[[[36.629003215549304,37.02655273032822],[36.62912950228038,37.026504182284356],[36.629174190895625,37.026578275227266],[36.62904790761939,37.02662682895185],[36.629003215549304,37.02655273032822]]]}},{"type":"Feature","properties":{"source":"Microsoft Global ML Building Footprints"},"geometry":{"type":"Polygon","coordinates":[[[36.63003050516763,37.02792043954039],[36.630133940286186,37.02784425494618],[36.630216819628416,37.027915972541436],[36.63011338790611,37.02799215456221],[36.63003050516763,37.02792043954039]]]}},{"type":"Feature","properties":{"source":"Microsoft Global ML Building Footprints"},"geometry":{"type":"Polygon","coordinates":[[[36.631193070512545,37.02392125959828],[36.630776864117635,37.02400265821821],[36.63070869987902,37.02378043154761],[36.63122357240468,37.02367973621603],[36.63127873834018,37.02385953517539],[36.6312395685799,37.02386719572218],[36.63124231396314,37.023876146127115],[36.63118279899199,37.023887782319036],[36.631193070512545,37.02392125959828]]]}},{"type":"Feature","properties":{"source":"Microsoft Global ML Building Footprints"},"geometry":{"type":"Polygon","coordinates":[[[36.6377570550035,37.02342977436883],[36.63780068150906,37.02342237084409],[36.63781268195922,37.023467446165625],[36.637769055453646,37.02347484968597],[36.6377570550035,37.02342977436883]]]}},{"type":"Feature","properties":{"source":"Microsoft Global ML Building Footprints"},"geometry":{"type":"Polygon","coordinates":[[[36.63903438828041,37.02113095440484],[36.63910971901146,37.02111798920046],[36.63912830355204,37.02118682277212],[36.63905296596903,37.02119978493419],[36.63903438828041,37.02113095440484]]]}},{"type":"Feature","properties":{"source":"Microsoft Global ML Building Footprints"},"geometry":{"type":"Polygon","coordinates":[[[36.62513541092204,37.02746928019607],[36.625136960271135,37.027537780493276],[36.62508333357629,37.02753855356633],[36.62508420508515,37.027577084955965],[36.62497427036079,37.027578669754924],[36.62497335043477,37.0275379977328],[36.62491436107046,37.02753884811315],[36.624912860138565,37.027472488452126],[36.62513541092204,37.02746928019607]]]}},{"type":"Feature","properties":{"source":"Microsoft Global ML Building Footprints"},"geometry":{"type":"Polygon","coordinates":[[[36.625241400640924,37.019545904341186],[36.62523378967471,37.019414350173655],[36.62534518744695,37.01941023541638],[36.62535281028028,37.0195417953784],[36.625241400640924,37.019545904341186]]]}},{"type":"Feature","properties":{"source":"Microsoft Global ML Building Footprints"},"geometry":{"type":"Polygon","coordinates":[[[36.62553126748062,37.024853381489464],[36.62553419778602,37.0247763618616],[36.625445766479615,37.02477421733533],[36.62544845259291,37.0247036159392],[36.62559047863052,37.02470706018151],[36.62558828090144,37.024764824962446],[36.62562043774015,37.024765604790275],[36.625617019050466,37.02485546102792],[36.62553126748062,37.024853381489464]]]}},{"type":"Feature","properties":{"source":"Microsoft Global ML Building Footprints"},"geometry":{"type":"Polygon","coordinates":[[[36.62747071403378,37.02330932317362],[36.6275069759612,37.02321636705075],[36.62767079346915,37.02325710176935],[36.627634528286656,37.02335006618665],[36.62747071403378,37.02330932317362]]]}},{"type":"Feature","properties":{"source":"Microsoft Global ML Building Footprints"},"geometry":{"type":"Polygon","coordinates":[[[36.62761428814446,37.02117881096088],[36.62761290426548,37.02123232589305],[36.627434898547996,37.021229391543635],[36.627436287116055,37.0211758766867],[36.62761428814446,37.02117881096088]]]}},{"type":"Feature","properties":{"source":"Microsoft Global ML Building Footprints"},"geometry":{"type":"Polygon","coordinates":[[[36.63241529546323,37.02329265108492],[36.6323152314016,37.023350695605274],[36.63225076479195,37.02327985496653],[36.632350832184,37.023221814051766],[36.63241529546323,37.02329265108492]]]}},{"type":"Feature","properties":{"source":"Microsoft Global ML Building Footprints"},"geometry":{"type":"Polygon","coordinates":[[[36.6331361568222,37.022436447172],[36.63318711441682,37.02250404809561],[36.633072907620246,37.022558918456525],[36.63302195002566,37.02249131758174],[36.6331361568222,37.022436447172]]]}},{"type":"Feature","properties":{"source":"Microsoft Global ML Building Footprints"},"geometry":{"type":"Polygon","coordinates":[[[36.633781623102706,37.019669688813515],[36.633707290903665,37.019682478250246],[36.63369734853789,37.01964564095401],[36.633771680736935,37.01963285151105],[36.633781623102706,37.019669688813515]]]}},{"type":"Feature","properties":{"source":"Microsoft Global ML Building Footprints"},"geometry":{"type":"Polygon","coordinates":[[[36.63796985769676,37.02751573810867],[36.63799151224764,37.0274036143061],[36.638064870927245,37.0274126401822],[36.63804240769505,37.02752895119033],[36.63807908664825,37.02753346612295],[36.63806939175136,37.02758366468376],[36.63792424979923,37.02756579869523],[36.637934747947334,37.027511416333496],[36.63796985769676,37.02751573810867]]]}},{"type":"Feature","properties":{"source":"Microsoft Global ML Building Footprints"},"geometry":{"type":"Polygon","coordinates":[[[36.62440213362724,37.02222170416483],[36.62440471537142,37.022172536497635],[36.624530558018805,37.02217674866031],[36.62453022126957,37.02218316183574],[36.62461322386677,37.02218594007032],[36.62461097887186,37.02222869455779],[36.62440213362724,37.02222170416483]]]}},{"type":"Feature","properties":{"source":"Microsoft Global ML Building Footprints"},"geometry":{"type":"Polygon","coordinates":[[[36.62878493707081,37.019836769932844],[36.628814265787746,37.01988263418853],[36.628741158082214,37.01991244072142],[36.62871182617635,37.019866577783866],[36.62878493707081,37.019836769932844]]]}},{"type":"Feature","properties":{"source":"Microsoft Global ML Building Footprints"},"geometry":{"type":"Polygon","coordinates":[[[36.62898151105746,37.02754850923902],[36.62908443616158,37.027559010508455],[36.62906432555604,37.02768463854775],[36.628968272605725,37.02767484381545],[36.62897332907109,37.02764323951642],[36.62889943282421,37.02763570414829],[36.628919196948864,37.0275121727958],[36.62895086649038,37.027515403985774],[36.628958282574324,37.027469051319784],[36.62899365301026,37.02747266010781],[36.62898151105746,37.02754850923902]]]}},{"type":"Feature","properties":{"source":"Microsoft Global ML Building Footprints"},"geometry":{"type":"Polygon","coordinates":[[[36.6291475172718,37.03269802468972],[36.629145659789145,37.032633823335665],[36.629378887560605,37.03262952317304],[36.62938216911323,37.03274294553489],[36.62918379146856,37.03274660313903],[36.62918236739854,37.03269738213726],[36.6291475172718,37.03269802468972]]]}},{"type":"Feature","properties":{"source":"Microsoft Global ML Building Footprints"},"geometry":{"type":"Polygon","coordinates":[[[36.63036927833979,37.0259240889811],[36.63038888657611,37.02595157716528],[36.630358506560285,37.025965389946926],[36.63033889832393,37.02593790176774],[36.63036927833979,37.0259240889811]]]}},{"type":"Feature","properties":{"source":"Microsoft Global ML Building Footprints"},"geometry":{"type":"Polygon","coordinates":[[[36.63157613987526,37.032406052711316],[36.63157163743752,37.032501330907984],[36.631443074023636,37.0324974664276],[36.63144798095938,37.03239362844733],[36.631364950640155,37.0323911280011],[36.63137394317947,37.03220083226414],[36.63232209585704,37.03222938581348],[36.6323126991587,37.03242823408188],[36.63157613987526,37.032406052711316]]]}},{"type":"Feature","properties":{"source":"Microsoft Global ML Building Footprints"},"geometry":{"type":"Polygon","coordinates":[[[36.63293938928294,37.02009688612028],[36.63277317132822,37.02009977480842],[36.632770654011544,37.02000773223954],[36.632936871966265,37.02000484354791],[36.63293938928294,37.02009688612028]]]}},{"type":"Feature","properties":{"source":"Microsoft Global ML Building Footprints"},"geometry":{"type":"Polygon","coordinates":[[[36.63383718453384,37.029296421113116],[36.63396799047852,37.02928922209143],[36.63398908329852,37.02953323326168],[36.633858277982625,37.029540439534216],[36.63383718453384,37.029296421113116]]]}},{"type":"Feature","properties":{"source":"Microsoft Global ML Building Footprints"},"geometry":{"type":"Polygon","coordinates":[[[36.63394763040873,37.020097728200966],[36.633808192144826,37.020099535925624],[36.63380678305427,37.02002994824907],[36.63394622147592,37.02002814831263],[36.63394763040873,37.020097728200966]]]}},{"type":"Feature","properties":{"source":"Microsoft Global ML Building Footprints"},"geometry":{"type":"Polygon","coordinates":[[[36.63493635653246,37.02327519510939],[36.63503108983718,37.02321593910904],[36.63512545868312,37.02331209849199],[36.6350307285973,37.023371357697265],[36.63493635653246,37.02327519510939]]]}},{"type":"Feature","properties":{"source":"Microsoft Global ML Building Footprints"},"geometry":{"type":"Polygon","coordinates":[[[36.635023090510415,37.02170805690527],[36.63502669991116,37.02159677367696],[36.635152679253714,37.021599378359646],[36.635149069852936,37.021710661584144],[36.635023090510415,37.02170805690527]]]}},{"type":"Feature","properties":{"source":"Microsoft Global ML Building Footprints"},"geometry":{"type":"Polygon","coordinates":[[[36.63932070068263,37.021030212202334],[36.63936247182234,37.02116547027228],[36.63927650334444,37.021182394469086],[36.639234732204734,37.021047136429274],[36.63932070068263,37.021030212202334]]]}},{"type":"Feature","properties":{"source":"Microsoft Global ML Building Footprints"},"geometry":{"type":"Polygon","coordinates":[[[36.62666055661926,37.019780596745115],[36.626795256762136,37.01975702161882],[36.6268197171505,37.019846115629335],[36.62686066552099,37.019838951168914],[36.62686930336055,37.01987041343427],[36.626693645363005,37.019901156928746],[36.62666055661926,37.019780596745115]]]}},{"type":"Feature","properties":{"source":"Microsoft Global ML Building Footprints"},"geometry":{"type":"Polygon","coordinates":[[[36.628284068356784,37.027921716253374],[36.62840397727243,37.02788048498501],[36.62844491102045,37.027956345182055],[36.62833178940194,37.02799524256678],[36.628348357823775,37.028025947847375],[36.62829632187926,37.02804384063044],[36.62827230786573,37.0279993368796],[36.62822932274386,37.0280141199057],[36.62821178015512,37.02798160925347],[36.62830001277369,37.02795126513121],[36.628284068356784,37.027921716253374]]]}},{"type":"Feature","properties":{"source":"Microsoft Global ML Building Footprints"},"geometry":{"type":"Polygon","coordinates":[[[36.62840460308079,37.02085672947787],[36.62864854204094,37.020788831646456],[36.62872691278144,37.02096832078214],[36.62853319654835,37.02102223952582],[36.62852152431041,37.02099550714722],[36.62847130158331,37.02100948607943],[36.62840460308079,37.02085672947787]]]}},{"type":"Feature","properties":{"source":"Microsoft Global ML Building Footprints"},"geometry":{"type":"Polygon","coordinates":[[[36.62905626783263,37.019071436861196],[36.62901995873598,37.018986277340474],[36.62911464778642,37.01896054009337],[36.62912395389574,37.0189823711894],[36.62923117553351,37.018953233473624],[36.629276999305446,37.01906070878802],[36.62914332793471,37.01909703422379],[36.629124510924605,37.01905289167396],[36.62905626783263,37.019071436861196]]]}},{"type":"Feature","properties":{"source":"Microsoft Global ML Building Footprints"},"geometry":{"type":"Polygon","coordinates":[[[36.629925709479586,37.03092738521285],[36.62990815367086,37.03092642393853],[36.62990485771467,37.030964785701364],[36.62987816121698,37.0309633239262],[36.62988054162981,37.03093561821001],[36.62980045213673,37.03093123288275],[36.62980338187554,37.03089713352389],[36.629927725720684,37.030903942016124],[36.629925709479586,37.03092738521285]]]}},{"type":"Feature","properties":{"source":"Microsoft Global ML Building Footprints"},"geometry":{"type":"Polygon","coordinates":[[[36.633106743897265,37.02737099197766],[36.632935498480855,37.02740983970678],[36.632918573207235,37.02736228722139],[36.63288382776044,37.027370169371856],[36.63290639479196,37.0274335726725],[36.632556458506286,37.027512957075864],[36.6325367123537,37.02745747924867],[36.63271788504059,37.02741637950244],[36.63269108669069,37.02734108805999],[36.632802768483984,37.0273157525638],[36.63281193634054,37.02734151017953],[36.63286157269309,37.027330249960094],[36.632820669948494,37.02721533128241],[36.63292242447126,37.02719224779244],[36.632937939305435,37.02723583766942],[36.633002466563774,37.02722119936348],[36.63301516051902,37.02725686379654],[36.63306231505394,37.02724616657621],[36.633106743897265,37.02737099197766]]]}},{"type":"Feature","properties":{"source":"Microsoft Global ML Building Footprints"},"geometry":{"type":"Polygon","coordinates":[[[36.63501998380876,37.02175337724248],[36.63500589611499,37.021848414037336],[36.63516041255663,37.02186300599941],[36.63514570732432,37.02196226731619],[36.634986995231095,37.02194727915182],[36.6349985716906,37.02186913725958],[36.63487689241914,37.021857646319766],[36.63489410066973,37.02174148928682],[36.63501998380876,37.02175337724248]]]}},{"type":"Feature","properties":{"source":"Microsoft Global ML Building Footprints"},"geometry":{"type":"Polygon","coordinates":[[[36.63622936937805,37.025352563626306],[36.63622595231886,37.025397366750774],[36.636196557006436,37.02539593776016],[36.636199974065626,37.02535113463484],[36.63622936937805,37.025352563626306]]]}},{"type":"Feature","properties":{"source":"Microsoft Global ML Building Footprints"},"geometry":{"type":"Polygon","coordinates":[[[36.637703203231816,37.021140682125164],[36.637748767357685,37.02114166747485],[36.637750364473206,37.02109458874368],[36.637795928599076,37.02109557409397],[36.637789249752444,37.02129244859126],[36.637698121500655,37.02129047789579],[36.637703203231816,37.021140682125164]]]}},{"type":"Feature","properties":{"source":"Microsoft Global ML Building Footprints"},"geometry":{"type":"Polygon","coordinates":[[[36.63775023118942,37.02476179304602],[36.637433241508596,37.02480727883056],[36.6374098919392,37.02470355884392],[36.637726881620026,37.02465807299728],[36.63775023118942,37.02476179304602]]]}},{"type":"Feature","properties":{"source":"Microsoft Global ML Building Footprints"},"geometry":{"type":"Polygon","coordinates":[[[36.638459568432204,37.0303635416198],[36.638523864745,37.0302706726289],[36.638677962691844,37.030338656826544],[36.6386136618129,37.03043153232953],[36.638459568432204,37.0303635416198]]]}},{"type":"Feature","properties":{"source":"Microsoft Global ML Building Footprints"},"geometry":{"type":"Polygon","coordinates":[[[36.63895485142322,37.02086962618891],[36.63888886108751,37.020868317107606],[36.63889321981369,37.020727855529735],[36.63895922256927,37.020729161171595],[36.63895485142322,37.02086962618891]]]}},{"type":"Feature","properties":{"source":"Microsoft Global ML Building Footprints"},"geometry":{"type":"Polygon","coordinates":[[[36.62581832634773,37.02419373139433],[36.62573530089338,37.02419628299592],[36.62573705352135,37.0242326333575],[36.62563528038375,37.0242357611256],[36.62563270298969,37.02418230470771],[36.62557913818042,37.02418395090254],[36.62557398339231,37.02407703795623],[36.62562219172064,37.024075556378804],[36.62562456292315,37.024124736353755],[36.62570491013703,37.02412226705955],[36.62570387917943,37.024100884464964],[36.625639601408324,37.02410285990089],[36.62563815806764,37.02407292425913],[36.625697079357806,37.02407111344215],[36.625697697932395,37.02408394300466],[36.625748584501196,37.0240823791175],[36.62575013093762,37.02411445301494],[36.62581440870876,37.024112477579315],[36.62581832634773,37.02419373139433]]]}},{"type":"Feature","properties":{"source":"Microsoft Global ML Building Footprints"},"geometry":{"type":"Polygon","coordinates":[[[36.62704237492191,37.01993387636133],[36.627089273033306,37.01991967474356],[36.62712484706263,37.019994564071425],[36.62707794895124,37.02000876567521],[36.62704237492191,37.01993387636133]]]}},{"type":"Feature","properties":{"source":"Microsoft Global ML Building Footprints"},"geometry":{"type":"Polygon","coordinates":[[[36.62803676819988,37.02088986387376],[36.628104566748846,37.02085460719826],[36.628152404869795,37.020913249605734],[36.628084606320776,37.020948506254015],[36.62803676819988,37.02088986387376]]]}},{"type":"Feature","properties":{"source":"Microsoft Global ML Building Footprints"},"geometry":{"type":"Polygon","coordinates":[[[36.628153705501354,37.021157162505666],[36.628119926468706,37.021167351617784],[36.62809985446761,37.02112493295049],[36.62822985975486,37.021085710843415],[36.628260014019425,37.02114942483377],[36.62816378372933,37.02117845712862],[36.628153705501354,37.021157162505666]]]}},{"type":"Feature","properties":{"source":"Microsoft Global ML Building Footprints"},"geometry":{"type":"Polygon","coordinates":[[[36.628238111714495,37.028246471947476],[36.62827342529979,37.028315564572935],[36.628165354444405,37.02835076860443],[36.62813004350483,37.02828168118744],[36.628238111714495,37.028246471947476]]]}},{"type":"Feature","properties":{"source":"Microsoft Global ML Building Footprints"},"geometry":{"type":"Polygon","coordinates":[[[36.62886204172791,37.03181116923909],[36.62885810093478,37.03163350423902],[36.62934074722671,37.03162668170202],[36.629344688019884,37.031804346718054],[36.62886204172791,37.03181116923909]]]}},{"type":"Feature","properties":{"source":"Microsoft Global ML Building Footprints"},"geometry":{"type":"Polygon","coordinates":[[[36.6300625939039,37.018592717061566],[36.629995053375055,37.01848472679539],[36.63014533276087,37.01842480771799],[36.63021287328972,37.0185327980693],[36.63017852371581,37.01854649384312],[36.63021775765939,37.01860922479741],[36.63010183109044,37.01865545316285],[36.6300625939039,37.018592717061566]]]}},{"type":"Feature","properties":{"source":"Microsoft Global ML Building Footprints"},"geometry":{"type":"Polygon","coordinates":[[[36.63075509129497,37.026543689143466],[36.6307617064908,37.026703221756925],[36.630673290490286,37.0267055585302],[36.63066667508981,37.02654602098672],[36.63075509129497,37.026543689143466]]]}},{"type":"Feature","properties":{"source":"Microsoft Global ML Building Footprints"},"geometry":{"type":"Polygon","coordinates":[[[36.63092978514152,37.01880094818919],[36.6309748421297,37.018797007735195],[36.63098309367271,37.01885715741362],[36.6309380363432,37.018861095376465],[36.63092978514152,37.01880094818919]]]}},{"type":"Feature","properties":{"source":"Microsoft Global ML Building Footprints"},"geometry":{"type":"Polygon","coordinates":[[[36.63386625691382,37.02045341048428],[36.63363132340577,37.02045751961156],[36.63362843646501,37.02035263502044],[36.633863379162705,37.02034852572675],[36.63386625691382,37.02045341048428]]]}},{"type":"Feature","properties":{"source":"Microsoft Global ML Building Footprints"},"geometry":{"type":"Polygon","coordinates":[[[36.63510429517909,37.02465998033433],[36.63489018645634,37.024667972179444],[36.63488693316662,37.024612416874675],[36.63510104188937,37.02460442502372],[36.63510429517909,37.02465998033433]]]}},{"type":"Feature","properties":{"source":"Microsoft Global ML Building Footprints"},"geometry":{"type":"Polygon","coordinates":[[[36.63633196462523,37.01967894782763],[36.63641758001517,37.01968237337189],[36.63641361055133,37.019745530170624],[36.63632799546135,37.01974209985694],[36.63633196462523,37.01967894782763]]]}},{"type":"Feature","properties":{"source":"Microsoft Global ML Building Footprints"},"geometry":{"type":"Polygon","coordinates":[[[36.638511474775946,37.02597970075343],[36.63848459154079,37.02611193745266],[36.6382766921783,37.0260849984235],[36.6383103783442,37.025919369924644],[36.63844247447879,37.02593649399892],[36.63843568799609,37.02596987625969],[36.638511474775946,37.02597970075343]]]}},{"type":"Feature","properties":{"source":"Microsoft Global ML Building Footprints"},"geometry":{"type":"Polygon","coordinates":[[[36.63945414977249,37.02899049225728],[36.639327202973135,37.028978426971804],[36.639342428916564,37.02887632487977],[36.63946937467295,37.02888839717534],[36.63945414977249,37.02899049225728]]]}},{"type":"Feature","properties":{"source":"Microsoft Global ML Building Footprints"},"geometry":{"type":"Polygon","coordinates":[[[36.63982088450111,37.026671591130366],[36.63981328481911,37.02672659670286],[36.63974286750613,37.026720391791194],[36.639750471952205,37.02666538663401],[36.63982088450111,37.026671591130366]]]}},{"type":"Feature","properties":{"source":"Microsoft Global ML Building Footprints"},"geometry":{"type":"Polygon","coordinates":[[[36.62430492154394,37.019855024510605],[36.6243798663766,37.019852285566444],[36.624383664347775,37.019918534722464],[36.624174889456796,37.0199261646314],[36.62416876369682,37.01981931113614],[36.62430259375513,37.01981442016208],[36.62430492154394,37.019855024510605]]]}},{"type":"Feature","properties":{"source":"Microsoft Global ML Building Footprints"},"geometry":{"type":"Polygon","coordinates":[[[36.62461764997609,37.02091929819497],[36.62461303672523,37.02097903355937],[36.62452650155696,37.020974773399836],[36.62453112002432,37.020915038288905],[36.62461764997609,37.02091929819497]]]}},{"type":"Feature","properties":{"source":"Microsoft Global ML Building Footprints"},"geometry":{"type":"Polygon","coordinates":[[[36.62663573821329,37.02475466742927],[36.62663247852905,37.024820948738565],[36.626514643315616,37.02481724835489],[36.626517902999865,37.02475096704235],[36.62663573821329,37.02475466742927]]]}},{"type":"Feature","properties":{"source":"Microsoft Global ML Building Footprints"},"geometry":{"type":"Polygon","coordinates":[[[36.626989667777146,37.020748142534735],[36.62709029513911,37.02073024987373],[36.62711328890688,37.020812658917116],[36.62701265615682,37.02083055814016],[36.626989667777146,37.020748142534735]]]}},{"type":"Feature","properties":{"source":"Microsoft Global ML Building Footprints"},"geometry":{"type":"Polygon","coordinates":[[[36.62768025890007,37.02170176869863],[36.62756877273989,37.02169954465988],[36.62757097675634,37.021628919231304],[36.62768246910369,37.02163114339554],[36.62768025890007,37.02170176869863]]]}},{"type":"Feature","properties":{"source":"Microsoft Global ML Building Footprints"},"geometry":{"type":"Polygon","coordinates":[[[36.629410171508795,37.02591774465148],[36.629592435500214,37.02626333691482],[36.62941700640848,37.02632230762598],[36.629387268599345,37.02626592167099],[36.62919589140837,37.02633025335143],[36.62907850006513,37.02610766702979],[36.62924253355144,37.02605251764578],[36.62922179208082,37.026013189541736],[36.629281027878044,37.02599327727764],[36.62926663861554,37.02596599363807],[36.629410171508795,37.02591774465148]]]}},{"type":"Feature","properties":{"source":"Microsoft Global ML Building Footprints"},"geometry":{"type":"Polygon","coordinates":[[[36.63057276282569,37.027427867917],[36.630769809417735,37.0273986362239],[36.630808057475534,37.027563024742605],[36.630682571559674,37.02758163342016],[36.630670326921056,37.02752902635976],[36.63059876912597,37.02753964188042],[36.63057276282569,37.027427867917]]]}},{"type":"Feature","properties":{"source":"Microsoft Global ML Building Footprints"},"geometry":{"type":"Polygon","coordinates":[[[36.630844963286584,37.02804648962583],[36.63084937383375,37.027969563347604],[36.6310447657189,37.027976703403105],[36.631040355171734,37.0280536296741],[36.630844963286584,37.02804648962583]]]}},{"type":"Feature","properties":{"source":"Microsoft Global ML Building Footprints"},"geometry":{"type":"Polygon","coordinates":[[[36.6319866639422,37.0214412533426],[36.632040856552194,37.02152501054533],[36.63194220735127,37.021565703729664],[36.631888006130154,37.021481944610926],[36.6319866639422,37.0214412533426]]]}},{"type":"Feature","properties":{"source":"Microsoft Global ML Building Footprints"},"geometry":{"type":"Polygon","coordinates":[[[36.638092606319866,37.032823792042386],[36.63807112329527,37.03287013870269],[36.63802037004818,37.03285514660167],[36.638041848342645,37.03280880137091],[36.638092606319866,37.032823792042386]]]}},{"type":"Feature","properties":{"source":"Microsoft Global ML Building Footprints"},"geometry":{"type":"Polygon","coordinates":[[[36.63889244096522,37.02414344001878],[36.63912407342644,37.02415120588421],[36.639117327237464,37.024279465204444],[36.63888570600016,37.02427169972842],[36.63889244096522,37.02414344001878]]]}},{"type":"Feature","properties":{"source":"Microsoft Global ML Building Footprints"},"geometry":{"type":"Polygon","coordinates":[[[36.63965310879555,37.024421464400106],[36.63956465650322,37.02441961590493],[36.639568795997846,37.02429335857548],[36.639527266996765,37.02429249069197],[36.63953099546162,37.02417907311836],[36.639604678996896,37.02418061297774],[36.63960355642206,37.02421485232506],[36.6397107713219,37.0242170929313],[36.6397060003789,37.024362609981026],[36.639655073301505,37.02436154569512],[36.63965310879555,37.024421464400106]]]}},{"type":"Feature","properties":{"source":"Microsoft Global ML Building Footprints"},"geometry":{"type":"Polygon","coordinates":[[[36.639724739258185,37.02031661508155],[36.640026943692625,37.02021252128534],[36.6401215606937,37.02038765956338],[36.6398886368528,37.02046788960631],[36.63982949416294,37.02035841526949],[36.639760216658686,37.02038227388185],[36.639724739258185,37.02031661508155]]]}},{"type":"Feature","properties":{"source":"Microsoft Global ML Building Footprints"},"geometry":{"type":"Polygon","coordinates":[[[36.62271772613723,37.03294607686587],[36.62275007864538,37.03299872506341],[36.622583608143565,37.03306391517743],[36.622551251028455,37.03301125952802],[36.62271772613723,37.03294607686587]]]}},{"type":"Feature","properties":{"source":"Microsoft Global ML Building Footprints"},"geometry":{"type":"Polygon","coordinates":[[[36.625309818423084,37.020100737124636],[36.625444852994534,37.020099061949296],[36.62544644338707,37.020180420733396],[36.62531140168553,37.020182095995395],[36.625309818423084,37.020100737124636]]]}},{"type":"Feature","properties":{"source":"Microsoft Global ML Building Footprints"},"geometry":{"type":"Polygon","coordinates":[[[36.62625202379693,37.02458697942057],[36.62640172520004,37.024610643816665],[36.62636933121239,37.02474131025614],[36.62621962781363,37.0247176539503],[36.62625202379693,37.02458697942057]]]}},{"type":"Feature","properties":{"source":"Microsoft Global ML Building Footprints"},"geometry":{"type":"Polygon","coordinates":[[[36.62700141736145,37.02018556520196],[36.62698003500828,37.02018657844396],[36.62698685617052,37.020278341311425],[36.62689865396374,37.02028252092949],[36.626896274488566,37.020250510641226],[36.62685350978223,37.02025253712348],[36.62684811630512,37.0201799804221],[36.62700046557136,37.020172761071926],[36.62700141736145,37.02018556520196]]]}},{"type":"Feature","properties":{"source":"Microsoft Global ML Building Footprints"},"geometry":{"type":"Polygon","coordinates":[[[36.628400631958115,37.02567053355367],[36.62850002507066,37.02572258333422],[36.6283376515561,37.02592021449081],[36.62823825844357,37.025868164845676],[36.628400631958115,37.02567053355367]]]}},{"type":"Feature","properties":{"source":"Microsoft Global ML Building Footprints"},"geometry":{"type":"Polygon","coordinates":[[[36.62842847026554,37.0263124767654],[36.6285207570635,37.0262453115654],[36.628611562997875,37.02632483705466],[36.62851927619991,37.02639200218432],[36.62842847026554,37.0263124767654]]]}},{"type":"Feature","properties":{"source":"Microsoft Global ML Building Footprints"},"geometry":{"type":"Polygon","coordinates":[[[36.62914145587109,37.023719578753926],[36.62909325857098,37.023721170419506],[36.629089271364336,37.02364421025401],[36.62913746866441,37.023642618586834],[36.62914145587109,37.023719578753926]]]}},{"type":"Feature","properties":{"source":"Microsoft Global ML Building Footprints"},"geometry":{"type":"Polygon","coordinates":[[[36.63050146258374,37.02221059363499],[36.63052736324012,37.02210544639095],[36.630632145503384,37.022121905238954],[36.63060623597318,37.02222705106636],[36.63050146258374,37.02221059363499]]]}},{"type":"Feature","properties":{"source":"Microsoft Global ML Building Footprints"},"geometry":{"type":"Polygon","coordinates":[[[36.63074104982515,37.02810928665124],[36.63074558732896,37.02823676899152],[36.63066518597762,37.028238592909],[36.63066064831402,37.02811110608297],[36.63074104982515,37.02810928665124]]]}},{"type":"Feature","properties":{"source":"Microsoft Global ML Building Footprints"},"geometry":{"type":"Polygon","coordinates":[[[36.631212975382496,37.020292872452515],[36.631261873444856,37.02026019775958],[36.631302047568006,37.02029852363122],[36.63125314782123,37.02033119670071],[36.631212975382496,37.020292872452515]]]}},{"type":"Feature","properties":{"source":"Microsoft Global ML Building Footprints"},"geometry":{"type":"Polygon","coordinates":[[[36.633078935078096,37.02638003122206],[36.632962117662075,37.02638948276157],[36.63295202111088,37.02630994488926],[36.633068839347125,37.026300499800854],[36.633078935078096,37.02638003122206]]]}},{"type":"Feature","properties":{"source":"Microsoft Global ML Building Footprints"},"geometry":{"type":"Polygon","coordinates":[[[36.633638404202486,37.02866097362091],[36.633697198308106,37.02865813858884],[36.63369994240466,37.028694408355854],[36.63353959484383,37.028702140257536],[36.63352611810906,37.028524012982125],[36.63362767113649,37.028519110446055],[36.633638404202486,37.02866097362091]]]}},{"type":"Feature","properties":{"source":"Microsoft Global ML Building Footprints"},"geometry":{"type":"Polygon","coordinates":[[[36.636542338022096,37.03075302789381],[36.636548715379135,37.030532597372975],[36.63666398887536,37.03053472279942],[36.636657611518324,37.03075515331409],[36.636542338022096,37.03075302789381]]]}},{"type":"Feature","properties":{"source":"Microsoft Global ML Building Footprints"},"geometry":{"type":"Polygon","coordinates":[[[36.638313541251776,37.02976659579849],[36.638534069791405,37.029804349584985],[36.6385098741942,37.02989442308858],[36.63828934565457,37.02985666934685],[36.638313541251776,37.02976659579849]]]}},{"type":"Feature","properties":{"source":"Microsoft Global ML Building Footprints"},"geometry":{"type":"Polygon","coordinates":[[[36.62482643856079,37.02117662886106],[36.624820468553104,37.02103234014858],[36.62494371595378,37.02102909633655],[36.624949685676825,37.02117337817563],[36.62482643856079,37.02117662886106]]]}},{"type":"Feature","properties":{"source":"Microsoft Global ML Building Footprints"},"geometry":{"type":"Polygon","coordinates":[[[36.625267403223816,37.02346862179021],[36.62527124542617,37.02338950718829],[36.62532748726108,37.02339124824437],[36.62533107637537,37.02331734489436],[36.62540462468081,37.023319617592364],[36.62540311495934,37.0233507604464],[36.625527749640796,37.02335461871452],[36.62552183057228,37.0234764979878],[36.625267403223816,37.02346862179021]]]}},{"type":"Feature","properties":{"source":"Microsoft Global ML Building Footprints"},"geometry":{"type":"Polygon","coordinates":[[[36.62647836953568,37.02182842858645],[36.62638614580251,37.021826264152004],[36.6263901311269,37.021718018606265],[36.62648234556846,37.02172017767284],[36.62647836953568,37.02182842858645]]]}},{"type":"Feature","properties":{"source":"Microsoft Global ML Building Footprints"},"geometry":{"type":"Polygon","coordinates":[[[36.62673353460204,37.02724094363948],[36.6268800052295,37.027470443746154],[36.62672030038172,37.02753540725626],[36.62657382975429,37.02730590734585],[36.62673353460204,37.02724094363948]]]}},{"type":"Feature","properties":{"source":"Microsoft Global ML Building Footprints"},"geometry":{"type":"Polygon","coordinates":[[[36.626760742603246,37.022079824684866],[36.62659057577534,37.02208611000427],[36.62658624204201,37.0220113180651],[36.62675641541228,37.02200503249788],[36.626760742603246,37.022079824684866]]]}},{"type":"Feature","properties":{"source":"Microsoft Global ML Building Footprints"},"geometry":{"type":"Polygon","coordinates":[[[36.629668688913995,37.026612315437426],[36.62960292198126,37.026676292676484],[36.629534004786585,37.02663113804108],[36.62959977171936,37.02656716076396],[36.629668688913995,37.026612315437426]]]}},{"type":"Feature","properties":{"source":"Microsoft Global ML Building Footprints"},"geometry":{"type":"Polygon","coordinates":[[[36.6302262084931,37.01961078282677],[36.63019389185765,37.019574972532084],[36.63006258812129,37.019650518402365],[36.629926463024894,37.019499691825395],[36.63004894788203,37.01942921977758],[36.6301308738703,37.019520002691955],[36.63026439005797,37.019443191211785],[36.63035090233691,37.019539046903844],[36.6302262084931,37.01961078282677]]]}},{"type":"Feature","properties":{"source":"Microsoft Global ML Building Footprints"},"geometry":{"type":"Polygon","coordinates":[[[36.63077094674145,37.02812152273879],[36.63081551295137,37.028121014752095],[36.63081508971912,37.028097465109255],[36.63087140457218,37.028096823205786],[36.630873636160494,37.02822099396863],[36.63077274627801,37.02822214395763],[36.63077094674145,37.02812152273879]]]}},{"type":"Feature","properties":{"source":"Microsoft Global ML Building Footprints"},"geometry":{"type":"Polygon","coordinates":[[[36.6325925470592,37.02980868845214],[36.63259251381315,37.02979683786649],[36.63264615772438,37.029796741953525],[36.63264663549157,37.02996704233555],[36.63253130110053,37.02996725499206],[36.63253085657096,37.029808802198886],[36.6325925470592,37.02980868845214]]]}},{"type":"Feature","properties":{"source":"Microsoft Global ML Building Footprints"},"geometry":{"type":"Polygon","coordinates":[[[36.63273486667772,37.023263254663874],[36.63281075428992,37.02333595818627],[36.632885877795694,37.02328597100558],[36.63294850408689,37.02334596457361],[36.63280214409005,37.023443344229776],[36.63266363587615,37.02331064767392],[36.63273486667772,37.023263254663874]]]}},{"type":"Feature","properties":{"source":"Microsoft Global ML Building Footprints"},"geometry":{"type":"Polygon","coordinates":[[[36.63532587071629,37.027284039232605],[36.63519095911096,37.027334658567895],[36.63512439471093,37.027221585239126],[36.63525931807053,37.027170968957144],[36.63532587071629,37.027284039232605]]]}},{"type":"Feature","properties":{"source":"Microsoft Global ML Building Footprints"},"geometry":{"type":"Polygon","coordinates":[[[36.63808025428259,37.02741394762622],[36.638241786027535,37.02742409245402],[36.63823151958424,37.02752837300006],[36.63806997875356,37.02751822761555],[36.63808025428259,37.02741394762622]]]}},{"type":"Feature","properties":{"source":"Microsoft Global ML Building Footprints"},"geometry":{"type":"Polygon","coordinates":[[[36.638155726761184,37.02882680437954],[36.638169567893144,37.02870791879657],[36.63830518895013,37.0287179820471],[36.63829134781817,37.028836867614324],[36.638155726761184,37.02882680437954]]]}},{"type":"Feature","properties":{"source":"Microsoft Global ML Building Footprints"},"geometry":{"type":"Polygon","coordinates":[[[36.62846925463458,37.02854471641782],[36.62847110493485,37.02854372599241],[36.628411106996275,37.02847229566688],[36.62852212141921,37.02841286578357],[36.62858043442284,37.02848229017122],[36.62854596206519,37.02850074441182],[36.62857077432263,37.02853028763447],[36.6286607556784,37.02848211752422],[36.62872279078861,37.028555973186286],[36.628621027567604,37.02861045047843],[36.628612342652175,37.02860011069749],[36.62854573399842,37.02863576854515],[36.62846925463458,37.02854471641782]]]}},{"type":"Feature","properties":{"source":"Microsoft Global ML Building Footprints"},"geometry":{"type":"Polygon","coordinates":[[[36.62864111605175,37.02358930094807],[36.62879581449885,37.0235705861008],[36.62881647418621,37.0236794417325],[36.62866177573912,37.02369815655294],[36.62864111605175,37.02358930094807]]]}},{"type":"Feature","properties":{"source":"Microsoft Global ML Building Footprints"},"geometry":{"type":"Polygon","coordinates":[[[36.629116823586244,37.026487597226044],[36.62898327572435,37.026528168810216],[36.628942264021035,37.0264421254861],[36.62907581188297,37.02640155385596],[36.629116823586244,37.026487597226044]]]}},{"type":"Feature","properties":{"source":"Microsoft Global ML Building Footprints"},"geometry":{"type":"Polygon","coordinates":[[[36.63107597762724,37.026109187410825],[36.63107902350471,37.026166902135564],[36.63094098643661,37.02617153764883],[36.63093794560978,37.026113822758],[36.63107597762724,37.026109187410825]]]}},{"type":"Feature","properties":{"source":"Microsoft Global ML Building Footprints"},"geometry":{"type":"Polygon","coordinates":[[[36.63208229122549,37.02464202687626],[36.632166724467886,37.02464051242652],[36.632168225509375,37.024694020808255],[36.63208379695535,37.02469553517282],[36.63208229122549,37.02464202687626]]]}},{"type":"Feature","properties":{"source":"Microsoft Global ML Building Footprints"},"geometry":{"type":"Polygon","coordinates":[[[36.63237135074421,37.02974911205812],[36.632367407684214,37.0298677828604],[36.632292358637514,37.02986619361531],[36.63229630155826,37.029747527000865],[36.63237135074421,37.02974911205812]]]}},{"type":"Feature","properties":{"source":"Microsoft Global ML Building Footprints"},"geometry":{"type":"Polygon","coordinates":[[[36.633244059260264,37.0203214170744],[36.63324849203405,37.0204626695555],[36.63281960784633,37.02047124947649],[36.6328151750725,37.02032999701134],[36.633244059260264,37.0203214170744]]]}},{"type":"Feature","properties":{"source":"Microsoft Global ML Building Footprints"},"geometry":{"type":"Polygon","coordinates":[[[36.63620234925347,37.02383689537069],[36.63628382899239,37.024014341885554],[36.63604859849375,37.02408319108194],[36.63596713246775,37.023905740714284],[36.63620234925347,37.02383689537069]]]}},{"type":"Feature","properties":{"source":"Microsoft Global ML Building Footprints"},"geometry":{"type":"Polygon","coordinates":[[[36.63739792629433,37.02529037054743],[36.63729816295402,37.025307918979095],[36.637275055424645,37.025224186400436],[36.637374818764954,37.02520663794941],[36.63739792629433,37.02529037054743]]]}},{"type":"Feature","properties":{"source":"Microsoft Global ML Building Footprints"},"geometry":{"type":"Polygon","coordinates":[[[36.6394573198897,37.029641644720996],[36.63923676960814,37.02961579112549],[36.639219945484484,37.029707260879924],[36.63911754816958,37.02969525183575],[36.639138612134076,37.02958073078874],[36.63918062171153,37.02958565528607],[36.63920799460588,37.029436833455634],[36.63929463935937,37.02944699025029],[36.63929155508957,37.029463758919576],[36.639365071850094,37.029472376802964],[36.63935813224308,37.02951010629104],[36.639410644214855,37.02951626191838],[36.63941348036413,37.02950084225049],[36.63948174524072,37.02950884830063],[36.6394573198897,37.029641644720996]]]}},{"type":"Feature","properties":{"source":"Microsoft Global ML Building Footprints"},"geometry":{"type":"Polygon","coordinates":[[[36.62358267998718,37.03063940219467],[36.62344476170938,37.03070377733408],[36.62334307434289,37.03056495302272],[36.62348099262069,37.03050057776564],[36.62358267998718,37.03063940219467]]]}},{"type":"Feature","properties":{"source":"Microsoft Global ML Building Footprints"},"geometry":{"type":"Polygon","coordinates":[[[36.62378115505164,37.01955983126256],[36.623969472840045,37.01952055786219],[36.62399373905268,37.01959473476102],[36.62380542126428,37.019634008123056],[36.62378115505164,37.01955983126256]]]}},{"type":"Feature","properties":{"source":"Microsoft Global ML Building Footprints"},"geometry":{"type":"Polygon","coordinates":[[[36.628407783112145,37.029688629352634],[36.628408645247234,37.030098374020085],[36.628287946196316,37.03009854261676],[36.628287084047,37.02968879120634],[36.628407783112145,37.029688629352634]]]}},{"type":"Feature","properties":{"source":"Microsoft Global ML Building Footprints"},"geometry":{"type":"Polygon","coordinates":[[[36.63102716687068,37.02731873185264],[36.63111133211417,37.02728927839146],[36.63114528112458,37.027351119602784],[36.63106111826282,37.02738056750385],[36.63102716687068,37.02731873185264]]]}},{"type":"Feature","properties":{"source":"Microsoft Global ML Building Footprints"},"geometry":{"type":"Polygon","coordinates":[[[36.6311741735109,37.027665976783396],[36.6310684380729,37.02767925203237],[36.63104127006542,37.02754133529026],[36.63114701730246,37.02752805853577],[36.6311741735109,37.027665976783396]]]}},{"type":"Feature","properties":{"source":"Microsoft Global ML Building Footprints"},"geometry":{"type":"Polygon","coordinates":[[[36.63551973061506,37.01875263647973],[36.635391995724596,37.01884298985885],[36.63530412823887,37.01876379887702],[36.635431863129334,37.018673445403714],[36.63551973061506,37.01875263647973]]]}},{"type":"Feature","properties":{"source":"Microsoft Global ML Building Footprints"},"geometry":{"type":"Polygon","coordinates":[[[36.63794466274747,37.02316433009355],[36.63794763919001,37.02325206531519],[36.63786723190901,37.02325380411925],[36.63786425546648,37.02316606889962],[36.63794466274747,37.02316433009355]]]}},{"type":"Feature","properties":{"source":"Microsoft Global ML Building Footprints"},"geometry":{"type":"Polygon","coordinates":[[[36.638187162120815,37.02839833700012],[36.63814514214196,37.028653016067004],[36.63789731427709,37.028626955536204],[36.63790161902369,37.028600864909755],[36.63781988929822,37.02859226598574],[36.63783919834459,37.028475235717664],[36.63792092881066,37.02848383016619],[36.637937250620645,37.02838490512046],[36.63787397542108,37.028378251345266],[36.637893422684044,37.02826038302715],[36.63806215654948,37.02827812645388],[36.63804479292187,37.02838336600779],[36.638187162120815,37.02839833700012]]]}},{"type":"Feature","properties":{"source":"Microsoft Global ML Building Footprints"},"geometry":{"type":"Polygon","coordinates":[[[36.63878071913628,37.030373399103],[36.63880254762357,37.030331376603556],[36.63884603192445,37.030345772033385],[36.63882420343715,37.03038779452486],[36.63878071913628,37.030373399103]]]}},{"type":"Feature","properties":{"source":"Microsoft Global ML Building Footprints"},"geometry":{"type":"Polygon","coordinates":[[[36.62537201939146,37.027911554176555],[36.62529676647304,37.02793294377796],[36.62526626095526,37.02786452699189],[36.62534150855049,37.02784313888427],[36.62537201939146,37.027911554176555]]]}},{"type":"Feature","properties":{"source":"Microsoft Global ML Building Footprints"},"geometry":{"type":"Polygon","coordinates":[[[36.625674758440454,37.0214411176071],[36.62574179163924,37.021442087769316],[36.62574106256876,37.021474199757705],[36.62557750156366,37.02147183256283],[36.62558012621739,37.02135622933753],[36.6256766540237,37.021357626372705],[36.625674758440454,37.0214411176071]]]}},{"type":"Feature","properties":{"source":"Microsoft Global ML Building Footprints"},"geometry":{"type":"Polygon","coordinates":[[[36.62596628709199,37.024051638792685],[36.62601150587827,37.02406450489481],[36.62598351631036,37.02412720816114],[36.62593829752413,37.0241143420696],[36.62596628709199,37.024051638792685]]]}},{"type":"Feature","properties":{"source":"Microsoft Global ML Building Footprints"},"geometry":{"type":"Polygon","coordinates":[[[36.62742693647556,37.02281626463237],[36.62738025186869,37.022918286341],[36.62727849837247,37.02288860618748],[36.62732518297933,37.022786584439],[36.62742693647556,37.02281626463237]]]}},{"type":"Feature","properties":{"source":"Microsoft Global ML Building Footprints"},"geometry":{"type":"Polygon","coordinates":[[[36.62951141733332,37.01857393472579],[36.629517274301506,37.01867866345168],[36.6293539851302,37.01868448513391],[36.629348128162015,37.018579756416045],[36.62951141733332,37.01857393472579]]]}},{"type":"Feature","properties":{"source":"Microsoft Global ML Building Footprints"},"geometry":{"type":"Polygon","coordinates":[[[36.63068141510239,37.02043326718372],[36.630756545586976,37.02039184644505],[36.63079113840243,37.02043184130748],[36.630716008002494,37.02047326617602],[36.63068141510239,37.02043326718372]]]}},{"type":"Feature","properties":{"source":"Microsoft Global ML Building Footprints"},"geometry":{"type":"Polygon","coordinates":[[[36.63264124564812,37.02616220015073],[36.63265321838024,37.0261982066478],[36.632549378736876,37.02622022008785],[36.63253740305615,37.0261842142263],[36.63264124564812,37.02616220015073]]]}},{"type":"Feature","properties":{"source":"Microsoft Global ML Building Footprints"},"geometry":{"type":"Polygon","coordinates":[[[36.63675950531752,37.018870872816734],[36.636771358976574,37.018808983826],[36.636990475267126,37.01883572601346],[36.636978624618585,37.01889762759458],[36.63675950531752,37.018870872816734]]]}},{"type":"Feature","properties":{"source":"Microsoft Global ML Building Footprints"},"geometry":{"type":"Polygon","coordinates":[[[36.62465801631852,37.02454679986145],[36.624810818233115,37.02454393956851],[36.62481364662652,37.02464025026901],[36.624660844711954,37.02464311055832],[36.62465801631852,37.02454679986145]]]}},{"type":"Feature","properties":{"source":"Microsoft Global ML Building Footprints"},"geometry":{"type":"Polygon","coordinates":[[[36.626390896797346,37.02164806237654],[36.62638726791955,37.02156035685085],[36.62651587330885,37.02155695766981],[36.626519502186646,37.02164466319943],[36.626390896797346,37.02164806237654]]]}},{"type":"Feature","properties":{"source":"Microsoft Global ML Building Footprints"},"geometry":{"type":"Polygon","coordinates":[[[36.627286126503236,37.021476860636945],[36.62728093354433,37.0214431058632],[36.62735227681087,37.02143610929972],[36.627357469769805,37.021469864076586],[36.627286126503236,37.021476860636945]]]}},{"type":"Feature","properties":{"source":"Microsoft Global ML Building Footprints"},"geometry":{"type":"Polygon","coordinates":[[[36.62934412688962,37.01911345311862],[36.62941562463838,37.01903082225365],[36.62950711414207,37.01908128846658],[36.629435611490436,37.0191639165722],[36.62934412688962,37.01911345311862]]]}},{"type":"Feature","properties":{"source":"Microsoft Global ML Building Footprints"},"geometry":{"type":"Polygon","coordinates":[[[36.63064926677491,37.02833746686247],[36.630521789810004,37.02835538054549],[36.63047368769979,37.028137302408204],[36.63060116466469,37.02811938867375],[36.63064926677491,37.02833746686247]]]}},{"type":"Feature","properties":{"source":"Microsoft Global ML Building Footprints"},"geometry":{"type":"Polygon","coordinates":[[[36.63123297066917,37.02624395423361],[36.631386999083865,37.026217919478235],[36.63143754504756,37.026408522943264],[36.63128351663286,37.02643455763331],[36.63123297066917,37.02624395423361]]]}},{"type":"Feature","properties":{"source":"Microsoft Global ML Building Footprints"},"geometry":{"type":"Polygon","coordinates":[[[36.63175530108005,37.02124340162813],[36.631707239481386,37.021301629412946],[36.631629832000165,37.0212608959738],[36.63167789715726,37.0212026700303],[36.63175530108005,37.02124340162813]]]}},{"type":"Feature","properties":{"source":"Microsoft Global ML Building Footprints"},"geometry":{"type":"Polygon","coordinates":[[[36.63214885196205,37.02168174073615],[36.63203014927853,37.02177267991233],[36.63195511426357,37.0217102411879],[36.63207381694709,37.02161930193698],[36.63214885196205,37.02168174073615]]]}},{"type":"Feature","properties":{"source":"Microsoft Global ML Building Footprints"},"geometry":{"type":"Polygon","coordinates":[[[36.63273327323507,37.02567672770296],[36.632801454204376,37.02566315365193],[36.632818451727644,37.02571758699152],[36.632750270758336,37.025731161032816],[36.63273327323507,37.02567672770296]]]}},{"type":"Feature","properties":{"source":"Microsoft Global ML Building Footprints"},"geometry":{"type":"Polygon","coordinates":[[[36.63360623938679,37.02187907464282],[36.63376226627832,37.02186855989285],[36.633770463691306,37.021946163989234],[36.63361444263935,37.021956669616564],[36.63360623938679,37.02187907464282]]]}},{"type":"Feature","properties":{"source":"Microsoft Global ML Building Footprints"},"geometry":{"type":"Polygon","coordinates":[[[36.63678914474259,37.02894475409913],[36.63679719416093,37.028869122954944],[36.63677056416208,37.02886731809234],[36.63678717769787,37.028711219525036],[36.63691500093754,37.02871988997386],[36.63689033814065,37.02895161818341],[36.63678914474259,37.02894475409913]]]}},{"type":"Feature","properties":{"source":"Microsoft Global ML Building Footprints"},"geometry":{"type":"Polygon","coordinates":[[[36.636805361952646,37.02150617749027],[36.63678032733495,37.021560992595774],[36.63671877422046,37.021543072440004],[36.63674380883816,37.02148825732155],[36.636805361952646,37.02150617749027]]]}},{"type":"Feature","properties":{"source":"Microsoft Global ML Building Footprints"},"geometry":{"type":"Polygon","coordinates":[[[36.63874454541486,37.02301105117647],[36.638742397826306,37.022961857367925],[36.63879718299175,37.022960332829804],[36.638799334887494,37.023009526519466],[36.63874454541486,37.02301105117647]]]}},{"type":"Feature","properties":{"source":"Microsoft Global ML Building Footprints"},"geometry":{"type":"Polygon","coordinates":[[[36.62441321212572,37.01869992719037],[36.624416658046826,37.01889262990048],[36.624269166617594,37.018894311281635],[36.624267481945076,37.018800101130935],[36.62428625358152,37.018799887136716],[36.62428449233293,37.01870139458127],[36.62441321212572,37.01869992719037]]]}},{"type":"Feature","properties":{"source":"Microsoft Global ML Building Footprints"},"geometry":{"type":"Polygon","coordinates":[[[36.625900844684296,37.02332179335089],[36.625902440762644,37.02328238401343],[36.62585812521438,37.02328123997071],[36.62585968132957,37.023242734010225],[36.625996331425334,37.02324626174776],[36.625993182891136,37.023324171977436],[36.625900844684296,37.02332179335089]]]}},{"type":"Feature","properties":{"source":"Microsoft Global ML Building Footprints"},"geometry":{"type":"Polygon","coordinates":[[[36.627303814568286,37.02027780101616],[36.62726003238173,37.02029195690504],[36.62722457273287,37.02022204352292],[36.62726835491943,37.02020788762101],[36.627303814568286,37.02027780101616]]]}},{"type":"Feature","properties":{"source":"Microsoft Global ML Building Footprints"},"geometry":{"type":"Polygon","coordinates":[[[36.62737165520655,37.02781654121607],[36.62745937374027,37.027749138774155],[36.627512978731275,37.027793601974224],[36.62742526019756,37.02786100437668],[36.62737165520655,37.02781654121607]]]}},{"type":"Feature","properties":{"source":"Microsoft Global ML Building Footprints"},"geometry":{"type":"Polygon","coordinates":[[[36.628612324149415,37.02372692086684],[36.6286220531798,37.02380105735737],[36.62850658560697,37.023810716153015],[36.628496850148174,37.02373658020966],[36.628612324149415,37.02372692086684]]]}},{"type":"Feature","properties":{"source":"Microsoft Global ML Building Footprints"},"geometry":{"type":"Polygon","coordinates":[[[36.63004919004484,37.02512838431899],[36.63002984260427,37.025070397222045],[36.630098670680425,37.02505576351874],[36.63011801337427,37.025113751636084],[36.63004919004484,37.02512838431899]]]}},{"type":"Feature","properties":{"source":"Microsoft Global ML Building Footprints"},"geometry":{"type":"Polygon","coordinates":[[[36.63076373256803,37.02778132806831],[36.63066036840424,37.02778486844011],[36.63065491151662,37.027683160430904],[36.63075826709008,37.02767962612359],[36.63076373256803,37.02778132806831]]]}},{"type":"Feature","properties":{"source":"Microsoft Global ML Building Footprints"},"geometry":{"type":"Polygon","coordinates":[[[36.634133366644996,37.02798782403051],[36.63423069094426,37.02796510953701],[36.6342621144682,37.02805094255755],[36.63416479526682,37.02807365039789],[36.634133366644996,37.02798782403051]]]}},{"type":"Feature","properties":{"source":"Microsoft Global ML Building Footprints"},"geometry":{"type":"Polygon","coordinates":[[[36.6353974326071,37.02009677501095],[36.6353368184811,37.02009892924706],[36.63533562878348,37.020077556116235],[36.63539624103966,37.020075401945974],[36.6353974326071,37.02009677501095]]]}},{"type":"Feature","properties":{"source":"Microsoft Global ML Building Footprints"},"geometry":{"type":"Polygon","coordinates":[[[36.63548611527555,37.026811817601576],[36.63544735231519,37.026677624948256],[36.635689295074336,37.026633080570335],[36.635728058034694,37.02676727330236],[36.63548611527555,37.026811817601576]]]}},{"type":"Feature","properties":{"source":"Microsoft Global ML Building Footprints"},"geometry":{"type":"Polygon","coordinates":[[[36.6359916032611,37.020267364468204],[36.63604002001035,37.020251739863866],[36.63599901758409,37.020170744130965],[36.63613883233894,37.02012562434364],[36.636212439373615,37.02027105206138],[36.63602421882739,37.020331792817196],[36.6359916032611,37.020267364468204]]]}},{"type":"Feature","properties":{"source":"Microsoft Global ML Building Footprints"},"geometry":{"type":"Polygon","coordinates":[[[36.63833025403306,37.028420206549725],[36.638333534723294,37.02832474311046],[36.638459503970246,37.02832749516215],[36.63845548771136,37.028444362585795],[36.638390169824106,37.02844293193769],[36.6383909032766,37.02842153494158],[36.63833025403306,37.028420206549725]]]}},{"type":"Feature","properties":{"source":"Microsoft Global ML Building Footprints"},"geometry":{"type":"Polygon","coordinates":[[[36.63869681795012,37.01903637993871],[36.63872205089597,37.019088566038064],[36.63855864973101,37.01913893318705],[36.638519899135595,37.01905879028712],[36.63861793983456,37.01902856996986],[36.63863145748416,37.01905652681614],[36.63869681795012,37.01903637993871]]]}},{"type":"Feature","properties":{"source":"Microsoft Global ML Building Footprints"},"geometry":{"type":"Polygon","coordinates":[[[36.63984738530755,37.028785534474544],[36.6396852762578,37.028764728839064],[36.63970418351476,37.028670797052214],[36.639866292564506,37.028691602713415],[36.63984738530755,37.028785534474544]]]}},{"type":"Feature","properties":{"source":"Microsoft Global ML Building Footprints"},"geometry":{"type":"Polygon","coordinates":[[[36.624661788810556,37.02136665699983],[36.62452448420307,37.02140663869049],[36.62446750049788,37.021281892380735],[36.62460480510536,37.02124191062444],[36.624661788810556,37.02136665699983]]]}},{"type":"Feature","properties":{"source":"Microsoft Global ML Building Footprints"},"geometry":{"type":"Polygon","coordinates":[[[36.626278258015724,37.02387279529314],[36.62612325668008,37.023865312048166],[36.62612665034567,37.023820505745064],[36.62628165168131,37.023827988994455],[36.626278258015724,37.02387279529314]]]}},{"type":"Feature","properties":{"source":"Microsoft Global ML Building Footprints"},"geometry":{"type":"Polygon","coordinates":[[[36.62708019973827,37.02719739114833],[36.62704277204409,37.02722007957951],[36.62702339355348,37.027199706589535],[36.626987667118144,37.027221363727904],[36.626940377424226,37.02717164712977],[36.62688153454833,37.02720732060545],[36.6267234195022,37.0270410756245],[36.62689283694136,37.02693837554961],[36.62698894644063,37.02703941765866],[36.62695152000812,37.02706210746345],[36.62708019973827,37.02719739114833]]]}},{"type":"Feature","properties":{"source":"Microsoft Global ML Building Footprints"},"geometry":{"type":"Polygon","coordinates":[[[36.62720459254045,37.02689737778683],[36.627395470380584,37.02678688369676],[36.62763128471225,37.02704652673321],[36.62744039195301,37.02715702908183],[36.62720459254045,37.02689737778683]]]}},{"type":"Feature","properties":{"source":"Microsoft Global ML Building Footprints"},"geometry":{"type":"Polygon","coordinates":[[[36.62773835459841,37.0235361529991],[36.627939512351816,37.02362509775976],[36.62786562097112,37.0237316192832],[36.62763572639579,37.02362996826218],[36.62769483950036,37.023544750941355],[36.62772357632228,37.02355745734067],[36.62773835459841,37.0235361529991]]]}},{"type":"Feature","properties":{"source":"Microsoft Global ML Building Footprints"},"geometry":{"type":"Polygon","coordinates":[[[36.62991002038604,37.02801213614855],[36.6299014356954,37.0281574223314],[36.62974787192431,37.02815163917492],[36.62975644390623,37.02800635250241],[36.62991002038604,37.02801213614855]]]}},{"type":"Feature","properties":{"source":"Microsoft Global ML Building Footprints"},"geometry":{"type":"Polygon","coordinates":[[[36.63461709589461,37.018891782372386],[36.63460386660851,37.01879008378698],[36.63474716010214,37.0187782006742],[36.63476176743884,37.018890492871996],[36.634684813525595,37.01889687453446],[36.63468343547496,37.01888628093888],[36.63461709589461,37.018891782372386]]]}},{"type":"Feature","properties":{"source":"Microsoft Global ML Building Footprints"},"geometry":{"type":"Polygon","coordinates":[[[36.6368689981996,37.0240730546548],[36.637070713824286,37.02405649691718],[36.63708817832909,37.024192114713514],[36.63688646270436,37.024208672421565],[36.6368689981996,37.0240730546548]]]}},{"type":"Feature","properties":{"source":"Microsoft Global ML Building Footprints"},"geometry":{"type":"Polygon","coordinates":[[[36.63742042584523,37.026465162571625],[36.63742947550117,37.02641569978493],[36.63751088702821,37.026425193463936],[36.6375018365574,37.026474660698334],[36.63742042584523,37.026465162571625]]]}},{"type":"Feature","properties":{"source":"Microsoft Global ML Building Footprints"},"geometry":{"type":"Polygon","coordinates":[[[36.63806710885669,37.0288400192439],[36.63806860293631,37.02879294096848],[36.63812221270397,37.0287940253076],[36.63812071862435,37.02884110358233],[36.63806710885669,37.0288400192439]]]}},{"type":"Feature","properties":{"source":"Microsoft Global ML Building Footprints"},"geometry":{"type":"Polygon","coordinates":[[[36.63820149371185,37.02812144160531],[36.63819753129122,37.02820483283972],[36.637972549479,37.028198019458195],[36.63797651189963,37.028114628216336],[36.63820149371185,37.02812144160531]]]}},{"type":"Feature","properties":{"source":"Microsoft Global ML Building Footprints"},"geometry":{"type":"Polygon","coordinates":[[[36.63909697365848,37.02450096324934],[36.63909573938061,37.024600819117126],[36.63884498732932,37.024598843511704],[36.63884621268234,37.024499001582896],[36.63909697365848,37.02450096324934]]]}},{"type":"Feature","properties":{"source":"Microsoft Global ML Building Footprints"},"geometry":{"type":"Polygon","coordinates":[[[36.62602715061701,37.02371853985046],[36.62614979848867,37.02373488504119],[36.62613891327454,37.02378697032155],[36.626016265402924,37.02377062514202],[36.62602715061701,37.02371853985046]]]}},{"type":"Feature","properties":{"source":"Microsoft Global ML Building Footprints"},"geometry":{"type":"Polygon","coordinates":[[[36.62657415339385,37.02806752813006],[36.626440221679445,37.0281222244377],[36.62635757165406,37.027993237793375],[36.626460252166275,37.027951304081306],[36.62648104953742,37.02795016062129],[36.62647399551893,37.02786830591778],[36.62659308624609,37.02786176483872],[36.626605377714895,37.02800424982769],[36.62654849430683,37.02802748361755],[36.62657415339385,37.02806752813006]]]}},{"type":"Feature","properties":{"source":"Microsoft Global ML Building Footprints"},"geometry":{"type":"Polygon","coordinates":[[[36.62937380599247,37.01881223152518],[36.6293784504212,37.018871965454025],[36.62929562116031,37.01887607105501],[36.629292635456146,37.01883767067965],[36.62925522869314,37.018839524822894],[36.62925356996862,37.018818191273176],[36.62937380599247,37.01881223152518]]]}},{"type":"Feature","properties":{"source":"Microsoft Global ML Building Footprints"},"geometry":{"type":"Polygon","coordinates":[[[36.629921549061976,37.01899398763931],[36.62996656155031,37.019026609450194],[36.629911028784846,37.01907546203004],[36.629901307930645,37.01906841760367],[36.629853252080906,37.01911068940498],[36.629762071910136,37.019044613735566],[36.62980826834421,37.01900397751397],[36.629864151018495,37.0190444772456],[36.629921549061976,37.01899398763931]]]}},{"type":"Feature","properties":{"source":"Microsoft Global ML Building Footprints"},"geometry":{"type":"Polygon","coordinates":[[[36.63001215099462,37.02515151571709],[36.62975991539373,37.025253162879416],[36.62969236110349,37.02514631318793],[36.62994460380613,37.02504467711536],[36.63001215099462,37.02515151571709]]]}},{"type":"Feature","properties":{"source":"Microsoft Global ML Building Footprints"},"geometry":{"type":"Polygon","coordinates":[[[36.630075706132445,37.02247505301997],[36.62990371197757,37.022191276305925],[36.63010491652183,37.02211355234318],[36.63011816526354,37.02213541493835],[36.630164724491166,37.022117426813885],[36.630181669827664,37.02214538534934],[36.630277930207534,37.02216813296201],[36.63028373429518,37.02216774441703],[36.63030102202299,37.0221962678535],[36.630343566286825,37.02217983329812],[36.630392809278746,37.022261092202484],[36.63041210095484,37.02225980075499],[36.63051678181466,37.02228453820187],[36.630496343484594,37.022339669762445],[36.63060978681416,37.02236647786621],[36.630577240968066,37.02245426884336],[36.63050708910439,37.022437695004704],[36.63051031319854,37.02246839530723],[36.63048548041831,37.022535380550345],[36.63037450113427,37.02250916099177],[36.630411353189636,37.02240975427028],[36.63046086160896,37.02240644002222],[36.6304682303383,37.0223865631979],[36.63051974214916,37.022398736088604],[36.6305417967874,37.02239021655725],[36.630369071432895,37.02234940901662],[36.63037498974574,37.02240576412496],[36.630351018389234,37.02240736884238],[36.630354908005785,37.022444406361],[36.63032572968882,37.02245567933497],[36.63028241359359,37.02244544320306],[36.63023302498767,37.02246452161353],[36.630075706132445,37.02247505301997]]]}},{"type":"Feature","properties":{"source":"Microsoft Global ML Building Footprints"},"geometry":{"type":"Polygon","coordinates":[[[36.63024289762677,37.03117187727423],[36.630273600003655,37.03044682578465],[36.63045042373327,37.03045159767917],[36.63044299719961,37.030626979489064],[36.63046443037896,37.030627557899166],[36.6304411545357,37.0311772275291],[36.63024289762677,37.03117187727423]]]}},{"type":"Feature","properties":{"source":"Microsoft Global ML Building Footprints"},"geometry":{"type":"Polygon","coordinates":[[[36.63176980308425,37.02944245096259],[36.63173476865345,37.030152251688484],[36.63150820052731,37.03014513726021],[36.63154317282613,37.02943533451683],[36.63176980308425,37.02944245096259]]]}},{"type":"Feature","properties":{"source":"Microsoft Global ML Building Footprints"},"geometry":{"type":"Polygon","coordinates":[[[36.63436975195404,37.02094647283753],[36.63439928561528,37.021022697440586],[36.634350326692925,37.021034789802464],[36.63432079303169,37.02095856521154],[36.63436975195404,37.02094647283753]]]}},{"type":"Feature","properties":{"source":"Microsoft Global ML Building Footprints"},"geometry":{"type":"Polygon","coordinates":[[[36.6351349696184,37.024426937003554],[36.63518275047691,37.02442303898048],[36.63520472137841,37.02459470131954],[36.63515694051989,37.024598599333814],[36.6351349696184,37.024426937003554]]]}},{"type":"Feature","properties":{"source":"Microsoft Global ML Building Footprints"},"geometry":{"type":"Polygon","coordinates":[[[36.62543569885105,37.022514280658164],[36.62532974637078,37.02251091780427],[36.625332727231935,37.02245105114705],[36.625438684951895,37.022454414169886],[36.62543569885105,37.022514280658164]]]}},{"type":"Feature","properties":{"source":"Microsoft Global ML Building Footprints"},"geometry":{"type":"Polygon","coordinates":[[[36.62554345310737,37.02048504262281],[36.625549420552545,37.02057473373525],[36.62546383138759,37.020578363848436],[36.62545786394245,37.02048867274028],[36.62554345310737,37.02048504262281]]]}},{"type":"Feature","properties":{"source":"Microsoft Global ML Building Footprints"},"geometry":{"type":"Polygon","coordinates":[[[36.62576968055582,37.02563052998119],[36.625804765140536,37.02552442920734],[36.62596909422972,37.02555905519719],[36.625934018340644,37.025665157754936],[36.62576968055582,37.02563052998119]]]}},{"type":"Feature","properties":{"source":"Microsoft Global ML Building Footprints"},"geometry":{"type":"Polygon","coordinates":[[[36.62668435714253,37.01869090815262],[36.62662403662491,37.01861055519016],[36.626718754272595,37.01856522594047],[36.626779074790214,37.01864557895086],[36.62668435714253,37.01869090815262]]]}},{"type":"Feature","properties":{"source":"Microsoft Global ML Building Footprints"},"geometry":{"type":"Polygon","coordinates":[[[36.626741562750745,37.022201052436294],[36.62658877491296,37.02220414307089],[36.62658524345208,37.022092857379114],[36.62673803128986,37.02208976673998],[36.626741562750745,37.022201052436294]]]}},{"type":"Feature","properties":{"source":"Microsoft Global ML Building Footprints"},"geometry":{"type":"Polygon","coordinates":[[[36.62701220637521,37.02154520175658],[36.62694041722023,37.021550573230435],[36.626924968379264,37.02141895603944],[36.626903697518514,37.02142054758993],[36.626893730524365,37.02133563315394],[36.62697615510972,37.02132946588868],[36.62698786632787,37.021429240349335],[36.62699850175821,37.02142844457417],[36.62701220637521,37.02154520175658]]]}},{"type":"Feature","properties":{"source":"Microsoft Global ML Building Footprints"},"geometry":{"type":"Polygon","coordinates":[[[36.62811616990073,37.01995735226049],[36.627928853141185,37.019998018188126],[36.62790100996274,37.019916259519114],[36.62805585848395,37.01988264231766],[36.62806672411455,37.01991454816431],[36.62809919235288,37.019907499397334],[36.62811616990073,37.01995735226049]]]}},{"type":"Feature","properties":{"source":"Microsoft Global ML Building Footprints"},"geometry":{"type":"Polygon","coordinates":[[[36.62848254245666,37.025244553224795],[36.628603055254445,37.02533541356227],[36.62851200938768,37.02541238449936],[36.628391496589934,37.02532152425395],[36.62848254245666,37.025244553224795]]]}},{"type":"Feature","properties":{"source":"Microsoft Global ML Building Footprints"},"geometry":{"type":"Polygon","coordinates":[[[36.63346376205746,37.02239402817269],[36.63344165162973,37.02245298692575],[36.63339734394513,37.02244239515091],[36.633419454372856,37.02238343638963],[36.63346376205746,37.02239402817269]]]}},{"type":"Feature","properties":{"source":"Microsoft Global ML Building Footprints"},"geometry":{"type":"Polygon","coordinates":[[[36.63430796844282,37.01907264822029],[36.63422704090954,37.01910338665034],[36.63416461115066,37.018998604913776],[36.634245538683935,37.01896786644134],[36.63430796844282,37.01907264822029]]]}},{"type":"Feature","properties":{"source":"Microsoft Global ML Building Footprints"},"geometry":{"type":"Polygon","coordinates":[[[36.63505032842123,37.01982684351229],[36.63504453611799,37.01971252131934],[36.63517476042789,37.01970831517226],[36.63518056236721,37.019822629782695],[36.63505032842123,37.01982684351229]]]}},{"type":"Feature","properties":{"source":"Microsoft Global ML Building Footprints"},"geometry":{"type":"Polygon","coordinates":[[[36.63570458983364,37.02753343775664],[36.63574039354786,37.027590838263365],[36.63564882962063,37.02762723971587],[36.63561302738197,37.027569833533946],[36.63570458983364,37.02753343775664]]]}},{"type":"Feature","properties":{"source":"Microsoft Global ML Building Footprints"},"geometry":{"type":"Polygon","coordinates":[[[36.625843870895295,37.02840111282971],[36.625830758396084,37.02843420343389],[36.625749391813414,37.028413654028995],[36.62576250167545,37.028380562749845],[36.625843870895295,37.02840111282971]]]}},{"type":"Feature","properties":{"source":"Microsoft Global ML Building Footprints"},"geometry":{"type":"Polygon","coordinates":[[[36.628122521338504,37.018586282163504],[36.628143684616276,37.018636247604384],[36.62822454331377,37.01861440953253],[36.628252743754516,37.01868097555544],[36.628097263296766,37.018722958515156],[36.628047908116585,37.018606433483924],[36.628122521338504,37.018586282163504]]]}},{"type":"Feature","properties":{"source":"Microsoft Global ML Building Footprints"},"geometry":{"type":"Polygon","coordinates":[[[36.62851314476463,37.023816779747996],[36.62863178791341,37.023804309572256],[36.6286428949316,37.02387166809091],[36.628524251782814,37.023884138255596],[36.62851314476463,37.023816779747996]]]}},{"type":"Feature","properties":{"source":"Microsoft Global ML Building Footprints"},"geometry":{"type":"Polygon","coordinates":[[[36.628936815087734,37.024126241673336],[36.628743153956165,37.024142495351676],[36.62872865217191,37.02403235817953],[36.62892231330348,37.02401610447764],[36.628936815087734,37.024126241673336]]]}},{"type":"Feature","properties":{"source":"Microsoft Global ML Building Footprints"},"geometry":{"type":"Polygon","coordinates":[[[36.629551227744884,37.02229557636927],[36.629615221682876,37.022435372202445],[36.62948981590104,37.02247196564757],[36.629425821963046,37.022332169881736],[36.629551227744884,37.02229557636927]]]}},{"type":"Feature","properties":{"source":"Microsoft Global ML Building Footprints"},"geometry":{"type":"Polygon","coordinates":[[[36.62963824284893,37.033428256678384],[36.62892503562529,37.03341737829067],[36.628926982369535,37.033336043650124],[36.629640189593175,37.03334692204948],[36.62963824284893,37.033428256678384]]]}},{"type":"Feature","properties":{"source":"Microsoft Global ML Building Footprints"},"geometry":{"type":"Polygon","coordinates":[[[36.6246030083192,37.02561759137144],[36.62465827825435,37.02550298169039],[36.62476105755498,37.02553457954472],[36.624705790031825,37.02564918417651],[36.6246030083192,37.02561759137144]]]}},{"type":"Feature","properties":{"source":"Microsoft Global ML Building Footprints"},"geometry":{"type":"Polygon","coordinates":[[[36.626596832360306,37.02763990100181],[36.626282014643536,37.02776183830654],[36.6262082791969,37.02764050514478],[36.62618439647359,37.027649755567786],[36.62616016911255,37.02760988892004],[36.626255700005906,37.02757288720182],[36.62623041928135,37.027531287179],[36.626217392341346,37.027536332871684],[36.6261674467018,37.02745414609353],[36.62642365023059,37.027354925556644],[36.626596832360306,37.02763990100181]]]}},{"type":"Feature","properties":{"source":"Microsoft Global ML Building Footprints"},"geometry":{"type":"Polygon","coordinates":[[[36.631339436343126,37.02243274775641],[36.63142141277572,37.022158026589594],[36.63157370152969,37.02218699387929],[36.63155643063494,37.02224487253007],[36.63169711643087,37.02227162489556],[36.631674144135566,37.02234863274865],[36.63172998510725,37.022359251277635],[36.631688272255275,37.02249908110759],[36.631339436343126,37.02243274775641]]]}},{"type":"Feature","properties":{"source":"Microsoft Global ML Building Footprints"},"geometry":{"type":"Polygon","coordinates":[[[36.63153011155003,37.02545419310313],[36.63150422345999,37.02536928575526],[36.63174105066632,37.02532326078633],[36.63176694578325,37.02540816682004],[36.63153011155003,37.02545419310313]]]}},{"type":"Feature","properties":{"source":"Microsoft Global ML Building Footprints"},"geometry":{"type":"Polygon","coordinates":[[[36.63274329827874,37.025758936938615],[36.63264490390989,37.0257786745508],[36.632621449183645,37.02570414836787],[36.6327198435525,37.02568441073633],[36.63274329827874,37.025758936938615]]]}},{"type":"Feature","properties":{"source":"Microsoft Global ML Building Footprints"},"geometry":{"type":"Polygon","coordinates":[[[36.635211130206514,37.023115741157135],[36.63530636369513,37.02323739500676],[36.63515399011334,37.02331342856387],[36.63505875662472,37.023191774835986],[36.635211130206514,37.023115741157135]]]}},{"type":"Feature","properties":{"source":"Microsoft Global ML Building Footprints"},"geometry":{"type":"Polygon","coordinates":[[[36.637116361814435,37.02425601027895],[36.63722548427554,37.0242437298872],[36.63724180352985,37.02433611596218],[36.63713267312761,37.02434839723267],[36.637116361814435,37.02425601027895]]]}},{"type":"Feature","properties":{"source":"Microsoft Global ML Building Footprints"},"geometry":{"type":"Polygon","coordinates":[[[36.638324760198586,37.02683729217641],[36.638295248157334,37.02695238274693],[36.638188209072744,37.0269348826719],[36.638217730797486,37.02681979365807],[36.638324760198586,37.02683729217641]]]}},{"type":"Feature","properties":{"source":"Microsoft Global ML Building Footprints"},"geometry":{"type":"Polygon","coordinates":[[[36.639592935520305,37.03246694403739],[36.63958993494823,37.03254472721261],[36.639514904411726,37.03254287850674],[36.63951790482225,37.03246509951773],[36.639592935520305,37.03246694403739]]]}},{"type":"Feature","properties":{"source":"Microsoft Global ML Building Footprints"},"geometry":{"type":"Polygon","coordinates":[[[36.63967404494792,37.033357914654644],[36.639802677704004,37.0333609618756],[36.639797429041025,37.03350215443732],[36.639639317945004,37.03349840890183],[36.63964241942767,37.03341497696116],[36.639671897767606,37.03341567528212],[36.63967404494792,37.033357914654644]]]}},{"type":"Feature","properties":{"source":"Microsoft Global ML Building Footprints"},"geometry":{"type":"Polygon","coordinates":[[[36.62471482227418,37.021718057900664],[36.62462900581764,37.02171894025186],[36.6246273481089,37.021616165451114],[36.624713164565485,37.02161528309873],[36.62471482227418,37.021718057900664]]]}},{"type":"Feature","properties":{"source":"Microsoft Global ML Building Footprints"},"geometry":{"type":"Polygon","coordinates":[[[36.62477008593494,37.01932893791582],[36.62478513794714,37.01932853249286],[36.6247868090492,37.01936800233049],[36.62466624741536,37.01937125636949],[36.624662715283534,37.01928783075994],[36.624768228789264,37.01928498287685],[36.62477008593494,37.01932893791582]]]}},{"type":"Feature","properties":{"source":"Microsoft Global ML Building Footprints"},"geometry":{"type":"Polygon","coordinates":[[[36.625176540556666,37.026044283626874],[36.62521397587707,37.02604594447682],[36.625211895554834,37.026075831402586],[36.625174460234426,37.02607417055331],[36.625176540556666,37.026044283626874]]]}},{"type":"Feature","properties":{"source":"Microsoft Global ML Building Footprints"},"geometry":{"type":"Polygon","coordinates":[[[36.626757389374916,37.021201507934734],[36.62686825611482,37.02119817490189],[36.6268727944927,37.0212944063519],[36.62684868878914,37.02129513105077],[36.626852218638554,37.021369977649115],[36.626765442626656,37.0213725864265],[36.626757389374916,37.021201507934734]]]}},{"type":"Feature","properties":{"source":"Microsoft Global ML Building Footprints"},"geometry":{"type":"Polygon","coordinates":[[[36.62771377394873,37.02708798429062],[36.62783109882854,37.02701404363405],[36.62789371293128,37.02707736744832],[36.62787223091104,37.02709090587251],[36.62792440933003,37.02714367566801],[36.627828566470455,37.027204077796796],[36.62771377394873,37.02708798429062]]]}},{"type":"Feature","properties":{"source":"Microsoft Global ML Building Footprints"},"geometry":{"type":"Polygon","coordinates":[[[36.62806965623849,37.02052495727727],[36.62804165718549,37.02053457487092],[36.62807148223996,37.02058993425571],[36.627952368176665,37.02063084289209],[36.62788225873717,37.02050073134892],[36.628029376659775,37.02045020495326],[36.62806965623849,37.02052495727727]]]}},{"type":"Feature","properties":{"source":"Microsoft Global ML Building Footprints"},"geometry":{"type":"Polygon","coordinates":[[[36.62901868995458,37.02048847829919],[36.6289731093909,37.02050748703275],[36.62899182313102,37.02053608872702],[36.628902535273625,37.02057332494542],[36.628843097885614,37.02048246990276],[36.62897796433686,37.02042622571218],[36.62901868995458,37.02048847829919]]]}},{"type":"Feature","properties":{"source":"Microsoft Global ML Building Footprints"},"geometry":{"type":"Polygon","coordinates":[[[36.629125770057925,37.02401686375771],[36.62910748707428,37.0239724042568],[36.62919339633934,37.023949880633246],[36.62920532231874,37.02397887536992],[36.629280377024635,37.023959197588184],[36.62931566209154,37.02404498347484],[36.62917523424463,37.02408179284097],[36.62914631261338,37.02401147793042],[36.629125770057925,37.02401686375771]]]}},{"type":"Feature","properties":{"source":"Microsoft Global ML Building Footprints"},"geometry":{"type":"Polygon","coordinates":[[[36.631213475353924,37.02577003665643],[36.63122209551087,37.0259517932542],[36.63104264478147,37.025957217899546],[36.63103402462448,37.02577546131477],[36.631213475353924,37.02577003665643]]]}},{"type":"Feature","properties":{"source":"Microsoft Global ML Building Footprints"},"geometry":{"type":"Polygon","coordinates":[[[36.63148726670623,37.02538885266731],[36.63149742548641,37.02544864735379],[36.631414377649804,37.02545763590438],[36.63142830299816,37.02553964287974],[36.63127817622914,37.02555589159174],[36.63125409942032,37.02541410220375],[36.63148726670623,37.02538885266731]]]}},{"type":"Feature","properties":{"source":"Microsoft Global ML Building Footprints"},"geometry":{"type":"Polygon","coordinates":[[[36.63926129928051,37.02161307750612],[36.639127676958665,37.021640040002595],[36.639106650161246,37.02157361336994],[36.63924027248305,37.0215466508499],[36.63926129928051,37.02161307750612]]]}},{"type":"Feature","properties":{"source":"Microsoft Global ML Building Footprints"},"geometry":{"type":"Polygon","coordinates":[[[36.62603955368894,37.022652543437246],[36.626054498591536,37.02258744832303],[36.626156842249685,37.02260242600131],[36.62614190413794,37.022667516377304],[36.62603955368894,37.022652543437246]]]}},{"type":"Feature","properties":{"source":"Microsoft Global ML Building Footprints"},"geometry":{"type":"Polygon","coordinates":[[[36.62608725491443,37.023500218782466],[36.62597204353411,37.02349720588655],[36.62597335994845,37.023465118627385],[36.626088571328765,37.02346813152459],[36.62608725491443,37.023500218782466]]]}},{"type":"Feature","properties":{"source":"Microsoft Global ML Building Footprints"},"geometry":{"type":"Polygon","coordinates":[[[36.626583698456265,37.02171223645054],[36.62653010003972,37.02171348538925],[36.62652782638346,37.02165143497531],[36.626581424800044,37.02165018603559],[36.626583698456265,37.02171223645054]]]}},{"type":"Feature","properties":{"source":"Microsoft Global ML Building Footprints"},"geometry":{"type":"Polygon","coordinates":[[[36.62722917536203,37.02365347748271],[36.62741404051965,37.023700767854734],[36.62737692161466,37.02379323956135],[36.627192060217354,37.02374593987911],[36.62722917536203,37.02365347748271]]]}},{"type":"Feature","properties":{"source":"Microsoft Global ML Building Footprints"},"geometry":{"type":"Polygon","coordinates":[[[36.62746265465121,37.024998101449526],[36.62762542399921,37.025095082320654],[36.627456511782,37.025275782170034],[36.62729374714867,37.02517881343347],[36.62746265465121,37.024998101449526]]]}},{"type":"Feature","properties":{"source":"Microsoft Global ML Building Footprints"},"geometry":{"type":"Polygon","coordinates":[[[36.62970372752453,37.01863142800754],[36.62973670192238,37.018585129473664],[36.62981169342359,37.01861917862593],[36.629778721281134,37.01866547397234],[36.62970372752453,37.01863142800754]]]}},{"type":"Feature","properties":{"source":"Microsoft Global ML Building Footprints"},"geometry":{"type":"Polygon","coordinates":[[[36.62974480112649,37.01865812856377],[36.6298506235422,37.01871284661778],[36.62977352586132,37.01880790088489],[36.62966770344561,37.01875318289932],[36.62974480112649,37.01865812856377]]]}},{"type":"Feature","properties":{"source":"Microsoft Global ML Building Footprints"},"geometry":{"type":"Polygon","coordinates":[[[36.62979565001307,37.02784146061684],[36.62972740414879,37.02784586109838],[36.62971974653681,37.02777010367544],[36.629787986185896,37.02776570740317],[36.62979565001307,37.02784146061684]]]}},{"type":"Feature","properties":{"source":"Microsoft Global ML Building Footprints"},"geometry":{"type":"Polygon","coordinates":[[[36.63372828602671,37.01902632159508],[36.63368789890099,37.01903790398078],[36.63366656603327,37.01899048262058],[36.633706953159034,37.018978900227665],[36.63372828602671,37.01902632159508]]]}},{"type":"Feature","properties":{"source":"Microsoft Global ML Building Footprints"},"geometry":{"type":"Polygon","coordinates":[[[36.63809166643346,37.02168899277227],[36.63801936429418,37.02168666560886],[36.63802277642492,37.021619088515536],[36.63809507876783,37.02162141164734],[36.63809166643346,37.02168899277227]]]}},{"type":"Feature","properties":{"source":"Microsoft Global ML Building Footprints"},"geometry":{"type":"Polygon","coordinates":[[[36.6382145201762,37.032654637044686],[36.63823340247596,37.03260575560781],[36.638282388458435,37.03261781449153],[36.63826350615871,37.03266669592064],[36.6382145201762,37.032654637044686]]]}},{"type":"Feature","properties":{"source":"Microsoft Global ML Building Footprints"},"geometry":{"type":"Polygon","coordinates":[[[36.6248249220195,37.02357069611532],[36.62466246660785,37.02358652765318],[36.62465504713973,37.0235379974949],[36.624754070875866,37.023528347468805],[36.62475034367084,37.023503982069585],[36.62481377062041,37.02349779746212],[36.6248249220195,37.02357069611532]]]}},{"type":"Feature","properties":{"source":"Microsoft Global ML Building Footprints"},"geometry":{"type":"Polygon","coordinates":[[[36.62617042713015,37.018976510260835],[36.62602567519994,37.01897367103307],[36.626028808484214,37.01887183426241],[36.62613603232047,37.01887393140868],[36.62613447929016,37.018924407403375],[36.626172007568364,37.01892514349995],[36.62617042713015,37.018976510260835]]]}},{"type":"Feature","properties":{"source":"Microsoft Global ML Building Footprints"},"geometry":{"type":"Polygon","coordinates":[[[36.627243255975706,37.018723153595246],[36.62729492084545,37.01881082239384],[36.627158768428785,37.018861973851365],[36.62709470399031,37.01875326459925],[36.62714652699644,37.01873379505473],[36.62715892807516,37.018754835005375],[36.627243255975706,37.018723153595246]]]}},{"type":"Feature","properties":{"source":"Microsoft Global ML Building Footprints"},"geometry":{"type":"Polygon","coordinates":[[[36.62725548790805,37.02094048967273],[36.62703467055265,37.02096562483436],[36.6270185551203,37.02087537395328],[36.62723937247571,37.02085023876181],[36.62725548790805,37.02094048967273]]]}},{"type":"Feature","properties":{"source":"Microsoft Global ML Building Footprints"},"geometry":{"type":"Polygon","coordinates":[[[36.62730964617868,37.02823771899043],[36.62738166174807,37.02821253770867],[36.627402361246986,37.028250267377715],[36.62752388752031,37.028207773966926],[36.62756035806601,37.028274250042074],[36.6273668162233,37.02834192466287],[36.62730964617868,37.02823771899043]]]}},{"type":"Feature","properties":{"source":"Microsoft Global ML Building Footprints"},"geometry":{"type":"Polygon","coordinates":[[[36.627858033094036,37.023547547283954],[36.62793763455142,37.02346716809482],[36.628039961774,37.023531762842715],[36.627960360316614,37.02361214196352],[36.627858033094036,37.023547547283954]]]}},{"type":"Feature","properties":{"source":"Microsoft Global ML Building Footprints"},"geometry":{"type":"Polygon","coordinates":[[[36.63140074786082,37.03139073143175],[36.63141376803021,37.03119428865829],[36.63148598549138,37.0311973391012],[36.63149340655099,37.03108537308999],[36.63164051673742,37.031091578767466],[36.63163592560618,37.031160847953224],[36.63172534602258,37.0311646250452],[36.63172993142759,37.03109535062517],[36.63194543603295,37.031104441442785],[36.63193815482767,37.031214297361714],[36.63212119549018,37.0312220289396],[36.632127414313835,37.03112807755569],[36.63225999891785,37.03113367789257],[36.63225532863969,37.03120414117598],[36.63238104051659,37.03120945120545],[36.63236632206426,37.03143151686756],[36.63140074786082,37.03139073143175]]]}},{"type":"Feature","properties":{"source":"Microsoft Global ML Building Footprints"},"geometry":{"type":"Polygon","coordinates":[[[36.63259488498625,37.02508977085359],[36.63237305219859,37.02512781223833],[36.632356788742364,37.02506734305133],[36.632301712619224,37.025076784804014],[36.63227913284829,37.0249928582017],[36.63255603987964,37.02494538769912],[36.63259488498625,37.02508977085359]]]}},{"type":"Feature","properties":{"source":"Microsoft Global ML Building Footprints"},"geometry":{"type":"Polygon","coordinates":[[[36.63576735505745,37.021744569351775],[36.6357415196297,37.02177174261438],[36.635681959512134,37.02173564836829],[36.63570779493989,37.02170847509276],[36.63576735505745,37.021744569351775]]]}},{"type":"Feature","properties":{"source":"Microsoft Global ML Building Footprints"},"geometry":{"type":"Polygon","coordinates":[[[36.63704624443701,37.03281600867239],[36.63691296023234,37.032788552403176],[36.636938910790036,37.03270825079217],[36.63707219499475,37.0327357070904],[36.63704624443701,37.03281600867239]]]}},{"type":"Feature","properties":{"source":"Microsoft Global ML Building Footprints"},"geometry":{"type":"Polygon","coordinates":[[[36.63712794194724,37.01953400885396],[36.637132719176016,37.01962379214808],[36.636996172957964,37.01962842377318],[36.63699139572919,37.01953864048454],[36.63712794194724,37.01953400885396]]]}},{"type":"Feature","properties":{"source":"Microsoft Global ML Building Footprints"},"geometry":{"type":"Polygon","coordinates":[[[36.63814312824423,37.0271838570466],[36.63801723751159,37.027166032345704],[36.63803061196646,37.02710582708182],[36.638156507816085,37.02712365252133],[36.63814312824423,37.0271838570466]]]}},{"type":"Feature","properties":{"source":"Microsoft Global ML Building Footprints"},"geometry":{"type":"Polygon","coordinates":[[[36.62633571875609,37.01863152322772],[36.62629433082453,37.018648293584356],[36.626264023079976,37.01860060994934],[36.62642272677848,37.0185363032777],[36.62650021225523,37.01865822921432],[36.626382896499045,37.01870575888237],[36.62633571875609,37.01863152322772]]]}},{"type":"Feature","properties":{"source":"Microsoft Global ML Building Footprints"},"geometry":{"type":"Polygon","coordinates":[[[36.6305331022376,37.02017898944372],[36.63060533166236,37.020116979766534],[36.63064991719019,37.02015008644913],[36.63061301857442,37.02018176426904],[36.63064034614207,37.02020205462715],[36.63058817862564,37.02024684091209],[36.63057379569532,37.02023616178321],[36.63052107769004,37.02028142064734],[36.63046498621957,37.02023977037437],[36.630434221834975,37.02026618186706],[36.63025012675243,37.0201294834224],[36.63031219870089,37.020076194007636],[36.63040281116191,37.02014347263617],[36.63044105469633,37.02011064017369],[36.6305331022376,37.02017898944372]]]}},{"type":"Feature","properties":{"source":"Microsoft Global ML Building Footprints"},"geometry":{"type":"Polygon","coordinates":[[[36.633927881714925,37.02265640437286],[36.63397262938454,37.022732866164716],[36.63384934162989,37.022778858283196],[36.633804597269474,37.02270240219215],[36.633927881714925,37.02265640437286]]]}},{"type":"Feature","properties":{"source":"Microsoft Global ML Building Footprints"},"geometry":{"type":"Polygon","coordinates":[[[36.63628543814124,37.03125567695235],[36.63631814483372,37.03125934638458],[36.6363109633133,37.03130016049352],[36.63627825279641,37.03129649246181],[36.63628543814124,37.03125567695235]]]}},{"type":"Feature","properties":{"source":"Microsoft Global ML Building Footprints"},"geometry":{"type":"Polygon","coordinates":[[[36.639150408851435,37.020948622008866],[36.63905136018301,37.020971431135955],[36.63903305263118,37.02092075213683],[36.63913209945376,37.020897937884854],[36.639150408851435,37.020948622008866]]]}},{"type":"Feature","properties":{"source":"Microsoft Global ML Building Footprints"},"geometry":{"type":"Polygon","coordinates":[[[36.624572588615806,37.01993803598353],[36.62442614380009,37.01995417377567],[36.624401453533096,37.01981126937202],[36.62454788605625,37.01979513290414],[36.624572588615806,37.01993803598353]]]}},{"type":"Feature","properties":{"source":"Microsoft Global ML Building Footprints"},"geometry":{"type":"Polygon","coordinates":[[[36.62696718969611,37.02061207669424],[36.62710169481687,37.020570602301945],[36.627143511551346,37.02065705343505],[36.6270090161891,37.0206985322868],[36.62696718969611,37.02061207669424]]]}},{"type":"Feature","properties":{"source":"Microsoft Global ML Building Footprints"},"geometry":{"type":"Polygon","coordinates":[[[36.62772817154177,37.024729172631794],[36.62782880597455,37.02464085466378],[36.627965295423735,37.024739986168335],[36.62786466574619,37.024828299847854],[36.62772817154177,37.024729172631794]]]}},{"type":"Feature","properties":{"source":"Microsoft Global ML Building Footprints"},"geometry":{"type":"Polygon","coordinates":[[[36.63023213155106,37.019210177621176],[36.63027774069525,37.01917714131778],[36.63034581676663,37.01923705131175],[36.63030020762244,37.019270087589064],[36.63023213155106,37.019210177621176]]]}},{"type":"Feature","properties":{"source":"Microsoft Global ML Building Footprints"},"geometry":{"type":"Polygon","coordinates":[[[36.63131567520682,37.028470886394096],[36.63143363615579,37.028472942792774],[36.63143149557916,37.02855120161482],[36.63131353444997,37.028549151806146],[36.63131567520682,37.028470886394096]]]}},{"type":"Feature","properties":{"source":"Microsoft Global ML Building Footprints"},"geometry":{"type":"Polygon","coordinates":[[[36.6319776226281,37.02839191174519],[36.6319802755559,37.02846465449143],[36.63183922988763,37.028467932934],[36.6318365833317,37.02839519004279],[36.6319776226281,37.02839191174519]]]}},{"type":"Feature","properties":{"source":"Microsoft Global ML Building Footprints"},"geometry":{"type":"Polygon","coordinates":[[[36.63230627279846,37.02481890368022],[36.632252669793424,37.024817717584675],[36.63225657279914,37.02470528749389],[36.63223913250186,37.024704900610224],[36.6322414750363,37.02463759139033],[36.632312512476354,37.024639163268446],[36.63230627279846,37.02481890368022]]]}},{"type":"Feature","properties":{"source":"Microsoft Global ML Building Footprints"},"geometry":{"type":"Polygon","coordinates":[[[36.63535700768881,37.03085717290635],[36.635420626204144,37.03085164202983],[36.63543650337536,37.03096802969147],[36.635372884860026,37.03097356055952],[36.63535700768881,37.03085717290635]]]}},{"type":"Feature","properties":{"source":"Microsoft Global ML Building Footprints"},"geometry":{"type":"Polygon","coordinates":[[[36.6379258173177,37.03334088373957],[36.63792881516711,37.03326173285075],[36.63798643073019,37.03326312347766],[36.6379848140187,37.033305907841786],[36.63801026724543,37.033306522188326],[36.63800888985514,37.03334288880172],[36.6379258173177,37.03334088373957]]]}},{"type":"Feature","properties":{"source":"Microsoft Global ML Building Footprints"},"geometry":{"type":"Polygon","coordinates":[[[36.63864832389043,37.03010500483357],[36.63865216966065,37.03002160871479],[36.63876466997004,37.030024915036094],[36.63876082419978,37.030108311151245],[36.63864832389043,37.03010500483357]]]}},{"type":"Feature","properties":{"source":"Microsoft Global ML Building Footprints"},"geometry":{"type":"Polygon","coordinates":[[[36.6248270021996,37.02575532388855],[36.62479823421245,37.02574082462143],[36.62477886226441,37.02576532313024],[36.62473666921659,37.0257440575403],[36.624798417300994,37.025665968494145],[36.624869378335966,37.025701733383265],[36.6248270021996,37.02575532388855]]]}},{"type":"Feature","properties":{"source":"Microsoft Global ML Building Footprints"},"geometry":{"type":"Polygon","coordinates":[[[36.62488908807353,37.02306185278691],[36.624891131304395,37.02299122233462],[36.62495546999996,37.022992408736926],[36.624953426769096,37.02306303918812],[36.62488908807353,37.02306185278691]]]}},{"type":"Feature","properties":{"source":"Microsoft Global ML Building Footprints"},"geometry":{"type":"Polygon","coordinates":[[[36.62540900032422,37.019585035035995],[36.625412216000825,37.01965682428522],[36.62526587628879,37.019660994872545],[36.62526266726219,37.019589213614985],[36.62540900032422,37.019585035035995]]]}},{"type":"Feature","properties":{"source":"Microsoft Global ML Building Footprints"},"geometry":{"type":"Polygon","coordinates":[[[36.62618583743394,37.02248948364022],[36.62624605662537,37.0225056826932],[36.62623097244203,37.02254142701579],[36.626170754525816,37.02252522494855],[36.62618583743394,37.02248948364022]]]}},{"type":"Feature","properties":{"source":"Microsoft Global ML Building Footprints"},"geometry":{"type":"Polygon","coordinates":[[[36.629608369786226,37.02037262320604],[36.629534453762005,37.0204032919321],[36.62950743945685,37.0203617868826],[36.62947498787803,37.0203752496575],[36.629388972066636,37.0202430761729],[36.62949532961776,37.0201989469357],[36.629608369786226,37.02037262320604]]]}},{"type":"Feature","properties":{"source":"Microsoft Global ML Building Footprints"},"geometry":{"type":"Polygon","coordinates":[[[36.629760018870556,37.02054283414037],[36.629570180094134,37.02063035234871],[36.629498621340375,37.02053139138311],[36.629688459364516,37.02044388401583],[36.629760018870556,37.02054283414037]]]}},{"type":"Feature","properties":{"source":"Microsoft Global ML Building Footprints"},"geometry":{"type":"Polygon","coordinates":[[[36.63101382545143,37.027920827451226],[36.63098880785404,37.027928241692386],[36.63097393364418,37.02789624737682],[36.63094944433384,37.02790350505664],[36.630930561655376,37.027862896196886],[36.630980067228414,37.02784822742663],[36.63101382545143,37.027920827451226]]]}},{"type":"Feature","properties":{"source":"Microsoft Global ML Building Footprints"},"geometry":{"type":"Polygon","coordinates":[[[36.63725162007986,37.03257367071247],[36.637278774879306,37.03250326194679],[36.63742087340486,37.0325381868206],[36.63739371860541,37.0326085955539],[36.63725162007986,37.03257367071247]]]}},{"type":"Feature","properties":{"source":"Microsoft Global ML Building Footprints"},"geometry":{"type":"Polygon","coordinates":[[[36.6249851379228,37.01917610862546],[36.625035786175395,37.019179289879666],[36.62503284771404,37.019209087243595],[36.62498219946145,37.01920590599063],[36.6249851379228,37.01917610862546]]]}},{"type":"Feature","properties":{"source":"Microsoft Global ML Building Footprints"},"geometry":{"type":"Polygon","coordinates":[[[36.62511295453434,37.02021896191948],[36.625115702963896,37.020298137950235],[36.62499241605238,37.02030086613225],[36.62498966762281,37.020221690104364],[36.62511295453434,37.02021896191948]]]}},{"type":"Feature","properties":{"source":"Microsoft Global ML Building Footprints"},"geometry":{"type":"Polygon","coordinates":[[[36.625250552649234,37.02314091824836],[36.625143348730255,37.02313851609912],[36.62514602334011,37.02306243020989],[36.625253227469486,37.02306482637583],[36.625250552649234,37.02314091824836]]]}},{"type":"Feature","properties":{"source":"Microsoft Global ML Building Footprints"},"geometry":{"type":"Polygon","coordinates":[[[36.62556552849476,37.020099580369745],[36.62545836158709,37.02009669986819],[36.62545953410018,37.02006889134505],[36.62556670100785,37.02007177184763],[36.62556552849476,37.020099580369745]]]}},{"type":"Feature","properties":{"source":"Microsoft Global ML Building Footprints"},"geometry":{"type":"Polygon","coordinates":[[[36.626404987372936,37.02464975545947],[36.62640802306251,37.024602769380046],[36.62644814943442,37.0246044218515],[36.626445113744836,37.02465140792988],[36.626404987372936,37.02464975545947]]]}},{"type":"Feature","properties":{"source":"Microsoft Global ML Building Footprints"},"geometry":{"type":"Polygon","coordinates":[[[36.62664242142191,37.030436807503875],[36.62753649385948,37.03048726168534],[36.627526306266354,37.03060231409321],[36.626632233828786,37.03055185998817],[36.62664242142191,37.030436807503875]]]}},{"type":"Feature","properties":{"source":"Microsoft Global ML Building Footprints"},"geometry":{"type":"Polygon","coordinates":[[[36.62714084474609,37.01931331628921],[36.62702809523117,37.01935629893015],[36.626971785102604,37.01926212120464],[36.627084527894745,37.019219141073314],[36.62714084474609,37.01931331628921]]]}},{"type":"Feature","properties":{"source":"Microsoft Global ML Building Footprints"},"geometry":{"type":"Polygon","coordinates":[[[36.62759161506788,37.02177574058532],[36.62758425490096,37.02184725852469],[36.62747612371184,37.02184016484729],[36.62748850774963,37.02171972786576],[36.62754869377676,37.02172367286336],[36.627541688593645,37.021791741512054],[36.62754811479933,37.02179216272848],[36.62755008334014,37.02177301831804],[36.62759161506788,37.02177574058532]]]}},{"type":"Feature","properties":{"source":"Microsoft Global ML Building Footprints"},"geometry":{"type":"Polygon","coordinates":[[[36.62856548675621,37.02246348946432],[36.62844221344253,37.02246057567424],[36.62844650781207,37.022345037473066],[36.62856978112575,37.02234795126758],[36.62856548675621,37.02246348946432]]]}},{"type":"Feature","properties":{"source":"Microsoft Global ML Building Footprints"},"geometry":{"type":"Polygon","coordinates":[[[36.630932310562436,37.02664764796664],[36.63093443246085,37.02666460962632],[36.63097692396005,37.02666122156835],[36.630981698231466,37.026699385290534],[36.63086484660873,37.02670870244493],[36.63085795043885,37.02665357706907],[36.630932310562436,37.02664764796664]]]}},{"type":"Feature","properties":{"source":"Microsoft Global ML Building Footprints"},"geometry":{"type":"Polygon","coordinates":[[[36.631354542894655,37.02413979736953],[36.631382393161424,37.024134378641236],[36.63140152055054,37.0241970413109],[36.63126480105913,37.024223642314965],[36.63123580146912,37.0241286376353],[36.63134467069379,37.024107455328554],[36.631354542894655,37.02413979736953]]]}},{"type":"Feature","properties":{"source":"Microsoft Global ML Building Footprints"},"geometry":{"type":"Polygon","coordinates":[[[36.632044563890396,37.01962547519137],[36.63201574568477,37.01965027392649],[36.63205375485123,37.01967843170685],[36.63203369375744,37.019695693430606],[36.631936589716794,37.01962375724598],[36.63198547026528,37.01958169437957],[36.632044563890396,37.01962547519137]]]}},{"type":"Feature","properties":{"source":"Microsoft Global ML Building Footprints"},"geometry":{"type":"Polygon","coordinates":[[[36.632994431804875,37.01896941575282],[36.63297976062569,37.01905011467032],[36.63289044739272,37.01903976341746],[36.63290511768326,37.01895906937699],[36.632994431804875,37.01896941575282]]]}},{"type":"Feature","properties":{"source":"Microsoft Global ML Building Footprints"},"geometry":{"type":"Polygon","coordinates":[[[36.63351495253204,37.02371580200444],[36.633541384195816,37.02389099940934],[36.63335102692199,37.02390930530357],[36.633327779796005,37.02375521607828],[36.633457328496256,37.02374275787547],[36.63345414395846,37.02372164973463],[36.63351495253204,37.02371580200444]]]}},{"type":"Feature","properties":{"source":"Microsoft Global ML Building Footprints"},"geometry":{"type":"Polygon","coordinates":[[[36.634360349016696,37.028062491776254],[36.63426111941736,37.0280633677985],[36.63425972554498,37.027962738162785],[36.63435895514428,37.027961862139385],[36.634360349016696,37.028062491776254]]]}},{"type":"Feature","properties":{"source":"Microsoft Global ML Building Footprints"},"geometry":{"type":"Polygon","coordinates":[[[36.63859461258954,37.02641772496041],[36.638560286310444,37.02666306149864],[36.63830066916494,37.026639909359176],[36.63833499544408,37.02639457274616],[36.63859461258954,37.02641772496041]]]}},{"type":"Feature","properties":{"source":"Microsoft Global ML Building Footprints"},"geometry":{"type":"Polygon","coordinates":[[[36.62243988511021,37.02869685890333],[36.62254346028189,37.02877374187802],[36.62248728276061,37.028821976235456],[36.62238370758893,37.02874509330958],[36.62243988511021,37.02869685890333]]]}},{"type":"Feature","properties":{"source":"Microsoft Global ML Building Footprints"},"geometry":{"type":"Polygon","coordinates":[[[36.62642070590769,37.02188340622123],[36.626415283501046,37.02200190564934],[36.6262143854588,37.02199605687457],[36.62621980837844,37.021877546226214],[36.62642070590769,37.02188340622123]]]}},{"type":"Feature","properties":{"source":"Microsoft Global ML Building Footprints"},"geometry":{"type":"Polygon","coordinates":[[[36.626557728068185,37.02063249988351],[36.62657256296218,37.02066599158546],[36.62666077423063,37.020641088877824],[36.62667544668116,37.02067421383886],[36.626603028834566,37.02069466198258],[36.626623763064096,37.02074148142477],[36.626467313671576,37.02078564820652],[36.626417069950875,37.020672216593546],[36.626557728068185,37.02063249988351]]]}},{"type":"Feature","properties":{"source":"Microsoft Global ML Building Footprints"},"geometry":{"type":"Polygon","coordinates":[[[36.62789216445973,37.02191699859547],[36.62787228626624,37.02201507931108],[36.62773004981587,37.02199669539754],[36.62774993638765,37.02189861574109],[36.62789216445973,37.02191699859547]]]}},{"type":"Feature","properties":{"source":"Microsoft Global ML Building Footprints"},"geometry":{"type":"Polygon","coordinates":[[[36.63336913582653,37.03091188996078],[36.633481627328564,37.03091529026271],[36.63346296722406,37.031308712639294],[36.633350475722025,37.031305312354974],[36.63336913582653,37.03091188996078]]]}},{"type":"Feature","properties":{"source":"Microsoft Global ML Building Footprints"},"geometry":{"type":"Polygon","coordinates":[[[36.633627809546255,37.01917577299793],[36.63352691910657,37.019191232127206],[36.633510779075976,37.019124081898255],[36.63361943172625,37.01910743944636],[36.63362389989485,37.01912602916985],[36.63367046531637,37.01911889669108],[36.63368238043266,37.019168469269495],[36.633628054107504,37.019176790489205],[36.633627809546255,37.01917577299793]]]}},{"type":"Feature","properties":{"source":"Microsoft Global ML Building Footprints"},"geometry":{"type":"Polygon","coordinates":[[[36.633964948585536,37.02580745765986],[36.6340550580613,37.02578614950323],[36.63408171927613,37.02585799576292],[36.63399160572739,37.02587930989777],[36.633964948585536,37.02580745765986]]]}},{"type":"Feature","properties":{"source":"Microsoft Global ML Building Footprints"},"geometry":{"type":"Polygon","coordinates":[[[36.634166761536086,37.029840926422104],[36.63402653151125,37.0298459879327],[36.63401527640065,37.029647256159755],[36.634155489038356,37.02964219526348],[36.634166761536086,37.029840926422104]]]}},{"type":"Feature","properties":{"source":"Microsoft Global ML Building Footprints"},"geometry":{"type":"Polygon","coordinates":[[[36.637992621037775,37.021484474778546],[36.63798929800205,37.021376165772885],[36.63831526379225,37.02136979055376],[36.63831857789616,37.02147811795759],[36.63818830520948,37.021480658539694],[36.63819112877518,37.02157268800641],[36.63803724877408,37.021575688975375],[36.63803443327089,37.021483659355084],[36.637992621037775,37.021484474778546]]]}},{"type":"Feature","properties":{"source":"Microsoft Global ML Building Footprints"},"geometry":{"type":"Polygon","coordinates":[[[36.639158802242136,37.02822166183938],[36.639156521195225,37.028126701402414],[36.63931203233687,37.028124329260855],[36.639314313175106,37.02821928101485],[36.639158802242136,37.02822166183938]]]}},{"type":"Feature","properties":{"source":"Microsoft Global ML Building Footprints"},"geometry":{"type":"Polygon","coordinates":[[[36.639589648050645,37.021309613543366],[36.63950086452156,37.02132828258307],[36.639514733412916,37.0213703379107],[36.639487142391005,37.021376139634526],[36.63944114893688,37.02123667132161],[36.63955751750838,37.021212208283494],[36.639589648050645,37.021309613543366]]]}},{"type":"Feature","properties":{"source":"Microsoft Global ML Building Footprints"},"geometry":{"type":"Polygon","coordinates":[[[36.63985182587182,37.02131768695166],[36.63974995627051,37.02131956546337],[36.63974754154309,37.02123609118932],[36.63978775322779,37.02123534967073],[36.639786762570395,37.02120110378783],[36.63984842048697,37.02119996679214],[36.63985182587182,37.02131768695166]]]}},{"type":"Feature","properties":{"source":"Microsoft Global ML Building Footprints"},"geometry":{"type":"Polygon","coordinates":[[[36.62391394272414,37.02016736089366],[36.62384900676397,37.02018496355894],[36.62383147393071,37.020143723886704],[36.6238964112742,37.02012612446563],[36.62391394272414,37.02016736089366]]]}},{"type":"Feature","properties":{"source":"Microsoft Global ML Building Footprints"},"geometry":{"type":"Polygon","coordinates":[[[36.626162795932714,37.02067238075394],[36.62617082547614,37.02053687851254],[36.626301959744026,37.020541839460584],[36.62629760256733,37.02061536884829],[36.626241401981105,37.020613245863295],[36.62623773004766,37.02067521139841],[36.626162795932714,37.02067238075394]]]}},{"type":"Feature","properties":{"source":"Microsoft Global ML Building Footprints"},"geometry":{"type":"Polygon","coordinates":[[[36.62670566471676,37.02359691947879],[36.62678758552665,37.02361335759063],[36.626753101243466,37.023722932612316],[36.6265992023589,37.02369206012477],[36.626629630111864,37.02359537483929],[36.6267016057683,37.02360981334955],[36.62670566471676,37.02359691947879]]]}},{"type":"Feature","properties":{"source":"Microsoft Global ML Building Footprints"},"geometry":{"type":"Polygon","coordinates":[[[36.62706823547461,37.02181047050575],[36.62709322788048,37.02166545301144],[36.62714587527684,37.021671236818165],[36.627141890980226,37.02169435556593],[36.627173479418055,37.02169782584869],[36.627169132912655,37.021723046291626],[36.627287589554435,37.02173605984627],[36.6272709279505,37.021832738116714],[36.62706823547461,37.02181047050575]]]}},{"type":"Feature","properties":{"source":"Microsoft Global ML Building Footprints"},"geometry":{"type":"Polygon","coordinates":[[[36.63188878022487,37.021090970338406],[36.63193738804623,37.0210478349471],[36.63201150388054,37.021101075166676],[36.63196289348008,37.02114421281651],[36.63188878022487,37.021090970338406]]]}},{"type":"Feature","properties":{"source":"Microsoft Global ML Building Footprints"},"geometry":{"type":"Polygon","coordinates":[[[36.63387583807577,37.0262232799675],[36.633906385286764,37.026298931480575],[36.63379947804067,37.02632644574364],[36.633768930829675,37.026250794257955],[36.63387583807577,37.0262232799675]]]}},{"type":"Feature","properties":{"source":"Microsoft Global ML Building Footprints"},"geometry":{"type":"Polygon","coordinates":[[[36.6346283088758,37.02780925190402],[36.63456947606126,37.02781181927662],[36.634566698714266,37.02777125531708],[36.634625531528805,37.02776868794308],[36.6346283088758,37.02780925190402]]]}},{"type":"Feature","properties":{"source":"Microsoft Global ML Building Footprints"},"geometry":{"type":"Polygon","coordinates":[[[36.63837374744649,37.03300513762242],[36.6383970601429,37.03295259790339],[36.63846738641846,37.03297248368844],[36.638478362423726,37.03294775199535],[36.63856177245797,37.03297133740585],[36.638529688750275,37.03304363000207],[36.638452218428,37.03302172415336],[36.63845000804924,37.03302670567108],[36.63837374744649,37.03300513762242]]]}},{"type":"Feature","properties":{"source":"Microsoft Global ML Building Footprints"},"geometry":{"type":"Polygon","coordinates":[[[36.638658766120066,37.02675791066876],[36.63879237244095,37.02677438673598],[36.6387724022718,37.02687764932111],[36.63863879454076,37.026861180567835],[36.638658766120066,37.02675791066876]]]}},{"type":"Feature","properties":{"source":"Microsoft Global ML Building Footprints"},"geometry":{"type":"Polygon","coordinates":[[[36.63988737800406,37.02815662052675],[36.639806966829184,37.02815494015923],[36.639808370047724,37.02811214319255],[36.6398887812226,37.028113823561036],[36.63988737800406,37.02815662052675]]]}},{"type":"Feature","properties":{"source":"Microsoft Global ML Building Footprints"},"geometry":{"type":"Polygon","coordinates":[[[36.62522178394822,37.02737978743832],[36.62521688574633,37.027480277980985],[36.62514885492336,37.02747816448876],[36.6251537443288,37.02737767367002],[36.62522178394822,37.02737978743832]]]}},{"type":"Feature","properties":{"source":"Microsoft Global ML Building Footprints"},"geometry":{"type":"Polygon","coordinates":[[[36.62784855800125,37.02749221145522],[36.62796366469682,37.02743666149781],[36.6280123548365,37.02750095852641],[36.62789724401271,37.02755651042905],[36.62784855800125,37.02749221145522]]]}},{"type":"Feature","properties":{"source":"Microsoft Global ML Building Footprints"},"geometry":{"type":"Polygon","coordinates":[[[36.628500467181404,37.02286014370464],[36.628485446692316,37.022896921076345],[36.62842483600436,37.02288114175553],[36.62843985649346,37.02284436437619],[36.628500467181404,37.02286014370464]]]}},{"type":"Feature","properties":{"source":"Microsoft Global ML Building Footprints"},"geometry":{"type":"Polygon","coordinates":[[[36.63159685214428,37.02668066282236],[36.63175783208993,37.02665201405107],[36.631802260812314,37.02681113292089],[36.631641280866695,37.026839781632184],[36.63159685214428,37.02668066282236]]]}},{"type":"Feature","properties":{"source":"Microsoft Global ML Building Footprints"},"geometry":{"type":"Polygon","coordinates":[[[36.632358846170916,37.028269082160605],[36.632294451077136,37.02827953092619],[36.632279268834075,37.02821989637637],[36.63234366392785,37.0282094476026],[36.632358846170916,37.028269082160605]]]}},{"type":"Feature","properties":{"source":"Microsoft Global ML Building Footprints"},"geometry":{"type":"Polygon","coordinates":[[[36.63256280518191,37.02726742994334],[36.63250116222178,37.02728342196887],[36.6324510715399,37.027160360313],[36.632512725526254,37.02714436884598],[36.63256280518191,37.02726742994334]]]}},{"type":"Feature","properties":{"source":"Microsoft Global ML Building Footprints"},"geometry":{"type":"Polygon","coordinates":[[[36.632783541224995,37.02102245184186],[36.63292485682654,37.02094271854025],[36.633004503472975,37.02103269569628],[36.63286318787148,37.021112428903464],[36.632783541224995,37.02102245184186]]]}},{"type":"Feature","properties":{"source":"Microsoft Global ML Building Footprints"},"geometry":{"type":"Polygon","coordinates":[[[36.63393926123581,37.02291191967698],[36.633874476563626,37.02292967618155],[36.633826701193,37.022818565860206],[36.633985063724936,37.02277516100044],[36.63401142255013,37.02283646330183],[36.63391784469035,37.02286211161035],[36.63393926123581,37.02291191967698]]]}},{"type":"Feature","properties":{"source":"Microsoft Global ML Building Footprints"},"geometry":{"type":"Polygon","coordinates":[[[36.63523882855445,37.020475249621256],[36.63508716656165,37.020480004065796],[36.63508284768155,37.02039233666755],[36.63523451734738,37.02038758197698],[36.63523882855445,37.020475249621256]]]}},{"type":"Feature","properties":{"source":"Microsoft Global ML Building Footprints"},"geometry":{"type":"Polygon","coordinates":[[[36.63625568189166,37.03171325410179],[36.636290175659305,37.03148437601009],[36.6364208987238,37.0314969312582],[36.63638642582078,37.031725804011025],[36.63625568189166,37.03171325410179]]]}},{"type":"Feature","properties":{"source":"Microsoft Global ML Building Footprints"},"geometry":{"type":"Polygon","coordinates":[[[36.63963950313503,37.03340868253758],[36.63963331664127,37.03349111527002],[36.63949434059336,37.03348446867062],[36.63950490835167,37.03334365714815],[36.639601122538686,37.03334825864862],[36.639601122538686,37.03334825864862],[36.639654574864814,37.03335081503766],[36.63965019355562,37.033409194410126],[36.63963950313503,37.03340868253758]]]}},{"type":"Feature","properties":{"source":"Microsoft Global ML Building Footprints"},"geometry":{"type":"Polygon","coordinates":[[[36.639819849953824,37.03004725441991],[36.63985493910717,37.02983032149184],[36.63999476467937,37.02984473566155],[36.63995967552603,37.030061668548456],[36.639819849953824,37.03004725441991]]]}},{"type":"Feature","properties":{"source":"Microsoft Global ML Building Footprints"},"geometry":{"type":"Polygon","coordinates":[[[36.62555690034037,37.02126524414117],[36.62555291376966,37.02115183345706],[36.625684238570415,37.0211488907472],[36.62568702164806,37.02122806426455],[36.62576206439136,37.021226382717764],[36.62576409528585,37.02128415793641],[36.625605969505344,37.02128770119296],[36.62560514210388,37.02126416314733],[36.62555690034037,37.02126524414117]]]}},{"type":"Feature","properties":{"source":"Microsoft Global ML Building Footprints"},"geometry":{"type":"Polygon","coordinates":[[[36.625826471523666,37.023975433404665],[36.62593639665255,37.023977220839186],[36.62593202030286,37.02414936669489],[36.62582209501787,37.02414758540427],[36.625826471523666,37.023975433404665]]]}},{"type":"Feature","properties":{"source":"Microsoft Global ML Building Footprints"},"geometry":{"type":"Polygon","coordinates":[[[36.62600125134904,37.022399745503634],[36.626140654812176,37.02241019932868],[36.62612017749569,37.02258426456014],[36.62598075890726,37.022573809624795],[36.62600125134904,37.022399745503634]]]}},{"type":"Feature","properties":{"source":"Microsoft Global ML Building Footprints"},"geometry":{"type":"Polygon","coordinates":[[[36.627169070086794,37.02014885812815],[36.627184675491485,37.02018131474438],[36.627109869059794,37.02020424333529],[36.627065895641046,37.02011278601486],[36.627109478094894,37.02009942773306],[36.62713784086998,37.0201584283181],[36.627169070086794,37.02014885812815]]]}},{"type":"Feature","properties":{"source":"Microsoft Global ML Building Footprints"},"geometry":{"type":"Polygon","coordinates":[[[36.627556106234,37.023537892072305],[36.62746663084127,37.023637237829405],[36.62731811569441,37.02355197639026],[36.627457962408975,37.023396702431455],[36.62749862727062,37.02342004788275],[36.62744825952648,37.0234759719834],[36.627556106234,37.023537892072305]]]}},{"type":"Feature","properties":{"source":"Microsoft Global ML Building Footprints"},"geometry":{"type":"Polygon","coordinates":[[[36.62882549894044,37.02148905508788],[36.62889430471819,37.02147646705107],[36.62890577132094,37.02151640821254],[36.62883696659194,37.021528999895665],[36.62882549894044,37.02148905508788]]]}},{"type":"Feature","properties":{"source":"Microsoft Global ML Building Footprints"},"geometry":{"type":"Polygon","coordinates":[[[36.630549519768095,37.027240193801056],[36.630573573629555,37.02735695028246],[36.630518730825415,37.02736415153983],[36.63049467696399,37.0272473950695],[36.630549519768095,37.027240193801056]]]}},{"type":"Feature","properties":{"source":"Microsoft Global ML Building Footprints"},"geometry":{"type":"Polygon","coordinates":[[[36.63546282092866,37.019275670713974],[36.63528913823427,37.01931656050838],[36.635249846681496,37.01921016636473],[36.6354235379563,37.019169274492995],[36.63546282092866,37.019275670713974]]]}},{"type":"Feature","properties":{"source":"Microsoft Global ML Building Footprints"},"geometry":{"type":"Polygon","coordinates":[[[36.637702505236234,37.027392261410576],[36.63774637092163,37.02739420996563],[36.637743038238106,37.027442027845616],[36.637699176561775,37.02744008192065],[36.637702505236234,37.027392261410576]]]}},{"type":"Feature","properties":{"source":"Microsoft Global ML Building Footprints"},"geometry":{"type":"Polygon","coordinates":[[[36.63783847349145,37.02428291228229],[36.63770438788782,37.02428436580655],[36.637702023598784,37.02414605769991],[36.637836109074385,37.024144596681964],[36.63783847349145,37.02428291228229]]]}},{"type":"Feature","properties":{"source":"Microsoft Global ML Building Footprints"},"geometry":{"type":"Polygon","coordinates":[[[36.63821994179423,37.030026749032],[36.638248806595904,37.02992942607077],[36.6384789294884,37.02997293678219],[36.638450056607596,37.03007025816009],[36.63821994179423,37.030026749032]]]}},{"type":"Feature","properties":{"source":"Microsoft Global ML Building Footprints"},"geometry":{"type":"Polygon","coordinates":[[[36.625361915406934,37.0221950864382],[36.6254970771399,37.022192314585325],[36.62549838528045,37.02223297590515],[36.62555199409152,37.02223187651365],[36.62555405957659,37.0222960785542],[36.62536527984614,37.022299949982184],[36.625361915406934,37.0221950864382]]]}},{"type":"Feature","properties":{"source":"Microsoft Global ML Building Footprints"},"geometry":{"type":"Polygon","coordinates":[[[36.62572781553889,37.027686583976084],[36.62598992939371,37.027578074207696],[36.62599979443605,37.02759326224917],[36.626099144042314,37.02755213351435],[36.62616929545475,37.0276601373357],[36.62620311659728,37.0276461360791],[36.62629957478939,37.02779464111011],[36.62614315200506,37.027859396773664],[36.62615082481581,37.02787120965131],[36.62593944267482,37.02795871720344],[36.625896694157895,37.02789290265178],[36.625869214479565,37.027904278636015],[36.62572781553889,37.027686583976084]]]}},{"type":"Feature","properties":{"source":"Microsoft Global ML Building Footprints"},"geometry":{"type":"Polygon","coordinates":[[[36.62764975852425,37.02460881843177],[36.62755374605359,37.02469410372941],[36.62742318411289,37.0246004153788],[36.627519196583506,37.02451512997599],[36.62764975852425,37.02460881843177]]]}},{"type":"Feature","properties":{"source":"Microsoft Global ML Building Footprints"},"geometry":{"type":"Polygon","coordinates":[[[36.6284865589275,37.029805914250595],[36.62842226606822,37.029807724757184],[36.628416395729964,37.029675131379236],[36.628480688589285,37.02967332086949],[36.6284865589275,37.029805914250595]]]}},{"type":"Feature","properties":{"source":"Microsoft Global ML Building Footprints"},"geometry":{"type":"Polygon","coordinates":[[[36.6285889624032,37.01918671567845],[36.6286807823024,37.019077420564486],[36.62879732103155,37.0191398415163],[36.628705501132345,37.019249136540495],[36.6285889624032,37.01918671567845]]]}},{"type":"Feature","properties":{"source":"Microsoft Global ML Building Footprints"},"geometry":{"type":"Polygon","coordinates":[[[36.628606801294964,37.0294527377842],[36.62860431802601,37.029401423701366],[36.62868298773696,37.02939899733829],[36.628685475497875,37.02945031128423],[36.628606801294964,37.0294527377842]]]}},{"type":"Feature","properties":{"source":"Microsoft Global ML Building Footprints"},"geometry":{"type":"Polygon","coordinates":[[[36.62899647832848,37.0242295975523],[36.62904930321231,37.024341374050785],[36.628917818068736,37.02438098214835],[36.62886499014538,37.024269199276496],[36.62899647832848,37.0242295975523]]]}},{"type":"Feature","properties":{"source":"Microsoft Global ML Building Footprints"},"geometry":{"type":"Polygon","coordinates":[[[36.63003917396399,37.02771599264278],[36.629964689489924,37.02774953700099],[36.62991694041883,37.0276819527598],[36.62999142262899,37.02764841355298],[36.63003917396399,37.02771599264278]]]}},{"type":"Feature","properties":{"source":"Microsoft Global ML Building Footprints"},"geometry":{"type":"Polygon","coordinates":[[[36.630877853561486,37.02652167448938],[36.63084577660604,37.026523171087625],[36.630842274244074,37.026475325358426],[36.6309545431305,37.026470081009414],[36.630956640001536,37.026498726347484],[36.631012774673565,37.026496107299735],[36.63102074171555,37.026604944901095],[36.63088441465487,37.02661130543639],[36.630877853561486,37.02652167448938]]]}},{"type":"Feature","properties":{"source":"Microsoft Global ML Building Footprints"},"geometry":{"type":"Polygon","coordinates":[[[36.631780932496916,37.02797353043908],[36.6320014660979,37.027906891364744],[36.63200857008466,37.027921875303726],[36.63215637451939,37.02787721292147],[36.63218301446975,37.02793340269932],[36.63216424565265,37.02793907411019],[36.63218555761293,37.027984025899194],[36.63183598839432,37.028089655786914],[36.631780932496916,37.02797353043908]]]}},{"type":"Feature","properties":{"source":"Microsoft Global ML Building Footprints"},"geometry":{"type":"Polygon","coordinates":[[[36.63192316762843,37.01921343168217],[36.631984891451204,37.019184882528045],[36.632014663345196,37.019225916525755],[36.63203051603751,37.01921222319505],[36.63200716381827,37.019180041188996],[36.63211856930991,37.019128506489004],[36.63216201776954,37.01916057503217],[36.632177888001785,37.01918244601879],[36.63228266467532,37.019133977724444],[36.632330613150515,37.01916936764655],[36.632229879883425,37.01925637303262],[36.63221620995124,37.01923753205262],[36.63216851137763,37.01925959675153],[36.632113218374094,37.019218786009866],[36.632091814630755,37.019228687088045],[36.63210978508908,37.019241950751116],[36.63205679841471,37.019287716395766],[36.63211026469223,37.019262983645696],[36.63215133380503,37.0193195814691],[36.63211835733974,37.01934806387228],[36.632137582068275,37.019374557670474],[36.63209716556657,37.019393253750565],[36.63199971456018,37.01932132707973],[36.63199463709989,37.01931432977495],[36.63201868517442,37.01930320547786],[36.63193555753377,37.01924185053309],[36.6319475902888,37.01923145759936],[36.63192316762843,37.01921343168217]]]}},{"type":"Feature","properties":{"source":"Microsoft Global ML Building Footprints"},"geometry":{"type":"Polygon","coordinates":[[[36.632303337151015,37.02797805147276],[36.632415320829985,37.02796519316306],[36.6324353524756,37.02807638290652],[36.632323359246314,37.02808924229398],[36.632303337151015,37.02797805147276]]]}},{"type":"Feature","properties":{"source":"Microsoft Global ML Building Footprints"},"geometry":{"type":"Polygon","coordinates":[[[36.63296032853383,37.02646454747138],[36.63306917217533,37.0264393203426],[36.63309037310414,37.02649762254241],[36.63332289834457,37.026443716252444],[36.63335843595338,37.02654144405168],[36.633070419422154,37.02660819869408],[36.633051400219465,37.026555908888774],[36.63299804873887,37.02656827733925],[36.63296032853383,37.02646454747138]]]}},{"type":"Feature","properties":{"source":"Microsoft Global ML Building Footprints"},"geometry":{"type":"Polygon","coordinates":[[[36.63831959064164,37.02645248394364],[36.63829234973224,37.026644889415465],[36.638218195292765,37.026638197743985],[36.63824543620222,37.02644579225522],[36.63831959064164,37.02645248394364]]]}},{"type":"Feature","properties":{"source":"Microsoft Global ML Building Footprints"},"geometry":{"type":"Polygon","coordinates":[[[36.63890540599823,37.032027789583246],[36.63890540599823,37.031987106682834],[36.63896709680557,37.031987106682834],[36.63896709680557,37.032027789583246],[36.63890540599823,37.032027789583246]]]}},{"type":"Feature","properties":{"source":"Microsoft Global ML Building Footprints"},"geometry":{"type":"Polygon","coordinates":[[[36.639016774030786,37.023650072956755],[36.63901977777248,37.02354655402095],[36.639262468828576,37.02355105632133],[36.639259456411494,37.0236545615294],[36.639016774030786,37.023650072956755]]]}},{"type":"Feature","properties":{"source":"Microsoft Global ML Building Footprints"},"geometry":{"type":"Polygon","coordinates":[[[36.63945396152248,37.03011284508643],[36.63961075627222,37.03016846646714],[36.63954044633227,37.03029478256029],[36.63937020761115,37.030234401674534],[36.63939509152276,37.0301896961989],[36.63940853142179,37.03019446311547],[36.63945396152248,37.03011284508643]]]}},{"type":"Feature","properties":{"source":"Microsoft Global ML Building Footprints"},"geometry":{"type":"Polygon","coordinates":[[[36.63968310304719,37.02542081024422],[36.63994514503446,37.02544496967334],[36.63992924073058,37.025554855563584],[36.63966719874332,37.025530696169426],[36.63968310304719,37.02542081024422]]]}},{"type":"Feature","properties":{"source":"Microsoft Global ML Building Footprints"},"geometry":{"type":"Polygon","coordinates":[[[36.62739193441351,37.021638630071976],[36.627391122194894,37.021666454421805],[36.627468864028344,37.02166790103488],[36.62746613881629,37.02176125914413],[36.62736695112151,37.02175940792812],[36.62737048839047,37.02163823100617],[36.62739193441351,37.021638630071976]]]}},{"type":"Feature","properties":{"source":"Microsoft Global ML Building Footprints"},"geometry":{"type":"Polygon","coordinates":[[[36.627641029357896,37.021432044192444],[36.6275111788089,37.02145864475894],[36.62747888600835,37.02135818490803],[36.627608744819774,37.02133158261377],[36.627641029357896,37.021432044192444]]]}},{"type":"Feature","properties":{"source":"Microsoft Global ML Building Footprints"},"geometry":{"type":"Polygon","coordinates":[[[36.62771868810553,37.02874827562689],[36.627742829208444,37.02886500619515],[36.62760183335485,37.02888359050531],[36.627566914973826,37.02871474805961],[36.62765307910658,37.028703390956466],[36.627663856384686,37.02875550287026],[36.62771868810553,37.02874827562689]]]}},{"type":"Feature","properties":{"source":"Microsoft Global ML Building Footprints"},"geometry":{"type":"Polygon","coordinates":[[[36.62891913585797,37.022001079291535],[36.62896675278989,37.022092311178895],[36.62884105816514,37.02213413043981],[36.62879344123323,37.022042898602656],[36.62891913585797,37.022001079291535]]]}},{"type":"Feature","properties":{"source":"Microsoft Global ML Building Footprints"},"geometry":{"type":"Polygon","coordinates":[[[36.63270598937406,37.02169070624695],[36.63275487817694,37.02174288194788],[36.63259737414105,37.02183695850791],[36.63254848240575,37.02178478462312],[36.63270598937406,37.02169070624695]]]}},{"type":"Feature","properties":{"source":"Microsoft Global ML Building Footprints"},"geometry":{"type":"Polygon","coordinates":[[[36.63387023361615,37.02413958054949],[36.63386498549022,37.024046619554916],[36.63413939364226,37.02403674488314],[36.63414463449793,37.02412972148434],[36.63387023361615,37.02413958054949]]]}},{"type":"Feature","properties":{"source":"Microsoft Global ML Building Footprints"},"geometry":{"type":"Polygon","coordinates":[[[36.638601258206634,37.025693489997245],[36.63876955246017,37.02571249491068],[36.63874649158024,37.02584265634116],[36.63857819732667,37.0258236514603],[36.638601258206634,37.025693489997245]]]}},{"type":"Feature","properties":{"source":"Microsoft Global ML Building Footprints"},"geometry":{"type":"Polygon","coordinates":[[[36.62497491406568,37.025785023231805],[36.624976653279056,37.02575081759513],[36.62494842570006,37.0257499012063],[36.62495071234685,37.02570500641181],[36.62499623462808,37.02570648426206],[36.62499819461105,37.02566800298926],[36.62511333920483,37.02567174108284],[36.62510735036805,37.0257893226827],[36.62497491406568,37.025785023231805]]]}},{"type":"Feature","properties":{"source":"Microsoft Global ML Building Footprints"},"geometry":{"type":"Polygon","coordinates":[[[36.62501355472599,37.02157220476962],[36.62505358306288,37.02156991878999],[36.625058545889345,37.02162531433517],[36.62501851755246,37.02162760031316],[36.62501355472599,37.02157220476962]]]}},{"type":"Feature","properties":{"source":"Microsoft Global ML Building Footprints"},"geometry":{"type":"Polygon","coordinates":[[[36.62563027683254,37.02063110615397],[36.62562872424492,37.02072531684145],[36.62558581636886,37.020724863675184],[36.62558736895648,37.02063065298714],[36.62563027683254,37.02063110615397]]]}},{"type":"Feature","properties":{"source":"Microsoft Global ML Building Footprints"},"geometry":{"type":"Polygon","coordinates":[[[36.62755938471557,37.02489233720105],[36.62770046733516,37.02497213987683],[36.627609376682976,37.025074795924965],[36.62746829406335,37.02499499335705],[36.62755938471557,37.02489233720105]]]}},{"type":"Feature","properties":{"source":"Microsoft Global ML Building Footprints"},"geometry":{"type":"Polygon","coordinates":[[[36.628103799473806,37.025609194161326],[36.6282016465417,37.02568993978467],[36.628086019259264,37.02577924827354],[36.62798816853514,37.025698505569125],[36.628103799473806,37.025609194161326]]]}},{"type":"Feature","properties":{"source":"Microsoft Global ML Building Footprints"},"geometry":{"type":"Polygon","coordinates":[[[36.62928153045431,37.026804761716726],[36.6293438174091,37.02688884449021],[36.629264330437096,37.02692637427466],[36.62931486513628,37.02699459227182],[36.62919960902686,37.027049010377446],[36.629086787372884,37.026896709757466],[36.62928153045431,37.026804761716726]]]}},{"type":"Feature","properties":{"source":"Microsoft Global ML Building Footprints"},"geometry":{"type":"Polygon","coordinates":[[[36.630905199657114,37.020361346893374],[36.63094628426195,37.020299514821424],[36.63099575574698,37.020320472470694],[36.63095466691264,37.020382302733886],[36.630905199657114,37.020361346893374]]]}},{"type":"Feature","properties":{"source":"Microsoft Global ML Building Footprints"},"geometry":{"type":"Polygon","coordinates":[[[36.63292988470829,37.02121083919338],[36.6329756021245,37.02118239786064],[36.633041923360764,37.021250355648114],[36.63299620223772,37.021278799261474],[36.63292988470829,37.02121083919338]]]}},{"type":"Feature","properties":{"source":"Microsoft Global ML Building Footprints"},"geometry":{"type":"Polygon","coordinates":[[[36.63598065689708,37.02657923459995],[36.636005890883744,37.02669345749663],[36.63580298778366,37.026722016391695],[36.63577775379704,37.02660779353795],[36.63598065689708,37.02657923459995]]]}},{"type":"Feature","properties":{"source":"Microsoft Global ML Building Footprints"},"geometry":{"type":"Polygon","coordinates":[[[36.63629973088931,37.022241446515594],[36.63622033041507,37.022302430774424],[36.63607350846492,37.02218058580159],[36.63613619085783,37.02213243844185],[36.63618920455878,37.022176433637014],[36.63620592044809,37.022163594828456],[36.63629973088931,37.022241446515594]]]}},{"type":"Feature","properties":{"source":"Microsoft Global ML Building Footprints"},"geometry":{"type":"Polygon","coordinates":[[[36.624299762064375,37.02627790063727],[36.62434432135619,37.02628333090118],[36.624332718321774,37.02634401649439],[36.62428815902996,37.02633858623479],[36.624299762064375,37.02627790063727]]]}},{"type":"Feature","properties":{"source":"Microsoft Global ML Building Footprints"},"geometry":{"type":"Polygon","coordinates":[[[36.62491788444306,37.01857175525681],[36.62491325779451,37.018665839593126],[36.624731148828324,37.01866012035495],[36.6247369896868,37.01854134465403],[36.62484411290202,37.01854470294008],[36.624842898398164,37.01856940027352],[36.62491788444306,37.01857175525681]]]}},{"type":"Feature","properties":{"source":"Microsoft Global ML Building Footprints"},"geometry":{"type":"Polygon","coordinates":[[[36.627007298511536,37.032414983801445],[36.62713186720658,37.032412457370306],[36.62713510944162,37.03251433349035],[36.627010531599815,37.03251685314323],[36.627007298511536,37.032414983801445]]]}},{"type":"Feature","properties":{"source":"Microsoft Global ML Building Footprints"},"geometry":{"type":"Polygon","coordinates":[[[36.627619703520324,37.02379867006626],[36.627513628446195,37.023723144786544],[36.627605561194855,37.02364084146236],[36.62771163626898,37.02371636682391],[36.627619703520324,37.02379867006626]]]}},{"type":"Feature","properties":{"source":"Microsoft Global ML Building Footprints"},"geometry":{"type":"Polygon","coordinates":[[[36.62794677410953,37.018719682271794],[36.627965670917774,37.01875367415449],[36.627755046890435,37.01882833148055],[36.62769437819025,37.018719199699945],[36.62782343419701,37.01867345473674],[36.62786521159107,37.018748592763025],[36.62794677410953,37.018719682271794]]]}},{"type":"Feature","properties":{"source":"Microsoft Global ML Building Footprints"},"geometry":{"type":"Polygon","coordinates":[[[36.62804389543963,37.02096681630609],[36.627947187803656,37.02100306115887],[36.627915204254926,37.02094866120337],[36.6280119118909,37.02091241632465],[36.62804389543963,37.02096681630609]]]}},{"type":"Feature","properties":{"source":"Microsoft Global ML Building Footprints"},"geometry":{"type":"Polygon","coordinates":[[[36.62945294653407,37.02250308972216],[36.62948738562134,37.02257875701637],[36.62939365104584,37.02260595161033],[36.6293592060993,37.02253028604312],[36.62945294653407,37.02250308972216]]]}},{"type":"Feature","properties":{"source":"Microsoft Global ML Building Footprints"},"geometry":{"type":"Polygon","coordinates":[[[36.629489649304176,37.02520348417473],[36.62952425118925,37.02519233976901],[36.62958567050393,37.02531389026752],[36.62955106861885,37.02532503465539],[36.629489649304176,37.02520348417473]]]}},{"type":"Feature","properties":{"source":"Microsoft Global ML Building Footprints"},"geometry":{"type":"Polygon","coordinates":[[[36.62969633481185,37.02168840828985],[36.62958826548324,37.02170617464405],[36.62956209086329,37.02160471661073],[36.62967015869733,37.021586944439676],[36.62969633481185,37.02168840828985]]]}},{"type":"Feature","properties":{"source":"Microsoft Global ML Building Footprints"},"geometry":{"type":"Polygon","coordinates":[[[36.629912885015614,37.02055125377383],[36.63009659038182,37.02071694600304],[36.6299883162183,37.02079347134413],[36.63008762330517,37.02088304068402],[36.63003198434825,37.02092236787334],[36.62991936334565,37.02082079018383],[36.629855273700855,37.02086608701249],[36.62981666723875,37.02083126893877],[36.62988884750719,37.02078025385071],[36.62986488487555,37.02075864261],[36.62983123229219,37.020782427369134],[36.62979795233456,37.02075241071362],[36.62982408466478,37.02073394106458],[36.6297987907758,37.02071112918531],[36.629779241953116,37.02072494578762],[36.629724660403284,37.02067572013899],[36.629828419539166,37.02060238578898],[36.62983374456842,37.02060718829734],[36.629912885015614,37.02055125377383]]]}},{"type":"Feature","properties":{"source":"Microsoft Global ML Building Footprints"},"geometry":{"type":"Polygon","coordinates":[[[36.63254257584007,37.02923193860884],[36.632397789024814,37.029229738176376],[36.632400647409945,37.029109869641374],[36.6325454342252,37.02911207007731],[36.63254257584007,37.02923193860884]]]}},{"type":"Feature","properties":{"source":"Microsoft Global ML Building Footprints"},"geometry":{"type":"Polygon","coordinates":[[[36.63437630323828,37.02777324332279],[36.634508729700556,37.0277580450681],[36.634525729760355,37.02785245358364],[36.63439331140703,37.02786765088882],[36.63437630323828,37.02777324332279]]]}},{"type":"Feature","properties":{"source":"Microsoft Global ML Building Footprints"},"geometry":{"type":"Polygon","coordinates":[[[36.63447654214441,37.02352353522346],[36.634515278465805,37.023601153252],[36.63430463851968,37.023668160848196],[36.63426590219829,37.02359054288813],[36.63447654214441,37.02352353522346]]]}},{"type":"Feature","properties":{"source":"Microsoft Global ML Building Footprints"},"geometry":{"type":"Polygon","coordinates":[[[36.63463104454025,37.02791298399068],[36.63480472827257,37.02790333763625],[36.63487363201887,37.02786524959244],[36.63491669686033,37.0278628577797],[36.63500399023769,37.027814604438575],[36.635040738940816,37.0278569760511],[36.635061209562735,37.0278558379729],[36.635178635732125,37.02799123133323],[36.63517743600276,37.02797747760805],[36.635320578787834,37.028142522145906],[36.635321865229706,37.028157269913365],[36.63537378395966,37.028154386368485],[36.63537840483886,37.028159714264625],[36.63538342629235,37.02821728016885],[36.63529366958165,37.028266894908384],[36.63517642822962,37.02827341298581],[36.635168906007614,37.02818717833783],[36.63509784673675,37.028191124938736],[36.635104160519525,37.028263578877265],[36.63472144899158,37.028284834484815],[36.63471683337329,37.028231921120835],[36.634711995394355,37.02822634291286],[36.63469770404489,37.028062342072225],[36.634644318501344,37.028065310069834],[36.63463104454025,37.02791298399068]]]}},{"type":"Feature","properties":{"source":"Microsoft Global ML Building Footprints"},"geometry":{"type":"Polygon","coordinates":[[[36.635181071281444,37.01987338610531],[36.6351857334491,37.019991053360194],[36.6350410389681,37.01999470807369],[36.63503637680041,37.01987704082448],[36.635181071281444,37.01987338610531]]]}},{"type":"Feature","properties":{"source":"Microsoft Global ML Building Footprints"},"geometry":{"type":"Polygon","coordinates":[[[36.63850624870781,37.03183455913137],[36.63851008715733,37.03176832334716],[36.63859038157944,37.031771288741425],[36.63858654312992,37.031837524523034],[36.63850624870781,37.03183455913137]]]}},{"type":"Feature","properties":{"source":"Microsoft Global ML Building Footprints"},"geometry":{"type":"Polygon","coordinates":[[[36.6249909359919,37.022632347000986],[36.624953451167784,37.02263109023454],[36.624956486952804,37.02257337231488],[36.625098393787006,37.022578130077115],[36.62509558287495,37.022631572593454],[36.625191972422726,37.02263480427858],[36.62518814958232,37.02270748603741],[36.62498733802446,37.02270075336635],[36.6249909359919,37.022632347000986]]]}},{"type":"Feature","properties":{"source":"Microsoft Global ML Building Footprints"},"geometry":{"type":"Polygon","coordinates":[[[36.625408380889034,37.02542019181415],[36.62541361506309,37.02528541362599],[36.625499363320706,37.025287536194455],[36.62549969564919,37.02527897884134],[36.625668512531384,37.02528315764829],[36.625665936985406,37.02534947710607],[36.625534634965945,37.025346226925734],[36.62553164400934,37.02542324300088],[36.625408380889034,37.02542019181415]]]}},{"type":"Feature","properties":{"source":"Microsoft Global ML Building Footprints"},"geometry":{"type":"Polygon","coordinates":[[[36.626583625028644,37.02157111186808],[36.626816866352215,37.02157517830458],[36.62681354013931,37.02169718568028],[36.62672397313949,37.02169562413056],[36.6267233877179,37.02171702888086],[36.62666282424694,37.02171597299143],[36.62666177386392,37.021754501586166],[36.626578664886544,37.02175305262947],[36.626583625028644,37.02157111186808]]]}},{"type":"Feature","properties":{"source":"Microsoft Global ML Building Footprints"},"geometry":{"type":"Polygon","coordinates":[[[36.62894839299996,37.028167476140496],[36.62911125110153,37.02813145054428],[36.62914645180144,37.02823287082324],[36.628983601957074,37.028268894544816],[36.62894839299996,37.028167476140496]]]}},{"type":"Feature","properties":{"source":"Microsoft Global ML Building Footprints"},"geometry":{"type":"Polygon","coordinates":[[[36.62977353351368,37.02688491079749],[36.62972712713122,37.026902040103714],[36.629676041877715,37.02681382893862],[36.62975780550403,37.02678364869478],[36.62978947836116,37.02683833965093],[36.62975412111739,37.02685139055925],[36.62977353351368,37.02688491079749]]]}},{"type":"Feature","properties":{"source":"Microsoft Global ML Building Footprints"},"geometry":{"type":"Polygon","coordinates":[[[36.63244183973861,37.02017935923272],[36.63242550910893,37.02018931807672],[36.63245656319846,37.020221777399634],[36.632269613759455,37.02033578390269],[36.63220233379226,37.02026545308332],[36.63240561206399,37.02014148872164],[36.63244183973861,37.02017935923272]]]}},{"type":"Feature","properties":{"source":"Microsoft Global ML Building Footprints"},"geometry":{"type":"Polygon","coordinates":[[[36.63309909338072,37.0202309023104],[36.63280266507766,37.02025159150686],[36.63279092103904,37.02014432610123],[36.63308733820956,37.020123621088516],[36.63309909338072,37.0202309023104]]]}},{"type":"Feature","properties":{"source":"Microsoft Global ML Building Footprints"},"geometry":{"type":"Polygon","coordinates":[[[36.6384949582743,37.032773623909115],[36.63862819177561,37.03280320615108],[36.63861226542441,37.03284891716706],[36.638479035643044,37.032819335768856],[36.6384949582743,37.032773623909115]]]}},{"type":"Feature","properties":{"source":"Microsoft Global ML Building Footprints"},"geometry":{"type":"Polygon","coordinates":[[[36.63849522502009,37.02000589438593],[36.63842647485617,37.019960242068464],[36.63848712943776,37.01990200758381],[36.638520426580484,37.01992411797663],[36.63855207244913,37.019893734758355],[36.638451175026795,37.01982673552024],[36.6385197444867,37.01976090737938],[36.63854669838906,37.019778805686684],[36.63858312183943,37.019743838384166],[36.63864913451648,37.0197876693589],[36.63860479913963,37.019830235837915],[36.6386481876614,37.01985904726275],[36.63849522502009,37.02000589438593]]]}},{"type":"Feature","properties":{"source":"Microsoft Global ML Building Footprints"},"geometry":{"type":"Polygon","coordinates":[[[36.62524996977633,37.02277502205255],[36.625246954584235,37.022822010780494],[36.62516937442541,37.02281883316449],[36.62517238961751,37.02277184443459],[36.62524996977633,37.02277502205255]]]}},{"type":"Feature","properties":{"source":"Microsoft Global ML Building Footprints"},"geometry":{"type":"Polygon","coordinates":[[[36.626226077829955,37.02427492311973],[36.62626481866529,37.024168254740864],[36.626430588892156,37.0242066308044],[36.62639859854395,37.02429471246936],[36.62628478827993,37.02426835889065],[36.62627803566227,37.02428695142335],[36.626226077829955,37.02427492311973]]]}},{"type":"Feature","properties":{"source":"Microsoft Global ML Building Footprints"},"geometry":{"type":"Polygon","coordinates":[[[36.627233512879734,37.02537809163525],[36.62714801209097,37.02545258866326],[36.62703789126163,37.025372024741664],[36.62712339560032,37.025297530231704],[36.627233512879734,37.02537809163525]]]}},{"type":"Feature","properties":{"source":"Microsoft Global ML Building Footprints"},"geometry":{"type":"Polygon","coordinates":[[[36.62759210547891,37.02347177373947],[36.62761496829183,37.02341560210339],[36.62767917591821,37.02343225673672],[36.62765631755932,37.023488429515794],[36.62759210547891,37.02347177373947]]]}},{"type":"Feature","properties":{"source":"Microsoft Global ML Building Footprints"},"geometry":{"type":"Polygon","coordinates":[[[36.63132114449249,37.022002767568445],[36.63130576959453,37.02211398543539],[36.63113505583273,37.02209894185949],[36.63115044166629,37.021987715395426],[36.63132114449249,37.022002767568445]]]}},{"type":"Feature","properties":{"source":"Microsoft Global ML Building Footprints"},"geometry":{"type":"Polygon","coordinates":[[[36.6353174782572,37.021216096677016],[36.635233385880895,37.021213662555034],[36.63524000234408,37.02106823128428],[36.635380334441535,37.0210722933183],[36.6353751351489,37.021186795517444],[36.63531888283849,37.02118516410475],[36.6353174782572,37.021216096677016]]]}},{"type":"Feature","properties":{"source":"Microsoft Global ML Building Footprints"},"geometry":{"type":"Polygon","coordinates":[[[36.636475030453454,37.02302150478279],[36.636605129230404,37.02289725023813],[36.63665091829307,37.022927807992374],[36.63667524130463,37.02290457759378],[36.63664050597066,37.022881394700654],[36.63665841866779,37.02286428664925],[36.63669789199771,37.02289062955298],[36.636674698509786,37.02291278117143],[36.63689329967823,37.02305867875636],[36.636744163094704,37.0232011275074],[36.636475030453454,37.02302150478279]]]}},{"type":"Feature","properties":{"source":"Microsoft Global ML Building Footprints"},"geometry":{"type":"Polygon","coordinates":[[[36.63709434365841,37.02374310115508],[36.637075174872336,37.02368599357072],[36.63718027935229,37.02366350569231],[36.637213140440544,37.02376140534108],[36.63714056829965,37.02377693266639],[36.63712687656674,37.023736142323315],[36.63709434365841,37.02374310115508]]]}},{"type":"Feature","properties":{"source":"Microsoft Global ML Building Footprints"},"geometry":{"type":"Polygon","coordinates":[[[36.62443779992272,37.01918039647432],[36.62444244705024,37.01926375263474],[36.62434607817045,37.01926717225304],[36.62434143104292,37.019183816096366],[36.62443779992272,37.01918039647432]]]}},{"type":"Feature","properties":{"source":"Microsoft Global ML Building Footprints"},"geometry":{"type":"Polygon","coordinates":[[[36.62554076900258,37.02433841550922],[36.62577117459043,37.02434464677748],[36.62576709063502,37.02444090022577],[36.62573627674286,37.024440066871946],[36.625734155051205,37.02449017583272],[36.62564976156189,37.02448789814955],[36.62564517200335,37.02459606778527],[36.625529969209445,37.02459295216153],[36.62554076900258,37.02433841550922]]]}},{"type":"Feature","properties":{"source":"Microsoft Global ML Building Footprints"},"geometry":{"type":"Polygon","coordinates":[[[36.626115207675056,37.02184754987185],[36.62610526583107,37.02161225319342],[36.62627673207543,37.021607634922916],[36.626282064518996,37.02173383960327],[36.62634636436065,37.02173210775464],[36.626348804631434,37.021789862370255],[36.62630593807033,37.02179101693513],[36.62630810719993,37.0218423543336],[36.626115207675056,37.02184754987185]]]}},{"type":"Feature","properties":{"source":"Microsoft Global ML Building Footprints"},"geometry":{"type":"Polygon","coordinates":[[[36.62622312975937,37.02203074199065],[36.62632100916467,37.0220345815352],[36.626317459601225,37.02209226240703],[36.62621958524013,37.02208842306325],[36.62622312975937,37.02203074199065]]]}},{"type":"Feature","properties":{"source":"Microsoft Global ML Building Footprints"},"geometry":{"type":"Polygon","coordinates":[[[36.626976497160825,37.02087219166472],[36.627033743023595,37.02098416820992],[36.62690269120496,37.02102687704408],[36.62684826071245,37.0209204076058],[36.62678618353521,37.020940638126156],[36.626743014523925,37.02085619676391],[36.626885562116136,37.0208097414353],[36.62692591575712,37.020888675803306],[36.626976497160825,37.02087219166472]]]}},{"type":"Feature","properties":{"source":"Microsoft Global ML Building Footprints"},"geometry":{"type":"Polygon","coordinates":[[[36.62705251427643,37.02045156522656],[36.6271322084578,37.02041412589523],[36.627182623059376,37.02048252758863],[36.627102928878045,37.02051996688625],[36.62705251427643,37.02045156522656]]]}},{"type":"Feature","properties":{"source":"Microsoft Global ML Building Footprints"},"geometry":{"type":"Polygon","coordinates":[[[36.62867849102859,37.02869246414315],[36.62869585342463,37.028677282397716],[36.62863295176267,37.0286314344791],[36.62871308589836,37.02856136480316],[36.62886083166258,37.02866905415589],[36.62876333513077,37.028754305465554],[36.62867849102859,37.02869246414315]]]}},{"type":"Feature","properties":{"source":"Microsoft Global ML Building Footprints"},"geometry":{"type":"Polygon","coordinates":[[[36.62891004358048,37.028457388595136],[36.62900084970295,37.02844844356072],[36.62900879044325,37.02849984939638],[36.62891798798749,37.028508788989996],[36.62891004358048,37.028457388595136]]]}},{"type":"Feature","properties":{"source":"Microsoft Global ML Building Footprints"},"geometry":{"type":"Polygon","coordinates":[[[36.63367874198252,37.02642399572125],[36.6335581957313,37.0264767291517],[36.63353162187906,37.026438010779756],[36.63365217429615,37.02638528136114],[36.63367874198252,37.02642399572125]]]}},{"type":"Feature","properties":{"source":"Microsoft Global ML Building Footprints"},"geometry":{"type":"Polygon","coordinates":[[[36.63413674528021,37.02559200907415],[36.63416938187395,37.025661465694945],[36.63403065462782,37.02570301434987],[36.633998018034035,37.025633557767065],[36.63413674528021,37.02559200907415]]]}},{"type":"Feature","properties":{"source":"Microsoft Global ML Building Footprints"},"geometry":{"type":"Polygon","coordinates":[[[36.63589024662245,37.02189595339313],[36.63596402134874,37.021806058676184],[36.63612165119332,37.02188852173145],[36.63604787646703,37.021978416350805],[36.63589024662245,37.02189595339313]]]}},{"type":"Feature","properties":{"source":"Microsoft Global ML Building Footprints"},"geometry":{"type":"Polygon","coordinates":[[[36.63760656340487,37.03156883990612],[36.63740317052961,37.03154866874464],[36.637456495144136,37.03120581030601],[36.637685158847624,37.03122847498723],[36.637644796442444,37.0314878448568],[36.637619549748955,37.031485342464755],[36.63760656340487,37.03156883990612]]]}},{"type":"Feature","properties":{"source":"Microsoft Global ML Building Footprints"},"geometry":{"type":"Polygon","coordinates":[[[36.638924898685694,37.031902147007955],[36.63900142923815,37.031900915542636],[36.63900293718244,37.031960845086495],[36.638926411882025,37.03196207646633],[36.638924898685694,37.031902147007955]]]}},{"type":"Feature","properties":{"source":"Microsoft Global ML Building Footprints"},"geometry":{"type":"Polygon","coordinates":[[[36.62513331603998,37.020588541500715],[36.62514017226472,37.02056633407738],[36.62518409914797,37.0205749793636],[36.62517724475844,37.02059718714559],[36.62513331603998,37.020588541500715]]]}},{"type":"Feature","properties":{"source":"Microsoft Global ML Building Footprints"},"geometry":{"type":"Polygon","coordinates":[[[36.625210964302475,37.02128508127267],[36.62525650269286,37.02128639178301],[36.62525341300559,37.02135483107721],[36.62529895139597,37.02135614158634],[36.62529624791964,37.02141602591717],[36.62520517113889,37.02141340490094],[36.625210964302475,37.02128508127267]]]}},{"type":"Feature","properties":{"source":"Microsoft Global ML Building Footprints"},"geometry":{"type":"Polygon","coordinates":[[[36.625980670100574,37.025918550962665],[36.626095728051624,37.02594325773494],[36.62607554536382,37.02600316510446],[36.625960487412776,37.02597845835169],[36.625980670100574,37.025918550962665]]]}},{"type":"Feature","properties":{"source":"Microsoft Global ML Building Footprints"},"geometry":{"type":"Polygon","coordinates":[[[36.626583920530706,37.0316939218284],[36.62651168099223,37.03213081066553],[36.62639182948839,37.03211817468446],[36.62646410558474,37.03168129632333],[36.626583920530706,37.0316939218284]]]}},{"type":"Feature","properties":{"source":"Microsoft Global ML Building Footprints"},"geometry":{"type":"Polygon","coordinates":[[[36.627213328436255,37.02847264438837],[36.627265792397715,37.028466362391306],[36.62727366125756,37.02850824627044],[36.6272211972961,37.02851452826403],[36.627213328436255,37.02847264438837]]]}},{"type":"Feature","properties":{"source":"Microsoft Global ML Building Footprints"},"geometry":{"type":"Polygon","coordinates":[[[36.62731733957412,37.019481359429996],[36.62724591440806,37.019529207422046],[36.62720629117093,37.01949150445121],[36.62727771827652,37.01944365513608],[36.62731733957412,37.019481359429996]]]}},{"type":"Feature","properties":{"source":"Microsoft Global ML Building Footprints"},"geometry":{"type":"Polygon","coordinates":[[[36.628154441327794,37.027000371431555],[36.62798785682401,37.02709172962853],[36.62789646864506,37.026985530484694],[36.62806305947415,37.02689416869107],[36.628154441327794,37.027000371431555]]]}},{"type":"Feature","properties":{"source":"Microsoft Global ML Building Footprints"},"geometry":{"type":"Polygon","coordinates":[[[36.629467997392474,37.02044192140788],[36.629579524876085,37.0203894835513],[36.62963464660115,37.02046421848139],[36.6295231191175,37.02051665628639],[36.629467997392474,37.02044192140788]]]}},{"type":"Feature","properties":{"source":"Microsoft Global ML Building Footprints"},"geometry":{"type":"Polygon","coordinates":[[[36.62963438198406,37.02571085668426],[36.62950869095424,37.02572293657337],[36.62948832141642,37.02558784564746],[36.62964695511356,37.02557259968345],[36.62966000434869,37.02565914235289],[36.62962705748625,37.0256623088059],[36.62963438198406,37.02571085668426]]]}},{"type":"Feature","properties":{"source":"Microsoft Global ML Building Footprints"},"geometry":{"type":"Polygon","coordinates":[[[36.629755522794284,37.02463340557453],[36.62988379617304,37.02487838105176],[36.62976852701151,37.024916852678324],[36.629640238224034,37.02467188890967],[36.629755522794284,37.02463340557453]]]}},{"type":"Feature","properties":{"source":"Microsoft Global ML Building Footprints"},"geometry":{"type":"Polygon","coordinates":[[[36.63564938181244,37.0254457451997],[36.635497957909664,37.025450195731736],[36.635493323263475,37.02534968654629],[36.63564473836705,37.025345236266986],[36.63564938181244,37.0254457451997]]]}},{"type":"Feature","properties":{"source":"Microsoft Global ML Building Footprints"},"geometry":{"type":"Polygon","coordinates":[[[36.63734618373317,37.03139759448381],[36.637413775855585,37.031404048586374],[36.63739561758502,37.0315252402242],[36.63735447958241,37.03152131442498],[36.63736301472253,37.0314643159992],[36.63733657052058,37.03146179242726],[36.63734618373317,37.03139759448381]]]}},{"type":"Feature","properties":{"source":"Microsoft Global ML Building Footprints"},"geometry":{"type":"Polygon","coordinates":[[[36.639001260277986,37.02893154124699],[36.63902755600342,37.02882430349159],[36.63919029863603,37.02884973699454],[36.63916400291059,37.02895697471404],[36.639001260277986,37.02893154124699]]]}},{"type":"Feature","properties":{"source":"Microsoft Global ML Building Footprints"},"geometry":{"type":"Polygon","coordinates":[[[36.63968913101687,37.02220809940033],[36.639692479626746,37.02234802419151],[36.63955957173901,37.022350051700904],[36.639556211045964,37.02221013452522],[36.63968913101687,37.02220809940033]]]}},{"type":"Feature","properties":{"source":"Microsoft Global ML Building Footprints"},"geometry":{"type":"Polygon","coordinates":[[[36.63981297079614,37.02087339255473],[36.63978878385414,37.02082808562976],[36.63987730758524,37.020797960061174],[36.63991407173708,37.02086682660378],[36.63982554800598,37.02089695214505],[36.63986776026027,37.020976023955],[36.63974519203454,37.0210177419759],[36.63969039947613,37.020915104835865],[36.63981297079614,37.02087339255473]]]}},{"type":"Feature","properties":{"source":"Microsoft Global ML Building Footprints"},"geometry":{"type":"Polygon","coordinates":[[[36.6240586462208,37.02447320509088],[36.62421910301649,37.02446622959546],[36.62422383066509,37.024535547534825],[36.62406337447911,37.024542531963256],[36.6240586462208,37.02447320509088]]]}},{"type":"Feature","properties":{"source":"Microsoft Global ML Building Footprints"},"geometry":{"type":"Polygon","coordinates":[[[36.6249849083761,37.02247080538181],[36.62482155269544,37.022475999301925],[36.6248192064799,37.022428961458004],[36.62498256216052,37.022423767534676],[36.6249849083761,37.02247080538181]]]}},{"type":"Feature","properties":{"source":"Microsoft Global ML Building Footprints"},"geometry":{"type":"Polygon","coordinates":[[[36.626981445286376,37.0278141481339],[36.62708014161905,37.02774043906793],[36.627156939172764,37.0278059742907],[36.62705824628622,37.027879686233874],[36.626981445286376,37.0278141481339]]]}},{"type":"Feature","properties":{"source":"Microsoft Global ML Building Footprints"},"geometry":{"type":"Polygon","coordinates":[[[36.62987366138659,37.023539661074864],[36.62994970565347,37.02382213046957],[36.62950104595021,37.02389912107043],[36.6294685342709,37.0237783554207],[36.629560829981294,37.02376251733545],[36.629533828756074,37.02366222027308],[36.62941333157864,37.02368289779993],[36.629396800216284,37.02362149138658],[36.62987366138659,37.023539661074864]]]}},{"type":"Feature","properties":{"source":"Microsoft Global ML Building Footprints"},"geometry":{"type":"Polygon","coordinates":[[[36.63028117579625,37.033506644201616],[36.63017936085489,37.033503981987074],[36.6301882933653,37.03328581660198],[36.63029010830662,37.033288478824154],[36.63028117579625,37.033506644201616]]]}},{"type":"Feature","properties":{"source":"Microsoft Global ML Building Footprints"},"geometry":{"type":"Polygon","coordinates":[[[36.630498516505476,37.0212639164188],[36.6303400905628,37.021313111561874],[36.630294784497494,37.02122010480741],[36.63045321044014,37.021170909604095],[36.630498516505476,37.0212639164188]]]}},{"type":"Feature","properties":{"source":"Microsoft Global ML Building Footprints"},"geometry":{"type":"Polygon","coordinates":[[[36.63055277894858,37.03246569476078],[36.63062103489467,37.0324674566317],[36.63061282206429,37.03267065763442],[36.63054454832156,37.03266889530882],[36.63055277894858,37.03246569476078]]]}},{"type":"Feature","properties":{"source":"Microsoft Global ML Building Footprints"},"geometry":{"type":"Polygon","coordinates":[[[36.63056454216006,37.01928204086663],[36.630458815137764,37.01938228472509],[36.63033737180685,37.01930063738178],[36.630443093687546,37.019200389958826],[36.63056454216006,37.01928204086663]]]}},{"type":"Feature","properties":{"source":"Microsoft Global ML Building Footprints"},"geometry":{"type":"Polygon","coordinates":[[[36.631796537482344,37.01963087967134],[36.63193607059832,37.01959431048929],[36.6319683061836,37.01967270361869],[36.63182876975811,37.019709281427836],[36.631796537482344,37.01963087967134]]]}},{"type":"Feature","properties":{"source":"Microsoft Global ML Building Footprints"},"geometry":{"type":"Polygon","coordinates":[[[36.6370738948606,37.02291296704356],[36.6369012597886,37.023006490989395],[36.63682274293434,37.022914114991615],[36.63676764663478,37.02294396307148],[36.63665547970012,37.022811997217374],[36.63688321107172,37.022688624863655],[36.6370738948606,37.02291296704356]]]}},{"type":"Feature","properties":{"source":"Microsoft Global ML Building Footprints"},"geometry":{"type":"Polygon","coordinates":[[[36.638477715071794,37.026357378119855],[36.63826937033257,37.02634664465239],[36.638276954363455,37.026252815252754],[36.638485299102676,37.02626354873348],[36.638477715071794,37.026357378119855]]]}},{"type":"Feature","properties":{"source":"Microsoft Global ML Building Footprints"},"geometry":{"type":"Polygon","coordinates":[[[36.639500833770676,37.030977188003696],[36.63946480193376,37.03096937276775],[36.63948763797318,37.03090229221204],[36.639654986137145,37.030938599081644],[36.63961857681319,37.03104555089719],[36.639487260777905,37.03101706872405],[36.639500833770676,37.030977188003696]]]}},{"type":"Feature","properties":{"source":"Microsoft Global ML Building Footprints"},"geometry":{"type":"Polygon","coordinates":[[[36.62515145344619,37.0229116473953],[36.62513302556533,37.02298358966169],[36.62520884910546,37.02299596993052],[36.62519779600902,37.02303913584366],[36.624988093084,37.02300489611443],[36.62501757769343,37.02288978848779],[36.62515145344619,37.0229116473953]]]}},{"type":"Feature","properties":{"source":"Microsoft Global ML Building Footprints"},"geometry":{"type":"Polygon","coordinates":[[[36.627019265949016,37.02818823378321],[36.62687970403112,37.028227145773904],[36.626835453775534,37.02812599382069],[36.626975023597396,37.02808707957444],[36.627019265949016,37.02818823378321]]]}},{"type":"Feature","properties":{"source":"Microsoft Global ML Building Footprints"},"geometry":{"type":"Polygon","coordinates":[[[36.62750521145881,37.023376483448885],[36.627607717922444,37.0233941597226],[36.62758204754786,37.023489050147425],[36.62747953960369,37.02347137936845],[36.62750521145881,37.023376483448885]]]}},{"type":"Feature","properties":{"source":"Microsoft Global ML Building Footprints"},"geometry":{"type":"Polygon","coordinates":[[[36.62840557395605,37.024694443656095],[36.62835108264031,37.02476557226185],[36.62830618841093,37.02474364735936],[36.628249645996185,37.02481745325662],[36.628130574982855,37.02475930946985],[36.62818071861662,37.0246938559775],[36.62817095869747,37.02468909008726],[36.628194836618306,37.02465792173579],[36.628159700909485,37.02464076452143],[36.62815253753323,37.02465011503032],[36.62810959388907,37.02462914509895],[36.628126308433664,37.024607327237035],[36.62816339612634,37.02462543763786],[36.62818651318017,37.02459526243698],[36.62824897471671,37.024625766707004],[36.62825331921771,37.02462009573486],[36.62840557395605,37.024694443656095]]]}},{"type":"Feature","properties":{"source":"Microsoft Global ML Building Footprints"},"geometry":{"type":"Polygon","coordinates":[[[36.628593629865975,37.02446010754569],[36.628717357537,37.02443340721843],[36.628751385916914,37.024533917190546],[36.62862764785364,37.02456061281096],[36.628593629865975,37.02446010754569]]]}},{"type":"Feature","properties":{"source":"Microsoft Global ML Building Footprints"},"geometry":{"type":"Polygon","coordinates":[[[36.62939607595215,37.02654659020641],[36.62929687975654,37.02657447546817],[36.629258552548805,37.02648755788541],[36.62935774414003,37.02645967942851],[36.62939607595215,37.02654659020641]]]}},{"type":"Feature","properties":{"source":"Microsoft Global ML Building Footprints"},"geometry":{"type":"Polygon","coordinates":[[[36.62974302896747,37.02190163237448],[36.62991899586856,37.02185637137743],[36.6299142978583,37.02184473081812],[36.63002607594441,37.021815980008554],[36.630119253147996,37.02204685085585],[36.629831490749886,37.02212086692279],[36.62974302896747,37.02190163237448]]]}},{"type":"Feature","properties":{"source":"Microsoft Global ML Building Footprints"},"geometry":{"type":"Polygon","coordinates":[[[36.63232199442794,37.029621598224445],[36.63233502607298,37.02930931837871],[36.632490421727326,37.02931345128432],[36.632477390082244,37.02962573111306],[36.63232199442794,37.029621598224445]]]}},{"type":"Feature","properties":{"source":"Microsoft Global ML Building Footprints"},"geometry":{"type":"Polygon","coordinates":[[[36.639195364552556,37.03224290755061],[36.63939103741515,37.032246908882485],[36.63938760430775,37.03235389852987],[36.6391919314452,37.03234989720363],[36.639195364552556,37.03224290755061]]]}},{"type":"Feature","properties":{"source":"Microsoft Global ML Building Footprints"},"geometry":{"type":"Polygon","coordinates":[[[36.62477370472353,37.02759641618543],[36.62476822191784,37.027653898751815],[36.62470688676177,37.02765017005114],[36.6247123695675,37.027592687481935],[36.62477370472353,37.02759641618543]]]}},{"type":"Feature","properties":{"source":"Microsoft Global ML Building Footprints"},"geometry":{"type":"Polygon","coordinates":[[[36.624850609044124,37.02272006433884],[36.624755422529056,37.022716697467715],[36.62475885641623,37.022654716354715],[36.62485404835404,37.02265808342042],[36.624850609044124,37.02272006433884]]]}},{"type":"Feature","properties":{"source":"Microsoft Global ML Building Footprints"},"geometry":{"type":"Polygon","coordinates":[[[36.62486329703918,37.02270911910268],[36.625050945412696,37.02271268419779],[36.62504884033475,37.02278331259231],[36.624861191961266,37.02277974750049],[36.62486329703918,37.02270911910268]]]}},{"type":"Feature","properties":{"source":"Microsoft Global ML Building Footprints"},"geometry":{"type":"Polygon","coordinates":[[[36.62625094424624,37.025820586416025],[36.626234994311226,37.02590521025472],[36.62605783391787,37.02588392718365],[36.62608405894834,37.025744852483605],[36.62617061024111,37.0257552551338],[36.626165082386336,37.025784570073746],[36.626214914948854,37.02579055947547],[36.62621017678763,37.025815686555866],[36.62625094424624,37.025820586416025]]]}},{"type":"Feature","properties":{"source":"Microsoft Global ML Building Footprints"},"geometry":{"type":"Polygon","coordinates":[[[36.62636167050212,37.020975175778084],[36.62635811515666,37.02106074221035],[36.62620539731797,37.021056697150456],[36.626208952663426,37.020971130713654],[36.62636167050212,37.020975175778084]]]}},{"type":"Feature","properties":{"source":"Microsoft Global ML Building Footprints"},"geometry":{"type":"Polygon","coordinates":[[[36.62655696176764,37.02688977504221],[36.62660519087767,37.02693008445871],[36.62654008808715,37.0269797313152],[36.6264918571294,37.02693942333412],[36.62655696176764,37.02688977504221]]]}},{"type":"Feature","properties":{"source":"Microsoft Global ML Building Footprints"},"geometry":{"type":"Polygon","coordinates":[[[36.627061353832275,37.0247818182326],[36.626924880886854,37.02469660814008],[36.626992562902124,37.02462751359788],[36.62712903584751,37.0247127237679],[36.627061353832275,37.0247818182326]]]}},{"type":"Feature","properties":{"source":"Microsoft Global ML Building Footprints"},"geometry":{"type":"Polygon","coordinates":[[[36.628077918616185,37.020523786249626],[36.6281112078281,37.02055373320747],[36.6280787595436,37.020576728511486],[36.628045468863384,37.020546782603276],[36.628077918616185,37.020523786249626]]]}},{"type":"Feature","properties":{"source":"Microsoft Global ML Building Footprints"},"geometry":{"type":"Polygon","coordinates":[[[36.62883419160842,37.023702094913254],[36.62905041675557,37.02366671806742],[36.62907890202331,37.02377769526041],[36.62886267687617,37.02381307205455],[36.62883419160842,37.023702094913254]]]}},{"type":"Feature","properties":{"source":"Microsoft Global ML Building Footprints"},"geometry":{"type":"Polygon","coordinates":[[[36.63046012434407,37.02765599381401],[36.63015996122883,37.027727944268165],[36.63010498670302,37.02758180565027],[36.63040514403109,37.02750983967352],[36.63046012434407,37.02765599381401]]]}},{"type":"Feature","properties":{"source":"Microsoft Global ML Building Footprints"},"geometry":{"type":"Polygon","coordinates":[[[36.63066430322124,37.02260041283638],[36.63062944804409,37.0227758807864],[36.630288161213294,37.022732647504654],[36.63032303139452,37.02255718135546],[36.63066430322124,37.02260041283638]]]}},{"type":"Feature","properties":{"source":"Microsoft Global ML Building Footprints"},"geometry":{"type":"Polygon","coordinates":[[[36.63170188900061,37.01977442421242],[36.631735629594885,37.019748755579855],[36.63169008522397,37.01971059136899],[36.63176881327729,37.01965069782918],[36.631869877222385,37.01973538508009],[36.63174104735901,37.019833386985525],[36.6317169357188,37.01981318101571],[36.63173329207479,37.01980073860885],[36.63170188900061,37.01977442421242]]]}},{"type":"Feature","properties":{"source":"Microsoft Global ML Building Footprints"},"geometry":{"type":"Polygon","coordinates":[[[36.632159933035354,37.020499336697],[36.63219620197169,37.020539281632466],[36.632164553344126,37.02055759839097],[36.63212828546039,37.02051765462442],[36.632159933035354,37.020499336697]]]}},{"type":"Feature","properties":{"source":"Microsoft Global ML Building Footprints"},"geometry":{"type":"Polygon","coordinates":[[[36.63317011438368,37.019612701371194],[36.633204439466496,37.019659936480174],[36.63316229791337,37.0196794563745],[36.63312797411085,37.01963222303945],[36.63317011438368,37.019612701371194]]]}},{"type":"Feature","properties":{"source":"Microsoft Global ML Building Footprints"},"geometry":{"type":"Polygon","coordinates":[[[36.634834880582815,37.019158207132506],[36.63467676172353,37.019161847528146],[36.63467212502687,37.0190334601272],[36.63483024388615,37.01902981972539],[36.634834880582815,37.019158207132506]]]}},{"type":"Feature","properties":{"source":"Microsoft Global ML Building Footprints"},"geometry":{"type":"Polygon","coordinates":[[[36.63625694726495,37.02202247429287],[36.63636577301608,37.022084124582314],[36.636305012154814,37.02215249453907],[36.63619618640369,37.022090844305126],[36.63625694726495,37.02202247429287]]]}},{"type":"Feature","properties":{"source":"Microsoft Global ML Building Footprints"},"geometry":{"type":"Polygon","coordinates":[[[36.63840761521755,37.03355618594103],[36.638410028253844,37.03348986598633],[36.63858554354067,37.03349394536516],[36.63858312469475,37.03356026518125],[36.63840761521755,37.03355618594103]]]}},{"type":"Feature","properties":{"source":"Microsoft Global ML Building Footprints"},"geometry":{"type":"Polygon","coordinates":[[[36.63889898806768,37.03314034149817],[36.63889511694634,37.0332430245308],[36.63868743574742,37.033238023475604],[36.63869131586317,37.033135340652805],[36.63889898806768,37.03314034149817]]]}},{"type":"Feature","properties":{"source":"Microsoft Global ML Building Footprints"},"geometry":{"type":"Polygon","coordinates":[[[36.62467052011112,37.02467730016198],[36.624813977938935,37.024678759083045],[36.62481206993358,37.024797693401574],[36.6247182080155,37.0247967336121],[36.624718551495185,37.02477532303567],[36.62466896426127,37.02477481597892],[36.62467052011112,37.02467730016198]]]}},{"type":"Feature","properties":{"source":"Microsoft Global ML Building Footprints"},"geometry":{"type":"Polygon","coordinates":[[[36.62517609010291,37.02045407091427],[36.62515754292635,37.02054810779251],[36.625029295016546,37.020531983056124],[36.62504207196041,37.02046720209426],[36.62511893967012,37.02047686675601],[36.62512470740034,37.020447610508725],[36.62517609010291,37.02045407091427]]]}},{"type":"Feature","properties":{"source":"Microsoft Global ML Building Footprints"},"geometry":{"type":"Polygon","coordinates":[[[36.62530773139326,37.0235646881469],[36.625311829794995,37.02349417231996],[36.62536945977994,37.02349630735471],[36.625365355209894,37.02356682295117],[36.62530773139326,37.0235646881469]]]}},{"type":"Feature","properties":{"source":"Microsoft Global ML Building Footprints"},"geometry":{"type":"Polygon","coordinates":[[[36.62537546640302,37.01939764521372],[36.62563650609488,37.019392598031324],[36.6256404266733,37.019522238303196],[36.625509075014314,37.01952477063305],[36.62550955610308,37.01954067859627],[36.62537988059871,37.019543185857344],[36.62537546640302,37.01939764521372]]]}},{"type":"Feature","properties":{"source":"Microsoft Global ML Building Footprints"},"geometry":{"type":"Polygon","coordinates":[[[36.626671660412626,37.025299583497464],[36.62684325035456,37.02508882142102],[36.6269875440406,37.02516369172551],[36.62681596708831,37.02537446033421],[36.626671660412626,37.025299583497464]]]}},{"type":"Feature","properties":{"source":"Microsoft Global ML Building Footprints"},"geometry":{"type":"Polygon","coordinates":[[[36.627381720814384,37.01946781893362],[36.62734577411288,37.01949162658524],[36.62730623574455,37.01945356625615],[36.627342180469704,37.01942975990158],[36.627381720814384,37.01946781893362]]]}},{"type":"Feature","properties":{"source":"Microsoft Global ML Building Footprints"},"geometry":{"type":"Polygon","coordinates":[[[36.62753965936746,37.02261071267207],[36.627479539317356,37.022728147524745],[36.62729567902713,37.02266814793764],[36.627355799077264,37.022550712992214],[36.62753965936746,37.02261071267207]]]}},{"type":"Feature","properties":{"source":"Microsoft Global ML Building Footprints"},"geometry":{"type":"Polygon","coordinates":[[[36.63135103005731,37.021380809319574],[36.6310659122838,37.02151637739507],[36.6309244143406,37.02132667655353],[36.63116993242334,37.021209937100394],[36.63119233626436,37.021239973144695],[36.6312517358005,37.02121172971283],[36.63141092098661,37.02142514344912],[36.63134558149683,37.021456211136325],[36.63131138616058,37.02141036677338],[36.63135692580496,37.021388713525134],[36.63135103005731,37.021380809319574]]]}},{"type":"Feature","properties":{"source":"Microsoft Global ML Building Footprints"},"geometry":{"type":"Polygon","coordinates":[[[36.63446378508704,37.0227035543081],[36.63455569064568,37.02284112304499],[36.63436890373439,37.0229206561322],[36.634279807870904,37.022787275726074],[36.63441345634307,37.022730368673024],[36.63441065758089,37.02272617879663],[36.63446378508704,37.0227035543081]]]}},{"type":"Feature","properties":{"source":"Microsoft Global ML Building Footprints"},"geometry":{"type":"Polygon","coordinates":[[[36.63549810886363,37.018976030776145],[36.635695351648174,37.01887568423433],[36.635800435963745,37.01900736352574],[36.63560320764475,37.01910771355582],[36.63549810886363,37.018976030776145]]]}},{"type":"Feature","properties":{"source":"Microsoft Global ML Building Footprints"},"geometry":{"type":"Polygon","coordinates":[[[36.63608522284218,37.02644573539652],[36.63571018879716,37.02647320797077],[36.63569798618425,37.026367033715765],[36.636073020229226,37.02633956110312],[36.63608522284218,37.02644573539652]]]}},{"type":"Feature","properties":{"source":"Microsoft Global ML Building Footprints"},"geometry":{"type":"Polygon","coordinates":[[[36.637302729563025,37.025721108139464],[36.63728604000453,37.02567238058103],[36.637285527912724,37.02567449628439],[36.63725566445737,37.025587327880956],[36.63724183507493,37.02564446391033],[36.63720802989148,37.02565184392656],[36.63716297984471,37.02552034732239],[36.6371791167462,37.025516824466266],[36.637152103683896,37.02543795573089],[36.63752513882639,37.02535649724273],[36.637570032591576,37.025363425786466],[36.63751080091406,37.025608141606554],[36.63750524342303,37.02559191569415],[36.63748351837023,37.025681640127175],[36.637302729563025,37.025721108139464]]]}},{"type":"Feature","properties":{"source":"Microsoft Global ML Building Footprints"},"geometry":{"type":"Polygon","coordinates":[[[36.638358643836845,37.033345608374944],[36.63835827047742,37.03338200579491],[36.6382939017404,37.03338158861887],[36.638294275099824,37.033345191198684],[36.638358643836845,37.033345608374944]]]}},{"type":"Feature","properties":{"source":"Microsoft Global ML Building Footprints"},"geometry":{"type":"Polygon","coordinates":[[[36.63936003396054,37.032398548055525],[36.63933427658671,37.0325990867934],[36.639182981261484,37.03258670299042],[36.6392087375609,37.0323861725851],[36.63936003396054,37.032398548055525]]]}}]}