{"type":"FeatureCollection","name":"namchi_rgb_0.5m","source":"Microsoft Global ML Building Footprints","licence":"ODbL 1.0 (c) Microsoft","features":[{"type":"Feature","properties":{"source":"Microsoft Global ML Building Footprints"},"geometry":{"type":"Polygon","coordinates":[[[88.35810620725486,27.16322478235071],[88.35798018664005,27.16327655075775],[88.35789239761375,27.16310738456196],[88.35801841822854,27.163055616076463],[88.35810620725486,27.16322478235071]]]}},{"type":"Feature","properties":{"source":"Microsoft Global ML Building Footprints"},"geometry":{"type":"Polygon","coordinates":[[[88.36403281696059,27.171340716825505],[88.36400424946005,27.171440724640092],[88.36387702751624,27.17141196170538],[88.36388703198473,27.171376948158525],[88.3638114496411,27.1713598554322],[88.36382193809841,27.171323148008376],[88.36390256061219,27.1713413755404],[88.36391064335587,27.17131308761126],[88.36403281696059,27.171340716825505]]]}},{"type":"Feature","properties":{"source":"Microsoft Global ML Building Footprints"},"geometry":{"type":"Polygon","coordinates":[[[88.36460752367692,27.171169782590695],[88.36460553157828,27.171225558117044],[88.36456933016285,27.171224534760178],[88.36456593201652,27.1713198873016],[88.36444671472545,27.171316517219793],[88.36445211211898,27.171165399025767],[88.36460752367692,27.171169782590695]]]}},{"type":"Feature","properties":{"source":"Microsoft Global ML Building Footprints"},"geometry":{"type":"Polygon","coordinates":[[[88.3660380316428,27.158812567825045],[88.3660866149764,27.158782289722872],[88.3661256865674,27.158831920455604],[88.3660771032338,27.158862198544313],[88.3660380316428,27.158812567825045]]]}},{"type":"Feature","properties":{"source":"Microsoft Global ML Building Footprints"},"geometry":{"type":"Polygon","coordinates":[[[88.36640746515315,27.164891247344755],[88.36640547118208,27.164834029899517],[88.3666091232939,27.16482841213901],[88.36661111726497,27.164885629587147],[88.36640746515315,27.164891247344755]]]}},{"type":"Feature","properties":{"source":"Microsoft Global ML Building Footprints"},"geometry":{"type":"Polygon","coordinates":[[[88.36880559755777,27.166044141964157],[88.36879625241282,27.166064630764602],[88.36875105902935,27.16604831175583],[88.3687604055581,27.166027823452104],[88.36880559755777,27.166044141964157]]]}},{"type":"Feature","properties":{"source":"Microsoft Global ML Building Footprints"},"geometry":{"type":"Polygon","coordinates":[[[88.35609742691652,27.16520426820712],[88.3559964824578,27.16516733360138],[88.35604271377134,27.165067318220864],[88.35614365823001,27.165104252859678],[88.35609742691652,27.16520426820712]]]}},{"type":"Feature","properties":{"source":"Microsoft Global ML Building Footprints"},"geometry":{"type":"Polygon","coordinates":[[[88.35668728836413,27.16953108523402],[88.35675529273625,27.169534608232425],[88.35675257191717,27.169576177408814],[88.35668456456246,27.16957265002263],[88.35668728836413,27.16953108523402]]]}},{"type":"Feature","properties":{"source":"Microsoft Global ML Building Footprints"},"geometry":{"type":"Polygon","coordinates":[[[88.35791407221427,27.169687970313824],[88.357842227814,27.169693691882827],[88.35783211433315,27.169593099628187],[88.35790395917962,27.16958738249199],[88.35791407221427,27.169687970313824]]]}},{"type":"Feature","properties":{"source":"Microsoft Global ML Building Footprints"},"geometry":{"type":"Polygon","coordinates":[[[88.36197448418712,27.161637577360942],[88.36185818035156,27.161732038753854],[88.36176335627836,27.161639618574917],[88.36187965614853,27.16154516032453],[88.36197448418712,27.161637577360942]]]}},{"type":"Feature","properties":{"source":"Microsoft Global ML Building Footprints"},"geometry":{"type":"Polygon","coordinates":[[[88.36542544191099,27.167646840407862],[88.36550842751065,27.167643569516834],[88.3655106808516,27.167688820251392],[88.36542769525198,27.16769209114109],[88.36542544191099,27.167646840407862]]]}},{"type":"Feature","properties":{"source":"Microsoft Global ML Building Footprints"},"geometry":{"type":"Polygon","coordinates":[[[88.36839107263057,27.163970737040103],[88.3684007856329,27.164075021211154],[88.36829689290197,27.16408268088658],[88.36828717989964,27.163978396722676],[88.36839107263057,27.163970737040103]]]}},{"type":"Feature","properties":{"source":"Microsoft Global ML Building Footprints"},"geometry":{"type":"Polygon","coordinates":[[[88.36866115005787,27.171222798137933],[88.36858401806128,27.171300939885228],[88.36839926231526,27.171156600935653],[88.36837133521304,27.17118489366036],[88.3682728997746,27.17110799170426],[88.36831412549691,27.17106622622223],[88.3682891618279,27.17104672352525],[88.36835299807674,27.170982056593623],[88.36866115005787,27.171222798137933]]]}},{"type":"Feature","properties":{"source":"Microsoft Global ML Building Footprints"},"geometry":{"type":"Polygon","coordinates":[[[88.3601828128613,27.17289052907553],[88.36024127503927,27.172803237037584],[88.36033035241219,27.17285045307152],[88.36027188749293,27.172937749165662],[88.3601828128613,27.17289052907553]]]}},{"type":"Feature","properties":{"source":"Microsoft Global ML Building Footprints"},"geometry":{"type":"Polygon","coordinates":[[[88.36152278078927,27.166144045390155],[88.36158088939575,27.166098635573945],[88.36174016184819,27.166036214221585],[88.36174628771177,27.166031427072596],[88.3617524135753,27.166029026250584],[88.36183817566508,27.16596200614186],[88.36186330139839,27.165952158966284],[88.36189893781756,27.165988254989898],[88.36190973182241,27.166010055406105],[88.3619475434072,27.166048354628245],[88.36187117622174,27.1661080328998],[88.36187117622174,27.1661080328998],[88.36180754634728,27.16615775738606],[88.36172178425754,27.16619136885121],[88.36170580433983,27.16620385658191],[88.361577322767,27.166254202436264],[88.36152278078927,27.166144045390155]]]}},{"type":"Feature","properties":{"source":"Microsoft Global ML Building Footprints"},"geometry":{"type":"Polygon","coordinates":[[[88.36180743032905,27.16495675670462],[88.36178362659675,27.16511378431003],[88.36167668432311,27.165100945465355],[88.36168649791458,27.165036241114905],[88.36164961816044,27.165031815847513],[88.36163980491102,27.165096517945138],[88.36157025087641,27.16508816770591],[88.3615780670273,27.16503660641517],[88.36160547714603,27.165039897110823],[88.36162147287565,27.16493443174148],[88.36180743032905,27.16495675670462]]]}},{"type":"Feature","properties":{"source":"Microsoft Global ML Building Footprints"},"geometry":{"type":"Polygon","coordinates":[[[88.3625381623284,27.164699737148197],[88.36252831660144,27.164752280757156],[88.36248134240859,27.16474531333732],[88.36249118760225,27.16469277257105],[88.3625381623284,27.164699737148197]]]}},{"type":"Feature","properties":{"source":"Microsoft Global ML Building Footprints"},"geometry":{"type":"Polygon","coordinates":[[[88.36266641393897,27.16715607686013],[88.36270020669728,27.167246283497064],[88.36259791204273,27.16727660929552],[88.36256412567151,27.167186400789575],[88.36266641393897,27.16715607686013]]]}},{"type":"Feature","properties":{"source":"Microsoft Global ML Building Footprints"},"geometry":{"type":"Polygon","coordinates":[[[88.3641496503796,27.16536851145893],[88.36427957154035,27.16542594233519],[88.3641951355496,27.165577138675467],[88.36406522392838,27.16551971209386],[88.3641496503796,27.16536851145893]]]}},{"type":"Feature","properties":{"source":"Microsoft Global ML Building Footprints"},"geometry":{"type":"Polygon","coordinates":[[[88.36439132311655,27.16777903382522],[88.36447641475101,27.167809907685424],[88.36443984274457,27.167889703483795],[88.36435475111013,27.167858829645652],[88.36439132311655,27.16777903382522]]]}},{"type":"Feature","properties":{"source":"Microsoft Global ML Building Footprints"},"geometry":{"type":"Polygon","coordinates":[[[88.35751068827305,27.166264106418296],[88.3576939325188,27.166259656418774],[88.35769557828628,27.166313299246525],[88.35751233860796,27.16631776054296],[88.35751068827305,27.166264106418296]]]}},{"type":"Feature","properties":{"source":"Microsoft Global ML Building Footprints"},"geometry":{"type":"Polygon","coordinates":[[[88.36456080464028,27.169067671828692],[88.3646071431077,27.169016263921108],[88.36468223667906,27.16906983468813],[88.36463589564653,27.169121245416775],[88.36456080464028,27.169067671828692]]]}},{"type":"Feature","properties":{"source":"Microsoft Global ML Building Footprints"},"geometry":{"type":"Polygon","coordinates":[[[88.36518025073026,27.16766087502861],[88.36527306362923,27.167659343539952],[88.36527430218712,27.16771898039353],[88.36518149397801,27.167720511804],[88.36518025073026,27.16766087502861]]]}},{"type":"Feature","properties":{"source":"Microsoft Global ML Building Footprints"},"geometry":{"type":"Polygon","coordinates":[[[88.36810366559209,27.168080259534854],[88.36811374522786,27.168053398215903],[88.36818131607053,27.168073467677296],[88.36817123785528,27.1681003252058],[88.36810366559209,27.168080259534854]]]}},{"type":"Feature","properties":{"source":"Microsoft Global ML Building Footprints"},"geometry":{"type":"Polygon","coordinates":[[[88.36819201156263,27.166112787564558],[88.36823687555963,27.165953351044408],[88.36835802833096,27.165980335797677],[88.36831316433397,27.166139772279315],[88.36819201156263,27.166112787564558]]]}},{"type":"Feature","properties":{"source":"Microsoft Global ML Building Footprints"},"geometry":{"type":"Polygon","coordinates":[[[88.36821395921488,27.167564896521093],[88.36818857860503,27.167618623418605],[88.36795921267922,27.16753286005367],[88.36798458396349,27.16747914391052],[88.36821395921488,27.167564896521093]]]}},{"type":"Feature","properties":{"source":"Microsoft Global ML Building Footprints"},"geometry":{"type":"Polygon","coordinates":[[[88.35423843649156,27.172442525119976],[88.35428207566835,27.172463458229643],[88.35423501572741,27.17254110416394],[88.35419137655062,27.17252017106884],[88.35423843649156,27.172442525119976]]]}},{"type":"Feature","properties":{"source":"Microsoft Global ML Building Footprints"},"geometry":{"type":"Polygon","coordinates":[[[88.35821257115444,27.159227458109577],[88.35821602873126,27.159314497441322],[88.35810773016186,27.159317896395265],[88.35810276776405,27.159192727567813],[88.35815747898181,27.159191007045656],[88.35815899390404,27.159229142970922],[88.35821257115444,27.159227458109577]]]}},{"type":"Feature","properties":{"source":"Microsoft Global ML Building Footprints"},"geometry":{"type":"Polygon","coordinates":[[[88.35897783956783,27.15931693956351],[88.35901266873282,27.159366941785628],[88.35896034584512,27.15939579352775],[88.35892551668013,27.159345791318536],[88.35897783956783,27.15931693956351]]]}},{"type":"Feature","properties":{"source":"Microsoft Global ML Building Footprints"},"geometry":{"type":"Polygon","coordinates":[[[88.36016281354317,27.16392046178113],[88.3601571667379,27.16407063470031],[88.36005267777642,27.164067518111814],[88.36005348446291,27.1640460648494],[88.35999186276769,27.164044226860895],[88.35999670288646,27.1639155071978],[88.36016281354317,27.16392046178113]]]}},{"type":"Feature","properties":{"source":"Microsoft Global ML Building Footprints"},"geometry":{"type":"Polygon","coordinates":[[[88.36067669826963,27.1667576761606],[88.36082179878244,27.166729676442387],[88.36086656057815,27.166913343726726],[88.3609417809502,27.16689883332635],[88.36095289351458,27.166944415816012],[88.36073258432565,27.166986914579915],[88.36067669826963,27.1667576761606]]]}},{"type":"Feature","properties":{"source":"Microsoft Global ML Building Footprints"},"geometry":{"type":"Polygon","coordinates":[[[88.36099344323041,27.166857137965174],[88.36097666803245,27.166799968449716],[88.36095406835125,27.16680521741926],[88.36091971040372,27.166688126183836],[88.36107037752242,27.166653141795308],[88.36108283293804,27.16669558964371],[88.36109036629398,27.16669384042467],[88.36113717652492,27.166853368768074],[88.36106846905116,27.166869326658976],[88.36106033702987,27.166841605479107],[88.36099344323041,27.166857137965174]]]}},{"type":"Feature","properties":{"source":"Microsoft Global ML Building Footprints"},"geometry":{"type":"Polygon","coordinates":[[[88.3645177646916,27.170804549898733],[88.36452581059677,27.170688064673435],[88.36461933475356,27.1706931775593],[88.36461513082384,27.170754040295115],[88.36458433628115,27.170752358702117],[88.36458049879687,27.170807979515196],[88.3645177646916,27.170804549898733]]]}},{"type":"Feature","properties":{"source":"Microsoft Global ML Building Footprints"},"geometry":{"type":"Polygon","coordinates":[[[88.36646084198146,27.16930437169856],[88.36647385812127,27.169230901702015],[88.36665854665405,27.169256810933632],[88.36664552686345,27.169330268901355],[88.36646084198146,27.16930437169856]]]}},{"type":"Feature","properties":{"source":"Microsoft Global ML Building Footprints"},"geometry":{"type":"Polygon","coordinates":[[[88.3666901882273,27.16574601351713],[88.36670690087277,27.165814369094875],[88.3666095817974,27.165833203230754],[88.36659286915194,27.165764847664533],[88.3666901882273,27.16574601351713]]]}},{"type":"Feature","properties":{"source":"Microsoft Global ML Building Footprints"},"geometry":{"type":"Polygon","coordinates":[[[88.35380235491151,27.16185518824556],[88.353853521239,27.161940739055062],[88.35371661736514,27.162005555084008],[88.35366544579311,27.161920006807144],[88.35380235491151,27.16185518824556]]]}},{"type":"Feature","properties":{"source":"Microsoft Global ML Building Footprints"},"geometry":{"type":"Polygon","coordinates":[[[88.35423291177631,27.161359753203115],[88.3540227177857,27.161467723791212],[88.35396000122152,27.16137107249483],[88.35417018951006,27.161263104742275],[88.35423291177631,27.161359753203115]]]}},{"type":"Feature","properties":{"source":"Microsoft Global ML Building Footprints"},"geometry":{"type":"Polygon","coordinates":[[[88.35703274836169,27.16258353149692],[88.35714270681224,27.162582504428933],[88.35714486100778,27.162765068668804],[88.357034902638,27.16276610258145],[88.35703274836169,27.16258353149692]]]}},{"type":"Feature","properties":{"source":"Microsoft Global ML Building Footprints"},"geometry":{"type":"Polygon","coordinates":[[[88.35842004067077,27.15943411045175],[88.35842966427424,27.15927228356177],[88.35857142447585,27.159278957286652],[88.35856180087238,27.159440784166982],[88.35842004067077,27.15943411045175]]]}},{"type":"Feature","properties":{"source":"Microsoft Global ML Building Footprints"},"geometry":{"type":"Polygon","coordinates":[[[88.35872896749268,27.16232254530717],[88.3587328096159,27.162180562311264],[88.3588414058089,27.162182881785753],[88.35883757466586,27.162324871776228],[88.35872896749268,27.16232254530717]]]}},{"type":"Feature","properties":{"source":"Microsoft Global ML Building Footprints"},"geometry":{"type":"Polygon","coordinates":[[[88.35978427576649,27.163167026276],[88.35984733078766,27.163218811813955],[88.35976712156055,27.163296121167768],[88.35970406325593,27.163244332969036],[88.35978427576649,27.163167026276]]]}},{"type":"Feature","properties":{"source":"Microsoft Global ML Building Footprints"},"geometry":{"type":"Polygon","coordinates":[[[88.36004618853808,27.162675005184475],[88.3601458343637,27.162769080225132],[88.36003503345754,27.162861989771194],[88.35993538376133,27.162767911154596],[88.36004618853808,27.162675005184475]]]}},{"type":"Feature","properties":{"source":"Microsoft Global ML Building Footprints"},"geometry":{"type":"Polygon","coordinates":[[[88.36322435638186,27.16582171604953],[88.36327501955523,27.165673117908177],[88.36335116215567,27.16569366658552],[88.36329751879563,27.165851005758896],[88.36325178849556,27.16583866449634],[88.36325476931191,27.165829923605955],[88.36322435638186,27.16582171604953]]]}},{"type":"Feature","properties":{"source":"Microsoft Global ML Building Footprints"},"geometry":{"type":"Polygon","coordinates":[[[88.36540838727288,27.167484004264757],[88.36552625400317,27.167480261248812],[88.36553037361666,27.167582741110103],[88.36541250688637,27.16758648412261],[88.36540838727288,27.167484004264757]]]}},{"type":"Feature","properties":{"source":"Microsoft Global ML Building Footprints"},"geometry":{"type":"Polygon","coordinates":[[[88.36787795327186,27.16792424170167],[88.36788886583727,27.167868666145935],[88.36798098318754,27.167882977170258],[88.36797007486477,27.167938553378],[88.36787795327186,27.16792424170167]]]}},{"type":"Feature","properties":{"source":"Microsoft Global ML Building Footprints"},"geometry":{"type":"Polygon","coordinates":[[[88.35488890578719,27.172848896734124],[88.35472548167678,27.172853862375227],[88.35472356011671,27.17280381094482],[88.35488698422711,27.172798845301507],[88.35488890578719,27.172848896734124]]]}},{"type":"Feature","properties":{"source":"Microsoft Global ML Building Footprints"},"geometry":{"type":"Polygon","coordinates":[[[88.35583453099744,27.165158624339654],[88.35570799396199,27.165119070308442],[88.35578348868067,27.164927897744413],[88.35591002571611,27.16496745184336],[88.35583453099744,27.165158624339654]]]}},{"type":"Feature","properties":{"source":"Microsoft Global ML Building Footprints"},"geometry":{"type":"Polygon","coordinates":[[[88.35710855551768,27.16618271546247],[88.3571195720807,27.166157960162487],[88.35716680908685,27.16617459941935],[88.35715579084038,27.166199354122625],[88.35710855551768,27.16618271546247]]]}},{"type":"Feature","properties":{"source":"Microsoft Global ML Building Footprints"},"geometry":{"type":"Polygon","coordinates":[[[88.35937619992858,27.16332657412746],[88.35947380439536,27.163275453773295],[88.35949022079213,27.163300265081837],[88.35955794634049,27.163264793809816],[88.35960954073037,27.163342772196934],[88.35940238022945,27.163451272447176],[88.3593625118373,27.163391016484077],[88.35940434232306,27.163369107776376],[88.35937619992858,27.16332657412746]]]}},{"type":"Feature","properties":{"source":"Microsoft Global ML Building Footprints"},"geometry":{"type":"Polygon","coordinates":[[[88.36070583619419,27.170004400516845],[88.36056374428966,27.17000710784692],[88.36056024182882,27.16986161371866],[88.36074522940268,27.169858089076776],[88.3607475835157,27.169955880236152],[88.36070468784641,27.169956697543732],[88.36070583619419,27.170004400516845]]]}},{"type":"Feature","properties":{"source":"Microsoft Global ML Building Footprints"},"geometry":{"type":"Polygon","coordinates":[[[88.36339035328405,27.16419825102944],[88.36335396288463,27.164197788765485],[88.36335515563009,27.16412382653843],[88.36339154021243,27.164124288728786],[88.36339035328405,27.16419825102944]]]}},{"type":"Feature","properties":{"source":"Microsoft Global ML Building Footprints"},"geometry":{"type":"Polygon","coordinates":[[[88.36671130877673,27.164087939478215],[88.36655856440322,27.164229814114144],[88.36650820764353,27.164186899292588],[88.36654572380543,27.16415205289408],[88.36651075383344,27.164122250915646],[88.36662598204501,27.16401522259512],[88.36671130877673,27.164087939478215]]]}},{"type":"Feature","properties":{"source":"Microsoft Global ML Building Footprints"},"geometry":{"type":"Polygon","coordinates":[[[88.36814307440714,27.16648624414198],[88.36815113703443,27.166454454280554],[88.36820566199992,27.16646540026114],[88.36819759699299,27.166497189641717],[88.36814307440714,27.16648624414198]]]}},{"type":"Feature","properties":{"source":"Microsoft Global ML Building Footprints"},"geometry":{"type":"Polygon","coordinates":[[[88.36893041226621,27.166770831449234],[88.3689333112449,27.166650402818284],[88.36904418424537,27.166652515386403],[88.36904309687846,27.166697834620578],[88.36902164901164,27.16669742595426],[88.36901984700287,27.166772529963133],[88.36893041226621,27.166770831449234]]]}},{"type":"Feature","properties":{"source":"Microsoft Global ML Building Footprints"},"geometry":{"type":"Polygon","coordinates":[[[88.35857363542,27.160677897806153],[88.35854136540522,27.16077172925914],[88.3584653356327,27.160751030216957],[88.35849760564749,27.1606571987466],[88.35857363542,27.160677897806153]]]}},{"type":"Feature","properties":{"source":"Microsoft Global ML Building Footprints"},"geometry":{"type":"Polygon","coordinates":[[[88.35880502520001,27.164610393694083],[88.35880698772276,27.16455317438198],[88.35895169226467,27.164557103004483],[88.35894972974197,27.164614322314577],[88.35880502520001,27.164610393694083]]]}},{"type":"Feature","properties":{"source":"Microsoft Global ML Building Footprints"},"geometry":{"type":"Polygon","coordinates":[[[88.35971673025735,27.17005890958587],[88.35970068389558,27.170144828508022],[88.35957159294382,27.170125746395144],[88.35958764588311,27.170039828430603],[88.35971673025735,27.17005890958587]]]}},{"type":"Feature","properties":{"source":"Microsoft Global ML Building Footprints"},"geometry":{"type":"Polygon","coordinates":[[[88.3627488308752,27.161002898052338],[88.36271906347271,27.16104242753702],[88.36265330222245,27.161003225962723],[88.3626830674788,27.160963695184755],[88.3627488308752,27.161002898052338]]]}},{"type":"Feature","properties":{"source":"Microsoft Global ML Building Footprints"},"geometry":{"type":"Polygon","coordinates":[[[88.3641113243304,27.16610887895122],[88.364252929724,27.165874434135844],[88.36438404625999,27.16593712033977],[88.36428674626085,27.16609821219113],[88.36440537550772,27.16615492816822],[88.36436107740181,27.166228268896305],[88.3641113243304,27.16610887895122]]]}},{"type":"Feature","properties":{"source":"Microsoft Global ML Building Footprints"},"geometry":{"type":"Polygon","coordinates":[[[88.365297803783,27.166494216314362],[88.36522811933759,27.16649250670779],[88.36522553258241,27.166575964316657],[88.3651880101887,27.16657504375995],[88.36519177946052,27.16645343407952],[88.36529898629963,27.1664560642444],[88.365297803783,27.166494216314362]]]}},{"type":"Feature","properties":{"source":"Microsoft Global ML Building Footprints"},"geometry":{"type":"Polygon","coordinates":[[[88.36536613776171,27.16915975186047],[88.36551869280154,27.169140677761],[88.36553828425708,27.16926469996595],[88.36538572921721,27.16928377404423],[88.36536613776171,27.16915975186047]]]}},{"type":"Feature","properties":{"source":"Microsoft Global ML Building Footprints"},"geometry":{"type":"Polygon","coordinates":[[[88.36748241938605,27.162359762277205],[88.3676551934997,27.162281761842955],[88.36770879209962,27.162375742533293],[88.36753602286531,27.16245375145745],[88.36748241938605,27.162359762277205]]]}},{"type":"Feature","properties":{"source":"Microsoft Global ML Building Footprints"},"geometry":{"type":"Polygon","coordinates":[[[88.35404535238825,27.167624359061136],[88.35400019759719,27.167647423145326],[88.35397355988543,27.167606144371476],[88.35401871223425,27.167583081526196],[88.35404535238825,27.167624359061136]]]}},{"type":"Feature","properties":{"source":"Microsoft Global ML Building Footprints"},"geometry":{"type":"Polygon","coordinates":[[[88.35633308351372,27.168776327677868],[88.35616349693689,27.168801596753354],[88.35615300971116,27.16874588894919],[88.35612431044432,27.168750165255837],[88.35612014301644,27.16872802800681],[88.35631843112101,27.168698494616045],[88.35633308351372,27.168776327677868]]]}},{"type":"Feature","properties":{"source":"Microsoft Global ML Building Footprints"},"geometry":{"type":"Polygon","coordinates":[[[88.35993162024599,27.16302284074355],[88.35995705095469,27.16303318776105],[88.35993675953482,27.163072659587364],[88.35991133139412,27.16306231361839],[88.35993162024599,27.16302284074355]]]}},{"type":"Feature","properties":{"source":"Microsoft Global ML Building Footprints"},"geometry":{"type":"Polygon","coordinates":[[[88.36287518200548,27.16216591207369],[88.36306981732687,27.162128230989126],[88.36308577466691,27.16219349944452],[88.36289113651624,27.16223116893464],[88.36287518200548,27.16216591207369]]]}},{"type":"Feature","properties":{"source":"Microsoft Global ML Building Footprints"},"geometry":{"type":"Polygon","coordinates":[[[88.36449800774344,27.16753432709828],[88.36463471295251,27.167568537885224],[88.36460255215792,27.16767025906239],[88.36446584694885,27.167636048306612],[88.36449800774344,27.16753432709828]]]}},{"type":"Feature","properties":{"source":"Microsoft Global ML Building Footprints"},"geometry":{"type":"Polygon","coordinates":[[[88.35764816215286,27.16261548923365],[88.35755990890706,27.162619748272256],[88.35755410651598,27.16252457225172],[88.35764235976173,27.16252031320949],[88.35764816215286,27.16261548923365]]]}},{"type":"Feature","properties":{"source":"Microsoft Global ML Building Footprints"},"geometry":{"type":"Polygon","coordinates":[[[88.36160192580765,27.163179801800766],[88.36150468736103,27.163277018605108],[88.36142834942646,27.16321657734523],[88.36150960347092,27.163135341347278],[88.36153873222092,27.163158404322914],[88.36155471732461,27.163142424022624],[88.36160192580765,27.163179801800766]]]}},{"type":"Feature","properties":{"source":"Microsoft Global ML Building Footprints"},"geometry":{"type":"Polygon","coordinates":[[[88.36363177034958,27.16859494507566],[88.36366234651922,27.16859403502218],[88.36366431842406,27.16864647430947],[88.36363373813371,27.168647384485176],[88.36363177034958,27.16859494507566]]]}},{"type":"Feature","properties":{"source":"Microsoft Global ML Building Footprints"},"geometry":{"type":"Polygon","coordinates":[[[88.3666663289782,27.165084745516396],[88.36655916949435,27.1650880551649],[88.3665527142674,27.16492228014087],[88.36665987401076,27.164918977152162],[88.3666663289782,27.165084745516396]]]}},{"type":"Feature","properties":{"source":"Microsoft Global ML Building Footprints"},"geometry":{"type":"Polygon","coordinates":[[[88.36780379725737,27.161842371144623],[88.36781603891653,27.161825567344167],[88.36777071107046,27.16179942453961],[88.36782090187302,27.16173052891517],[88.36794838665558,27.161804055707037],[88.3678859494471,27.161889752341715],[88.36780379725737,27.161842371144623]]]}},{"type":"Feature","properties":{"source":"Microsoft Global ML Building Footprints"},"geometry":{"type":"Polygon","coordinates":[[[88.36808276454612,27.160795195596357],[88.36825766278857,27.160858505538748],[88.3682136581364,27.16095473919632],[88.36803875989399,27.160891429308478],[88.36808276454612,27.160795195596357]]]}},{"type":"Feature","properties":{"source":"Microsoft Global ML Building Footprints"},"geometry":{"type":"Polygon","coordinates":[[[88.35688330033175,27.16850699904718],[88.35691968269158,27.16850841266409],[88.35691447795814,27.168614438779905],[88.35681542484899,27.168610596296283],[88.3568192831266,27.168531998965626],[88.3568819559188,27.16853443018006],[88.35688330033175,27.16850699904718]]]}},{"type":"Feature","properties":{"source":"Microsoft Global ML Building Footprints"},"geometry":{"type":"Polygon","coordinates":[[[88.36104994728316,27.16578246857169],[88.36117213014731,27.165537101190516],[88.36131027380402,27.165591543152495],[88.36129835509884,27.165615482066052],[88.36139115570924,27.16565205445947],[88.36133691945822,27.165760971543705],[88.36126456714928,27.16573245327742],[88.36125957972057,27.16572810110698],[88.36119474314698,27.165702545223297],[88.36125991150605,27.16575941296405],[88.36125461044627,27.165770058531628],[88.36129449172171,27.165785775581405],[88.36134236662335,27.165827549556013],[88.36138408996376,27.16584399514565],[88.36136473544994,27.16588286277033],[88.36140026134345,27.16591386140435],[88.36138106102995,27.165952419340734],[88.36134609950807,27.165984132335254],[88.36131243815603,27.165970864459887],[88.36122975639915,27.165898719316374],[88.36123812323723,27.165881914428923],[88.36119637585071,27.1658654593669],[88.36122598927635,27.165805989839114],[88.36116581530582,27.16586057267765],[88.36115983114586,27.165858213973472],[88.36109203910704,27.165799056787776],[88.36104994728316,27.16578246857169]]]}},{"type":"Feature","properties":{"source":"Microsoft Global ML Building Footprints"},"geometry":{"type":"Polygon","coordinates":[[[88.36125918874812,27.16440753809914],[88.36126165066474,27.164408193308475],[88.36129184463854,27.164318388201302],[88.36144448346933,27.164359011205725],[88.36143608922094,27.164383977986354],[88.3614902524275,27.164398389498373],[88.36148097111383,27.164425994642734],[88.36138003253218,27.164399131060783],[88.361346597659,27.164498575409837],[88.36143030443279,27.164520847722926],[88.36141734207915,27.164559401234335],[88.36128932241463,27.164525330389537],[88.361280485154,27.16455161476992],[88.36121647532173,27.16453457934763],[88.36125918874812,27.16440753809914]]]}},{"type":"Feature","properties":{"source":"Microsoft Global ML Building Footprints"},"geometry":{"type":"Polygon","coordinates":[[[88.36218651409084,27.161702713354593],[88.36214540622572,27.161754950178754],[88.36210581069183,27.161730281500247],[88.36214691725495,27.161678046319075],[88.36218651409084,27.161702713354593]]]}},{"type":"Feature","properties":{"source":"Microsoft Global ML Building Footprints"},"geometry":{"type":"Polygon","coordinates":[[[88.36794151520525,27.166892300887582],[88.367883396862,27.16698172060704],[88.36781779360737,27.16694797476383],[88.3678759066786,27.16685855230547],[88.36794151520525,27.166892300887582]]]}},{"type":"Feature","properties":{"source":"Microsoft Global ML Building Footprints"},"geometry":{"type":"Polygon","coordinates":[[[88.36846161533657,27.171750874649646],[88.36843626226877,27.171725937100874],[88.36838610152913,27.171766298940412],[88.36834607036943,27.17172692386628],[88.36843016337406,27.171659258397277],[88.36849554760161,27.17172357105015],[88.36846161533657,27.171750874649646]]]}},{"type":"Feature","properties":{"source":"Microsoft Global ML Building Footprints"},"geometry":{"type":"Polygon","coordinates":[[[88.35497281599744,27.164846718400774],[88.35499680018596,27.16475993024757],[88.35494368475119,27.164748311220414],[88.35498846027248,27.164586288247186],[88.35508857559898,27.16460818855424],[88.35509541446734,27.164583434626906],[88.35517235242635,27.164600264867268],[88.3550967540231,27.1648738221608],[88.35497281599744,27.164846718400774]]]}},{"type":"Feature","properties":{"source":"Microsoft Global ML Building Footprints"},"geometry":{"type":"Polygon","coordinates":[[[88.35648227469252,27.16834419268981],[88.3565540155449,27.168317019456815],[88.35660815114275,27.168430146073938],[88.3565364178241,27.168457316425844],[88.35648227469252,27.16834419268981]]]}},{"type":"Feature","properties":{"source":"Microsoft Global ML Building Footprints"},"geometry":{"type":"Polygon","coordinates":[[[88.35953306264103,27.16277212725516],[88.3596151855061,27.162810357923945],[88.35951872243757,27.162974383956552],[88.35943660193341,27.162936149329354],[88.35953306264103,27.16277212725516]]]}},{"type":"Feature","properties":{"source":"Microsoft Global ML Building Footprints"},"geometry":{"type":"Polygon","coordinates":[[[88.35974471549439,27.167695427831546],[88.35982425075113,27.167630803438257],[88.3599244212035,27.167728384330147],[88.35984488176115,27.167793012067833],[88.35974471549439,27.167695427831546]]]}},{"type":"Feature","properties":{"source":"Microsoft Global ML Building Footprints"},"geometry":{"type":"Polygon","coordinates":[[[88.36242066376397,27.167989777557025],[88.3624994523796,27.167923042107958],[88.36257178471028,27.16799063469388],[88.36249299609464,27.16805737010256],[88.36242066376397,27.167989777557025]]]}},{"type":"Feature","properties":{"source":"Microsoft Global ML Building Footprints"},"geometry":{"type":"Polygon","coordinates":[[[88.36308559112874,27.162508599810558],[88.36319002680851,27.16256031991457],[88.3631375948483,27.162644128254975],[88.36303315916848,27.162592408189767],[88.36308559112874,27.162508599810558]]]}},{"type":"Feature","properties":{"source":"Microsoft Global ML Building Footprints"},"geometry":{"type":"Polygon","coordinates":[[[88.36403195757234,27.165481772146883],[88.36396875685573,27.165615650093983],[88.36388439859711,27.165584122474307],[88.36398626803063,27.165368332524203],[88.36409888762688,27.16541041545691],[88.36406021061836,27.16549233130501],[88.36403195757234,27.165481772146883]]]}},{"type":"Feature","properties":{"source":"Microsoft Global ML Building Footprints"},"geometry":{"type":"Polygon","coordinates":[[[88.3642536266157,27.165001597301192],[88.36420887977376,27.165135311473676],[88.36419902454968,27.165132700915443],[88.3641175999684,27.16537601646352],[88.36400575248116,27.16534638915281],[88.3641318966595,27.164969352112152],[88.3642536266157,27.165001597301192]]]}},{"type":"Feature","properties":{"source":"Microsoft Global ML Building Footprints"},"geometry":{"type":"Polygon","coordinates":[[[88.36641055586858,27.165410105241136],[88.36625165631136,27.165463228451443],[88.36620662122877,27.16535658120064],[88.36636551343453,27.165303460397354],[88.36641055586858,27.165410105241136]]]}},{"type":"Feature","properties":{"source":"Microsoft Global ML Building Footprints"},"geometry":{"type":"Polygon","coordinates":[[[88.3676263465227,27.162945490863635],[88.36746494387725,27.163082559779802],[88.36738590439904,27.16300888585912],[88.36747086268889,27.16293673620524],[88.36745344654244,27.162920503518905],[88.36752989156624,27.162855583589305],[88.3676263465227,27.162945490863635]]]}},{"type":"Feature","properties":{"source":"Microsoft Global ML Building Footprints"},"geometry":{"type":"Polygon","coordinates":[[[88.35379493325566,27.17217805573786],[88.35392069349828,27.172172558779053],[88.35393357709891,27.17240584258296],[88.35392554984941,27.17240619345194],[88.35394079982568,27.172682324670483],[88.3538230668326,27.172687470736108],[88.35379493325566,27.17217805573786]]]}},{"type":"Feature","properties":{"source":"Microsoft Global ML Building Footprints"},"geometry":{"type":"Polygon","coordinates":[[[88.35448229093436,27.161922093376866],[88.35460025970039,27.161924223707054],[88.35460131302418,27.16187789086832],[88.35469515194814,27.16187957960885],[88.35469133275417,27.16204757543194],[88.35447952519696,27.1620437505251],[88.35448229093436,27.161922093376866]]]}},{"type":"Feature","properties":{"source":"Microsoft Global ML Building Footprints"},"geometry":{"type":"Polygon","coordinates":[[[88.36293497787095,27.17105240241481],[88.36282460604471,27.171038286628672],[88.36283442830148,27.170977501089226],[88.3629448001277,27.17099161688305],[88.36293497787095,27.17105240241481]]]}},{"type":"Feature","properties":{"source":"Microsoft Global ML Building Footprints"},"geometry":{"type":"Polygon","coordinates":[[[88.36315110124833,27.160073367177972],[88.36322915538665,27.160155311611753],[88.36311832331957,27.160238883903453],[88.3630402691813,27.160156939531014],[88.36315110124833,27.160073367177972]]]}},{"type":"Feature","properties":{"source":"Microsoft Global ML Building Footprints"},"geometry":{"type":"Polygon","coordinates":[[[88.36399452574135,27.164045903136447],[88.36399558869007,27.164020599227335],[88.36408397789275,27.16402354383014],[88.36408027401355,27.164111716093295],[88.36384304989164,27.164103813201812],[88.36384569537128,27.16404095426173],[88.36399452574135,27.164045903136447]]]}},{"type":"Feature","properties":{"source":"Microsoft Global ML Building Footprints"},"geometry":{"type":"Polygon","coordinates":[[[88.36703877158659,27.16706809194693],[88.36702680929652,27.167129580581715],[88.36692360110808,27.167113694225797],[88.36693555991499,27.167052198619395],[88.36703877158659,27.16706809194693]]]}},{"type":"Feature","properties":{"source":"Microsoft Global ML Building Footprints"},"geometry":{"type":"Polygon","coordinates":[[[88.35467130717554,27.172825395057245],[88.3547140296536,27.172822841373275],[88.35471672073916,27.172858473239593],[88.35467399826109,27.17286102692273],[88.35467130717554,27.172825395057245]]]}},{"type":"Feature","properties":{"source":"Microsoft Global ML Building Footprints"},"geometry":{"type":"Polygon","coordinates":[[[88.3554911314054,27.161098502327462],[88.355487230041,27.161217722824702],[88.35536663286597,27.161214598795375],[88.35537053423032,27.161095378294796],[88.3554911314054,27.161098502327462]]]}},{"type":"Feature","properties":{"source":"Microsoft Global ML Building Footprints"},"geometry":{"type":"Polygon","coordinates":[[[88.35845870258763,27.167504341729426],[88.35850462263328,27.167290210536308],[88.35860296678733,27.1673069035742],[88.3585570467417,27.167521034735294],[88.35845870258763,27.167504341729426]]]}},{"type":"Feature","properties":{"source":"Microsoft Global ML Building Footprints"},"geometry":{"type":"Polygon","coordinates":[[[88.35916586298167,27.170012675559214],[88.35908144141541,27.17001625003806],[88.3590751914107,27.169899588754895],[88.35915962213387,27.16989601388461],[88.35916586298167,27.170012675559214]]]}},{"type":"Feature","properties":{"source":"Microsoft Global ML Building Footprints"},"geometry":{"type":"Polygon","coordinates":[[[88.36063982835239,27.165432979727292],[88.36070687752712,27.165383780928273],[88.36077928631404,27.165461898107353],[88.36071223713935,27.16551109687196],[88.36063982835239,27.165432979727292]]]}},{"type":"Feature","properties":{"source":"Microsoft Global ML Building Footprints"},"geometry":{"type":"Polygon","coordinates":[[[88.36790166710567,27.166720152118366],[88.36809888422295,27.166779711400906],[88.36808173989971,27.16682464636507],[88.36788452278248,27.166765087106484],[88.36790166710567,27.166720152118366]]]}},{"type":"Feature","properties":{"source":"Microsoft Global ML Building Footprints"},"geometry":{"type":"Polygon","coordinates":[[[88.35515123109074,27.15880860371675],[88.35527803770239,27.158822556871755],[88.35525876166412,27.15896123813493],[88.35513195505246,27.158947284997225],[88.35515123109074,27.15880860371675]]]}},{"type":"Feature","properties":{"source":"Microsoft Global ML Building Footprints"},"geometry":{"type":"Polygon","coordinates":[[[88.35681764759022,27.16779893730589],[88.35681630521073,27.16783946902661],[88.35690742121007,27.167841857583603],[88.35690339407165,27.167963452654888],[88.35683907689567,27.167961766616493],[88.35684041927512,27.167921234940167],[88.35680826068712,27.16792039192066],[88.35681027576803,27.167859548734256],[88.35663072402167,27.167854830702176],[88.35663273570925,27.167794089938297],[88.35681764759022,27.16779893730589]]]}},{"type":"Feature","properties":{"source":"Microsoft Global ML Building Footprints"},"geometry":{"type":"Polygon","coordinates":[[[88.35782903055012,27.15933452942896],[88.35795776641184,27.15933351131777],[88.35795887467373,27.159444447524123],[88.35783013889214,27.159445473650308],[88.35782903055012,27.15933452942896]]]}},{"type":"Feature","properties":{"source":"Microsoft Global ML Building Footprints"},"geometry":{"type":"Polygon","coordinates":[[[88.36027628893338,27.16924959852362],[88.36034738261029,27.169144479691937],[88.36043009175522,27.169188754243272],[88.36035899807827,27.16929387303327],[88.36027628893338,27.16924959852362]]]}},{"type":"Feature","properties":{"source":"Microsoft Global ML Building Footprints"},"geometry":{"type":"Polygon","coordinates":[[[88.36062697313797,27.165417328878497],[88.3605694400982,27.165472136677288],[88.3605937948212,27.165492373264428],[88.36043189952323,27.165646599688714],[88.36032158695423,27.165554939950084],[88.36054636720269,27.165340807160803],[88.36058648086416,27.165374138047497],[88.36058112895348,27.16537923645049],[88.36062697313797,27.165417328878497]]]}},{"type":"Feature","properties":{"source":"Microsoft Global ML Building Footprints"},"geometry":{"type":"Polygon","coordinates":[[[88.36088807137469,27.159880495469984],[88.36088513702364,27.15977078045129],[88.36096823844619,27.159769020998446],[88.36097117279726,27.159878736018854],[88.36088807137469,27.159880495469984]]]}},{"type":"Feature","properties":{"source":"Microsoft Global ML Building Footprints"},"geometry":{"type":"Polygon","coordinates":[[[88.36303778995,27.16362179123992],[88.36308604893046,27.16362268374332],[88.36308103035357,27.16383821318854],[88.36295888273403,27.163835961796316],[88.36296205935577,27.163699996946868],[88.36303593723378,27.16370135864579],[88.36303778995,27.16362179123992]]]}},{"type":"Feature","properties":{"source":"Microsoft Global ML Building Footprints"},"geometry":{"type":"Polygon","coordinates":[[[88.36372104291073,27.16579803322532],[88.3638702272046,27.165849552493285],[88.36386117922623,27.16587029117494],[88.36394276438699,27.165898465759312],[88.36390657247355,27.16598142042651],[88.36395552357001,27.165998325161162],[88.36394104680463,27.166031507005748],[88.36371493935923,27.16595342323322],[88.3637276065289,27.165924389099438],[88.3636739934233,27.16590587437767],[88.36372104291073,27.16579803322532]]]}},{"type":"Feature","properties":{"source":"Microsoft Global ML Building Footprints"},"geometry":{"type":"Polygon","coordinates":[[[88.36792467723268,27.164980466720436],[88.36786394495127,27.16504499047725],[88.36777723215485,27.164980385531663],[88.36783796443625,27.164915861737498],[88.36792467723268,27.164980466720436]]]}},{"type":"Feature","properties":{"source":"Microsoft Global ML Building Footprints"},"geometry":{"type":"Polygon","coordinates":[[[88.36804343162447,27.165308067564126],[88.36810837268685,27.165199144638457],[88.36821177648784,27.16524794437307],[88.3681468257427,27.16535686911972],[88.36804343162447,27.165308067564126]]]}},{"type":"Feature","properties":{"source":"Microsoft Global ML Building Footprints"},"geometry":{"type":"Polygon","coordinates":[[[88.35354053857398,27.158942091211365],[88.35354555969255,27.15892500104588],[88.35362727344582,27.158805144150328],[88.35368984807147,27.1588389164787],[88.35370072436561,27.15884144615775],[88.3537593039197,27.158873058636892],[88.3537544061382,27.158889729013005],[88.35379604595515,27.15889941386709],[88.35378656225589,27.15893168449177],[88.35385616302875,27.15896924887874],[88.35398828589248,27.158999987059495],[88.35401774782066,27.159015888013705],[88.35400343961899,27.159064588178083],[88.35396229811104,27.159055019238018],[88.35393857109621,27.159089825731485],[88.35392865667784,27.159123561926286],[88.35381422463252,27.15909694664304],[88.35382959430441,27.15904463361578],[88.35377379314896,27.159014520547004],[88.35369312485496,27.15899575319608],[88.35367882598958,27.15901672659877],[88.35354053857398,27.158942091211365]]]}},{"type":"Feature","properties":{"source":"Microsoft Global ML Building Footprints"},"geometry":{"type":"Polygon","coordinates":[[[88.35465294564224,27.165004000512532],[88.3547178038514,27.1650297629772],[88.35463736147544,27.16519009222303],[88.35457250157663,27.165164333162956],[88.35465294564224,27.165004000512532]]]}},{"type":"Feature","properties":{"source":"Microsoft Global ML Building Footprints"},"geometry":{"type":"Polygon","coordinates":[[[88.35592979095176,27.159333512481055],[88.35585738217071,27.159332723400667],[88.35585830188326,27.159265912237053],[88.35593071066431,27.159266701317904],[88.35592979095176,27.159333512481055]]]}},{"type":"Feature","properties":{"source":"Microsoft Global ML Building Footprints"},"geometry":{"type":"Polygon","coordinates":[[[88.35656654183427,27.15898921760658],[88.35651243814625,27.158998974660506],[88.35649363904042,27.15891645167401],[88.35660184641648,27.158896937550892],[88.3566263896935,27.159004675901045],[88.35657228600549,27.159014432953626],[88.35656654183427,27.15898921760658]]]}},{"type":"Feature","properties":{"source":"Microsoft Global ML Building Footprints"},"geometry":{"type":"Polygon","coordinates":[[[88.357369867011,27.16993136238856],[88.35734639319887,27.169960604365905],[88.35730376298527,27.169933518755116],[88.35732723820844,27.169904275012847],[88.357369867011,27.16993136238856]]]}},{"type":"Feature","properties":{"source":"Microsoft Global ML Building Footprints"},"geometry":{"type":"Polygon","coordinates":[[[88.3577540367625,27.16937594496197],[88.3578524640702,27.169363522082385],[88.35786533602355,27.1694442032504],[88.35776690345197,27.169456632914397],[88.3577540367625,27.16937594496197]]]}},{"type":"Feature","properties":{"source":"Microsoft Global ML Building Footprints"},"geometry":{"type":"Polygon","coordinates":[[[88.3624449949386,27.168305102400637],[88.3624169048637,27.16825570150816],[88.36246816079023,27.168232632998787],[88.36248544699015,27.168263033556897],[88.36254524557107,27.16823612029728],[88.3626133099833,27.168355822443154],[88.3624424568949,27.168432717370948],[88.36238519635768,27.168332015643635],[88.3624449949386,27.168305102400637]]]}},{"type":"Feature","properties":{"source":"Microsoft Global ML Building Footprints"},"geometry":{"type":"Polygon","coordinates":[[[88.36272119768891,27.167570713727393],[88.36274086400948,27.167586607399002],[88.36269280627121,27.167633675290602],[88.36267313792203,27.167617779986237],[88.36272119768891,27.167570713727393]]]}},{"type":"Feature","properties":{"source":"Microsoft Global ML Building Footprints"},"geometry":{"type":"Polygon","coordinates":[[[88.36845135355124,27.1662291698145],[88.36835714778844,27.166209794390284],[88.36839453665432,27.16606594413733],[88.36848874096984,27.16608532515479],[88.36845135355124,27.1662291698145]]]}},{"type":"Feature","properties":{"source":"Microsoft Global ML Building Footprints"},"geometry":{"type":"Polygon","coordinates":[[[88.3545450042716,27.165743772833302],[88.35447560521638,27.165728851171508],[88.35451723996243,27.165575532375975],[88.35458665041314,27.165590456508426],[88.3545450042716,27.165743772833302]]]}},{"type":"Feature","properties":{"source":"Microsoft Global ML Building Footprints"},"geometry":{"type":"Polygon","coordinates":[[[88.35458322530086,27.161139490348702],[88.35458052978194,27.161177522013112],[88.35452442649031,27.16117437427986],[88.35452712200922,27.16113634261434],[88.35458322530086,27.161139490348702]]]}},{"type":"Feature","properties":{"source":"Microsoft Global ML Building Footprints"},"geometry":{"type":"Polygon","coordinates":[[[88.35869336275461,27.162972766598315],[88.35877351714318,27.16306010914513],[88.35867534759883,27.16313142335474],[88.35859519321028,27.16304408086372],[88.35869336275461,27.162972766598315]]]}},{"type":"Feature","properties":{"source":"Microsoft Global ML Building Footprints"},"geometry":{"type":"Polygon","coordinates":[[[88.35877701847376,27.16306952044367],[88.3588586351116,27.163147272668837],[88.35883141512706,27.16316989050165],[88.35896387491631,27.163296078398453],[88.35882347710127,27.163412738594666],[88.35870172113336,27.16329674782611],[88.35868452956414,27.163311032754542],[88.35859220910496,27.1632230836412],[88.35877701847376,27.16306952044367]]]}},{"type":"Feature","properties":{"source":"Microsoft Global ML Building Footprints"},"geometry":{"type":"Polygon","coordinates":[[[88.35890587288722,27.16354063031352],[88.35884650840337,27.16345150197955],[88.35896074397537,27.16339127279545],[88.35901603782959,27.163474279832542],[88.35898517172835,27.163490553564486],[88.35902218176099,27.163546119479932],[88.35896660059812,27.16357542733234],[88.35893366346865,27.163525976383703],[88.35890587288722,27.16354063031352]]]}},{"type":"Feature","properties":{"source":"Microsoft Global ML Building Footprints"},"geometry":{"type":"Polygon","coordinates":[[[88.36482307323855,27.171130698596535],[88.36489423546207,27.171160758069384],[88.36479965335329,27.171337951506338],[88.36472850250519,27.171307896886255],[88.36482307323855,27.171130698596535]]]}},{"type":"Feature","properties":{"source":"Microsoft Global ML Building Footprints"},"geometry":{"type":"Polygon","coordinates":[[[88.36555677493403,27.16674632545105],[88.36556081923209,27.1668774738051],[88.36544021061009,27.166880417732074],[88.3654369016389,27.166773114547603],[88.36530825244209,27.166776254739297],[88.36531398799208,27.166962246854936],[88.36521482090286,27.1669646674153],[88.36521312965093,27.16690982361971],[88.36514880505251,27.166911393713676],[88.36514402542754,27.166756400234895],[88.36555677493403,27.16674632545105]]]}},{"type":"Feature","properties":{"source":"Microsoft Global ML Building Footprints"},"geometry":{"type":"Polygon","coordinates":[[[88.36721132437306,27.16684599154287],[88.367206750815,27.16699621873829],[88.36708345965084,27.166993247721685],[88.36708665388184,27.166888327159263],[88.36712953776505,27.166889360557313],[88.36713033632279,27.166863130401545],[88.36715981899249,27.166863840862874],[88.36716039976177,27.166844764382212],[88.36721132437306,27.16684599154287]]]}},{"type":"Feature","properties":{"source":"Microsoft Global ML Building Footprints"},"geometry":{"type":"Polygon","coordinates":[[[88.36761343303198,27.161481295090674],[88.36765627317934,27.16151071965332],[88.36760956633387,27.161564550510235],[88.36756672353327,27.161535124139434],[88.36761343303198,27.161481295090674]]]}},{"type":"Feature","properties":{"source":"Microsoft Global ML Building Footprints"},"geometry":{"type":"Polygon","coordinates":[[[88.35842903638178,27.166236536229952],[88.35845430944207,27.16621097597686],[88.35850874434449,27.16625357928283],[88.35848347128416,27.166279139526175],[88.35842903638178,27.166236536229952]]]}},{"type":"Feature","properties":{"source":"Microsoft Global ML Building Footprints"},"geometry":{"type":"Polygon","coordinates":[[[88.35916015790401,27.16724785346645],[88.35918441992989,27.16732135484719],[88.3591588008962,27.167328048437085],[88.35917876914101,27.167388556264108],[88.35908092814019,27.16741411347344],[88.3590366930026,27.16728010397683],[88.35916015790401,27.16724785346645]]]}},{"type":"Feature","properties":{"source":"Microsoft Global ML Building Footprints"},"geometry":{"type":"Polygon","coordinates":[[[88.36465348876517,27.16684402392726],[88.3646557359317,27.166792554657277],[88.36471733363052,27.166794687222],[88.36471508663118,27.16684615266123],[88.36465348876517,27.16684402392726]]]}},{"type":"Feature","properties":{"source":"Microsoft Global ML Building Footprints"},"geometry":{"type":"Polygon","coordinates":[[[88.36797025197882,27.165643533524026],[88.36798234821119,27.165616851925037],[88.36802848629846,27.16563340869802],[88.36801639006609,27.165660090293038],[88.36797025197882,27.165643533524026]]]}},{"type":"Feature","properties":{"source":"Microsoft Global ML Building Footprints"},"geometry":{"type":"Polygon","coordinates":[[[88.35668432454553,27.1689676190435],[88.35670306556871,27.168968333209556],[88.35670002419963,27.169031400749653],[88.35663576945566,27.169028948188107],[88.3566407633217,27.168925392550406],[88.35668627723514,27.168927126954323],[88.35668432454553,27.1689676190435]]]}},{"type":"Feature","properties":{"source":"Microsoft Global ML Building Footprints"},"geometry":{"type":"Polygon","coordinates":[[[88.35774421660098,27.158712020494846],[88.3578695219711,27.158760110644906],[88.35781489633268,27.158872789184407],[88.3576895834897,27.158824696214907],[88.35774421660098,27.158712020494846]]]}},{"type":"Feature","properties":{"source":"Microsoft Global ML Building Footprints"},"geometry":{"type":"Polygon","coordinates":[[[88.35887484529624,27.159039706823798],[88.35882776098207,27.15893057892015],[88.35890393710149,27.15890456475661],[88.35895101215034,27.159013691106722],[88.35887484529624,27.159039706823798]]]}},{"type":"Feature","properties":{"source":"Microsoft Global ML Building Footprints"},"geometry":{"type":"Polygon","coordinates":[[[88.35958401960823,27.163800639613854],[88.3595534100266,27.16389542939394],[88.3594394362209,27.16386629590589],[88.35947004580252,27.16377150610107],[88.35958401960823,27.163800639613854]]]}},{"type":"Feature","properties":{"source":"Microsoft Global ML Building Footprints"},"geometry":{"type":"Polygon","coordinates":[[[88.36028737614693,27.165650413753355],[88.36043966851268,27.165817102491857],[88.36034276020395,27.165887178934163],[88.36019046783822,27.16572049030028],[88.36028737614693,27.165650413753355]]]}},{"type":"Feature","properties":{"source":"Microsoft Global ML Building Footprints"},"geometry":{"type":"Polygon","coordinates":[[[88.3632926820326,27.165652238181764],[88.36320989514317,27.16580729600389],[88.36281074388086,27.16563863352861],[88.3628935316435,27.165483550986764],[88.3632926820326,27.165652238181764]]]}},{"type":"Feature","properties":{"source":"Microsoft Global ML Building Footprints"},"geometry":{"type":"Polygon","coordinates":[[[88.36388036555816,27.163778206154902],[88.36405727014291,27.163782326042387],[88.3640527798436,27.1639349493732],[88.36387587525891,27.163930829491363],[88.36388036555816,27.163778206154902]]]}},{"type":"Feature","properties":{"source":"Microsoft Global ML Building Footprints"},"geometry":{"type":"Polygon","coordinates":[[[88.36486509288412,27.171750458320084],[88.36491757330421,27.171647560061942],[88.36499987164947,27.171680780940903],[88.36494739122938,27.171783679168428],[88.36486509288412,27.171750458320084]]]}},{"type":"Feature","properties":{"source":"Microsoft Global ML Building Footprints"},"geometry":{"type":"Polygon","coordinates":[[[88.36505081126728,27.169240410644036],[88.36515893501858,27.169279593621795],[88.36510645876561,27.16939420711899],[88.36506274916403,27.169378367209738],[88.36507867945511,27.169343573834176],[88.36501426530538,27.169320230798633],[88.36505081126728,27.169240410644036]]]}},{"type":"Feature","properties":{"source":"Microsoft Global ML Building Footprints"},"geometry":{"type":"Polygon","coordinates":[[[88.36694737451329,27.16148403235202],[88.36701358904358,27.161515001880893],[88.36696387163936,27.16159913733835],[88.36689766229446,27.161568170258086],[88.36694737451329,27.16148403235202]]]}},{"type":"Feature","properties":{"source":"Microsoft Global ML Building Footprints"},"geometry":{"type":"Polygon","coordinates":[[[88.36869302933242,27.165858973452572],[88.368736193719,27.165750919029627],[88.3688266872926,27.16577953295093],[88.36878352290601,27.165887587346184],[88.36869302933242,27.165858973452572]]]}},{"type":"Feature","properties":{"source":"Microsoft Global ML Building Footprints"},"geometry":{"type":"Polygon","coordinates":[[[88.36941167733957,27.16799040953842],[88.36953256076828,27.16797494896754],[88.36954578303703,27.168056777848484],[88.36942489960832,27.16807223840803],[88.36941167733957,27.16799040953842]]]}},{"type":"Feature","properties":{"source":"Microsoft Global ML Building Footprints"},"geometry":{"type":"Polygon","coordinates":[[[88.35356972498715,27.166996584988702],[88.3535724893036,27.167073814138035],[88.35346263014196,27.167076926639204],[88.35345986607007,27.16699970432576],[88.35356972498715,27.166996584988702]]]}},{"type":"Feature","properties":{"source":"Microsoft Global ML Building Footprints"},"geometry":{"type":"Polygon","coordinates":[[[88.3556496862425,27.1648015687107],[88.35569089952504,27.164729554546703],[88.35575054123481,27.164756568882922],[88.3557717403099,27.164719526600685],[88.35583049887904,27.164746144585195],[88.3557680949973,27.16485520116826],[88.3556496862425,27.1648015687107]]]}},{"type":"Feature","properties":{"source":"Microsoft Global ML Building Footprints"},"geometry":{"type":"Polygon","coordinates":[[[88.35798333181516,27.15927963065046],[88.35803598715796,27.159273210468868],[88.35806340714761,27.159451238885147],[88.35801075180484,27.15945765905648],[88.35798333181516,27.15927963065046]]]}},{"type":"Feature","properties":{"source":"Microsoft Global ML Building Footprints"},"geometry":{"type":"Polygon","coordinates":[[[88.35962987031459,27.166459249051158],[88.35965452538618,27.16640629020233],[88.35972862161505,27.16643359477993],[88.35970396298751,27.1664865523054],[88.35962987031459,27.166459249051158]]]}},{"type":"Feature","properties":{"source":"Microsoft Global ML Building Footprints"},"geometry":{"type":"Polygon","coordinates":[[[88.36146250369632,27.168383764669258],[88.36143407856216,27.1683007959923],[88.36150279493694,27.168282157738275],[88.3615312200711,27.168365126429087],[88.36146250369632,27.168383764669258]]]}},{"type":"Feature","properties":{"source":"Microsoft Global ML Building Footprints"},"geometry":{"type":"Polygon","coordinates":[[[88.36170480701524,27.16908593879402],[88.36174724855022,27.169020298708567],[88.36183391064971,27.16906464420667],[88.3617914664932,27.169130288320538],[88.36170480701524,27.16908593879402]]]}},{"type":"Feature","properties":{"source":"Microsoft Global ML Building Footprints"},"geometry":{"type":"Polygon","coordinates":[[[88.36189083387947,27.165058697461987],[88.36195671578488,27.16506083890411],[88.36195329062825,27.165144249714125],[88.36180328713974,27.165139373966376],[88.36180837594392,27.165015449306445],[88.36189250070979,27.1650181837202],[88.36189083387947,27.165058697461987]]]}},{"type":"Feature","properties":{"source":"Microsoft Global ML Building Footprints"},"geometry":{"type":"Polygon","coordinates":[[[88.36245310459539,27.165174953716765],[88.3625324670169,27.165173639201022],[88.3625359743694,27.165340625160198],[88.36261641265565,27.16533929282639],[88.3626181663319,27.165422785713318],[88.36237522625596,27.1654268096308],[88.36237344789623,27.16534182325882],[88.36245656745871,27.16534044133818],[88.36245310459539,27.165174953716765]]]}},{"type":"Feature","properties":{"source":"Microsoft Global ML Building Footprints"},"geometry":{"type":"Polygon","coordinates":[[[88.36275437191331,27.161853261839305],[88.36287398398268,27.161891992992743],[88.36282916030956,27.162001572357035],[88.36277585695494,27.16198431240833],[88.36276754911157,27.16200461848105],[88.36270123427714,27.16198314120718],[88.36275437191331,27.161853261839305]]]}},{"type":"Feature","properties":{"source":"Microsoft Global ML Building Footprints"},"geometry":{"type":"Polygon","coordinates":[[[88.36450709196113,27.168316587381888],[88.36459960649793,27.16835887010746],[88.3645396395472,27.168462708098325],[88.36437710023807,27.168388421398816],[88.36443706072569,27.16828458038497],[88.36450709196113,27.168316587381888]]]}},{"type":"Feature","properties":{"source":"Microsoft Global ML Building Footprints"},"geometry":{"type":"Polygon","coordinates":[[[88.36549703690288,27.171920515105633],[88.36551184975602,27.17190864945581],[88.36546916949717,27.171866479488656],[88.36556545304266,27.1717893527048],[88.36565481483464,27.171877646116236],[88.365543718436,27.171966638484044],[88.36549703690288,27.171920515105633]]]}},{"type":"Feature","properties":{"source":"Microsoft Global ML Building Footprints"},"geometry":{"type":"Polygon","coordinates":[[[88.36650410920346,27.168587781998042],[88.36636085376608,27.168528410158224],[88.36637625412662,27.168498998689657],[88.36644237202083,27.168526401088393],[88.36646290583491,27.168487185794547],[88.36654004337814,27.16851915526245],[88.36650410920346,27.168587781998042]]]}},{"type":"Feature","properties":{"source":"Microsoft Global ML Building Footprints"},"geometry":{"type":"Polygon","coordinates":[[[88.36665101540024,27.166892147669493],[88.36661078843167,27.16692856898009],[88.36656848631695,27.166891586870953],[88.3666087132855,27.16685516554829],[88.36665101540024,27.166892147669493]]]}},{"type":"Feature","properties":{"source":"Microsoft Global ML Building Footprints"},"geometry":{"type":"Polygon","coordinates":[[[88.35504602159384,27.16426742760931],[88.35530306602078,27.164163645099507],[88.3553278564201,27.16421223986641],[88.35507081559304,27.1643160368833],[88.35504602159384,27.16426742760931]]]}},{"type":"Feature","properties":{"source":"Microsoft Global ML Building Footprints"},"geometry":{"type":"Polygon","coordinates":[[[88.35790900949905,27.16499564573561],[88.35797098209432,27.16500649711419],[88.35797937312314,27.16496856450219],[88.35810073773163,27.164989807847327],[88.35807252540036,27.165117344863617],[88.35788918980602,27.16508524289747],[88.35790900949905,27.16499564573561]]]}},{"type":"Feature","properties":{"source":"Microsoft Global ML Building Footprints"},"geometry":{"type":"Polygon","coordinates":[[[88.35835234594074,27.16489836585255],[88.35823742146492,27.16486290684516],[88.35825362800684,27.16482132917836],[88.35836855497266,27.164856781810855],[88.35835234594074,27.16489836585255]]]}},{"type":"Feature","properties":{"source":"Microsoft Global ML Building Footprints"},"geometry":{"type":"Polygon","coordinates":[[[88.35846326863037,27.163849413733416],[88.3586022355031,27.16381873750391],[88.3586680592639,27.1640547762998],[88.35852909239121,27.16408545246447],[88.35846326863037,27.163849413733416]]]}},{"type":"Feature","properties":{"source":"Microsoft Global ML Building Footprints"},"geometry":{"type":"Polygon","coordinates":[[[88.35976520983297,27.168722536398924],[88.35984557510201,27.16860305485038],[88.35995896792483,27.168663422944924],[88.3598786095771,27.168782908113613],[88.35976520983297,27.168722536398924]]]}},{"type":"Feature","properties":{"source":"Microsoft Global ML Building Footprints"},"geometry":{"type":"Polygon","coordinates":[[[88.36583936580234,27.16822863775066],[88.365798891689,27.168177763540633],[88.36592398003197,27.168098994680996],[88.36598469120193,27.168175306041178],[88.36594359074641,27.168201187226366],[88.36596888706725,27.16823298360368],[88.36592599963537,27.168259990043673],[88.36588046625786,27.16820275657185],[88.36583936580234,27.16822863775066]]]}},{"type":"Feature","properties":{"source":"Microsoft Global ML Building Footprints"},"geometry":{"type":"Polygon","coordinates":[[[88.36817802359084,27.16629593767052],[88.36815992535534,27.166388592294425],[88.368068800047,27.166374503290974],[88.36808689828256,27.166281848655366],[88.36817802359084,27.16629593767052]]]}},{"type":"Feature","properties":{"source":"Microsoft Global ML Building Footprints"},"geometry":{"type":"Polygon","coordinates":[[[88.36877438638084,27.16874893045612],[88.36882971972898,27.16884554746799],[88.36874028501423,27.16888608827476],[88.36868495166608,27.168789471297956],[88.36877438638084,27.16874893045612]]]}},{"type":"Feature","properties":{"source":"Microsoft Global ML Building Footprints"},"geometry":{"type":"Polygon","coordinates":[[[88.35522364090453,27.165998130768628],[88.35534668141615,27.166044207058242],[88.35527858806635,27.16618813653168],[88.35515554755477,27.166142060301475],[88.35522364090453,27.165998130768628]]]}},{"type":"Feature","properties":{"source":"Microsoft Global ML Building Footprints"},"geometry":{"type":"Polygon","coordinates":[[[88.35763437356295,27.169281979636118],[88.35764179049653,27.16934572553319],[88.35755686973671,27.169353546042643],[88.35754945280313,27.169289800150032],[88.35763437356295,27.169281979636118]]]}},{"type":"Feature","properties":{"source":"Microsoft Global ML Building Footprints"},"geometry":{"type":"Polygon","coordinates":[[[88.35890593474697,27.162563342722116],[88.3590283952958,27.162588026876243],[88.35900180739475,27.162692441982585],[88.35887934684594,27.162667757851523],[88.35890593474697,27.162563342722116]]]}},{"type":"Feature","properties":{"source":"Microsoft Global ML Building Footprints"},"geometry":{"type":"Polygon","coordinates":[[[88.36078953914144,27.166463210497895],[88.36073989745879,27.166675966609496],[88.36057625089944,27.16664573314725],[88.36062590862713,27.166432979942336],[88.36078953914144,27.166463210497895]]]}},{"type":"Feature","properties":{"source":"Microsoft Global ML Building Footprints"},"geometry":{"type":"Polygon","coordinates":[[[88.3615764168071,27.167609791112113],[88.3615891411022,27.167401353990563],[88.36172553144885,27.167407944301715],[88.36171789022237,27.167533115538298],[88.36172323884315,27.167533374313635],[88.36170755235064,27.167790334934686],[88.36163965512505,27.167787049959315],[88.36164207030353,27.167747537846466],[88.36160462995811,27.167745728753843],[88.36161283145192,27.167611552913137],[88.3615764168071,27.167609791112113]]]}},{"type":"Feature","properties":{"source":"Microsoft Global ML Building Footprints"},"geometry":{"type":"Polygon","coordinates":[[[88.36164627545392,27.167091696976897],[88.36165337458081,27.166963146780923],[88.36171759257705,27.16696595386965],[88.36171049345016,27.167094504062398],[88.36164627545392,27.167091696976897]]]}},{"type":"Feature","properties":{"source":"Microsoft Global ML Building Footprints"},"geometry":{"type":"Polygon","coordinates":[[[88.36571825083753,27.167398118334276],[88.36560302963414,27.16739489697364],[88.36560437691715,27.16735675386778],[88.36571959812053,27.167359975229516],[88.36571825083753,27.167398118334276]]]}},{"type":"Feature","properties":{"source":"Microsoft Global ML Building Footprints"},"geometry":{"type":"Polygon","coordinates":[[[88.36850273764233,27.16049361093871],[88.36857195632136,27.160441141251262],[88.36864080835788,27.160513044673635],[88.36857159295599,27.160565511843124],[88.36850273764233,27.16049361093871]]]}},{"type":"Feature","properties":{"source":"Microsoft Global ML Building Footprints"},"geometry":{"type":"Polygon","coordinates":[[[88.36903983949725,27.170877132115187],[88.36951828645178,27.17098801308201],[88.3694528719261,27.171211475040103],[88.3689744085089,27.171100590479995],[88.36903983949725,27.170877132115187]]]}},{"type":"Feature","properties":{"source":"Microsoft Global ML Building Footprints"},"geometry":{"type":"Polygon","coordinates":[[[88.36224089946947,27.17054445197558],[88.3623006575556,27.17044036790768],[88.36234958239501,27.170462603130467],[88.36228982430889,27.17056668717762],[88.36224089946947,27.17054445197558]]]}},{"type":"Feature","properties":{"source":"Microsoft Global ML Building Footprints"},"geometry":{"type":"Polygon","coordinates":[[[88.35435153378772,27.166741194826066],[88.35436465905605,27.16668787253996],[88.35443120502606,27.16670083808122],[88.35441807878443,27.166754164315115],[88.35435153378772,27.166741194826066]]]}},{"type":"Feature","properties":{"source":"Microsoft Global ML Building Footprints"},"geometry":{"type":"Polygon","coordinates":[[[88.36115526255382,27.16641757852681],[88.36112646864461,27.166543619301166],[88.3610379599612,27.16652761464168],[88.36106674434838,27.166401572127427],[88.36115526255382,27.16641757852681]]]}},{"type":"Feature","properties":{"source":"Microsoft Global ML Building Footprints"},"geometry":{"type":"Polygon","coordinates":[[[88.36259754508511,27.161179234450145],[88.3626392616267,27.161203130914537],[88.36262461168016,27.161223376155547],[88.36258289513857,27.161199479695505],[88.36259754508511,27.161179234450145]]]}},{"type":"Feature","properties":{"source":"Microsoft Global ML Building Footprints"},"geometry":{"type":"Polygon","coordinates":[[[88.362805787629,27.165251354726543],[88.3628280460977,27.165191037440472],[88.36290940057742,27.165214796182653],[88.36288714639213,27.165275114706816],[88.362805787629,27.165251354726543]]]}},{"type":"Feature","properties":{"source":"Microsoft Global ML Building Footprints"},"geometry":{"type":"Polygon","coordinates":[[[88.36522139365972,27.172656154903677],[88.36518294799548,27.172702497857593],[88.3652298309244,27.17273328016806],[88.36519138526016,27.172779623089937],[88.36506636411636,27.172697536943893],[88.36514325544482,27.17260485101273],[88.36522139365972,27.172656154903677]]]}},{"type":"Feature","properties":{"source":"Microsoft Global ML Building Footprints"},"geometry":{"type":"Polygon","coordinates":[[[88.36547673972626,27.16908967036781],[88.3654814238946,27.16913322765162],[88.36541763435798,27.16913865332912],[88.3654129506129,27.169095099983352],[88.36547673972626,27.16908967036781]]]}},{"type":"Feature","properties":{"source":"Microsoft Global ML Building Footprints"},"geometry":{"type":"Polygon","coordinates":[[[88.36555143910833,27.17218451927262],[88.36547933857955,27.17223100615619],[88.36542581039119,27.1721652983085],[88.36549791091997,27.172118811397567],[88.36555143910833,27.17218451927262]]]}},{"type":"Feature","properties":{"source":"Microsoft Global ML Building Footprints"},"geometry":{"type":"Polygon","coordinates":[[[88.36732619928236,27.163987911634706],[88.36737173155699,27.163986377757944],[88.36737548386061,27.16407454703534],[88.36732995158599,27.164076080910895],[88.36732619928236,27.163987911634706]]]}},{"type":"Feature","properties":{"source":"Microsoft Global ML Building Footprints"},"geometry":{"type":"Polygon","coordinates":[[[88.36743321781088,27.161304681363028],[88.36730708211252,27.161454483772708],[88.36720399876057,27.16138578042488],[88.36733013445894,27.161235977923027],[88.36743321781088,27.161304681363028]]]}},{"type":"Feature","properties":{"source":"Microsoft Global ML Building Footprints"},"geometry":{"type":"Polygon","coordinates":[[[88.36834323288701,27.170981000481596],[88.3683077034925,27.171012953522307],[88.36827381374849,27.17098312644586],[88.36830934195712,27.170951174463156],[88.36834323288701,27.170981000481596]]]}},{"type":"Feature","properties":{"source":"Microsoft Global ML Building Footprints"},"geometry":{"type":"Polygon","coordinates":[[[88.35446239961409,27.16543491243837],[88.35448644245716,27.16529255991663],[88.35460709964956,27.165308690646192],[88.35458305680652,27.165451043147357],[88.35446239961409,27.16543491243837]]]}},{"type":"Feature","properties":{"source":"Microsoft Global ML Building Footprints"},"geometry":{"type":"Polygon","coordinates":[[[88.35493274753131,27.166417538533587],[88.35483059356349,27.16656395421363],[88.35474997689415,27.16651942834571],[88.35485213917595,27.166373017199206],[88.35493274753131,27.166417538533587]]]}},{"type":"Feature","properties":{"source":"Microsoft Global ML Building Footprints"},"geometry":{"type":"Polygon","coordinates":[[[88.35507794284463,27.16095210237465],[88.35508021189865,27.160994962973916],[88.35495034978372,27.161000413367383],[88.35494807736562,27.160957552911384],[88.35507794284463,27.16095210237465]]]}},{"type":"Feature","properties":{"source":"Microsoft Global ML Building Footprints"},"geometry":{"type":"Polygon","coordinates":[[[88.35651624027926,27.162361314988075],[88.35664916667037,27.1623902112183],[88.35661978437632,27.162497235671687],[88.35648684789534,27.162468345553734],[88.35651624027926,27.162361314988075]]]}},{"type":"Feature","properties":{"source":"Microsoft Global ML Building Footprints"},"geometry":{"type":"Polygon","coordinates":[[[88.35688617792923,27.16739255937729],[88.3569467650471,27.16718848790839],[88.35707557126871,27.167218749028116],[88.35702691478727,27.16738267876731],[88.35697833167382,27.16737126187479],[88.35696641086639,27.167411413883507],[88.35688617792923,27.16739255937729]]]}},{"type":"Feature","properties":{"source":"Microsoft Global ML Building Footprints"},"geometry":{"type":"Polygon","coordinates":[[[88.36133171610412,27.168423470370897],[88.36127115048056,27.16844110840308],[88.36123705077978,27.16834842909232],[88.36130003902828,27.168330085523564],[88.36129210886531,27.16830853218091],[88.36140257320531,27.1682763625125],[88.3614358734575,27.168366888423],[88.36132299292485,27.16839976171358],[88.36133171610412,27.168423470370897]]]}},{"type":"Feature","properties":{"source":"Microsoft Global ML Building Footprints"},"geometry":{"type":"Polygon","coordinates":[[[88.36225666707654,27.165558249209937],[88.36232420129588,27.16549653182654],[88.3623985595897,27.165560942172206],[88.36233102797158,27.16562265714284],[88.36225666707654,27.165558249209937]]]}},{"type":"Feature","properties":{"source":"Microsoft Global ML Building Footprints"},"geometry":{"type":"Polygon","coordinates":[[[88.3630584438631,27.170983823746575],[88.36311947310907,27.170993772170156],[88.36311311874084,27.171024613017785],[88.3630520925995,27.17101466130324],[88.3630584438631,27.170983823746575]]]}},{"type":"Feature","properties":{"source":"Microsoft Global ML Building Footprints"},"geometry":{"type":"Polygon","coordinates":[[[88.36318923377172,27.163814308564334],[88.36318512358373,27.163714214392606],[88.36330179360841,27.16371042207485],[88.3633059116598,27.163810515994385],[88.36318923377172,27.163814308564334]]]}},{"type":"Feature","properties":{"source":"Microsoft Global ML Building Footprints"},"geometry":{"type":"Polygon","coordinates":[[[88.36392562768893,27.167096822987318],[88.36389977213587,27.16722637308923],[88.36374115627441,27.167201326005284],[88.36377422557432,27.167035631122758],[88.3638938360944,27.16705452633655],[88.36388662378857,27.167090663861693],[88.36392562768893,27.167096822987318]]]}},{"type":"Feature","properties":{"source":"Microsoft Global ML Building Footprints"},"geometry":{"type":"Polygon","coordinates":[[[88.35411757720837,27.16775324032377],[88.35402730871039,27.167713248573833],[88.35407225974363,27.16763293902629],[88.35416252824163,27.167672930804983],[88.35411757720837,27.16775324032377]]]}},{"type":"Feature","properties":{"source":"Microsoft Global ML Building Footprints"},"geometry":{"type":"Polygon","coordinates":[[[88.35421447298438,27.16754187678741],[88.3541725417706,27.167664128125658],[88.35407778767775,27.16763840969565],[88.35411971009317,27.167516155941158],[88.35421447298438,27.16754187678741]]]}},{"type":"Feature","properties":{"source":"Microsoft Global ML Building Footprints"},"geometry":{"type":"Polygon","coordinates":[[[88.35423975159678,27.16672947434651],[88.3544324154166,27.1667907177032],[88.35439976612861,27.16687201641188],[88.35427846196909,27.166833449113632],[88.35425296720035,27.166896932615828],[88.3541816118124,27.166874245976487],[88.35423975159678,27.16672947434651]]]}},{"type":"Feature","properties":{"source":"Microsoft Global ML Building Footprints"},"geometry":{"type":"Polygon","coordinates":[[[88.35451803952145,27.16120231120712],[88.35452079850313,27.16126086424847],[88.35445386092474,27.16126336103421],[88.35445110174696,27.16120480383323],[88.35451803952145,27.16120231120712]]]}},{"type":"Feature","properties":{"source":"Microsoft Global ML Building Footprints"},"geometry":{"type":"Polygon","coordinates":[[[88.35499078875833,27.159934872242694],[88.35511945220067,27.15993197187297],[88.35512142166921,27.160001134720353],[88.35499275822687,27.160004035088264],[88.35499078875833,27.159934872242694]]]}},{"type":"Feature","properties":{"source":"Microsoft Global ML Building Footprints"},"geometry":{"type":"Polygon","coordinates":[[[88.35581178710619,27.162032234718076],[88.3556752795746,27.16202668397318],[88.35567919409134,27.16195047791647],[88.35576752249413,27.16195406957742],[88.35577033605308,27.161899296443806],[88.35581851518188,27.16190125553252],[88.35581178710619,27.162032234718076]]]}},{"type":"Feature","properties":{"source":"Microsoft Global ML Building Footprints"},"geometry":{"type":"Polygon","coordinates":[[[88.36138807842357,27.16659278185675],[88.36146248972265,27.166542666666146],[88.36152057399936,27.16661093174187],[88.36144615928629,27.166661049201124],[88.36138807842357,27.16659278185675]]]}},{"type":"Feature","properties":{"source":"Microsoft Global ML Building Footprints"},"geometry":{"type":"Polygon","coordinates":[[[88.36308467001942,27.162985892533754],[88.36318351470658,27.16301159598998],[88.36316256970557,27.16307535481554],[88.36306372501836,27.16304965137401],[88.36308467001942,27.162985892533754]]]}},{"type":"Feature","properties":{"source":"Microsoft Global ML Building Footprints"},"geometry":{"type":"Polygon","coordinates":[[[88.3654999248207,27.171905480572427],[88.36546708070088,27.171934109009626],[88.36538126792875,27.17185619045334],[88.36541411204853,27.17182756199616],[88.3654999248207,27.171905480572427]]]}},{"type":"Feature","properties":{"source":"Microsoft Global ML Building Footprints"},"geometry":{"type":"Polygon","coordinates":[[[88.36751221782856,27.16212912840418],[88.3674593828885,27.16215774853272],[88.36740990521494,27.16208544426403],[88.36746274179757,27.162056826517336],[88.36751221782856,27.16212912840418]]]}},{"type":"Feature","properties":{"source":"Microsoft Global ML Building Footprints"},"geometry":{"type":"Polygon","coordinates":[[[88.35516373045712,27.16155502656138],[88.35504123604795,27.16153642234326],[88.35508795015669,27.16129294249965],[88.35521044456587,27.161311546758313],[88.35516373045712,27.16155502656138]]]}},{"type":"Feature","properties":{"source":"Microsoft Global ML Building Footprints"},"geometry":{"type":"Polygon","coordinates":[[[88.36007784047683,27.16143481934737],[88.3601118573017,27.161294418412453],[88.36008366273603,27.161289012619093],[88.36010521121426,27.161200073402824],[88.36015258433545,27.161209156341236],[88.36014232834248,27.16125150069309],[88.3602346014665,27.16126919813133],[88.36018930911979,27.161456198336907],[88.36007784047683,27.16143481934737]]]}},{"type":"Feature","properties":{"source":"Microsoft Global ML Building Footprints"},"geometry":{"type":"Polygon","coordinates":[[[88.36113383200617,27.164212950630827],[88.36115168289282,27.164110410364287],[88.36123812216144,27.164122321847813],[88.36122027127479,27.164224862103417],[88.36113383200617,27.164212950630827]]]}},{"type":"Feature","properties":{"source":"Microsoft Global ML Building Footprints"},"geometry":{"type":"Polygon","coordinates":[[[88.36560395566448,27.172300817124345],[88.36562870776457,27.17235654281641],[88.365642627472,27.172351649398692],[88.36567471352765,27.17242388636869],[88.36563295440544,27.172438566611703],[88.36559720137195,27.172358073995603],[88.36554848239602,27.172375200955706],[88.36551914657369,27.17230915569901],[88.36556786554962,27.17229202872877],[88.36557611624963,27.17231060396403],[88.36560395566448,27.172300817124345]]]}},{"type":"Feature","properties":{"source":"Microsoft Global ML Building Footprints"},"geometry":{"type":"Polygon","coordinates":[[[88.36801680142324,27.16499956623729],[88.3681184365505,27.165018729506016],[88.36808226578069,27.165170629502953],[88.36798061777475,27.16515147016149],[88.36801680142324,27.16499956623729]]]}},{"type":"Feature","properties":{"source":"Microsoft Global ML Building Footprints"},"geometry":{"type":"Polygon","coordinates":[[[88.36838413758711,27.166239181167917],[88.3684258590576,27.16625049508115],[88.3684101501242,27.16629634793678],[88.36836842865372,27.166285034028206],[88.36838413758711,27.166239181167917]]]}},{"type":"Feature","properties":{"source":"Microsoft Global ML Building Footprints"},"geometry":{"type":"Polygon","coordinates":[[[88.35639859645941,27.158962739970335],[88.35642092698122,27.15902301176586],[88.35638463734344,27.159033655565345],[88.35636230682165,27.158973383775574],[88.35639859645941,27.158962739970335]]]}},{"type":"Feature","properties":{"source":"Microsoft Global ML Building Footprints"},"geometry":{"type":"Polygon","coordinates":[[[88.36211287885237,27.16345659554794],[88.36229959441954,27.163510706194643],[88.36225614332345,27.163629364848042],[88.36206942775628,27.163575254258838],[88.36211287885237,27.16345659554794]]]}},{"type":"Feature","properties":{"source":"Microsoft Global ML Building Footprints"},"geometry":{"type":"Polygon","coordinates":[[[88.36313793332239,27.165138588997685],[88.36316384440931,27.16503801475173],[88.36327087561912,27.165059834957354],[88.36324496290091,27.16516041551568],[88.36313793332239,27.165138588997685]]]}},{"type":"Feature","properties":{"source":"Microsoft Global ML Building Footprints"},"geometry":{"type":"Polygon","coordinates":[[[88.36413562531105,27.17244255682973],[88.36392662775599,27.17244851684862],[88.36392470556163,27.172395169142476],[88.3641337026483,27.17238919612096],[88.36413562531105,27.17244255682973]]]}},{"type":"Feature","properties":{"source":"Microsoft Global ML Building Footprints"},"geometry":{"type":"Polygon","coordinates":[[[88.36476037606083,27.170677420505193],[88.36475158072169,27.170829737004972],[88.36465260020363,27.170825213312938],[88.36466139554281,27.170672896806984],[88.36476037606083,27.170677420505193]]]}},{"type":"Feature","properties":{"source":"Microsoft Global ML Building Footprints"},"geometry":{"type":"Polygon","coordinates":[[[88.36757675643715,27.16652709979958],[88.36756789542075,27.166605050927622],[88.36735549118059,27.166585939429055],[88.36736703735349,27.166484366718905],[88.36750775516256,27.166497028098597],[88.36750507000608,27.166520649664662],[88.36757675643715,27.16652709979958]]]}},{"type":"Feature","properties":{"source":"Microsoft Global ML Building Footprints"},"geometry":{"type":"Polygon","coordinates":[[[88.36767049963103,27.161355285642486],[88.36755116544765,27.161448797673245],[88.36749529272697,27.16139235048061],[88.36761462691034,27.161298838402594],[88.36767049963103,27.161355285642486]]]}},{"type":"Feature","properties":{"source":"Microsoft Global ML Building Footprints"},"geometry":{"type":"Polygon","coordinates":[[[88.35429576862056,27.15879868248863],[88.35431281595095,27.158760808109804],[88.35440065469324,27.15879210146867],[88.3543836052411,27.158829980550756],[88.35429576862056,27.15879868248863]]]}},{"type":"Feature","properties":{"source":"Microsoft Global ML Building Footprints"},"geometry":{"type":"Polygon","coordinates":[[[88.35632505011533,27.165396504653643],[88.35629055097438,27.165409017974007],[88.35626754728023,27.16535881690507],[88.35622614729819,27.16537383068389],[88.35620083008494,27.165318580792835],[88.35629973004201,27.165282714522327],[88.35633023416176,27.165349283845423],[88.35630723473447,27.165357626062665],[88.35632505011533,27.165396504653643]]]}},{"type":"Feature","properties":{"source":"Microsoft Global ML Building Footprints"},"geometry":{"type":"Polygon","coordinates":[[[88.3601253455286,27.16948880229554],[88.3602168199777,27.16924380127903],[88.36034968214989,27.16928306418292],[88.36025820770078,27.16952806511327],[88.3601253455286,27.16948880229554]]]}},{"type":"Feature","properties":{"source":"Microsoft Global ML Building Footprints"},"geometry":{"type":"Polygon","coordinates":[[[88.36061854246685,27.165016430262554],[88.36071346270109,27.164910632506583],[88.36067510837401,27.164883396596196],[88.36077318792677,27.164774067756987],[88.36085250719496,27.164830393456768],[88.36083419803114,27.164850800808203],[88.36089645675631,27.164895011554528],[88.36083629807516,27.16496206422788],[88.36084121323763,27.16496555454713],[88.36072667235217,27.165093221335944],[88.36061854246685,27.165016430262554]]]}},{"type":"Feature","properties":{"source":"Microsoft Global ML Building Footprints"},"geometry":{"type":"Polygon","coordinates":[[[88.36142943024382,27.164994086893742],[88.36136998762755,27.165101742162534],[88.36128355731584,27.165063966601863],[88.3613429999321,27.164956311296628],[88.36142943024382,27.164994086893742]]]}},{"type":"Feature","properties":{"source":"Microsoft Global ML Building Footprints"},"geometry":{"type":"Polygon","coordinates":[[[88.3616916024841,27.169079090905655],[88.36166225390988,27.169147934677632],[88.36157783730937,27.169119450686004],[88.36160718588359,27.16905060689647],[88.3616916024841,27.169079090905655]]]}},{"type":"Feature","properties":{"source":"Microsoft Global ML Building Footprints"},"geometry":{"type":"Polygon","coordinates":[[[88.36297580581021,27.163931328843326],[88.36296757900914,27.163959601301492],[88.36284440830566,27.163931223211137],[88.36285263301517,27.16390295793377],[88.36297580581021,27.163931328843326]]]}},{"type":"Feature","properties":{"source":"Microsoft Global ML Building Footprints"},"geometry":{"type":"Polygon","coordinates":[[[88.36305188245076,27.170898992697666],[88.36312949380826,27.17090224980553],[88.3631250752175,27.170985582143096],[88.36304746385998,27.17098232503767],[88.36305188245076,27.170898992697666]]]}},{"type":"Feature","properties":{"source":"Microsoft Global ML Building Footprints"},"geometry":{"type":"Polygon","coordinates":[[[88.36381433196392,27.165103543683557],[88.36392208299627,27.16513677589328],[88.3637535822416,27.165569234905313],[88.36364583120925,27.165536002824318],[88.36381433196392,27.165103543683557]]]}},{"type":"Feature","properties":{"source":"Microsoft Global ML Building Footprints"},"geometry":{"type":"Polygon","coordinates":[[[88.3654273798,27.165665738217115],[88.36545540491741,27.16575156142693],[88.3653292594304,27.165784166965928],[88.36530123431301,27.165698343781195],[88.3654273798,27.165665738217115]]]}},{"type":"Feature","properties":{"source":"Microsoft Global ML Building Footprints"},"geometry":{"type":"Polygon","coordinates":[[[88.3661020775342,27.166908896611574],[88.36619454068853,27.16691907004924],[88.36618655621244,27.16697651013758],[88.36613804053201,27.166971169087738],[88.36613281026263,27.16700877419717],[88.3659171506681,27.166985032421522],[88.36594067376852,27.166815807849893],[88.36604803434128,27.166827627099757],[88.36604411163927,27.166855830969276],[88.36610846907445,27.16686291603161],[88.3661020775342,27.166908896611574]]]}},{"type":"Feature","properties":{"source":"Microsoft Global ML Building Footprints"},"geometry":{"type":"Polygon","coordinates":[[[88.35565221771729,27.162171484082506],[88.35565567013,27.16207373777504],[88.35580840521355,27.162078008154218],[88.35580495280082,27.162175754457962],[88.35565221771729,27.162171484082506]]]}},{"type":"Feature","properties":{"source":"Microsoft Global ML Building Footprints"},"geometry":{"type":"Polygon","coordinates":[[[88.35785507799844,27.167443435407357],[88.35786537954229,27.167351281932554],[88.35793874643745,27.16735777814916],[88.35795487033643,27.16721364151298],[88.35820186924036,27.16723551187078],[88.3581749079667,27.167476527077895],[88.35805905559349,27.167466269027294],[88.35806526652722,27.1674107085288],[88.35804567208139,27.167408974774247],[88.3580399856073,27.16745980789841],[88.35785507799844,27.167443435407357]]]}},{"type":"Feature","properties":{"source":"Microsoft Global ML Building Footprints"},"geometry":{"type":"Polygon","coordinates":[[[88.3592541650845,27.16097670443463],[88.35929026592521,27.160977821707533],[88.35928780568085,27.161040877485938],[88.35916725155408,27.16103715400544],[88.3591718085211,27.160920359436304],[88.35912767518498,27.16091899631588],[88.35913112308914,27.160830804630372],[88.35925971384567,27.160834776340593],[88.3592541650845,27.16097670443463]]]}},{"type":"Feature","properties":{"source":"Microsoft Global ML Building Footprints"},"geometry":{"type":"Polygon","coordinates":[[[88.36065814788803,27.164759400548583],[88.36060395254215,27.164869541342554],[88.3603541099889,27.16477222980385],[88.36040830533483,27.164662088913914],[88.36065814788803,27.164759400548583]]]}},{"type":"Feature","properties":{"source":"Microsoft Global ML Building Footprints"},"geometry":{"type":"Polygon","coordinates":[[[88.36151248827483,27.16353393073814],[88.36147113181318,27.163526787000983],[88.36148317578275,27.163471594276572],[88.36139529330174,27.16345641382609],[88.36142108688318,27.16333821198854],[88.3614765421713,27.163347794565524],[88.36148256616916,27.163320198885337],[88.36155634603945,27.163332947920054],[88.36151248827483,27.16353393073814]]]}},{"type":"Feature","properties":{"source":"Microsoft Global ML Building Footprints"},"geometry":{"type":"Polygon","coordinates":[[[88.36472253153991,27.16677215737448],[88.3648110175635,27.166770785428376],[88.36481207350495,27.166824692570593],[88.36472358758924,27.166826070024193],[88.36472253153991,27.16677215737448]]]}},{"type":"Feature","properties":{"source":"Microsoft Global ML Building Footprints"},"geometry":{"type":"Polygon","coordinates":[[[88.35645222346682,27.166426459491888],[88.35649452173618,27.16646220576351],[88.35645300077051,27.166501092243763],[88.35641070250115,27.166465345984584],[88.35645222346682,27.166426459491888]]]}},{"type":"Feature","properties":{"source":"Microsoft Global ML Building Footprints"},"geometry":{"type":"Polygon","coordinates":[[[88.35649163428982,27.163335963102966],[88.35636295578968,27.163488896935952],[88.35629763677365,27.16344539216265],[88.35642631527375,27.163292458270128],[88.35649163428982,27.163335963102966]]]}},{"type":"Feature","properties":{"source":"Microsoft Global ML Building Footprints"},"geometry":{"type":"Polygon","coordinates":[[[88.35893055072336,27.165638979832636],[88.35889373599808,27.165643612757997],[88.35888538420323,27.16559105475558],[88.35892219928564,27.165586424075528],[88.35893055072336,27.165638979832636]]]}},{"type":"Feature","properties":{"source":"Microsoft Global ML Building Footprints"},"geometry":{"type":"Polygon","coordinates":[[[88.35900974590169,27.16671571787262],[88.35908024762627,27.166825425484113],[88.35893194538258,27.16690085236052],[88.35886145016264,27.166791141514835],[88.35900974590169,27.16671571787262]]]}},{"type":"Feature","properties":{"source":"Microsoft Global ML Building Footprints"},"geometry":{"type":"Polygon","coordinates":[[[88.35955181360038,27.159614248259196],[88.35948898586427,27.15961299629401],[88.35949160277741,27.15950935848275],[88.35955442226681,27.15951061419667],[88.35955181360038,27.159614248259196]]]}},{"type":"Feature","properties":{"source":"Microsoft Global ML Building Footprints"},"geometry":{"type":"Polygon","coordinates":[[[88.35987907488365,27.161527371654813],[88.35988087586374,27.16149882462627],[88.35981403150693,27.16149548218459],[88.35981898420218,27.161416977816124],[88.35988184830941,27.161420121234215],[88.35987929374969,27.161460562725743],[88.35994477397881,27.161463836957488],[88.35994057169194,27.161530446700276],[88.35987907488365,27.161527371654813]]]}},{"type":"Feature","properties":{"source":"Microsoft Global ML Building Footprints"},"geometry":{"type":"Polygon","coordinates":[[[88.36231186353305,27.160905904458616],[88.36222231930358,27.160932122848656],[88.36220161214972,27.160876138514297],[88.36229115637919,27.160849920111104],[88.36231186353305,27.160905904458616]]]}},{"type":"Feature","properties":{"source":"Microsoft Global ML Building Footprints"},"geometry":{"type":"Polygon","coordinates":[[[88.3624790418861,27.16352020270297],[88.36250640583772,27.163406077219236],[88.36261928608828,27.16342750163585],[88.36259192213669,27.163541627097686],[88.3624790418861,27.16352020270297]]]}},{"type":"Feature","properties":{"source":"Microsoft Global ML Building Footprints"},"geometry":{"type":"Polygon","coordinates":[[[88.3663302840834,27.166614546728795],[88.36634286568338,27.166569608650697],[88.36638832488833,27.166579682921437],[88.3664071972883,27.166512275776455],[88.3664804371185,27.166528506553888],[88.36644898311857,27.166640851756583],[88.3663302840834,27.166614546728795]]]}},{"type":"Feature","properties":{"source":"Microsoft Global ML Building Footprints"},"geometry":{"type":"Polygon","coordinates":[[[88.36658156964776,27.167996098359517],[88.36663110296725,27.16789038153781],[88.36672022302291,27.16792343285332],[88.36667068970343,27.168029149643722],[88.36658156964776,27.167996098359517]]]}},{"type":"Feature","properties":{"source":"Microsoft Global ML Building Footprints"},"geometry":{"type":"Polygon","coordinates":[[[88.36748833849033,27.16168977519291],[88.3676737758317,27.16153497214669],[88.36776612451425,27.161622542600043],[88.36768624381335,27.16168922696321],[88.36768758220006,27.161690496098956],[88.3675820255596,27.161778614659617],[88.36748833849033,27.16168977519291]]]}},{"type":"Feature","properties":{"source":"Microsoft Global ML Building Footprints"},"geometry":{"type":"Polygon","coordinates":[[[88.36888234757423,27.16515560864285],[88.36898838005285,27.16519069430766],[88.36895552673411,27.165269284726833],[88.36884949183074,27.16523420488705],[88.36888234757423,27.16515560864285]]]}},{"type":"Feature","properties":{"source":"Microsoft Global ML Building Footprints"},"geometry":{"type":"Polygon","coordinates":[[[88.35561479775636,27.158399583786064],[88.35564231001752,27.15833922903898],[88.35578051230488,27.1583890933071],[88.35575299667487,27.15844945541769],[88.35561479775636,27.158399583786064]]]}},{"type":"Feature","properties":{"source":"Microsoft Global ML Building Footprints"},"geometry":{"type":"Polygon","coordinates":[[[88.35585765271347,27.167773422209017],[88.35573175978334,27.167796907840184],[88.35570051312185,27.167664332120204],[88.35582640605196,27.16764084646114],[88.35585765271347,27.167773422209017]]]}},{"type":"Feature","properties":{"source":"Microsoft Global ML Building Footprints"},"geometry":{"type":"Polygon","coordinates":[[[88.35670881618485,27.169046921347352],[88.35668072057129,27.16917451598829],[88.35661097649026,27.169162365079238],[88.35663907302472,27.169034766242177],[88.35670881618485,27.169046921347352]]]}},{"type":"Feature","properties":{"source":"Microsoft Global ML Building Footprints"},"geometry":{"type":"Polygon","coordinates":[[[88.35678659709416,27.162520564137658],[88.35678989846606,27.162415644421095],[88.35690117116975,27.162418409079642],[88.35689787804486,27.16252332899853],[88.35678659709416,27.162520564137658]]]}},{"type":"Feature","properties":{"source":"Microsoft Global ML Building Footprints"},"geometry":{"type":"Polygon","coordinates":[[[88.35761132098398,27.16251869887944],[88.3575536611715,27.16251699699078],[88.3575572240094,27.162421646023844],[88.35761487632944,27.1624233476928],[88.35761132098398,27.16251869887944]]]}},{"type":"Feature","properties":{"source":"Microsoft Global ML Building Footprints"},"geometry":{"type":"Polygon","coordinates":[[[88.3582205480716,27.162501172082898],[88.35823123769535,27.16270959090626],[88.35810008214557,27.162714907659186],[88.35808939293985,27.16250649699584],[88.3582205480716,27.162501172082898]]]}},{"type":"Feature","properties":{"source":"Microsoft Global ML Building Footprints"},"geometry":{"type":"Polygon","coordinates":[[[88.3621482353784,27.164952598707778],[88.3621512523314,27.164838116776913],[88.36221022850894,27.164839347022976],[88.36220721155594,27.164953828952555],[88.3621482353784,27.164952598707778]]]}},{"type":"Feature","properties":{"source":"Microsoft Global ML Building Footprints"},"geometry":{"type":"Polygon","coordinates":[[[88.36620057521196,27.169093426246654],[88.36619681019171,27.16922563352636],[88.36585906925406,27.16921799967276],[88.36586283367583,27.169085813400457],[88.36620057521196,27.169093426246654]]]}},{"type":"Feature","properties":{"source":"Microsoft Global ML Building Footprints"},"geometry":{"type":"Polygon","coordinates":[[[88.36697845430095,27.166918712686886],[88.36698813746438,27.16682163855043],[88.36707957954708,27.166828858400542],[88.3670699039606,27.166925933128987],[88.36697845430095,27.166918712686886]]]}},{"type":"Feature","properties":{"source":"Microsoft Global ML Building Footprints"},"geometry":{"type":"Polygon","coordinates":[[[88.36780048339973,27.16512140679736],[88.36778507082713,27.165157980232117],[88.36770136062411,27.16513005154868],[88.36771677379298,27.165093483516173],[88.36780048339973,27.16512140679736]]]}},{"type":"Feature","properties":{"source":"Microsoft Global ML Building Footprints"},"geometry":{"type":"Polygon","coordinates":[[[88.35392750592119,27.16815745806145],[88.35392322720026,27.168077473581384],[88.35402330729858,27.16807323603375],[88.3540275919644,27.168153214033097],[88.35392750592119,27.16815745806145]]]}},{"type":"Feature","properties":{"source":"Microsoft Global ML Building Footprints"},"geometry":{"type":"Polygon","coordinates":[[[88.35397472953186,27.162116712741124],[88.3538032364434,27.162190771098807],[88.35375519140277,27.162102701503706],[88.35382682972576,27.162071769326012],[88.35380006395981,27.16202270594215],[88.35389992069489,27.1619795832952],[88.35397472953186,27.162116712741124]]]}},{"type":"Feature","properties":{"source":"Microsoft Global ML Building Footprints"},"geometry":{"type":"Polygon","coordinates":[[[88.35669000645412,27.166490581341378],[88.35664679541173,27.16652581015061],[88.35667682405503,27.166554966726892],[88.35661652031106,27.166604126972956],[88.35649698016876,27.16648806728748],[88.35660049409955,27.166403675096156],[88.35669000645412,27.166490581341378]]]}},{"type":"Feature","properties":{"source":"Microsoft Global ML Building Footprints"},"geometry":{"type":"Polygon","coordinates":[[[88.35742375656375,27.159471734448026],[88.3575496008692,27.15941164375549],[88.35761721696149,27.159523742896027],[88.35749136213992,27.159583830712506],[88.35742375656375,27.159471734448026]]]}},{"type":"Feature","properties":{"source":"Microsoft Global ML Building Footprints"},"geometry":{"type":"Polygon","coordinates":[[[88.35759541635649,27.170975273489006],[88.35758911909178,27.171149287147962],[88.3574953389801,27.171146601094925],[88.35750163624485,27.170972587431798],[88.35759541635649,27.170975273489006]]]}},{"type":"Feature","properties":{"source":"Microsoft Global ML Building Footprints"},"geometry":{"type":"Polygon","coordinates":[[[88.35828541825475,27.16286085654007],[88.3583899328681,27.162918616051037],[88.35830096936034,27.16304604385158],[88.35819645474695,27.162988284406538],[88.35828541825475,27.16286085654007]]]}},{"type":"Feature","properties":{"source":"Microsoft Global ML Building Footprints"},"geometry":{"type":"Polygon","coordinates":[[[88.36053933941918,27.16581617095475],[88.36050321778797,27.16584717435331],[88.3604651245327,27.165812041460896],[88.36050124742717,27.16578103921762],[88.36053933941918,27.16581617095475]]]}},{"type":"Feature","properties":{"source":"Microsoft Global ML Building Footprints"},"geometry":{"type":"Polygon","coordinates":[[[88.36147157970318,27.167837079196104],[88.36148428308485,27.167662881776344],[88.36149890662423,27.167659684774435],[88.3615700474574,27.167663791146033],[88.36156478441241,27.16773596163526],[88.36152556908826,27.167744534893373],[88.36151885701528,27.16783647619348],[88.3615674028868,27.167839281363293],[88.36158074353611,27.16788758143801],[88.36154208305774,27.16789603338419],[88.36144622627678,27.16789050037694],[88.36144293374298,27.16793564977673],[88.36146943318586,27.167937179366504],[88.36148423690823,27.16799076121559],[88.36144189894749,27.168000019759937],[88.36136079686672,27.16799533842203],[88.3613719389124,27.167842551335667],[88.36141255375713,27.167833672121994],[88.36147157970318,27.167837079196104]]]}},{"type":"Feature","properties":{"source":"Microsoft Global ML Building Footprints"},"geometry":{"type":"Polygon","coordinates":[[[88.36423969758881,27.168563652499046],[88.36432926961217,27.168472535273885],[88.36443020201193,27.168551063017432],[88.36438899875556,27.168592980403012],[88.36443611457204,27.168629637566276],[88.36438774473224,27.16867884570931],[88.36423969758881,27.168563652499046]]]}},{"type":"Feature","properties":{"source":"Microsoft Global ML Building Footprints"},"geometry":{"type":"Polygon","coordinates":[[[88.36886458885213,27.164078066815705],[88.36893582113724,27.164113799839626],[88.3688595017993,27.164234228859527],[88.36878827164706,27.164198492508618],[88.36886458885213,27.164078066815705]]]}},{"type":"Feature","properties":{"source":"Microsoft Global ML Building Footprints"},"geometry":{"type":"Polygon","coordinates":[[[88.35705966498003,27.162028058333455],[88.3571708046783,27.16202436959461],[88.35717550083201,27.162136375069686],[88.35706436993225,27.16214006351281],[88.35705966498003,27.162028058333455]]]}},{"type":"Feature","properties":{"source":"Microsoft Global ML Building Footprints"},"geometry":{"type":"Polygon","coordinates":[[[88.35888272855028,27.16530809832667],[88.35890741611256,27.16527732497042],[88.35896783290642,27.165315690522185],[88.3589431473437,27.165346461375407],[88.35888272855028,27.16530809832667]]]}},{"type":"Feature","properties":{"source":"Microsoft Global ML Building Footprints"},"geometry":{"type":"Polygon","coordinates":[[[88.35750952952569,27.16652842403706],[88.35760331668244,27.166531011124242],[88.35759799942629,27.166683588594026],[88.35750421226952,27.166681001510362],[88.35750952952569,27.16652842403706]]]}},{"type":"Feature","properties":{"source":"Microsoft Global ML Building Footprints"},"geometry":{"type":"Polygon","coordinates":[[[88.3583660337806,27.161530759110363],[88.35839902009336,27.161433352798035],[88.35837317282815,27.161426425391625],[88.35838834189235,27.161381621749882],[88.35845599448665,27.16139975775244],[88.35840783637826,27.161541965347723],[88.3583660337806,27.161530759110363]]]}},{"type":"Feature","properties":{"source":"Microsoft Global ML Building Footprints"},"geometry":{"type":"Polygon","coordinates":[[[88.35848335708184,27.165364455650476],[88.3586840721283,27.16542122258621],[88.35865541395938,27.16550141193926],[88.35845470464217,27.165444646664668],[88.35848335708184,27.165364455650476]]]}},{"type":"Feature","properties":{"source":"Microsoft Global ML Building Footprints"},"geometry":{"type":"Polygon","coordinates":[[[88.36251221601898,27.167393457366337],[88.36254669921077,27.167366205378706],[88.362615947232,27.167435566321423],[88.36258146404022,27.16746281829215],[88.36251221601898,27.167393457366337]]]}},{"type":"Feature","properties":{"source":"Microsoft Global ML Building Footprints"},"geometry":{"type":"Polygon","coordinates":[[[88.3627763221695,27.16629843045557],[88.36297039864866,27.166337174166564],[88.36292513198563,27.16651665670964],[88.3627897891778,27.166489638113944],[88.36281213601146,27.166401032822478],[88.36275340234013,27.16638930776017],[88.3627763221695,27.16629843045557]]]}},{"type":"Feature","properties":{"source":"Microsoft Global ML Building Footprints"},"geometry":{"type":"Polygon","coordinates":[[[88.36370838938163,27.171154354399704],[88.36376507539478,27.171017886308434],[88.36387484894946,27.171053975577742],[88.36381815349046,27.171190440519453],[88.36370838938163,27.171154354399704]]]}},{"type":"Feature","properties":{"source":"Microsoft Global ML Building Footprints"},"geometry":{"type":"Polygon","coordinates":[[[88.36672285528411,27.164628773381303],[88.36647479069609,27.164682666957148],[88.3664389401135,27.164552046999333],[88.36668700470153,27.164498153360455],[88.36672285528411,27.164628773381303]]]}},{"type":"Feature","properties":{"source":"Microsoft Global ML Building Footprints"},"geometry":{"type":"Polygon","coordinates":[[[88.35550110069136,27.159746811666714],[88.35548586441459,27.159800674884956],[88.35525127829163,27.159748144299158],[88.35527603724132,27.159660616515204],[88.35539459151856,27.159687164254493],[88.35538506884558,27.15972082878691],[88.35550110069136,27.159746811666714]]]}},{"type":"Feature","properties":{"source":"Microsoft Global ML Building Footprints"},"geometry":{"type":"Polygon","coordinates":[[[88.35699821831027,27.167698503152018],[88.35696071743814,27.167699722061037],[88.3569541607097,27.16754005353915],[88.3570800564947,27.16753596148154],[88.35708798328581,27.16772899355339],[88.3569995883729,27.16773186669527],[88.35699821831027,27.167698503152018]]]}},{"type":"Feature","properties":{"source":"Microsoft Global ML Building Footprints"},"geometry":{"type":"Polygon","coordinates":[[[88.3571400852808,27.161625572270438],[88.35714153720399,27.161673265695313],[88.35707185089379,27.16167494504557],[88.3570703989706,27.161627251621425],[88.3571400852808,27.161625572270438]]]}},{"type":"Feature","properties":{"source":"Microsoft Global ML Building Footprints"},"geometry":{"type":"Polygon","coordinates":[[[88.35791326759397,27.163317803682368],[88.35828720791596,27.163327932715625],[88.3582827207642,27.16345906226033],[88.35790877013649,27.163448932959803],[88.35791326759397,27.163317803682368]]]}},{"type":"Feature","properties":{"source":"Microsoft Global ML Building Footprints"},"geometry":{"type":"Polygon","coordinates":[[[88.35815559698437,27.166973213135932],[88.35818206163628,27.16697594863463],[88.35815652624784,27.167171372488305],[88.35809301108327,27.16716480730281],[88.35811054743436,27.167030600588824],[88.35814759794702,27.16703443028502],[88.35815559698437,27.166973213135932]]]}},{"type":"Feature","properties":{"source":"Microsoft Global ML Building Footprints"},"geometry":{"type":"Polygon","coordinates":[[[88.36182579909956,27.166537644089814],[88.36164399717607,27.16648131368226],[88.36172279952612,27.166279962809554],[88.36172846610589,27.166281718221427],[88.36175929057003,27.16620297319478],[88.36193542434036,27.1662575365227],[88.36182579909956,27.166537644089814]]]}},{"type":"Feature","properties":{"source":"Microsoft Global ML Building Footprints"},"geometry":{"type":"Polygon","coordinates":[[[88.36351150952872,27.167012173549118],[88.36365046150844,27.167030948833713],[88.36363095079088,27.167145241453568],[88.36349199881116,27.1671264661882],[88.36351150952872,27.167012173549118]]]}},{"type":"Feature","properties":{"source":"Microsoft Global ML Building Footprints"},"geometry":{"type":"Polygon","coordinates":[[[88.36391910079406,27.16723850100383],[88.36393949053307,27.1671025153385],[88.3640185499257,27.167111898260195],[88.3639981601867,27.167247883914122],[88.36391910079406,27.16723850100383]]]}},{"type":"Feature","properties":{"source":"Microsoft Global ML Building Footprints"},"geometry":{"type":"Polygon","coordinates":[[[88.36484211033722,27.170868042450373],[88.36489056500025,27.170749069667814],[88.36497591888315,27.17077658336472],[88.36492746230682,27.17089556081568],[88.36484211033722,27.170868042450373]]]}},{"type":"Feature","properties":{"source":"Microsoft Global ML Building Footprints"},"geometry":{"type":"Polygon","coordinates":[[[88.36705446515532,27.166081695168323],[88.36709954347643,27.166178523216743],[88.3669873636576,27.166219868724426],[88.36694228256074,27.166123034749525],[88.36705446515532,27.166081695168323]]]}},{"type":"Feature","properties":{"source":"Microsoft Global ML Building Footprints"},"geometry":{"type":"Polygon","coordinates":[[[88.35349462679109,27.167946207567653],[88.35356963360205,27.167981978574147],[88.35353836151549,27.168033880789125],[88.35346335470449,27.167998109799264],[88.35349462679109,27.167946207567653]]]}},{"type":"Feature","properties":{"source":"Microsoft Global ML Building Footprints"},"geometry":{"type":"Polygon","coordinates":[[[88.35549339652061,27.161878345808717],[88.35553765296936,27.161917721662903],[88.35545316338539,27.161992893709574],[88.35540890693665,27.161953517881912],[88.35549339652061,27.161878345808717]]]}},{"type":"Feature","properties":{"source":"Microsoft Global ML Building Footprints"},"geometry":{"type":"Polygon","coordinates":[[[88.35845246262868,27.16608068170997],[88.35848076086323,27.166097032027885],[88.35842317767937,27.166175918563027],[88.35839487944482,27.16615956825668],[88.35845246262868,27.16608068170997]]]}},{"type":"Feature","properties":{"source":"Microsoft Global ML Building Footprints"},"geometry":{"type":"Polygon","coordinates":[[[88.35889567281211,27.160954603538904],[88.35888796537762,27.16077349394171],[88.35904866752337,27.160768080103054],[88.35905536082173,27.160925359514465],[88.35899375833253,27.160927434816422],[88.35899477246863,27.160951265010496],[88.35889567281211,27.160954603538904]]]}},{"type":"Feature","properties":{"source":"Microsoft Global ML Building Footprints"},"geometry":{"type":"Polygon","coordinates":[[[88.36124153787675,27.162970484165207],[88.36131331578093,27.162964445736442],[88.36131618177649,27.16299141324526],[88.3612444043431,27.16299745610253],[88.36124153787675,27.162970484165207]]]}},{"type":"Feature","properties":{"source":"Microsoft Global ML Building Footprints"},"geometry":{"type":"Polygon","coordinates":[[[88.36211833276545,27.165040191574597],[88.36212894808207,27.164968944708995],[88.36220538893755,27.164977959912527],[88.36221412420255,27.164919331368317],[88.36231955986527,27.16493176613715],[88.36231851163349,27.164938801563302],[88.36236068589857,27.164943775470128],[88.36236404924617,27.16492120166121],[88.3624367782649,27.164929774576883],[88.36243795598058,27.164921865916362],[88.36279380458673,27.1649638336373],[88.3627968209036,27.16494357830687],[88.36288117097153,27.164953521048858],[88.36285532776783,27.16512706456094],[88.36211833276545,27.165040191574597]]]}},{"type":"Feature","properties":{"source":"Microsoft Global ML Building Footprints"},"geometry":{"type":"Polygon","coordinates":[[[88.36589267650403,27.168282462156974],[88.36587540110928,27.168324579106198],[88.36576747397746,27.168289539540247],[88.36578474644823,27.1682474216285],[88.36589267650403,27.168282462156974]]]}},{"type":"Feature","properties":{"source":"Microsoft Global ML Building Footprints"},"geometry":{"type":"Polygon","coordinates":[[[88.36608591981027,27.16757720190693],[88.36612571155361,27.167593552403886],[88.36607874540157,27.16768402340366],[88.36597841614743,27.16764279796635],[88.36600905007205,27.167583796698857],[88.36606958375741,27.16760867009367],[88.36608591981027,27.16757720190693]]]}},{"type":"Feature","properties":{"source":"Microsoft Global ML Building Footprints"},"geometry":{"type":"Polygon","coordinates":[[[88.36901926353755,27.16033557523381],[88.3690249983622,27.16025119562436],[88.3691051711288,27.160255514108783],[88.36909943664219,27.160339888740694],[88.36901926353755,27.16033557523381]]]}},{"type":"Feature","properties":{"source":"Microsoft Global ML Building Footprints"},"geometry":{"type":"Polygon","coordinates":[[[88.3542596703135,27.166890193405358],[88.3543580004891,27.166920293038167],[88.35430965840864,27.167045295496052],[88.35421132611577,27.167015201371775],[88.3542596703135,27.166890193405358]]]}},{"type":"Feature","properties":{"source":"Microsoft Global ML Building Footprints"},"geometry":{"type":"Polygon","coordinates":[[[88.35453986766774,27.16629434595761],[88.35451852237661,27.166444671351975],[88.35443668003666,27.166435472797986],[88.35445802532779,27.166285147391235],[88.35453986766774,27.16629434595761]]]}},{"type":"Feature","properties":{"source":"Microsoft Global ML Building Footprints"},"geometry":{"type":"Polygon","coordinates":[[[88.35566354714625,27.172015404060218],[88.3556862002617,27.17205847129557],[88.35559264814374,27.172097411427636],[88.35556999780793,27.172054343050334],[88.35566354714625,27.172015404060218]]]}},{"type":"Feature","properties":{"source":"Microsoft Global ML Building Footprints"},"geometry":{"type":"Polygon","coordinates":[[[88.35786463440198,27.170869940942964],[88.35779087077306,27.1709306042806],[88.35770397109025,27.170846966228915],[88.35777773471918,27.170786302845826],[88.35786463440198,27.170869940942964]]]}},{"type":"Feature","properties":{"source":"Microsoft Global ML Building Footprints"},"geometry":{"type":"Polygon","coordinates":[[[88.36152116307935,27.16217383235464],[88.36140758590429,27.162193812120172],[88.36137951553756,27.162067497506946],[88.36149309271264,27.16204751771881],[88.36152116307935,27.16217383235464]]]}},{"type":"Feature","properties":{"source":"Microsoft Global ML Building Footprints"},"geometry":{"type":"Polygon","coordinates":[[[88.36280605845448,27.165990385308184],[88.36281654161706,27.165965203814586],[88.3628731491104,27.165983857295572],[88.36286266594782,27.16600903878497],[88.36280605845448,27.165990385308184]]]}},{"type":"Feature","properties":{"source":"Microsoft Global ML Building Footprints"},"geometry":{"type":"Polygon","coordinates":[[[88.36400180252005,27.166580094374154],[88.36398300034979,27.16672854720131],[88.36389294865009,27.166719519420553],[88.36391175082039,27.166571066581405],[88.36400180252005,27.166580094374154]]]}},{"type":"Feature","properties":{"source":"Microsoft Global ML Building Footprints"},"geometry":{"type":"Polygon","coordinates":[[[88.36420054075623,27.17215445152587],[88.36431145955441,27.17220682220384],[88.36424636771302,27.172315947976315],[88.36413544570053,27.172263582738424],[88.36420054075623,27.17215445152587]]]}},{"type":"Feature","properties":{"source":"Microsoft Global ML Building Footprints"},"geometry":{"type":"Polygon","coordinates":[[[88.36493905922657,27.172288762292546],[88.36486196950636,27.172295271044334],[88.36486878112751,27.17235912313061],[88.36474384261545,27.17236967179047],[88.36473324676038,27.17227034631655],[88.3649352749926,27.172253288893437],[88.36493905922657,27.172288762292546]]]}},{"type":"Feature","properties":{"source":"Microsoft Global ML Building Footprints"},"geometry":{"type":"Polygon","coordinates":[[[88.36500668963508,27.16664246356538],[88.36500320838843,27.166555693245563],[88.36518268727319,27.166549982429906],[88.36518616896764,27.16663676391569],[88.36500668963508,27.16664246356538]]]}},{"type":"Feature","properties":{"source":"Microsoft Global ML Building Footprints"},"geometry":{"type":"Polygon","coordinates":[[[88.3652450774116,27.17171949813911],[88.36516215648656,27.171830226598743],[88.36508784953548,27.171786184885747],[88.36521284973595,27.171619265756647],[88.365337313879,27.17169303572642],[88.36529523460356,27.17174922631505],[88.3652450774116,27.17171949813911]]]}},{"type":"Feature","properties":{"source":"Microsoft Global ML Building Footprints"},"geometry":{"type":"Polygon","coordinates":[[[88.3654830970438,27.167846962932302],[88.36545354397606,27.167970213547306],[88.36530474728212,27.167941973419033],[88.36533430034984,27.16781872277283],[88.3654830970438,27.167846962932302]]]}},{"type":"Feature","properties":{"source":"Microsoft Global ML Building Footprints"},"geometry":{"type":"Polygon","coordinates":[[[88.36763050186133,27.168431970480327],[88.36759763061093,27.168565084593382],[88.36745690358518,27.168537569989674],[88.36748977277139,27.168404464202993],[88.36763050186133,27.168431970480327]]]}},{"type":"Feature","properties":{"source":"Microsoft Global ML Building Footprints"},"geometry":{"type":"Polygon","coordinates":[[[88.36877777474875,27.167005275681113],[88.36876283031361,27.167066834242974],[88.36866801183474,27.167048614140242],[88.36868295626988,27.16698705556837],[88.36877777474875,27.167005275681113]]]}},{"type":"Feature","properties":{"source":"Microsoft Global ML Building Footprints"},"geometry":{"type":"Polygon","coordinates":[[[88.35941107181603,27.167288654431054],[88.35946586928767,27.16734161339712],[88.35943683218494,27.16736539487642],[88.35938203471326,27.16731243592163],[88.35941107181603,27.167288654431054]]]}},{"type":"Feature","properties":{"source":"Microsoft Global ML Building Footprints"},"geometry":{"type":"Polygon","coordinates":[[[88.35941731176678,27.164642115996585],[88.3595370541784,27.164704599188823],[88.3594989534006,27.164762395971316],[88.35937921464608,27.164699907263753],[88.35941731176678,27.164642115996585]]]}},{"type":"Feature","properties":{"source":"Microsoft Global ML Building Footprints"},"geometry":{"type":"Polygon","coordinates":[[[88.3574932308611,27.16653669394055],[88.3574850847563,27.166593033208628],[88.35740592837358,27.16658397389726],[88.35741407447837,27.166527634624593],[88.3574932308611,27.16653669394055]]]}},{"type":"Feature","properties":{"source":"Microsoft Global ML Building Footprints"},"geometry":{"type":"Polygon","coordinates":[[[88.36086137036405,27.163498214815185],[88.3608555884027,27.163637421353215],[88.36073237504874,27.163633370309498],[88.36073815732831,27.163494156104484],[88.36086137036405,27.163498214815185]]]}},{"type":"Feature","properties":{"source":"Microsoft Global ML Building Footprints"},"geometry":{"type":"Polygon","coordinates":[[[88.3632977576763,27.170487820649697],[88.36335582766144,27.170497861630736],[88.36334477628503,27.17054844780192],[88.36336286831478,27.170551576124296],[88.36334026322662,27.170655047763773],[88.36325375136607,27.17064008886988],[88.36327165940952,27.170558146802044],[88.36328199744119,27.17055993501154],[88.3632977576763,27.170487820649697]]]}},{"type":"Feature","properties":{"source":"Microsoft Global ML Building Footprints"},"geometry":{"type":"Polygon","coordinates":[[[88.36390695492902,27.166878142515607],[88.36387925664656,27.16700706729182],[88.36371976356222,27.166979954972625],[88.36374745205976,27.166851028501746],[88.36390695492902,27.166878142515607]]]}},{"type":"Feature","properties":{"source":"Microsoft Global ML Building Footprints"},"geometry":{"type":"Polygon","coordinates":[[[88.36522721463339,27.167553118364374],[88.36539598794603,27.167547874344642],[88.36539832695746,27.167607459018726],[88.36522955364477,27.167612703035672],[88.36522721463339,27.167553118364374]]]}},{"type":"Feature","properties":{"source":"Microsoft Global ML Building Footprints"},"geometry":{"type":"Polygon","coordinates":[[[88.36635590306042,27.16611717475284],[88.36635932329696,27.166026596583663],[88.36653079115547,27.166031721536562],[88.36652737091894,27.166122299701584],[88.36635590306042,27.16611717475284]]]}},{"type":"Feature","properties":{"source":"Microsoft Global ML Building Footprints"},"geometry":{"type":"Polygon","coordinates":[[[88.36669718026413,27.168037334478974],[88.36673598958689,27.1679705961661],[88.36678549137886,27.167993377672765],[88.36679534258543,27.167976434785736],[88.3669053744568,27.168027073182166],[88.36685671351277,27.16811076407331],[88.36669718026413,27.168037334478974]]]}},{"type":"Feature","properties":{"source":"Microsoft Global ML Building Footprints"},"geometry":{"type":"Polygon","coordinates":[[[88.36778688739561,27.16864167653057],[88.36778919013386,27.168715594135513],[88.3676670181859,27.168718606601445],[88.36766470963707,27.16864468914177],[88.36778688739561,27.16864167653057]]]}},{"type":"Feature","properties":{"source":"Microsoft Global ML Building Footprints"},"geometry":{"type":"Polygon","coordinates":[[[88.35457694881437,27.165869636223157],[88.35458547363886,27.165823146957862],[88.35454528446891,27.16581731360779],[88.35457170038144,27.165673195151882],[88.354700731387,27.165691923678807],[88.35466577960662,27.165882529767586],[88.35457694881437,27.165869636223157]]]}},{"type":"Feature","properties":{"source":"Microsoft Global ML Building Footprints"},"geometry":{"type":"Polygon","coordinates":[[[88.35686441527538,27.167776344272923],[88.35677559559728,27.16775749062674],[88.3568040613024,27.16765137731972],[88.3568928809805,27.167670230983845],[88.35686441527538,27.167776344272923]]]}},{"type":"Feature","properties":{"source":"Microsoft Global ML Building Footprints"},"geometry":{"type":"Polygon","coordinates":[[[88.35708717047478,27.165519420763502],[88.35705766849816,27.165545915034315],[88.35697563024041,27.165473600612295],[88.3570051332688,27.16544710725144],[88.35708717047478,27.165519420763502]]]}},{"type":"Feature","properties":{"source":"Microsoft Global ML Building Footprints"},"geometry":{"type":"Polygon","coordinates":[[[88.36434041337077,27.159741399218476],[88.36433206333474,27.15968996975301],[88.36438871635681,27.159682691738873],[88.36439706242989,27.159734121716795],[88.36434041337077,27.159741399218476]]]}},{"type":"Feature","properties":{"source":"Microsoft Global ML Building Footprints"},"geometry":{"type":"Polygon","coordinates":[[[88.36727488648735,27.167251245138345],[88.36738205764509,27.167254401597837],[88.3673799750219,27.16731048994317],[88.36727280361663,27.167307340151254],[88.36727488648735,27.167251245138345]]]}},{"type":"Feature","properties":{"source":"Microsoft Global ML Building Footprints"},"geometry":{"type":"Polygon","coordinates":[[[88.36846547706384,27.16645725283211],[88.36848106479374,27.166407416769054],[88.3686537384062,27.16645017757947],[88.36863815015974,27.166500002743525],[88.36846547706384,27.16645725283211]]]}},{"type":"Feature","properties":{"source":"Microsoft Global ML Building Footprints"},"geometry":{"type":"Polygon","coordinates":[[[88.35611345057963,27.166100975239324],[88.35620390143276,27.16603556844597],[88.3562892332475,27.166128974526437],[88.35619878239433,27.166194381265072],[88.35611345057963,27.166100975239324]]]}},{"type":"Feature","properties":{"source":"Microsoft Global ML Building Footprints"},"geometry":{"type":"Polygon","coordinates":[[[88.35655140347802,27.159121948215763],[88.35660232695118,27.159273026679422],[88.35649158757954,27.15930257583105],[88.35644066410639,27.159151497407358],[88.35655140347802,27.159121948215763]]]}},{"type":"Feature","properties":{"source":"Microsoft Global ML Building Footprints"},"geometry":{"type":"Polygon","coordinates":[[[88.3577125252344,27.162386766411814],[88.3576459250986,27.162396620163527],[88.35764397082554,27.162386164255437],[88.35756702087109,27.162397554095158],[88.35752403467544,27.162167662443267],[88.35753186459556,27.162166503485935],[88.35750928598773,27.162045752124413],[88.35761497290375,27.162030108699312],[88.35763667421598,27.162146217111875],[88.357611905362,27.162149883311486],[88.35763969441778,27.162298500214696],[88.35769450385853,27.16229038752256],[88.3577125252344,27.162386766411814]]]}},{"type":"Feature","properties":{"source":"Microsoft Global ML Building Footprints"},"geometry":{"type":"Polygon","coordinates":[[[88.35798415739892,27.159544834635376],[88.35793923574505,27.15956244675224],[88.3579065744832,27.159496498647535],[88.35795149613706,27.159478886520283],[88.35798415739892,27.159544834635376]]]}},{"type":"Feature","properties":{"source":"Microsoft Global ML Building Footprints"},"geometry":{"type":"Polygon","coordinates":[[[88.3587758133968,27.16377663633275],[88.35886117659196,27.16368336260254],[88.35893214292489,27.163734773639618],[88.35884677972973,27.163828047326845],[88.3587758133968,27.16377663633275]]]}},{"type":"Feature","properties":{"source":"Microsoft Global ML Building Footprints"},"geometry":{"type":"Polygon","coordinates":[[[88.36340970094068,27.165497752016776],[88.36343172664535,27.165424225518862],[88.36339666612082,27.16541591202398],[88.36342603372701,27.1653178766108],[88.36347612019058,27.165329753042293],[88.36350014823202,27.165249542194204],[88.36360282548236,27.165273888892337],[88.36352740413008,27.16552566158385],[88.36340970094068,27.165497752016776]]]}},{"type":"Feature","properties":{"source":"Microsoft Global ML Building Footprints"},"geometry":{"type":"Polygon","coordinates":[[[88.36504761008419,27.16570261703862],[88.36504733976282,27.165616709634698],[88.36511543596859,27.165616544265326],[88.36511595276575,27.16578499217067],[88.36486919142203,27.165785606786834],[88.36486895278348,27.165707823569633],[88.36474557208803,27.165708123195273],[88.36474533048828,27.165629374733058],[88.36491595007003,27.165628960389157],[88.36491618284674,27.165702936205015],[88.36504761008419,27.16570261703862]]]}},{"type":"Feature","properties":{"source":"Microsoft Global ML Building Footprints"},"geometry":{"type":"Polygon","coordinates":[[[88.36681824560732,27.16157396806998],[88.36692194887077,27.161614160584207],[88.36685615165194,27.16174854956583],[88.36675244838848,27.16170835710001],[88.36681824560732,27.16157396806998]]]}},{"type":"Feature","properties":{"source":"Microsoft Global ML Building Footprints"},"geometry":{"type":"Polygon","coordinates":[[[88.36749740437179,27.167043090640213],[88.36735716264312,27.167020499627434],[88.36737079925507,27.166953493406275],[88.3675110409837,27.166976084432626],[88.36749740437179,27.167043090640213]]]}},{"type":"Feature","properties":{"source":"Microsoft Global ML Building Footprints"},"geometry":{"type":"Polygon","coordinates":[[[88.35486539400186,27.16566169806027],[88.35495359936029,27.165700683122687],[88.35480231625512,27.165971655595662],[88.35471410843715,27.16593267503334],[88.35486539400186,27.16566169806027]]]}},{"type":"Feature","properties":{"source":"Microsoft Global ML Building Footprints"},"geometry":{"type":"Polygon","coordinates":[[[88.35562701885718,27.171821984343588],[88.35564048560197,27.17184414048593],[88.35568614401394,27.171822176111263],[88.35576470002528,27.17195142021272],[88.35554055873003,27.1720592451584],[88.35550015849563,27.17199277684626],[88.35543374625996,27.172024724977355],[88.35540681277037,27.171980412759957],[88.3554690742413,27.171950461375445],[88.35544438520917,27.171909841816486],[88.35562701885718,27.171821984343588]]]}},{"type":"Feature","properties":{"source":"Microsoft Global ML Building Footprints"},"geometry":{"type":"Polygon","coordinates":[[[88.35677372164812,27.15929984527191],[88.35678265680963,27.1591092590552],[88.35684691801139,27.1591116440527],[88.3568379828499,27.159302230265354],[88.35677372164812,27.15929984527191]]]}},{"type":"Feature","properties":{"source":"Microsoft Global ML Building Footprints"},"geometry":{"type":"Polygon","coordinates":[[[88.35859150794361,27.160084810884264],[88.35873275526878,27.160180199959612],[88.35864362825708,27.160284674659884],[88.35857385548205,27.160237554809484],[88.35859323091934,27.16021484291685],[88.35852175636927,27.160166573771335],[88.35859150794361,27.160084810884264]]]}},{"type":"Feature","properties":{"source":"Microsoft Global ML Building Footprints"},"geometry":{"type":"Polygon","coordinates":[[[88.36102429337753,27.168334150798678],[88.36116438909879,27.168305459794375],[88.361200753658,27.168445961663302],[88.36106065793673,27.168474652631502],[88.36102429337753,27.168334150798678]]]}},{"type":"Feature","properties":{"source":"Microsoft Global ML Building Footprints"},"geometry":{"type":"Polygon","coordinates":[[[88.363380094217,27.16682302195288],[88.36363657932871,27.166820163190707],[88.36363881784605,27.166979132335634],[88.36354227355885,27.166980214420448],[88.36354205080266,27.166964395317194],[88.36338212132269,27.166966177875857],[88.363380094217,27.16682302195288]]]}},{"type":"Feature","properties":{"source":"Microsoft Global ML Building Footprints"},"geometry":{"type":"Polygon","coordinates":[[[88.36669579019083,27.165938453639733],[88.36672101249808,27.166015433799608],[88.36661965472501,27.16604172061556],[88.36659443241777,27.165964740473825],[88.36669579019083,27.165938453639733]]]}},{"type":"Feature","properties":{"source":"Microsoft Global ML Building Footprints"},"geometry":{"type":"Polygon","coordinates":[[[88.36681210346484,27.16707270196634],[88.366736152455,27.167188326925555],[88.36653021165903,27.167081264158533],[88.36656993987958,27.167020783367583],[88.36655067725265,27.167010769264593],[88.36661961124531,27.166905814016957],[88.36671958555331,27.166957787912942],[88.3666740190158,27.167027165089287],[88.36673000462827,27.167056270442394],[88.36674285672862,27.167036702530318],[88.36681210346484,27.16707270196634]]]}},{"type":"Feature","properties":{"source":"Microsoft Global ML Building Footprints"},"geometry":{"type":"Polygon","coordinates":[[[88.36742902713847,27.166221003425733],[88.36747406817996,27.166006563507544],[88.36744296771356,27.166001392869],[88.36745120102223,27.165962194127957],[88.36755746094902,27.165979860481457],[88.36753033946168,27.166108985673688],[88.36755625651702,27.166113294534995],[88.36753010365423,27.166237807967],[88.36742902713847,27.166221003425733]]]}},{"type":"Feature","properties":{"source":"Microsoft Global ML Building Footprints"},"geometry":{"type":"Polygon","coordinates":[[[88.36865689403044,27.165726207355725],[88.36872973937191,27.165753568241826],[88.36867975698033,27.16585888400372],[88.36851357854503,27.1657964670314],[88.36857701773437,27.16566279693422],[88.36867035082815,27.165697853088226],[88.36865689403044,27.165726207355725]]]}},{"type":"Feature","properties":{"source":"Microsoft Global ML Building Footprints"},"geometry":{"type":"Polygon","coordinates":[[[88.35904043108552,27.16587658751442],[88.35910406110833,27.1658897219706],[88.35907126374802,27.166015488320028],[88.35900763470566,27.16600235011895],[88.35904043108552,27.16587658751442]]]}},{"type":"Feature","properties":{"source":"Microsoft Global ML Building Footprints"},"geometry":{"type":"Polygon","coordinates":[[[88.3602403798567,27.167201121723593],[88.3601393399864,27.16719271628051],[88.36015053647037,27.167086264057282],[88.36025157634069,27.16709466950838],[88.3602403798567,27.167201121723593]]]}},{"type":"Feature","properties":{"source":"Microsoft Global ML Building Footprints"},"geometry":{"type":"Polygon","coordinates":[[[88.3606979327769,27.16688480003647],[88.36063582512324,27.16700190130981],[88.36055605205817,27.166968406953487],[88.36061816724587,27.166851308808333],[88.3606979327769,27.16688480003647]]]}},{"type":"Feature","properties":{"source":"Microsoft Global ML Building Footprints"},"geometry":{"type":"Polygon","coordinates":[[[88.36286178940003,27.164694422193442],[88.3630636797965,27.16472165203838],[88.3630513580111,27.164793967128652],[88.36284946761467,27.164766737301363],[88.36286178940003,27.164694422193442]]]}},{"type":"Feature","properties":{"source":"Microsoft Global ML Building Footprints"},"geometry":{"type":"Polygon","coordinates":[[[88.36392728365153,27.17142144771084],[88.36402661799129,27.17147373624774],[88.36392905203637,27.171620433976173],[88.36382971769666,27.171568145507976],[88.36392728365153,27.17142144771084]]]}},{"type":"Feature","properties":{"source":"Microsoft Global ML Building Footprints"},"geometry":{"type":"Polygon","coordinates":[[[88.36425886599224,27.168489822592015],[88.36428892098625,27.168452781070428],[88.36431961875066,27.168472495777372],[88.3642895666921,27.16850953726599],[88.36425886599224,27.168489822592015]]]}},{"type":"Feature","properties":{"source":"Microsoft Global ML Building Footprints"},"geometry":{"type":"Polygon","coordinates":[[[88.36588535413529,27.168367832358918],[88.36585825322537,27.168432868306965],[88.36571440865191,27.168385424436252],[88.36574150956183,27.16832038846057],[88.36588535413529,27.168367832358918]]]}},{"type":"Feature","properties":{"source":"Microsoft Global ML Building Footprints"},"geometry":{"type":"Polygon","coordinates":[[[88.36627819044222,27.169961330641826],[88.36632905474183,27.16997401176534],[88.3663154277,27.170017284004416],[88.36626455931902,27.170004605035636],[88.36627819044222,27.169961330641826]]]}},{"type":"Feature","properties":{"source":"Microsoft Global ML Building Footprints"},"geometry":{"type":"Polygon","coordinates":[[[88.35546745549456,27.167569862894766],[88.35558299972024,27.167548149514047],[88.35559764330111,27.167609827591207],[88.35572602577408,27.167585701621007],[88.35574066935499,27.167647379677426],[88.35567391046905,27.16765992517565],[88.35568885148075,27.167722855954082],[88.35561695831333,27.167736370766832],[88.35562400882654,27.167766067152712],[88.35556238611161,27.167777651273532],[88.35553930798744,27.16768044742563],[88.35549565794666,27.167688650249126],[88.35546745549456,27.167569862894766]]]}},{"type":"Feature","properties":{"source":"Microsoft Global ML Building Footprints"},"geometry":{"type":"Polygon","coordinates":[[[88.36025379549463,27.169796108022588],[88.36034762960882,27.16977606763208],[88.36036493587669,27.169840203857873],[88.36027110325314,27.1698602497611],[88.36025379549463,27.169796108022588]]]}},{"type":"Feature","properties":{"source":"Microsoft Global ML Building Footprints"},"geometry":{"type":"Polygon","coordinates":[[[88.36048717347633,27.16706201759264],[88.36046227294409,27.167195743296816],[88.36033696588748,27.167177274644686],[88.36036186500564,27.16704355651261],[88.36048717347633,27.16706201759264]]]}},{"type":"Feature","properties":{"source":"Microsoft Global ML Building Footprints"},"geometry":{"type":"Polygon","coordinates":[[[88.36136955516129,27.16355832047484],[88.36145955671978,27.163574937383117],[88.36144301438003,27.16364586092982],[88.36135301282155,27.163629244032087],[88.36136955516129,27.16355832047484]]]}},{"type":"Feature","properties":{"source":"Microsoft Global ML Building Footprints"},"geometry":{"type":"Polygon","coordinates":[[[88.36143682933523,27.165970854028977],[88.36148903209511,27.165954084333848],[88.36151216491805,27.166011083970375],[88.36145996215818,27.166027853656978],[88.36143682933523,27.165970854028977]]]}},{"type":"Feature","properties":{"source":"Microsoft Global ML Building Footprints"},"geometry":{"type":"Polygon","coordinates":[[[88.36394449078409,27.165713394995613],[88.36388701404732,27.1658350867663],[88.36375479330104,27.1657856548946],[88.36381227003778,27.16566396307004],[88.36394449078409,27.165713394995613]]]}},{"type":"Feature","properties":{"source":"Microsoft Global ML Building Footprints"},"geometry":{"type":"Polygon","coordinates":[[[88.36497523302549,27.17119825900872],[88.3648761006007,27.171397925805508],[88.36479530429733,27.171366176461],[88.36489443672208,27.171166509607417],[88.36497523302549,27.17119825900872]]]}},{"type":"Feature","properties":{"source":"Microsoft Global ML Building Footprints"},"geometry":{"type":"Polygon","coordinates":[[[88.36598822255554,27.16834299516905],[88.3660847225951,27.168373747966548],[88.36606854096979,27.168413930435],[88.36597204373183,27.168383178541383],[88.36598822255554,27.16834299516905]]]}},{"type":"Feature","properties":{"source":"Microsoft Global ML Building Footprints"},"geometry":{"type":"Polygon","coordinates":[[[88.3689502865434,27.166227625364257],[88.3690105028258,27.166085557890973],[88.36909357004946,27.16611342698976],[88.36903334398268,27.16625549114493],[88.3689502865434,27.166227625364257]]]}},{"type":"Feature","properties":{"source":"Microsoft Global ML Building Footprints"},"geometry":{"type":"Polygon","coordinates":[[[88.35557845794516,27.166531244117543],[88.3557289682425,27.166279134741494],[88.35580978999475,27.166317322173455],[88.35575868015464,27.166402944044158],[88.35581516794336,27.16642963390484],[88.35572850343183,27.16657481863127],[88.35564481781887,27.16653527814605],[88.35563209578777,27.166556590720866],[88.35557845794516,27.166531244117543]]]}},{"type":"Feature","properties":{"source":"Microsoft Global ML Building Footprints"},"geometry":{"type":"Polygon","coordinates":[[[88.35711997065484,27.16764981310731],[88.3571336356786,27.167536576266173],[88.35706469293176,27.167529990989777],[88.35708205889942,27.16738608566328],[88.35718812466375,27.16739621687062],[88.35717559839202,27.167500017443217],[88.35725779935937,27.167507869120996],[88.35723929463973,27.16766121068858],[88.35711997065484,27.16764981310731]]]}},{"type":"Feature","properties":{"source":"Microsoft Global ML Building Footprints"},"geometry":{"type":"Polygon","coordinates":[[[88.35859640413562,27.169878380865704],[88.35865037528403,27.169778678808314],[88.35870360390201,27.169801484751297],[88.35864964057704,27.16990118682545],[88.35859640413562,27.169878380865704]]]}},{"type":"Feature","properties":{"source":"Microsoft Global ML Building Footprints"},"geometry":{"type":"Polygon","coordinates":[[[88.36152859226829,27.167489213114706],[88.36153021339564,27.16755361078374],[88.36148298157072,27.167554551903066],[88.3614813553799,27.167490154335468],[88.36152859226829,27.167489213114706]]]}},{"type":"Feature","properties":{"source":"Microsoft Global ML Building Footprints"},"geometry":{"type":"Polygon","coordinates":[[[88.36210143019207,27.165465888015675],[88.36216500609413,27.165236423986073],[88.36208914908705,27.165219787787827],[88.36212319304114,27.16509691298566],[88.36223192318636,27.16512075184601],[88.3621972541707,27.165245882654055],[88.36229991775353,27.165268397795927],[88.36223698199517,27.16549561581084],[88.36210143019207,27.165465888015675]]]}},{"type":"Feature","properties":{"source":"Microsoft Global ML Building Footprints"},"geometry":{"type":"Polygon","coordinates":[[[88.36336967574289,27.168076395671164],[88.36339280856582,27.16801939708907],[88.36343314706208,27.168032355250368],[88.3634437429861,27.16800624720461],[88.36363594835352,27.16806797843804],[88.36360221530957,27.168151095601033],[88.36336967574289,27.168076395671164]]]}},{"type":"Feature","properties":{"source":"Microsoft Global ML Building Footprints"},"geometry":{"type":"Polygon","coordinates":[[[88.36351203379847,27.165543388912482],[88.36356140611639,27.16573277206127],[88.36351268046614,27.16574282694834],[88.36355075809476,27.165761219021242],[88.36359922053123,27.16575121845188],[88.36362691335202,27.165764594504196],[88.36365677717795,27.165758431891028],[88.3637026143698,27.165780574801545],[88.36370982977998,27.165808251751884],[88.36364629185385,27.16591236181658],[88.36351164091546,27.165847323442883],[88.36354936235763,27.165785514952006],[88.3635458437408,27.16577201412686],[88.36352040364012,27.16581370440116],[88.3634495245658,27.1658283263816],[88.36338222255243,27.165570168353547],[88.36351203379847,27.165543388912482]]]}},{"type":"Feature","properties":{"source":"Microsoft Global ML Building Footprints"},"geometry":{"type":"Polygon","coordinates":[[[88.3667893943338,27.166621180460353],[88.36681426218712,27.166584362986967],[88.36687999936686,27.16661950815631],[88.36685512938567,27.166656324480492],[88.3667893943338,27.166621180460353]]]}},{"type":"Feature","properties":{"source":"Microsoft Global ML Building Footprints"},"geometry":{"type":"Polygon","coordinates":[[[88.36686571966668,27.16685540316589],[88.36688864240375,27.166812627428726],[88.36697387489878,27.166848780287047],[88.36695095216166,27.166891556010363],[88.36686571966668,27.16685540316589]]]}},{"type":"Feature","properties":{"source":"Microsoft Global ML Building Footprints"},"geometry":{"type":"Polygon","coordinates":[[[88.367907840091,27.160437922371443],[88.36771987317097,27.16049911576637],[88.36767528596788,27.16039067608095],[88.36760776920114,27.160412652247615],[88.36756494570423,27.160308521881298],[88.367711607071,27.160260775598523],[88.36774795983744,27.160349171667107],[88.36785677310955,27.160313747020552],[88.367907840091,27.160437922371443]]]}},{"type":"Feature","properties":{"source":"Microsoft Global ML Building Footprints"},"geometry":{"type":"Polygon","coordinates":[[[88.36827999755269,27.166417609761126],[88.36829675121726,27.166376495979563],[88.3683583873959,27.16639637660265],[88.36834163234911,27.16643749376891],[88.36827999755269,27.166417609761126]]]}},{"type":"Feature","properties":{"source":"Microsoft Global ML Building Footprints"},"geometry":{"type":"Polygon","coordinates":[[[88.36863136513963,27.16623526915008],[88.36866556956444,27.166145341346656],[88.36875220797273,27.16617142523647],[88.36871800354791,27.16626135301889],[88.36863136513963,27.16623526915008]]]}},{"type":"Feature","properties":{"source":"Microsoft Global ML Building Footprints"},"geometry":{"type":"Polygon","coordinates":[[[88.3546290393489,27.167021538302535],[88.35467454531353,27.16702335460598],[88.35467142297966,27.167085273917905],[88.35462591701503,27.16708345761547],[88.3546290393489,27.167021538302535]]]}},{"type":"Feature","properties":{"source":"Microsoft Global ML Building Footprints"},"geometry":{"type":"Polygon","coordinates":[[[88.35480688426917,27.161171120932245],[88.35480247294778,27.161301233387434],[88.35468862276146,27.161298177795686],[88.35469304454928,27.161168058528965],[88.35480688426917,27.161171120932245]]]}},{"type":"Feature","properties":{"source":"Microsoft Global ML Building Footprints"},"geometry":{"type":"Polygon","coordinates":[[[88.35671465465475,27.168391133325365],[88.35659443932886,27.168411261636166],[88.35656958454855,27.16829372305991],[88.35648514483309,27.168307861276922],[88.35646125617001,27.168194933390943],[88.3566659022811,27.16816066830257],[88.35671465465475,27.168391133325365]]]}},{"type":"Feature","properties":{"source":"Microsoft Global ML Building Footprints"},"geometry":{"type":"Polygon","coordinates":[[[88.3576485290805,27.16947786647956],[88.35766015590573,27.16950493495729],[88.3575829215495,27.169531192586895],[88.3575261285643,27.169398972484977],[88.35764915702025,27.16935715368595],[88.3576943130912,27.169462301125378],[88.3576485290805,27.16947786647956]]]}},{"type":"Feature","properties":{"source":"Microsoft Global ML Building Footprints"},"geometry":{"type":"Polygon","coordinates":[[[88.35931242233137,27.16008845534654],[88.35943833258051,27.160084542879787],[88.35944160719649,27.160167966990528],[88.35931569694735,27.160171879454353],[88.35931242233137,27.16008845534654]]]}},{"type":"Feature","properties":{"source":"Microsoft Global ML Building Footprints"},"geometry":{"type":"Polygon","coordinates":[[[88.36425499079515,27.16548315796102],[88.36433218217736,27.165517558702838],[88.36430855300154,27.16555952766828],[88.36436215812807,27.165583417057107],[88.36432778841784,27.16564446278379],[88.36419699190918,27.165586172697928],[88.36425499079515,27.16548315796102]]]}},{"type":"Feature","properties":{"source":"Microsoft Global ML Building Footprints"},"geometry":{"type":"Polygon","coordinates":[[[88.36450975442739,27.1679450809294],[88.36458434692616,27.16797973470762],[88.36451061183065,27.168105360315003],[88.36443601156681,27.1680707029683],[88.36450975442739,27.1679450809294]]]}},{"type":"Feature","properties":{"source":"Microsoft Global ML Building Footprints"},"geometry":{"type":"Polygon","coordinates":[[[88.36620720156387,27.168047279641932],[88.36616825600997,27.16812356022229],[88.36607042121814,27.168084030028318],[88.36610936935034,27.168007744370996],[88.36620720156387,27.168047279641932]]]}},{"type":"Feature","properties":{"source":"Microsoft Global ML Building Footprints"},"geometry":{"type":"Polygon","coordinates":[[[88.35700454168737,27.167915563476946],[88.35722662739956,27.16790584194871],[88.35723742283741,27.168101044755105],[88.35701533712523,27.16811076626633],[88.35700454168737,27.167915563476946]]]}},{"type":"Feature","properties":{"source":"Microsoft Global ML Building Footprints"},"geometry":{"type":"Polygon","coordinates":[[[88.3592160573291,27.164778173680887],[88.35925002887033,27.164740159060464],[88.35937163815466,27.16482618230657],[88.35933766661338,27.164864196897717],[88.3592160573291,27.164778173680887]]]}},{"type":"Feature","properties":{"source":"Microsoft Global ML Building Footprints"},"geometry":{"type":"Polygon","coordinates":[[[88.35944317861201,27.167559528200925],[88.35944098773217,27.167496233282492],[88.35950529962062,27.167494467285074],[88.35950719758952,27.167549299956832],[88.35953131454768,27.167548637708123],[88.35953395520005,27.167624926598407],[88.35949376026979,27.167626030345517],[88.35949141263218,27.167558206704157],[88.35944317861201,27.167559528200925]]]}},{"type":"Feature","properties":{"source":"Microsoft Global ML Building Footprints"},"geometry":{"type":"Polygon","coordinates":[[[88.36190865179498,27.16648264978611],[88.36194494864567,27.16643742351841],[88.36198403280937,27.166462249581272],[88.36194773466504,27.166507477450814],[88.36190865179498,27.16648264978611]]]}},{"type":"Feature","properties":{"source":"Microsoft Global ML Building Footprints"},"geometry":{"type":"Polygon","coordinates":[[[88.36203735801638,27.16633612016365],[88.36207203730395,27.16636049556879],[88.36201512745839,27.16642457805016],[88.36198044935148,27.16640020132955],[88.36203735801638,27.16633612016365]]]}},{"type":"Feature","properties":{"source":"Microsoft Global ML Building Footprints"},"geometry":{"type":"Polygon","coordinates":[[[88.36894797242958,27.170366915882298],[88.36891772910013,27.17042928344521],[88.36885093972718,27.170403653458408],[88.36888117891985,27.170341284293706],[88.36894797242958,27.170366915882298]]]}},{"type":"Feature","properties":{"source":"Microsoft Global ML Building Footprints"},"geometry":{"type":"Polygon","coordinates":[[[88.36957252658193,27.163673941039654],[88.36970881121943,27.163750369264854],[88.36959563947981,27.16391009510508],[88.36945935914527,27.163833660916197],[88.36957252658193,27.163673941039654]]]}},{"type":"Feature","properties":{"source":"Microsoft Global ML Building Footprints"},"geometry":{"type":"Polygon","coordinates":[[[88.35515467302692,27.165080203989724],[88.35513814481533,27.165159970837273],[88.35503283208666,27.165142697909104],[88.3550493676814,27.16506292570292],[88.35515467302692,27.165080203989724]]]}},{"type":"Feature","properties":{"source":"Microsoft Global ML Building Footprints"},"geometry":{"type":"Polygon","coordinates":[[[88.35604766101811,27.15941930309441],[88.35611462184411,27.159407173223727],[88.35612119792204,27.159435901426605],[88.3560542380125,27.159448035297878],[88.35604766101811,27.15941930309441]]]}},{"type":"Feature","properties":{"source":"Microsoft Global ML Building Footprints"},"geometry":{"type":"Polygon","coordinates":[[[88.3589710296787,27.16651100767003],[88.35900182513424,27.16649817530717],[88.3589781293589,27.166453163955616],[88.35903972026992,27.16642749921511],[88.35905929504088,27.166464682515382],[88.35903729828694,27.166473848491776],[88.35907541757766,27.166546258035027],[88.35900502796504,27.166575589135334],[88.3589710296787,27.16651100767003]]]}},{"type":"Feature","properties":{"source":"Microsoft Global ML Building Footprints"},"geometry":{"type":"Polygon","coordinates":[[[88.36880682015722,27.163713819545038],[88.36882243057374,27.1636277651292],[88.36887043587804,27.163634658375145],[88.36893427283016,27.163758760345836],[88.36892767249697,27.163795161276795],[88.36894242944906,27.16382384505482],[88.36892342094146,27.16392863168936],[88.36888306428204,27.163922836753798],[88.3688701848277,27.163993867011136],[88.36879696310237,27.164023685901718],[88.36876905903735,27.163969439261756],[88.36880030941464,27.163956714766762],[88.36880833052038,27.16391249750103],[88.36879246649417,27.163881661875536],[88.36880288935986,27.163824204590448],[88.3687192367172,27.163812197850312],[88.36873885313334,27.16370405993427],[88.36880682015722,27.163713819545038]]]}},{"type":"Feature","properties":{"source":"Microsoft Global ML Building Footprints"},"geometry":{"type":"Polygon","coordinates":[[[88.3689952599647,27.167442240513196],[88.36896613446334,27.16752613677729],[88.36869341507206,27.167451180400334],[88.36871232568794,27.16739672051562],[88.36878915519608,27.167417836967033],[88.368799370127,27.167388412746895],[88.3689952599647,27.167442240513196]]]}},{"type":"Feature","properties":{"source":"Microsoft Global ML Building Footprints"},"geometry":{"type":"Polygon","coordinates":[[[88.35736524815574,27.16767973710222],[88.35735138670952,27.167889002982534],[88.35720600295672,27.167881371618947],[88.35721988080834,27.167672106585464],[88.35736524815574,27.16767973710222]]]}},{"type":"Feature","properties":{"source":"Microsoft Global ML Building Footprints"},"geometry":{"type":"Polygon","coordinates":[[[88.3585911882918,27.169747253890584],[88.35863980839031,27.169767249749768],[88.35854636992394,27.16994710062049],[88.3584680207579,27.16991488309504],[88.35851910236333,27.169816575835277],[88.3585488237625,27.169828797418646],[88.3585911882918,27.169747253890584]]]}},{"type":"Feature","properties":{"source":"Microsoft Global ML Building Footprints"},"geometry":{"type":"Polygon","coordinates":[[[88.3593666087974,27.163451255130525],[88.35931613632,27.163491591102066],[88.35923346440684,27.16340970413578],[88.35928393688424,27.16336936813464],[88.3593666087974,27.163451255130525]]]}},{"type":"Feature","properties":{"source":"Microsoft Global ML Building Footprints"},"geometry":{"type":"Polygon","coordinates":[[[88.36195143579724,27.16544815928637],[88.36187500404208,27.16545240457141],[88.36188016907492,27.165526094185914],[88.36187378093858,27.165526449004943],[88.36187895174584,27.16560013824983],[88.36180681326266,27.165604145066176],[88.36180914846592,27.165637424062865],[88.36173166639136,27.165641727678988],[88.36173316759346,27.165663121313642],[88.36163965474486,27.165668315331907],[88.36161807184696,27.165360737024145],[88.36194403233796,27.165342652327894],[88.36195143579724,27.16544815928637]]]}},{"type":"Feature","properties":{"source":"Microsoft Global ML Building Footprints"},"geometry":{"type":"Polygon","coordinates":[[[88.36516116072093,27.167732962256032],[88.36502976059467,27.16773467227668],[88.36502817552432,27.167638266157013],[88.36507376327657,27.167637670046012],[88.36507185727537,27.167521744365345],[88.36516035123793,27.1675205927166],[88.36516211641006,27.167627952978847],[88.36515943477482,27.167627987877253],[88.36516116072093,27.167732962256032]]]}},{"type":"Feature","properties":{"source":"Microsoft Global ML Building Footprints"},"geometry":{"type":"Polygon","coordinates":[[[88.36614678283749,27.163392901806404],[88.36596757214437,27.16349646081035],[88.36590263506997,27.163407507202763],[88.36608184576309,27.163303948116294],[88.36614678283749,27.163392901806404]]]}},{"type":"Feature","properties":{"source":"Microsoft Global ML Building Footprints"},"geometry":{"type":"Polygon","coordinates":[[[88.35481451717116,27.160967931388072],[88.35481767330744,27.161027459789167],[88.35472668068135,27.16103127880502],[88.35472352454508,27.160971750405935],[88.35481451717116,27.160967931388072]]]}},{"type":"Feature","properties":{"source":"Microsoft Global ML Building Footprints"},"geometry":{"type":"Polygon","coordinates":[[[88.35606084434754,27.163212290865374],[88.35591007572415,27.163106756720516],[88.3559758420826,27.163032376442914],[88.35598744006344,27.163040494016904],[88.35606694773817,27.16295057255889],[88.35608263179863,27.162961550039768],[88.35620255160283,27.16282593528034],[88.3563260367228,27.16291236421236],[88.35606084434754,27.163212290865374]]]}},{"type":"Feature","properties":{"source":"Microsoft Global ML Building Footprints"},"geometry":{"type":"Polygon","coordinates":[[[88.35822815227455,27.16543359670289],[88.3583874923263,27.165463223379206],[88.35837138485327,27.165531818613665],[88.35821204480152,27.165502191955575],[88.35822815227455,27.16543359670289]]]}},{"type":"Feature","properties":{"source":"Microsoft Global ML Building Footprints"},"geometry":{"type":"Polygon","coordinates":[[[88.35835264186542,27.166768442908328],[88.35837044037764,27.166721258218402],[88.35842588656485,27.166737813001305],[88.35840808805258,27.16678499768424],[88.35835264186542,27.166768442908328]]]}},{"type":"Feature","properties":{"source":"Microsoft Global ML Building Footprints"},"geometry":{"type":"Polygon","coordinates":[[[88.35910781728398,27.16131577694157],[88.35917851015857,27.161127926609176],[88.35930874858042,27.16116672513278],[88.35924693573585,27.161330978753206],[88.3591818178971,27.16131157587545],[88.35917293512274,27.1613351798186],[88.35910781728398,27.16131577694157]]]}},{"type":"Feature","properties":{"source":"Microsoft Global ML Building Footprints"},"geometry":{"type":"Polygon","coordinates":[[[88.36016213437841,27.17151433051886],[88.36023721032072,27.171532224923894],[88.36022312675072,27.171578978484426],[88.36014805080842,27.171561084086875],[88.36016213437841,27.17151433051886]]]}},{"type":"Feature","properties":{"source":"Microsoft Global ML Building Footprints"},"geometry":{"type":"Polygon","coordinates":[[[88.36115707940014,27.165482236219376],[88.36130264217293,27.1652465185989],[88.3614579824543,27.165322450199938],[88.36138485083629,27.165440861056453],[88.36143348596913,27.16546463730009],[88.36141990292576,27.16548663303022],[88.3616040666056,27.165576665012622],[88.36154520099188,27.165671976900768],[88.36115707940014,27.165482236219376]]]}},{"type":"Feature","properties":{"source":"Microsoft Global ML Building Footprints"},"geometry":{"type":"Polygon","coordinates":[[[88.36494439552442,27.165913341788638],[88.36486779331383,27.16591649468085],[88.36486499972376,27.165862689005813],[88.36500851019275,27.165856791150752],[88.36501353631995,27.165953449928303],[88.36494662430154,27.16595620397814],[88.36494439552442,27.165913341788638]]]}},{"type":"Feature","properties":{"source":"Microsoft Global ML Building Footprints"},"geometry":{"type":"Polygon","coordinates":[[[88.35492534007221,27.16488647588649],[88.35483952569733,27.164885423205845],[88.35484011729278,27.164847248831457],[88.35492593166767,27.16484830151245],[88.35492534007221,27.16488647588649]]]}},{"type":"Feature","properties":{"source":"Microsoft Global ML Building Footprints"},"geometry":{"type":"Polygon","coordinates":[[[88.35587479494218,27.165757909466933],[88.35579598677583,27.165989646472724],[88.35571489711133,27.165967818326642],[88.35579370527768,27.165736081275547],[88.35587479494218,27.165757909466933]]]}},{"type":"Feature","properties":{"source":"Microsoft Global ML Building Footprints"},"geometry":{"type":"Polygon","coordinates":[[[88.36157795507542,27.165712864703245],[88.36154254385794,27.1658179646775],[88.36151793321338,27.165811401142378],[88.36149137480022,27.165890226062793],[88.361388010093,27.165862659230513],[88.36139804369014,27.16583287968332],[88.36133897700608,27.165817130575206],[88.36139091417661,27.165662981779683],[88.36157795507542,27.165712864703245]]]}},{"type":"Feature","properties":{"source":"Microsoft Global ML Building Footprints"},"geometry":{"type":"Polygon","coordinates":[[[88.36260642048532,27.168163465886835],[88.36274997272454,27.168047032136734],[88.36282208080685,27.16811740529252],[88.36267852856763,27.168233838969215],[88.36260642048532,27.168163465886835]]]}},{"type":"Feature","properties":{"source":"Microsoft Global ML Building Footprints"},"geometry":{"type":"Polygon","coordinates":[[[88.36422410296638,27.160687524120036],[88.36430309933634,27.160697111626],[88.36429735226936,27.160734597175924],[88.36421835589935,27.16072500967318],[88.36422410296638,27.160687524120036]]]}},{"type":"Feature","properties":{"source":"Microsoft Global ML Building Footprints"},"geometry":{"type":"Polygon","coordinates":[[[88.36458598746799,27.171767061991915],[88.36458840992665,27.17170126634953],[88.36469425322926,27.171704350624424],[88.36469183618314,27.171770139832056],[88.36458598746799,27.171767061991915]]]}},{"type":"Feature","properties":{"source":"Microsoft Global ML Building Footprints"},"geometry":{"type":"Polygon","coordinates":[[[88.36876039383684,27.171374646909683],[88.3690553886495,27.171548958142047],[88.3689113523516,27.171741864671347],[88.36878294097339,27.17166597908046],[88.36882126372129,27.171614653763612],[88.36865469753037,27.171516220200495],[88.36876039383684,27.171374646909683]]]}},{"type":"Feature","properties":{"source":"Microsoft Global ML Building Footprints"},"geometry":{"type":"Polygon","coordinates":[[[88.3690814812979,27.159651232132532],[88.36900444427805,27.159657981829568],[88.36899555015674,27.15957762131915],[88.36907258717657,27.15957087161724],[88.3690814812979,27.159651232132532]]]}},{"type":"Feature","properties":{"source":"Microsoft Global ML Building Footprints"},"geometry":{"type":"Polygon","coordinates":[[[88.3534839117926,27.162075236888654],[88.35355878694196,27.162156953501935],[88.35348788867786,27.162208377737123],[88.3534130135285,27.16212666116148],[88.3534839117926,27.162075236888654]]]}},{"type":"Feature","properties":{"source":"Microsoft Global ML Building Footprints"},"geometry":{"type":"Polygon","coordinates":[[[88.358131600717,27.165703882464648],[88.35808883366829,27.16575852063638],[88.357812476868,27.165587298252824],[88.35785524391667,27.165532659997318],[88.358131600717,27.165703882464648]]]}},{"type":"Feature","properties":{"source":"Microsoft Global ML Building Footprints"},"geometry":{"type":"Polygon","coordinates":[[[88.35878063999895,27.164650107644256],[88.35867077792132,27.16464703603875],[88.35867271464063,27.164592203970514],[88.35878257671826,27.16459527557751],[88.35878063999895,27.164650107644256]]]}},{"type":"Feature","properties":{"source":"Microsoft Global ML Building Footprints"},"geometry":{"type":"Polygon","coordinates":[[[88.36067522046324,27.165469436258007],[88.36085880784097,27.165627582317782],[88.36062636394772,27.16584118746325],[88.36058535911255,27.165805867669093],[88.36055989051468,27.165829270418733],[88.360523364776,27.165797808722097],[88.36055955564359,27.165764551009083],[88.3604534850954,27.16567318633411],[88.36067522046324,27.165469436258007]]]}},{"type":"Feature","properties":{"source":"Microsoft Global ML Building Footprints"},"geometry":{"type":"Polygon","coordinates":[[[88.36145970538178,27.167325105976204],[88.36146993882483,27.1672740122901],[88.3614157839014,27.167168800311664],[88.36145892816353,27.16715122263453],[88.36148971475843,27.167156103328757],[88.36146707077403,27.167112110647913],[88.36151585006088,27.167092237159366],[88.36149779485068,27.167057159519807],[88.36145829941931,27.167050898181223],[88.36145249727723,27.16707986726302],[88.36139992782515,27.167101284929835],[88.3613978461743,27.167111678245163],[88.36133293828767,27.167138122786767],[88.36125780196011,27.166992148012156],[88.36147157754267,27.166905052182877],[88.36147756479384,27.16690600136247],[88.36148547772711,27.166866477881968],[88.36155692784405,27.167005291251364],[88.36154505829914,27.16706457711728],[88.36151136237426,27.16707830749656],[88.3615395004317,27.16713297406377],[88.36157061034388,27.167137906015284],[88.361563895775,27.167171443830377],[88.36155113106643,27.167176645175346],[88.36151855085586,27.16733931219396],[88.36144955747478,27.167367421175747],[88.36138193275372,27.167705190835797],[88.3613197849927,27.16773051072233],[88.3612934173892,27.167726330606],[88.36115150704013,27.167450670758683],[88.36145970538178,27.167325105976204]]]}},{"type":"Feature","properties":{"source":"Microsoft Global ML Building Footprints"},"geometry":{"type":"Polygon","coordinates":[[[88.36281069458764,27.166971124842178],[88.3628126885587,27.16702834119223],[88.36265191057566,27.167032776178942],[88.36264991660464,27.166975559831172],[88.36281069458764,27.166971124842178]]]}},{"type":"Feature","properties":{"source":"Microsoft Global ML Building Footprints"},"geometry":{"type":"Polygon","coordinates":[[[88.36405079983358,27.16132550524371],[88.36403152997458,27.161389182350113],[88.36399901759411,27.16138139585479],[88.36401828802433,27.16131771685623],[88.36405079983358,27.16132550524371]]]}},{"type":"Feature","properties":{"source":"Microsoft Global ML Building Footprints"},"geometry":{"type":"Polygon","coordinates":[[[88.36915624985484,27.166399909025827],[88.36911814415708,27.166535783375124],[88.36893473356653,27.16649506898176],[88.36897285234227,27.16635918606626],[88.36915624985484,27.166399909025827]]]}},{"type":"Feature","properties":{"source":"Microsoft Global ML Building Footprints"},"geometry":{"type":"Polygon","coordinates":[[[88.35678628258778,27.163040414000996],[88.35670355795288,27.16315156619123],[88.3566084614313,27.163095541574805],[88.35669118606624,27.162984389328763],[88.35678628258778,27.163040414000996]]]}},{"type":"Feature","properties":{"source":"Microsoft Global ML Building Footprints"},"geometry":{"type":"Polygon","coordinates":[[[88.35726207695168,27.1613196737164],[88.35725551549159,27.16142913799648],[88.35717664474626,27.161425395557472],[88.35718321479277,27.161315931681152],[88.35726207695168,27.1613196737164]]]}},{"type":"Feature","properties":{"source":"Microsoft Global ML Building Footprints"},"geometry":{"type":"Polygon","coordinates":[[[88.35744411748497,27.16792107890658],[88.35744976113045,27.168076024728535],[88.35732544450613,27.16807960872974],[88.35731981303721,27.16792466256171],[88.35744411748497,27.16792107890658]]]}},{"type":"Feature","properties":{"source":"Microsoft Global ML Building Footprints"},"geometry":{"type":"Polygon","coordinates":[[[88.35816271384267,27.158630287348792],[88.3582407043486,27.158687726883755],[88.35816887941385,27.158764930535902],[88.35809089158897,27.158707488158804],[88.35816271384267,27.158630287348792]]]}},{"type":"Feature","properties":{"source":"Microsoft Global ML Building Footprints"},"geometry":{"type":"Polygon","coordinates":[[[88.35909885241169,27.16617495126045],[88.35896317804183,27.166131958463787],[88.35899454595962,27.166053604352015],[88.35913022032943,27.16609659717882],[88.35909885241169,27.16617495126045]]]}},{"type":"Feature","properties":{"source":"Microsoft Global ML Building Footprints"},"geometry":{"type":"Polygon","coordinates":[[[88.35980790068423,27.1699016531338],[88.35977797740098,27.170033633322596],[88.3595949857601,27.17000079540339],[88.35960902227214,27.169938885704063],[88.35957100070624,27.16993206271468],[88.35955256233329,27.1698803237052],[88.35955151941282,27.169884923633006],[88.35951443768397,27.1697808703531],[88.35960705201198,27.169754747070165],[88.35963705046977,27.16983892434638],[88.35962850169142,27.169876629783992],[88.35966631614318,27.169883413255455],[88.35968260102966,27.16992910947274],[88.35972957801972,27.169915858914976],[88.35973573398773,27.16988870727218],[88.35980790068423,27.1699016531338]]]}},{"type":"Feature","properties":{"source":"Microsoft Global ML Building Footprints"},"geometry":{"type":"Polygon","coordinates":[[[88.3626112219613,27.16835334745874],[88.36266293409085,27.168336065979034],[88.36269471983591,27.168411349596603],[88.36264300770642,27.16842863106468],[88.3626112219613,27.16835334745874]]]}},{"type":"Feature","properties":{"source":"Microsoft Global ML Building Footprints"},"geometry":{"type":"Polygon","coordinates":[[[88.3627438437427,27.166776895455264],[88.36279098665044,27.166774347457135],[88.36279676553733,27.16685907621372],[88.36270152663073,27.166864217788756],[88.3626960068503,27.166783381235767],[88.36267997270356,27.16678424685707],[88.36267542700203,27.166717675534706],[88.36273956358883,27.166714213047435],[88.3627438437427,27.166776895455264]]]}},{"type":"Feature","properties":{"source":"Microsoft Global ML Building Footprints"},"geometry":{"type":"Polygon","coordinates":[[[88.35605846776772,27.165530532665443],[88.35601329709924,27.165592953060973],[88.35595072228688,27.16555710977166],[88.35599589295536,27.16549468935608],[88.35605846776772,27.165530532665443]]]}},{"type":"Feature","properties":{"source":"Microsoft Global ML Building Footprints"},"geometry":{"type":"Polygon","coordinates":[[[88.35699238263186,27.158361841751415],[88.35709526531222,27.158293078046277],[88.35712809415519,27.158331965877544],[88.35702520801706,27.15840072546282],[88.35699238263186,27.158361841751415]]]}},{"type":"Feature","properties":{"source":"Microsoft Global ML Building Footprints"},"geometry":{"type":"Polygon","coordinates":[[[88.35953571947861,27.158561014879048],[88.35959806270245,27.158683948080487],[88.35950223748935,27.158722418938517],[88.35943989426553,27.15859948577944],[88.35953571947861,27.158561014879048]]]}},{"type":"Feature","properties":{"source":"Microsoft Global ML Building Footprints"},"geometry":{"type":"Polygon","coordinates":[[[88.35990372282713,27.165467556857415],[88.35995031207811,27.16543938484714],[88.36002761872747,27.165540591372995],[88.35998103492234,27.165568760064666],[88.35990372282713,27.165467556857415]]]}},{"type":"Feature","properties":{"source":"Microsoft Global ML Building Footprints"},"geometry":{"type":"Polygon","coordinates":[[[88.3623913373443,27.16465314146089],[88.36239673082137,27.164572290107188],[88.36243837599612,27.164574489142083],[88.36243710843395,27.164593513073626],[88.36249168235717,27.164596394798572],[88.36248755793349,27.164658222296254],[88.3623913373443,27.16465314146089]]]}},{"type":"Feature","properties":{"source":"Microsoft Global ML Building Footprints"},"geometry":{"type":"Polygon","coordinates":[[[88.36280226802,27.161293437070967],[88.3627520407465,27.161329615075132],[88.3627197246951,27.161294102091823],[88.36276995024937,27.16125792218687],[88.36280226802,27.161293437070967]]]}},{"type":"Feature","properties":{"source":"Microsoft Global ML Building Footprints"},"geometry":{"type":"Polygon","coordinates":[[[88.36719972280615,27.16321005870188],[88.36708300495975,27.163255912423004],[88.3670334493286,27.163156061458302],[88.36715016717494,27.1631102076962],[88.36719972280615,27.16321005870188]]]}},{"type":"Feature","properties":{"source":"Microsoft Global ML Building Footprints"},"geometry":{"type":"Polygon","coordinates":[[[88.35409750038318,27.162258236883424],[88.35411062781988,27.16233032310528],[88.35403095402135,27.16234180852311],[88.35404323969567,27.16240924322676],[88.35391904772987,27.162427146170963],[88.35388601740524,27.16224576800385],[88.35404417185866,27.162222969145667],[88.35405179744961,27.162264825217953],[88.35409750038318,27.162258236883424]]]}},{"type":"Feature","properties":{"source":"Microsoft Global ML Building Footprints"},"geometry":{"type":"Polygon","coordinates":[[[88.35426967533219,27.167484364924825],[88.3543269044117,27.16749334494972],[88.35429525979086,27.167653033773526],[88.35419380824082,27.167637114660813],[88.35421582189012,27.167526026791705],[88.35426004436066,27.167532965899305],[88.35426967533219,27.167484364924825]]]}},{"type":"Feature","properties":{"source":"Microsoft Global ML Building Footprints"},"geometry":{"type":"Polygon","coordinates":[[[88.35928536852461,27.1640191974561],[88.35930942334547,27.163865766940695],[88.35946991543081,27.16388568445837],[88.35944585907306,27.16403912474931],[88.35928536852461,27.1640191974561]]]}},{"type":"Feature","properties":{"source":"Microsoft Global ML Building Footprints"},"geometry":{"type":"Polygon","coordinates":[[[88.35992337429359,27.172823811305406],[88.35982921929012,27.17286093851432],[88.35980338446612,27.172809084982596],[88.35989753946954,27.17277195775643],[88.35992337429359,27.172823811305406]]]}},{"type":"Feature","properties":{"source":"Microsoft Global ML Building Footprints"},"geometry":{"type":"Polygon","coordinates":[[[88.36272719996262,27.167324788429156],[88.36262801788216,27.167429157023932],[88.36254570700373,27.167367243608595],[88.36264488429606,27.167262871354353],[88.36272719996262,27.167324788429156]]]}},{"type":"Feature","properties":{"source":"Microsoft Global ML Building Footprints"},"geometry":{"type":"Polygon","coordinates":[[[88.36687238812299,27.16545786827644],[88.3667649373055,27.165544554210527],[88.36667017301609,27.165451575260775],[88.36677762383357,27.165364889254505],[88.36687238812299,27.16545786827644]]]}},{"type":"Feature","properties":{"source":"Microsoft Global ML Building Footprints"},"geometry":{"type":"Polygon","coordinates":[[[88.35579037854235,27.159136397777644],[88.35582117134618,27.158976423121807],[88.35595406608658,27.158996673590032],[88.35595718999424,27.15898044426727],[88.35609008473466,27.15900069473477],[88.35606420092851,27.159135166170728],[88.35592870040887,27.159114518660054],[88.35592066750353,27.159156251149454],[88.35579037854235,27.159136397777644]]]}},{"type":"Feature","properties":{"source":"Microsoft Global ML Building Footprints"},"geometry":{"type":"Polygon","coordinates":[[[88.35643236589706,27.166010515810285],[88.35631556587796,27.166052407830506],[88.35627606610367,27.16596523502782],[88.35639285738895,27.165923338835015],[88.35643236589706,27.166010515810285]]]}},{"type":"Feature","properties":{"source":"Microsoft Global ML Building Footprints"},"geometry":{"type":"Polygon","coordinates":[[[88.36021826189065,27.164356432136792],[88.36037549243703,27.164390023683325],[88.3603602682357,27.164446430146157],[88.3602030376893,27.164412838616585],[88.36021826189065,27.164356432136792]]]}},{"type":"Feature","properties":{"source":"Microsoft Global ML Building Footprints"},"geometry":{"type":"Polygon","coordinates":[[[88.3661505328689,27.166011725759567],[88.36633007976289,27.166006940696562],[88.36633304990443,27.16609515562591],[88.36615350301042,27.166099940685122],[88.3661505328689,27.166011725759567]]]}},{"type":"Feature","properties":{"source":"Microsoft Global ML Building Footprints"},"geometry":{"type":"Polygon","coordinates":[[[88.3669731134336,27.16671689267062],[88.36711552605146,27.16674830211158],[88.36709327043539,27.16682819710052],[88.36695084956828,27.166796794730864],[88.3669731134336,27.16671689267062]]]}},{"type":"Feature","properties":{"source":"Microsoft Global ML Building Footprints"},"geometry":{"type":"Polygon","coordinates":[[[88.36736453762335,27.16247090824953],[88.36743016166805,27.162498675453968],[88.3673334135095,27.1626796741416],[88.3672087278246,27.1626269165328],[88.3672867505331,27.162480949803154],[88.36734581217331,27.1625059402852],[88.36736453762335,27.16247090824953]]]}},{"type":"Feature","properties":{"source":"Microsoft Global ML Building Footprints"},"geometry":{"type":"Polygon","coordinates":[[[88.36753127096104,27.166408672241964],[88.36752260636939,27.16644019559898],[88.36744921134778,27.166424227476625],[88.36745787593942,27.16639270411509],[88.36753127096104,27.166408672241964]]]}},{"type":"Feature","properties":{"source":"Microsoft Global ML Building Footprints"},"geometry":{"type":"Polygon","coordinates":[[[88.36828290753083,27.160013660353698],[88.36841412816642,27.160049573235753],[88.36833836605688,27.160268664976066],[88.36820716374629,27.16023274900956],[88.36828290753083,27.160013660353698]]]}},{"type":"Feature","properties":{"source":"Microsoft Global ML Building Footprints"},"geometry":{"type":"Polygon","coordinates":[[[88.35367027935717,27.167768883958438],[88.35356587234442,27.167764827253535],[88.35356949677602,27.167690993064923],[88.35367390378877,27.16769504977251],[88.35367027935717,27.167768883958438]]]}},{"type":"Feature","properties":{"source":"Microsoft Global ML Building Footprints"},"geometry":{"type":"Polygon","coordinates":[[[88.35415518376197,27.167783098679735],[88.35411752502137,27.16782862889547],[88.35405314476388,27.167786480632564],[88.35409080135345,27.167740953000333],[88.35415518376197,27.167783098679735]]]}},{"type":"Feature","properties":{"source":"Microsoft Global ML Building Footprints"},"geometry":{"type":"Polygon","coordinates":[[[88.35853245603526,27.160773536799027],[88.35847660636773,27.160934823842425],[88.3583149271456,27.16089050483088],[88.35835568230836,27.160772808856557],[88.35838752821576,27.160781538369413],[88.35841243414855,27.160709612996328],[88.35847612596336,27.16072707203127],[88.35846631453526,27.16075540627024],[88.35853245603526,27.160773536799027]]]}},{"type":"Feature","properties":{"source":"Microsoft Global ML Building Footprints"},"geometry":{"type":"Polygon","coordinates":[[[88.35930855654436,27.165021906662886],[88.35935783939507,27.164930861441178],[88.35951678213932,27.164998953928922],[88.3594674992886,27.16508999909511],[88.35930855654436,27.165021906662886]]]}},{"type":"Feature","properties":{"source":"Microsoft Global ML Building Footprints"},"geometry":{"type":"Polygon","coordinates":[[[88.36180622207415,27.170233024157454],[88.36186569412672,27.17021413106798],[88.36189032840993,27.170275506120234],[88.36183085635737,27.170294399199307],[88.36180622207415,27.170233024157454]]]}},{"type":"Feature","properties":{"source":"Microsoft Global ML Building Footprints"},"geometry":{"type":"Polygon","coordinates":[[[88.36580367384755,27.167138098154645],[88.36543144962806,27.167124771102387],[88.36543242883734,27.167103123377785],[88.36540820166982,27.167058216809224],[88.36553432392226,27.167004366539132],[88.36559620239761,27.167006582027966],[88.36560135893724,27.1670043803458],[88.36577409596713,27.16701056499972],[88.36578986793754,27.167039799346718],[88.36582910753035,27.167023042820496],[88.3658624122381,27.167084775191796],[88.36586077129816,27.167121052033295],[88.36588487214692,27.167121914936054],[88.3658812080652,27.167202918046208],[88.36580087190272,27.167200041705804],[88.36580367384755,27.167138098154645]]]}},{"type":"Feature","properties":{"source":"Microsoft Global ML Building Footprints"},"geometry":{"type":"Polygon","coordinates":[[[88.36853895814106,27.167255125410293],[88.3684264913285,27.16725105665401],[88.36843237127736,27.16712240904733],[88.36854483808986,27.167126477808274],[88.36853895814106,27.167255125410293]]]}},{"type":"Feature","properties":{"source":"Microsoft Global ML Building Footprints"},"geometry":{"type":"Polygon","coordinates":[[[88.36859537919892,27.163937572386324],[88.36854313472449,27.163940630420008],[88.36853830292002,27.163875287498477],[88.36859054203666,27.163872226523715],[88.36859537919892,27.163937572386324]]]}},{"type":"Feature","properties":{"source":"Microsoft Global ML Building Footprints"},"geometry":{"type":"Polygon","coordinates":[[[88.35347138709552,27.168474684292065],[88.35347411011297,27.168520836061255],[88.35340188919945,27.168524204285603],[88.35339916644662,27.168478057002417],[88.35347138709552,27.168474684292065]]]}},{"type":"Feature","properties":{"source":"Microsoft Global ML Building Footprints"},"geometry":{"type":"Polygon","coordinates":[[[88.35367455133871,27.16113518734256],[88.35372390228471,27.161117105064967],[88.35374845690498,27.161170155427918],[88.35369910952691,27.16118823638962],[88.35367455133871,27.16113518734256]]]}},{"type":"Feature","properties":{"source":"Microsoft Global ML Building Footprints"},"geometry":{"type":"Polygon","coordinates":[[[88.35530492376566,27.158846599508315],[88.3553987000406,27.158849338304194],[88.35539474237729,27.15895661429149],[88.35530096610233,27.15895387549825],[88.35530492376566,27.158846599508315]]]}},{"type":"Feature","properties":{"source":"Microsoft Global ML Building Footprints"},"geometry":{"type":"Polygon","coordinates":[[[88.35544966560393,27.166468676743264],[88.35537336193191,27.16643868672756],[88.35549927354589,27.166185111688982],[88.35560924060258,27.166228332689606],[88.35552695191001,27.16639405495995],[88.35559427867945,27.16642051674951],[88.3554941442463,27.166622178409746],[88.35544252705637,27.166601891074947],[88.35543459561615,27.166617864263088],[88.35538522265192,27.166598458985654],[88.35544966560393,27.166468676743264]]]}},{"type":"Feature","properties":{"source":"Microsoft Global ML Building Footprints"},"geometry":{"type":"Polygon","coordinates":[[[88.36009868067967,27.165090443968886],[88.36018169708878,27.16511715901725],[88.36016625452271,27.165155143764082],[88.36008323811357,27.165128428724813],[88.36009868067967,27.165090443968886]]]}},{"type":"Feature","properties":{"source":"Microsoft Global ML Building Footprints"},"geometry":{"type":"Polygon","coordinates":[[[88.36012168138993,27.167334255347164],[88.36019345457768,27.167328195205513],[88.36019914840777,27.16738157150433],[88.36012737474752,27.167387627213827],[88.36012168138993,27.167334255347164]]]}},{"type":"Feature","properties":{"source":"Microsoft Global ML Building Footprints"},"geometry":{"type":"Polygon","coordinates":[[[88.36133799813278,27.168009415052914],[88.36150281129717,27.16800197479258],[88.3615068244547,27.16807243576457],[88.36134201623531,27.168079865534885],[88.36133799813278,27.168009415052914]]]}},{"type":"Feature","properties":{"source":"Microsoft Global ML Building Footprints"},"geometry":{"type":"Polygon","coordinates":[[[88.36211285875729,27.165093104349722],[88.36207384182084,27.16544042989313],[88.36196656814086,27.165430897863637],[88.36197876905682,27.165322210313555],[88.36193096612021,27.165317962678223],[88.36194581940917,27.16518564725201],[88.36202549097015,27.165192726652506],[88.3620374266488,27.165086401649567],[88.36211285875729,27.165093104349722]]]}},{"type":"Feature","properties":{"source":"Microsoft Global ML Building Footprints"},"geometry":{"type":"Polygon","coordinates":[[[88.36314015621986,27.166284608927945],[88.3631821026983,27.16613998822914],[88.36346877976948,27.166205822075327],[88.3634268381453,27.1663504259525],[88.36314015621986,27.166284608927945]]]}},{"type":"Feature","properties":{"source":"Microsoft Global ML Building Footprints"},"geometry":{"type":"Polygon","coordinates":[[[88.36782497758638,27.16708599595671],[88.3677255353652,27.167075147530355],[88.36771873473833,27.167124518020145],[88.36761567724972,27.16711327519816],[88.36763478377284,27.16697456756218],[88.36783729040643,27.166996659588484],[88.36782497758638,27.16708599595671]]]}},{"type":"Feature","properties":{"source":"Microsoft Global ML Building Footprints"},"geometry":{"type":"Polygon","coordinates":[[[88.36792452961012,27.166014257282974],[88.36794762160189,27.165908476331417],[88.36786232613395,27.165893737761074],[88.36787563770432,27.165832759399805],[88.36812118204709,27.16587520336916],[88.3681093796926,27.16592926821393],[88.36817497654775,27.16594060297291],[88.36813932218357,27.16610387134436],[88.36802721290466,27.166084499533945],[88.3680382569007,27.166033908688433],[88.36792452961012,27.166014257282974]]]}},{"type":"Feature","properties":{"source":"Microsoft Global ML Building Footprints"},"geometry":{"type":"Polygon","coordinates":[[[88.35367227593795,27.167641032599988],[88.35366494236781,27.16769270770247],[88.3535761955679,27.16768274429497],[88.35358352513661,27.167631068738636],[88.35367227593795,27.167641032599988]]]}},{"type":"Feature","properties":{"source":"Microsoft Global ML Building Footprints"},"geometry":{"type":"Polygon","coordinates":[[[88.35666428843224,27.165398243465525],[88.35673830789705,27.16537193943894],[88.35676418207237,27.165429562164398],[88.35679285092694,27.165419374221955],[88.35680903756109,27.16545542874706],[88.35670635416366,27.16549192533555],[88.35666428843224,27.165398243465525]]]}},{"type":"Feature","properties":{"source":"Microsoft Global ML Building Footprints"},"geometry":{"type":"Polygon","coordinates":[[[88.36202260755582,27.164467328969337],[88.3619582744779,27.164468755090134],[88.36195787374697,27.164454445809746],[88.36202756791465,27.164452900845333],[88.36202643251028,27.164412357873722],[88.36211757103729,27.164410337534875],[88.3621194411151,27.164477114187363],[88.3621634603438,27.16447613837937],[88.36216649872274,27.164584938208023],[88.36210104357417,27.164586385125283],[88.36209977459058,27.164541072366532],[88.36202471920227,27.164542731502323],[88.36202260755582,27.164467328969337]]]}},{"type":"Feature","properties":{"source":"Microsoft Global ML Building Footprints"},"geometry":{"type":"Polygon","coordinates":[[[88.36246369768384,27.164788084383225],[88.36237538717293,27.164784323072155],[88.36237718071328,27.164750990505375],[88.36246549122419,27.164754751817554],[88.36246369768384,27.164788084383225]]]}},{"type":"Feature","properties":{"source":"Microsoft Global ML Building Footprints"},"geometry":{"type":"Polygon","coordinates":[[[88.36329198906459,27.165427470871172],[88.36335092795628,27.16544176198706],[88.36332098781183,27.165539501200264],[88.36325954504788,27.165524602974877],[88.36324024131447,27.165587603546307],[88.36311693067884,27.16555769635073],[88.36314507356118,27.16546582429379],[88.3631850217131,27.165475510656528],[88.36320679636361,27.16540442756012],[88.36318531093315,27.16539921791233],[88.36321253575275,27.16531036555167],[88.36318507188597,27.16530370628577],[88.36323203469972,27.165150435788306],[88.36336685731843,27.165183126771034],[88.36329198906459,27.165427470871172]]]}},{"type":"Feature","properties":{"source":"Microsoft Global ML Building Footprints"},"geometry":{"type":"Polygon","coordinates":[[[88.36443977572375,27.16543750187686],[88.36446623377326,27.165389351176415],[88.36454633230802,27.16542418966612],[88.36451987425852,27.165472340351528],[88.36443977572375,27.16543750187686]]]}},{"type":"Feature","properties":{"source":"Microsoft Global ML Building Footprints"},"geometry":{"type":"Polygon","coordinates":[[[88.35500129046454,27.159173353016982],[88.35506026120896,27.1591720236718],[88.35506107616146,27.159200642981013],[88.35500210541706,27.159201972325846],[88.35500129046454,27.159173353016982]]]}},{"type":"Feature","properties":{"source":"Microsoft Global ML Building Footprints"},"geometry":{"type":"Polygon","coordinates":[[[88.36439830414609,27.168598812104463],[88.36445409620735,27.168522099903434],[88.36449947039631,27.168548222655723],[88.36444367978346,27.1686249328473],[88.36439830414609,27.168598812104463]]]}},{"type":"Feature","properties":{"source":"Microsoft Global ML Building Footprints"},"geometry":{"type":"Polygon","coordinates":[[[88.36751417192146,27.167630087750887],[88.36748476840008,27.167658504673284],[88.36743830903572,27.167620454403874],[88.3674677125571,27.167592037471792],[88.36751417192146,27.167630087750887]]]}},{"type":"Feature","properties":{"source":"Microsoft Global ML Building Footprints"},"geometry":{"type":"Polygon","coordinates":[[[88.36866296892642,27.165409958797795],[88.36865669799508,27.165505084757264],[88.36853908585458,27.165498940320475],[88.36854535678594,27.165403814355763],[88.36866296892642,27.165409958797795]]]}},{"type":"Feature","properties":{"source":"Microsoft Global ML Building Footprints"},"geometry":{"type":"Polygon","coordinates":[[[88.36919759880338,27.159622999784347],[88.36929800578312,27.159622437058005],[88.36929916339828,27.159785951116866],[88.36919874351291,27.15978650766141],[88.36919759880338,27.159622999784347]]]}},{"type":"Feature","properties":{"source":"Microsoft Global ML Building Footprints"},"geometry":{"type":"Polygon","coordinates":[[[88.35530783224155,27.164159595188877],[88.355677810742,27.16403405963932],[88.35569835037138,27.16408197693083],[88.35575689127336,27.164062113706528],[88.35580064961422,27.16416419832064],[88.35573609129933,27.16418610326334],[88.35577578345409,27.164278718697204],[88.35509335031813,27.164510228550505],[88.35501705358315,27.164332235027516],[88.35533551608985,27.164224179286947],[88.35530783224155,27.164159595188877]]]}},{"type":"Feature","properties":{"source":"Microsoft Global ML Building Footprints"},"geometry":{"type":"Polygon","coordinates":[[[88.36212229512877,27.168774232920924],[88.36212599941884,27.168905395033995],[88.36201764856679,27.168907810328434],[88.36201395458859,27.168776647988324],[88.36212229512877,27.168774232920924]]]}},{"type":"Feature","properties":{"source":"Microsoft Global ML Building Footprints"},"geometry":{"type":"Polygon","coordinates":[[[88.3635956834486,27.167841496701193],[88.3636039403607,27.16779646926434],[88.36369117665183,27.16780912572085],[88.36368292222028,27.1678541589446],[88.3635956834486,27.167841496701193]]]}},{"type":"Feature","properties":{"source":"Microsoft Global ML Building Footprints"},"geometry":{"type":"Polygon","coordinates":[[[88.36456591894498,27.16741238501468],[88.36456441000752,27.167374251508043],[88.36467156556515,27.167370895342515],[88.36466977370193,27.16732561178511],[88.36473942481442,27.16732343027656],[88.36474272561505,27.167406847343358],[88.36456591894498,27.16741238501468]]]}},{"type":"Feature","properties":{"source":"Microsoft Global ML Building Footprints"},"geometry":{"type":"Polygon","coordinates":[[[88.36746717927215,27.16422998544526],[88.36746255261087,27.164334823857857],[88.36736078555644,27.164331268833514],[88.3673654122177,27.16422643041757],[88.36746717927215,27.16422998544526]]]}},{"type":"Feature","properties":{"source":"Microsoft Global ML Building Footprints"},"geometry":{"type":"Polygon","coordinates":[[[88.35879570956196,27.165045227629037],[88.35883801345878,27.165020473970664],[88.35888111582801,27.16507877528049],[88.35892493604015,27.165053134374546],[88.35898896908934,27.165139756210344],[88.35890284177886,27.16519015259596],[88.35879570956196,27.165045227629037]]]}},{"type":"Feature","properties":{"source":"Microsoft Global ML Building Footprints"},"geometry":{"type":"Polygon","coordinates":[[[88.36364225608526,27.161729955207996],[88.36366426145882,27.16167486661542],[88.36376666208156,27.161707246707827],[88.36374465670804,27.161762335284415],[88.36364225608526,27.161729955207996]]]}},{"type":"Feature","properties":{"source":"Microsoft Global ML Building Footprints"},"geometry":{"type":"Polygon","coordinates":[[[88.36373150599024,27.170954328419917],[88.363867858359,27.170797759696697],[88.36394831065559,27.170853213753688],[88.36381195828683,27.171009782399103],[88.36373150599024,27.170954328419917]]]}},{"type":"Feature","properties":{"source":"Microsoft Global ML Building Footprints"},"geometry":{"type":"Polygon","coordinates":[[[88.36797878477796,27.1685908761596],[88.36806620755382,27.168619476457437],[88.36803883305703,27.168685719052505],[88.36795140829952,27.16865712356698],[88.36797878477796,27.1685908761596]]]}},{"type":"Feature","properties":{"source":"Microsoft Global ML Building Footprints"},"geometry":{"type":"Polygon","coordinates":[[[88.36955368986298,27.165250138150093],[88.36954062718057,27.165293630030888],[88.36949957546538,27.165283870340787],[88.36951263423792,27.165240380083134],[88.36955368986298,27.165250138150093]]]}},{"type":"Feature","properties":{"source":"Microsoft Global ML Building Footprints"},"geometry":{"type":"Polygon","coordinates":[[[88.35561110438599,27.15874931874437],[88.35565884577723,27.158760351404318],[88.35564122501275,27.15882071439443],[88.3555934836215,27.158809681740443],[88.35561110438599,27.15874931874437]]]}},{"type":"Feature","properties":{"source":"Microsoft Global ML Building Footprints"},"geometry":{"type":"Polygon","coordinates":[[[88.36289582587402,27.16413350117744],[88.36297098343448,27.16414600145996],[88.36296080932472,27.164194422995784],[88.3628856517643,27.16418192271869],[88.36289582587402,27.16413350117744]]]}},{"type":"Feature","properties":{"source":"Microsoft Global ML Building Footprints"},"geometry":{"type":"Polygon","coordinates":[[[88.36754340133542,27.1667934856495],[88.36753348760507,27.166856685732995],[88.36742656672156,27.166843416905124],[88.36743647557502,27.166780216208878],[88.36754340133542,27.1667934856495]]]}},{"type":"Feature","properties":{"source":"Microsoft Global ML Building Footprints"},"geometry":{"type":"Polygon","coordinates":[[[88.36778385355244,27.16517129952105],[88.36772970551786,27.16525248928219],[88.36763963922245,27.165204947712944],[88.367693782533,27.165123755423622],[88.36778385355244,27.16517129952105]]]}},{"type":"Feature","properties":{"source":"Microsoft Global ML Building Footprints"},"geometry":{"type":"Polygon","coordinates":[[[88.36854355774267,27.164472903774005],[88.36861162289554,27.164363128770418],[88.36872970856423,27.1644210857718],[88.36869907626621,27.16447048304893],[88.36881953652035,27.16452960545088],[88.36876735323649,27.164613766171144],[88.3686501381694,27.164556236564486],[88.36866488561918,27.164532452007272],[88.36854355774267,27.164472903774005]]]}},{"type":"Feature","properties":{"source":"Microsoft Global ML Building Footprints"},"geometry":{"type":"Polygon","coordinates":[[[88.36865890249318,27.164903702148223],[88.36865339287883,27.16492143780235],[88.36859710055182,27.164907592050334],[88.36860261146231,27.16488985671279],[88.36865890249318,27.164903702148223]]]}},{"type":"Feature","properties":{"source":"Microsoft Global ML Building Footprints"},"geometry":{"type":"Polygon","coordinates":[[[88.35609484812713,27.16110120063501],[88.3561684729337,27.161099036664908],[88.35617621434905,27.161307536607765],[88.35610257298929,27.16130969647461],[88.35609484812713,27.16110120063501]]]}},{"type":"Feature","properties":{"source":"Microsoft Global ML Building Footprints"},"geometry":{"type":"Polygon","coordinates":[[[88.35815579839665,27.169690635071973],[88.35828702948406,27.169640357370703],[88.35836205602651,27.169795354076285],[88.35823082493907,27.169845631707723],[88.35815579839665,27.169690635071973]]]}},{"type":"Feature","properties":{"source":"Microsoft Global ML Building Footprints"},"geometry":{"type":"Polygon","coordinates":[[[88.36221247772599,27.161716077764325],[88.36228433785408,27.16164965510667],[88.36238458059591,27.16173550369598],[88.3622974722437,27.161816020716984],[88.36225152765368,27.161776673483452],[88.36226677397913,27.161762580819072],[88.36221247772599,27.161716077764325]]]}},{"type":"Feature","properties":{"source":"Microsoft Global ML Building Footprints"},"geometry":{"type":"Polygon","coordinates":[[[88.36412544616948,27.1667143994798],[88.36404360382954,27.16670520094803],[88.36405394295494,27.166632387280323],[88.36410674446458,27.166638321820898],[88.36410974614617,27.166617182361207],[88.36417310795773,27.166624303810835],[88.36416610403408,27.166673629207416],[88.36413178305278,27.166669771757284],[88.36412544616948,27.1667143994798]]]}},{"type":"Feature","properties":{"source":"Microsoft Global ML Building Footprints"},"geometry":{"type":"Polygon","coordinates":[[[88.36429145107263,27.167703160444162],[88.36431409274964,27.167583933655898],[88.36440797246776,27.167598045016298],[88.36438532971141,27.167717277472796],[88.36429145107263,27.167703160444162]]]}},{"type":"Feature","properties":{"source":"Microsoft Global ML Building Footprints"},"geometry":{"type":"Polygon","coordinates":[[[88.35745278148981,27.16464302328483],[88.35749914577721,27.164676980808075],[88.35747940398466,27.164698317123694],[88.35751617566092,27.164725248939966],[88.35745431804422,27.164792102686356],[88.35731202764482,27.16468788829311],[88.3573712530225,27.164623879328076],[88.35743040745822,27.164667204449557],[88.35745278148981,27.16464302328483]]]}},{"type":"Feature","properties":{"source":"Microsoft Global ML Building Footprints"},"geometry":{"type":"Polygon","coordinates":[[[88.36242859735559,27.165497891671755],[88.36249067280274,27.165467830908952],[88.36254923840355,27.16556355941927],[88.3624871629564,27.165593620156315],[88.36242859735559,27.165497891671755]]]}},{"type":"Feature","properties":{"source":"Microsoft Global ML Building Footprints"},"geometry":{"type":"Polygon","coordinates":[[[88.36388111109251,27.17106965821837],[88.3639423602009,27.171095572280095],[88.36392779596197,27.1711228173151],[88.36400435734744,27.171155209875927],[88.36390240767501,27.171345924879468],[88.36376459718116,27.171287618362882],[88.36388111109251,27.17106965821837]]]}},{"type":"Feature","properties":{"source":"Microsoft Global ML Building Footprints"},"geometry":{"type":"Polygon","coordinates":[[[88.36411809102032,27.160708264432188],[88.36411741737881,27.16068919173876],[88.36416296994761,27.160687918101083],[88.36416364358911,27.160706990794736],[88.36411809102032,27.160708264432188]]]}},{"type":"Feature","properties":{"source":"Microsoft Global ML Building Footprints"},"geometry":{"type":"Polygon","coordinates":[[[88.36415372469573,27.172515875391703],[88.36415565264241,27.172398056353657],[88.36425487344958,27.172399335187826],[88.3642534680642,27.172485219915124],[88.36422396998643,27.172484839721463],[88.36422244748563,27.172577881435096],[88.36404277737527,27.172575565712023],[88.3640437774268,27.17251445146229],[88.36415372469573,27.172515875391703]]]}},{"type":"Feature","properties":{"source":"Microsoft Global ML Building Footprints"},"geometry":{"type":"Polygon","coordinates":[[[88.36431169115424,27.164770511902084],[88.36421095576321,27.164807633595302],[88.36424130046665,27.164872814646642],[88.36408926221414,27.16492884174557],[88.36410407208722,27.164960648255303],[88.36405921741324,27.16497718028151],[88.3640007880547,27.164851672893043],[88.36415875946341,27.164793459346143],[88.36411382582452,27.164696940877292],[88.36425347825207,27.164645469234735],[88.36431169115424,27.164770511902084]]]}},{"type":"Feature","properties":{"source":"Microsoft Global ML Building Footprints"},"geometry":{"type":"Polygon","coordinates":[[[88.36667466792781,27.16603133433368],[88.36670099767507,27.16609140248371],[88.3666451223236,27.166110788876694],[88.36661879257635,27.16605072073711],[88.36667466792781,27.16603133433368]]]}},{"type":"Feature","properties":{"source":"Microsoft Global ML Building Footprints"},"geometry":{"type":"Polygon","coordinates":[[[88.36672540236091,27.168202966224058],[88.36668126298943,27.16832383694613],[88.36658324078475,27.16829549822841],[88.36662738875671,27.16817462996213],[88.36672540236091,27.168202966224058]]]}},{"type":"Feature","properties":{"source":"Microsoft Global ML Building Footprints"},"geometry":{"type":"Polygon","coordinates":[[[88.36932379909524,27.16411217170762],[88.3693696817785,27.164168493038986],[88.36929582761267,27.16421611859952],[88.36924994492938,27.16415979729217],[88.36932379909524,27.16411217170762]]]}},{"type":"Feature","properties":{"source":"Microsoft Global ML Building Footprints"},"geometry":{"type":"Polygon","coordinates":[[[88.35914792425665,27.16161051807],[88.35917132568835,27.16156519702347],[88.35920011695781,27.161576967086823],[88.35917671552609,27.161622288128562],[88.35914792425665,27.16161051807]]]}},{"type":"Feature","properties":{"source":"Microsoft Global ML Building Footprints"},"geometry":{"type":"Polygon","coordinates":[[[88.3596205571655,27.16273325820932],[88.35967691270466,27.16265604279431],[88.35977779937562,27.16271432917423],[88.35972143956408,27.16279154208059],[88.3596205571655,27.16273325820932]]]}},{"type":"Feature","properties":{"source":"Microsoft Global ML Building Footprints"},"geometry":{"type":"Polygon","coordinates":[[[88.36081701977268,27.162105347737437],[88.36080071640663,27.162075113853568],[88.3608770281135,27.16204253918651],[88.36093099297125,27.162142614667978],[88.36082633405934,27.162187283156946],[88.36078867465072,27.162117445459003],[88.36081701977268,27.162105347737437]]]}},{"type":"Feature","properties":{"source":"Microsoft Global ML Building Footprints"},"geometry":{"type":"Polygon","coordinates":[[[88.3608368564898,27.169734944820718],[88.36090289297587,27.169847437141172],[88.36078487805244,27.169902270282854],[88.36071884156635,27.16978977801766],[88.3608368564898,27.169734944820718]]]}},{"type":"Feature","properties":{"source":"Microsoft Global ML Building Footprints"},"geometry":{"type":"Polygon","coordinates":[[[88.36175161955445,27.16901535113942],[88.36169893314693,27.16907205452496],[88.36163930020999,27.169028198725407],[88.36169198926738,27.168971497266398],[88.36175161955445,27.16901535113942]]]}},{"type":"Feature","properties":{"source":"Microsoft Global ML Building Footprints"},"geometry":{"type":"Polygon","coordinates":[[[88.36482483527368,27.171777013720323],[88.36485288378726,27.171908283957144],[88.36472086162307,27.171930610404083],[88.36469281310947,27.171799340193523],[88.36482483527368,27.171777013720323]]]}},{"type":"Feature","properties":{"source":"Microsoft Global ML Building Footprints"},"geometry":{"type":"Polygon","coordinates":[[[88.36722545628245,27.16823249613949],[88.36715853291142,27.1683774693145],[88.36701394188314,27.168324638374813],[88.36708086525418,27.1681796651312],[88.36722545628245,27.16823249613949]]]}},{"type":"Feature","properties":{"source":"Microsoft Global ML Building Footprints"},"geometry":{"type":"Polygon","coordinates":[[[88.36778013045677,27.165523624953174],[88.36782524192877,27.16545719155593],[88.36790307230083,27.165499025479427],[88.36785796465762,27.165565460909768],[88.36778013045677,27.165523624953174]]]}},{"type":"Feature","properties":{"source":"Microsoft Global ML Building Footprints"},"geometry":{"type":"Polygon","coordinates":[[[88.36795297335593,27.158709878574875],[88.36807957241156,27.15879633015234],[88.3679435546272,27.158954027243723],[88.36793173871536,27.158945958444065],[88.36779960715339,27.1590991497021],[88.36768482400963,27.159020767153912],[88.36795297335593,27.158709878574875]]]}},{"type":"Feature","properties":{"source":"Microsoft Global ML Building Footprints"},"geometry":{"type":"Polygon","coordinates":[[[88.35488601295653,27.159197236689643],[88.35479485488716,27.159195601831414],[88.35479590484508,27.15914925555142],[88.35488706304302,27.15915088473603],[88.35488601295653,27.159197236689643]]]}},{"type":"Feature","properties":{"source":"Microsoft Global ML Building Footprints"},"geometry":{"type":"Polygon","coordinates":[[[88.35583476738788,27.1622138925091],[88.35584926258859,27.162112924172966],[88.35596274611056,27.162125820819533],[88.35594825090989,27.162226789143986],[88.35583476738788,27.1622138925091]]]}},{"type":"Feature","properties":{"source":"Microsoft Global ML Building Footprints"},"geometry":{"type":"Polygon","coordinates":[[[88.35982509026731,27.167110868985937],[88.35991526575008,27.167352548296257],[88.35982104453021,27.167380380917983],[88.35973086707565,27.167138696383347],[88.35982509026731,27.167110868985937]]]}},{"type":"Feature","properties":{"source":"Microsoft Global ML Building Footprints"},"geometry":{"type":"Polygon","coordinates":[[[88.36419745982064,27.170711240175493],[88.36416842848428,27.17076886454373],[88.36402548343399,27.17071186543911],[88.36406852989823,27.170626422356065],[88.36410873319365,27.17064245336946],[88.36409471806574,27.170670272050835],[88.36419745982064,27.170711240175493]]]}},{"type":"Feature","properties":{"source":"Microsoft Global ML Building Footprints"},"geometry":{"type":"Polygon","coordinates":[[[88.35508984298458,27.164890693299462],[88.35522849408926,27.164526834288196],[88.35537764757571,27.164571823586158],[88.35535399532843,27.164633893711667],[88.3554381948772,27.164659290873878],[88.35536479135118,27.164851922034316],[88.355436962393,27.16487369098833],[88.35537742397749,27.165029935988358],[88.35526435601197,27.164995831339567],[88.35528229909607,27.16494874381393],[88.35508984298458,27.164890693299462]]]}},{"type":"Feature","properties":{"source":"Microsoft Global ML Building Footprints"},"geometry":{"type":"Polygon","coordinates":[[[88.35545326516858,27.164693450114484],[88.35550242053995,27.164721747672182],[88.35547128917358,27.16476454908404],[88.3554221353714,27.164736249379764],[88.35545326516858,27.164693450114484]]]}},{"type":"Feature","properties":{"source":"Microsoft Global ML Building Footprints"},"geometry":{"type":"Polygon","coordinates":[[[88.35591455536054,27.164031203533753],[88.35579561441568,27.164057096180464],[88.35577517485028,27.163982795526003],[88.35589411579514,27.16395690286207],[88.35591455536054,27.164031203533753]]]}},{"type":"Feature","properties":{"source":"Microsoft Global ML Building Footprints"},"geometry":{"type":"Polygon","coordinates":[[[88.35644820775633,27.161905533635938],[88.35647146784567,27.16178499149438],[88.35654051119255,27.161795533535475],[88.35651726031425,27.161916077072064],[88.35644820775633,27.161905533635938]]]}},{"type":"Feature","properties":{"source":"Microsoft Global ML Building Footprints"},"geometry":{"type":"Polygon","coordinates":[[[88.36233286495586,27.160805255782684],[88.36241040454577,27.160779302741673],[88.36242454738382,27.160812752058654],[88.36234700779396,27.160838705091884],[88.36233286495586,27.160805255782684]]]}},{"type":"Feature","properties":{"source":"Microsoft Global ML Building Footprints"},"geometry":{"type":"Polygon","coordinates":[[[88.36355146491847,27.167505141352443],[88.36355084790692,27.167533766368578],[88.36360715358956,27.167534727013404],[88.36360655568079,27.167562465787263],[88.36341618859362,27.16755922974287],[88.36341740376938,27.16750285410221],[88.36355146491847,27.167505141352443]]]}},{"type":"Feature","properties":{"source":"Microsoft Global ML Building Footprints"},"geometry":{"type":"Polygon","coordinates":[[[88.36394050038888,27.170519019339523],[88.36400887986588,27.17052759007285],[88.36398575412343,27.1706735478477],[88.36391737530786,27.170664972950803],[88.36394050038888,27.170519019339523]]]}},{"type":"Feature","properties":{"source":"Microsoft Global ML Building Footprints"},"geometry":{"type":"Polygon","coordinates":[[[88.36928537895577,27.160332252915005],[88.36940285360251,27.1603393560724],[88.36939632166892,27.16042487323704],[88.36927884702222,27.160417770085083],[88.36928537895577,27.160332252915005]]]}},{"type":"Feature","properties":{"source":"Microsoft Global ML Building Footprints"},"geometry":{"type":"Polygon","coordinates":[[[88.35372613521213,27.167240586813172],[88.35382249088572,27.1672681080015],[88.35380140955205,27.167326516835807],[88.35370505804403,27.167298996851656],[88.35372613521213,27.167240586813172]]]}},{"type":"Feature","properties":{"source":"Microsoft Global ML Building Footprints"},"geometry":{"type":"Polygon","coordinates":[[[88.35521384972797,27.162845971265398],[88.35534727747915,27.162880684320058],[88.35532816792173,27.1629388141684],[88.35519474268668,27.162904093478033],[88.35521384972797,27.162845971265398]]]}},{"type":"Feature","properties":{"source":"Microsoft Global ML Building Footprints"},"geometry":{"type":"Polygon","coordinates":[[[88.3566627106097,27.16130446219077],[88.35676894075074,27.161318552211334],[88.35674274504345,27.161474968250346],[88.35663650286571,27.16146087665301],[88.3566627106097,27.16130446219077]]]}},{"type":"Feature","properties":{"source":"Microsoft Global ML Building Footprints"},"geometry":{"type":"Polygon","coordinates":[[[88.35711655536963,27.16406072554038],[88.35719157585385,27.16374304819209],[88.35727234529611,27.163758151678017],[88.35729502058763,27.163662164026412],[88.35750308831183,27.16370107168504],[88.3574509878206,27.16392162008536],[88.35748181310288,27.163927382332133],[88.35745157895494,27.164055367348283],[88.35739249716387,27.164044323054384],[88.35737711249246,27.16410944828673],[88.35711655536963,27.16406072554038]]]}},{"type":"Feature","properties":{"source":"Microsoft Global ML Building Footprints"},"geometry":{"type":"Polygon","coordinates":[[[88.36111938331356,27.16562945612744],[88.3610307726666,27.1657424812949],[88.36088281539715,27.165650664019658],[88.3609230891291,27.165599293806977],[88.36089241506106,27.165580258500007],[88.36094075784223,27.165518595959362],[88.36111938331356,27.16562945612744]]]}},{"type":"Feature","properties":{"source":"Microsoft Global ML Building Footprints"},"geometry":{"type":"Polygon","coordinates":[[[88.36257309706855,27.167479736859526],[88.36271556022768,27.167353718187194],[88.36277859109553,27.167410118954656],[88.36263613016752,27.167536135589728],[88.36257309706855,27.167479736859526]]]}},{"type":"Feature","properties":{"source":"Microsoft Global ML Building Footprints"},"geometry":{"type":"Polygon","coordinates":[[[88.35861416252251,27.161955765351045],[88.35873140370464,27.161984376622414],[88.35869134701692,27.162114277847508],[88.35857410792843,27.16208565981985],[88.35861416252251,27.161955765351045]]]}},{"type":"Feature","properties":{"source":"Microsoft Global ML Building Footprints"},"geometry":{"type":"Polygon","coordinates":[[[88.36077968127087,27.167544062668007],[88.36067636418758,27.167539398543063],[88.36068010329257,27.167473748933148],[88.36078342589316,27.167478406876278],[88.36077968127087,27.167544062668007]]]}},{"type":"Feature","properties":{"source":"Microsoft Global ML Building Footprints"},"geometry":{"type":"Polygon","coordinates":[[[88.36357924051686,27.161647803137228],[88.36358203603423,27.161601710267234],[88.36367428809606,27.161606133603286],[88.36367149584707,27.161652232372965],[88.36357924051686,27.161647803137228]]]}},{"type":"Feature","properties":{"source":"Microsoft Global ML Building Footprints"},"geometry":{"type":"Polygon","coordinates":[[[88.36452741818768,27.167727529823154],[88.36461234441981,27.16776390149522],[88.36455783502969,27.167864643596893],[88.36447290879755,27.167828271957653],[88.36452741818768,27.167727529823154]]]}},{"type":"Feature","properties":{"source":"Microsoft Global ML Building Footprints"},"geometry":{"type":"Polygon","coordinates":[[[88.36481779690895,27.166761147464513],[88.36493737609698,27.166765019345526],[88.36493312623311,27.166868910221375],[88.36481355490356,27.166865046043817],[88.36481779690895,27.166761147464513]]]}},{"type":"Feature","properties":{"source":"Microsoft Global ML Building Footprints"},"geometry":{"type":"Polygon","coordinates":[[[88.36659726552249,27.161621191121185],[88.36663527656616,27.16164466673267],[88.36658124947104,27.161713915688857],[88.36654323842737,27.161690440091945],[88.36659726552249,27.161621191121185]]]}},{"type":"Feature","properties":{"source":"Microsoft Global ML Building Footprints"},"geometry":{"type":"Polygon","coordinates":[[[88.36945248447296,27.16632512124987],[88.36954330998483,27.166370693428775],[88.36947614364362,27.16647665092642],[88.36938531452823,27.166431071326983],[88.36945248447296,27.16632512124987]]]}},{"type":"Feature","properties":{"source":"Microsoft Global ML Building Footprints"},"geometry":{"type":"Polygon","coordinates":[[[88.35401738355097,27.167410449043246],[88.35407311907177,27.167472380221838],[88.35401591627327,27.167513131523435],[88.35404993963027,27.167550936945524],[88.35399927429447,27.16758703093089],[88.35393306716936,27.167513464177887],[88.35397229328488,27.167485521918216],[88.35394873784877,27.16745934802597],[88.35401738355097,27.167410449043246]]]}},{"type":"Feature","properties":{"source":"Microsoft Global ML Building Footprints"},"geometry":{"type":"Polygon","coordinates":[[[88.35539067652539,27.165914540387824],[88.35551085938732,27.165941331570053],[88.35548430049181,27.166035636835424],[88.35536411064953,27.166008844119766],[88.35539067652539,27.165914540387824]]]}},{"type":"Feature","properties":{"source":"Microsoft Global ML Building Footprints"},"geometry":{"type":"Polygon","coordinates":[[[88.35700906139894,27.15891798286438],[88.35697831546186,27.158888336116924],[88.35703711467772,27.15884006220304],[88.35713202216023,27.158931583630064],[88.35702831654494,27.15901672542897],[88.35696415111104,27.15895485400179],[88.35700906139894,27.15891798286438]]]}},{"type":"Feature","properties":{"source":"Microsoft Global ML Building Footprints"},"geometry":{"type":"Polygon","coordinates":[[[88.35746139839668,27.15984804535949],[88.35759753633744,27.15973495510454],[88.35767446391918,27.159808264457766],[88.35753833073115,27.15992135916764],[88.35746139839668,27.15984804535949]]]}},{"type":"Feature","properties":{"source":"Microsoft Global ML Building Footprints"},"geometry":{"type":"Polygon","coordinates":[[[88.36036088455428,27.16862322328022],[88.36037764633029,27.168567562803602],[88.36047421337913,27.168590586249394],[88.36045744751775,27.168646245740497],[88.36036088455428,27.16862322328022]]]}},{"type":"Feature","properties":{"source":"Microsoft Global ML Building Footprints"},"geometry":{"type":"Polygon","coordinates":[[[88.36293670673683,27.17097015952106],[88.36284111254363,27.170925386992437],[88.36290674294095,27.17081447929933],[88.36300234120733,27.17085925973263],[88.36293670673683,27.17097015952106]]]}},{"type":"Feature","properties":{"source":"Microsoft Global ML Building Footprints"},"geometry":{"type":"Polygon","coordinates":[[[88.36311239293835,27.164632157868873],[88.36311736227317,27.164552798248614],[88.36329539392192,27.164561611496474],[88.36329028133963,27.16464336145284],[88.36319780908977,27.164638777967923],[88.36319413867028,27.164697394041973],[88.36313152789492,27.164694294572847],[88.36313534274052,27.164633295400172],[88.36311239293835,27.164632157868873]]]}},{"type":"Feature","properties":{"source":"Microsoft Global ML Building Footprints"},"geometry":{"type":"Polygon","coordinates":[[[88.36757254802696,27.161943752682568],[88.36769059826084,27.161891273611104],[88.36773993017127,27.16197911825271],[88.3676218799374,27.16203159728289],[88.36757254802696,27.161943752682568]]]}},{"type":"Feature","properties":{"source":"Microsoft Global ML Building Footprints"},"geometry":{"type":"Polygon","coordinates":[[[88.35737575935039,27.166200294408874],[88.35748297536333,27.16623057066259],[88.35747137413203,27.166263089480246],[88.35736415811908,27.16623281323534],[88.35737575935039,27.166200294408874]]]}},{"type":"Feature","properties":{"source":"Microsoft Global ML Building Footprints"},"geometry":{"type":"Polygon","coordinates":[[[88.35821198448232,27.166833749908257],[88.35826061764989,27.166751518814827],[88.35835724650465,27.166796753562508],[88.35830861333707,27.166878984622613],[88.35821198448232,27.166833749908257]]]}},{"type":"Feature","properties":{"source":"Microsoft Global ML Building Footprints"},"geometry":{"type":"Polygon","coordinates":[[[88.35917389189508,27.164400988841322],[88.35920215011289,27.16430816722727],[88.35921996691508,27.164302505773726],[88.35928233664366,27.164097635568254],[88.35939499767377,27.164061829397156],[88.36020834244798,27.16425788128982],[88.36013019579012,27.16451450833756],[88.36003917195781,27.16449257332276],[88.36000257054926,27.164401395926895],[88.3600115888739,27.164371772855205],[88.36014225064547,27.164330245750605],[88.35972805899829,27.16423040743934],[88.35970606649435,27.16423739713462],[88.35968647880804,27.164188602346535],[88.35967678192127,27.164220454386772],[88.3595681809855,27.164254970121107],[88.35955155547106,27.164309566962146],[88.35940912419129,27.164275234794893],[88.35938407556144,27.164357492438647],[88.36011872110979,27.1645345738998],[88.36008080967008,27.164659071642497],[88.35988896255569,27.164612828240315],[88.3598713985253,27.164569074719573],[88.35917389189508,27.164400988841322]]]}},{"type":"Feature","properties":{"source":"Microsoft Global ML Building Footprints"},"geometry":{"type":"Polygon","coordinates":[[[88.36032335434962,27.169633932244324],[88.36026313047378,27.169723625497944],[88.36018317961968,27.16968113632673],[88.36024340869577,27.169591445802602],[88.36032335434962,27.169633932244324]]]}},{"type":"Feature","properties":{"source":"Microsoft Global ML Building Footprints"},"geometry":{"type":"Polygon","coordinates":[[[88.36048471122724,27.166560087815498],[88.36032266408341,27.166640053626686],[88.36018452478858,27.166418448592488],[88.36014555026796,27.16643767904987],[88.36011369668883,27.166386579028625],[88.36014856862833,27.166369372822203],[88.36016222016224,27.166391272837537],[88.36032837469752,27.166309290304234],[88.36048471122724,27.166560087815498]]]}},{"type":"Feature","properties":{"source":"Microsoft Global ML Building Footprints"},"geometry":{"type":"Polygon","coordinates":[[[88.36804452282297,27.16007436965821],[88.36810395453084,27.159904702492454],[88.36818572030775,27.159927370660064],[88.36812630076518,27.160097041164036],[88.36804452282297,27.16007436965821]]]}},{"type":"Feature","properties":{"source":"Microsoft Global ML Building Footprints"},"geometry":{"type":"Polygon","coordinates":[[[88.36820742944116,27.159844307014104],[88.36843632117909,27.159596284332423],[88.36851161825538,27.159651294250295],[88.36843861283012,27.15973040154485],[88.36853562874282,27.1598012845825],[88.36844946127094,27.159894645931956],[88.36834924228376,27.159821428923287],[88.36827952238657,27.159896975967982],[88.36820742944116,27.159844307014104]]]}},{"type":"Feature","properties":{"source":"Microsoft Global ML Building Footprints"},"geometry":{"type":"Polygon","coordinates":[[[88.35440652270402,27.161282888452916],[88.35443803388797,27.161339628170417],[88.35445632796095,27.16133158437919],[88.35448615750462,27.16138528846942],[88.35445597732334,27.161398558502576],[88.35448518916714,27.161451150475784],[88.35438386717058,27.161495694769357],[88.35429331068143,27.16133266004468],[88.35440652270402,27.161282888452916]]]}},{"type":"Feature","properties":{"source":"Microsoft Global ML Building Footprints"},"geometry":{"type":"Polygon","coordinates":[[[88.35510911740505,27.161096156565385],[88.35511429530136,27.161236805098405],[88.35495889390465,27.16124133392109],[88.35495371600834,27.16110068539377],[88.35510911740505,27.161096156565385]]]}},{"type":"Feature","properties":{"source":"Microsoft Global ML Building Footprints"},"geometry":{"type":"Polygon","coordinates":[[[88.35628654627757,27.1679318821462],[88.35640686084639,27.167815930999843],[88.35645175233935,27.16785280054151],[88.35642234211147,27.167881144156823],[88.35647447416781,27.167923960372626],[88.35638356982696,27.168011567831783],[88.35628654627757,27.1679318821462]]]}},{"type":"Feature","properties":{"source":"Microsoft Global ML Building Footprints"},"geometry":{"type":"Polygon","coordinates":[[[88.356531666663,27.163163266211114],[88.3566092291261,27.16323769159348],[88.35649463362483,27.16333222699609],[88.35644114009995,27.16328090098596],[88.35651102759262,27.16322324737711],[88.3564869564834,27.163200149846972],[88.356531666663,27.163163266211114]]]}},{"type":"Feature","properties":{"source":"Microsoft Global ML Building Footprints"},"geometry":{"type":"Polygon","coordinates":[[[88.35775653330127,27.16806760696126],[88.35774153181238,27.168158716915542],[88.35766013007682,27.168148108255167],[88.35767513156571,27.168056998292222],[88.35775653330127,27.16806760696126]]]}},{"type":"Feature","properties":{"source":"Microsoft Global ML Building Footprints"},"geometry":{"type":"Polygon","coordinates":[[[88.35796924916387,27.166039449149167],[88.3579022194284,27.166160378964847],[88.35783749368998,27.16613198113756],[88.35785877297108,27.16609359072431],[88.35780267733115,27.16606897925969],[88.35784842778554,27.165986439808293],[88.35796924916387,27.166039449149167]]]}},{"type":"Feature","properties":{"source":"Microsoft Global ML Building Footprints"},"geometry":{"type":"Polygon","coordinates":[[[88.35878614913143,27.160991351108336],[88.35878121094221,27.16085307710558],[88.35888035279814,27.160850280435085],[88.35888341788109,27.16093610570048],[88.35885535148088,27.160936897418708],[88.35885722046548,27.160989346275414],[88.35878614913143,27.160991351108336]]]}},{"type":"Feature","properties":{"source":"Microsoft Global ML Building Footprints"},"geometry":{"type":"Polygon","coordinates":[[[88.35922604284508,27.159550954256247],[88.35915108872317,27.159566347751912],[88.35912992798644,27.15948478080133],[88.35920487601675,27.15946938854544],[88.35922604284508,27.159550954256247]]]}},{"type":"Feature","properties":{"source":"Microsoft Global ML Building Footprints"},"geometry":{"type":"Polygon","coordinates":[[[88.35937606836453,27.17279683230847],[88.3593568885982,27.172828080132177],[88.35931556578478,27.17280800606686],[88.35933474555117,27.17277675823756],[88.35937606836453,27.17279683230847]]]}},{"type":"Feature","properties":{"source":"Microsoft Global ML Building Footprints"},"geometry":{"type":"Polygon","coordinates":[[[88.36081764837505,27.161950258354153],[88.36076976506762,27.161973134058307],[88.36068638080863,27.16183498633901],[88.36073426271915,27.161812108292295],[88.36081764837505,27.161950258354153]]]}},{"type":"Feature","properties":{"source":"Microsoft Global ML Building Footprints"},"geometry":{"type":"Polygon","coordinates":[[[88.36141946248073,27.16331040122433],[88.36144254622236,27.163270991570172],[88.36148473192773,27.163290554021536],[88.36146164818614,27.1633299636688],[88.36141946248073,27.16331040122433]]]}},{"type":"Feature","properties":{"source":"Microsoft Global ML Building Footprints"},"geometry":{"type":"Polygon","coordinates":[[[88.36162935280056,27.167384281192383],[88.36163131289689,27.167319898357185],[88.36175728430376,27.167322933952207],[88.36175532420748,27.167387316785664],[88.36162935280056,27.167384281192383]]]}},{"type":"Feature","properties":{"source":"Microsoft Global ML Building Footprints"},"geometry":{"type":"Polygon","coordinates":[[[88.36279075452896,27.16683485248685],[88.36290604711719,27.166836819533827],[88.3629050187646,27.166884528175572],[88.36278972617636,27.166882561129427],[88.36279075452896,27.16683485248685]]]}},{"type":"Feature","properties":{"source":"Microsoft Global ML Building Footprints"},"geometry":{"type":"Polygon","coordinates":[[[88.36375389195294,27.166645605450597],[88.36378645755323,27.166541515188754],[88.36387199123828,27.16656270201203],[88.36383941803858,27.166666790371742],[88.36375389195294,27.166645605450597]]]}},{"type":"Feature","properties":{"source":"Microsoft Global ML Building Footprints"},"geometry":{"type":"Polygon","coordinates":[[[88.36472764702619,27.167409733662794],[88.36487231755015,27.167405337634982],[88.36487506263603,27.167476843129563],[88.36473039211202,27.167481239154547],[88.36472764702619,27.167409733662794]]]}},{"type":"Feature","properties":{"source":"Microsoft Global ML Building Footprints"},"geometry":{"type":"Polygon","coordinates":[[[88.36769861739032,27.15890270804271],[88.36773791511487,27.15893348098136],[88.36766475181285,27.15900744518003],[88.36762545408834,27.15897667226178],[88.36769861739032,27.15890270804271]]]}},{"type":"Feature","properties":{"source":"Microsoft Global ML Building Footprints"},"geometry":{"type":"Polygon","coordinates":[[[88.36814206063076,27.166902869039028],[88.36819584891099,27.16679378422792],[88.36823489725614,27.16680902456362],[88.36818111717804,27.166918110129124],[88.36814206063076,27.166902869039028]]]}},{"type":"Feature","properties":{"source":"Microsoft Global ML Building Footprints"},"geometry":{"type":"Polygon","coordinates":[[[88.35476067685539,27.160199296286628],[88.35476285296157,27.16005136152308],[88.35494521193773,27.160053485050703],[88.35494303583151,27.16020141981145],[88.35476067685539,27.160199296286628]]]}},{"type":"Feature","properties":{"source":"Microsoft Global ML Building Footprints"},"geometry":{"type":"Polygon","coordinates":[[[88.35630357053249,27.164535975914283],[88.35624903526036,27.16462706161282],[88.35613412102967,27.16457260043721],[88.35617418776023,27.16450568030676],[88.35623060020076,27.164532415812317],[88.35624506874233,27.164508250205593],[88.35630357053249,27.164535975914283]]]}},{"type":"Feature","properties":{"source":"Microsoft Global ML Building Footprints"},"geometry":{"type":"Polygon","coordinates":[[[88.35678883918756,27.158969516305966],[88.35674226458569,27.15897416838279],[88.35672976766472,27.15887518451533],[88.35677634995591,27.158870531666317],[88.35678883918756,27.158969516305966]]]}},{"type":"Feature","properties":{"source":"Microsoft Global ML Building Footprints"},"geometry":{"type":"Polygon","coordinates":[[[88.35770614558035,27.169062677451358],[88.35782673081835,27.169039806817338],[88.35783521005466,27.169075203817677],[88.35788908933398,27.169064988234553],[88.357883621462,27.169042162325837],[88.35793236938137,27.169032919652707],[88.35795096014618,27.169110527729686],[88.35787655542707,27.169124634957527],[88.35788257008628,27.16914974343829],[88.35776198312779,27.169172606867583],[88.35777729316938,27.16923651932551],[88.35773880796982,27.169243816159494],[88.35771912363067,27.169161642997942],[88.35772938635054,27.169159697174152],[88.35770614558035,27.169062677451358]]]}},{"type":"Feature","properties":{"source":"Microsoft Global ML Building Footprints"},"geometry":{"type":"Polygon","coordinates":[[[88.35808073587862,27.17081396966413],[88.3579400234637,27.17077329865632],[88.35795657929377,27.170727973145446],[88.35809729170869,27.170768644169762],[88.35808073587862,27.17081396966413]]]}},{"type":"Feature","properties":{"source":"Microsoft Global ML Building Footprints"},"geometry":{"type":"Polygon","coordinates":[[[88.35837746961788,27.164924573963695],[88.35837926498125,27.16486620408194],[88.35854543717933,27.164870260239944],[88.35854364213398,27.16492861977997],[88.35837746961788,27.164924573963695]]]}},{"type":"Feature","properties":{"source":"Microsoft Global ML Building Footprints"},"geometry":{"type":"Polygon","coordinates":[[[88.35879843606166,27.159341304099556],[88.3588426234487,27.15933826905016],[88.35885301570035,27.159458153443474],[88.35880883745052,27.159461185110978],[88.35879843606166,27.159341304099556]]]}},{"type":"Feature","properties":{"source":"Microsoft Global ML Building Footprints"},"geometry":{"type":"Polygon","coordinates":[[[88.36445715985636,27.172505825776007],[88.36448212917841,27.17241586318564],[88.3645768685659,27.17243667453205],[88.36455189257323,27.172526635640324],[88.36445715985636,27.172505825776007]]]}},{"type":"Feature","properties":{"source":"Microsoft Global ML Building Footprints"},"geometry":{"type":"Polygon","coordinates":[[[88.36551186336365,27.172018476442574],[88.3655519637902,27.17210086259383],[88.36540063161875,27.172159160581167],[88.36536053119218,27.172076774472956],[88.36551186336365,27.172018476442574]]]}},{"type":"Feature","properties":{"source":"Microsoft Global ML Building Footprints"},"geometry":{"type":"Polygon","coordinates":[[[88.36572752688745,27.16921473338803],[88.36572136610496,27.16915558479586],[88.36578519106696,27.169150323020354],[88.36579135184945,27.16920947161534],[88.36572752688745,27.16921473338803]]]}},{"type":"Feature","properties":{"source":"Microsoft Global ML Building Footprints"},"geometry":{"type":"Polygon","coordinates":[[[88.36583187718874,27.16568552538255],[88.3657461388938,27.16575436360185],[88.36567352849242,27.16568278429331],[88.36575926380272,27.165613943087635],[88.36583187718874,27.16568552538255]]]}},{"type":"Feature","properties":{"source":"Microsoft Global ML Building Footprints"},"geometry":{"type":"Polygon","coordinates":[[[88.36587240247478,27.1581653175993],[88.36590884047963,27.158060822374516],[88.36599053886322,27.158083370481073],[88.36595410835665,27.158187867754215],[88.36587240247478,27.1581653175993]]]}},{"type":"Feature","properties":{"source":"Microsoft Global ML Building Footprints"},"geometry":{"type":"Polygon","coordinates":[[[88.36825891364226,27.168492530715504],[88.36827486897964,27.168453534861982],[88.36835399438338,27.168479159587868],[88.36833804353466,27.168518151958914],[88.36825891364226,27.168492530715504]]]}},{"type":"Feature","properties":{"source":"Microsoft Global ML Building Footprints"},"geometry":{"type":"Polygon","coordinates":[[[88.35584822133478,27.16879958257605],[88.35587146352424,27.168748254572307],[88.35594300359719,27.168773890556523],[88.35591976140773,27.168825218548484],[88.35584822133478,27.16879958257605]]]}},{"type":"Feature","properties":{"source":"Microsoft Global ML Building Footprints"},"geometry":{"type":"Polygon","coordinates":[[[88.35633178472152,27.16497495550933],[88.35625256713783,27.164978092756364],[88.35624869659962,27.16490060899929],[88.35632790834634,27.16489747691366],[88.35633178472152,27.16497495550933]]]}},{"type":"Feature","properties":{"source":"Microsoft Global ML Building Footprints"},"geometry":{"type":"Polygon","coordinates":[[[88.35750554087619,27.16641159036495],[88.35750151173872,27.16633181211217],[88.35756040144128,27.16632945793507],[88.35756443076352,27.16640923984908],[88.35750554087619,27.16641159036495]]]}},{"type":"Feature","properties":{"source":"Microsoft Global ML Building Footprints"},"geometry":{"type":"Polygon","coordinates":[[[88.35845644161107,27.170270436710425],[88.35847990793019,27.17017727957473],[88.3585718498846,27.170195610517546],[88.35854838356543,27.170288767637913],[88.35845644161107,27.170270436710425]]]}},{"type":"Feature","properties":{"source":"Microsoft Global ML Building Footprints"},"geometry":{"type":"Polygon","coordinates":[[[88.35939746774676,27.169975191168],[88.35950420942186,27.170015594449957],[88.35945492983772,27.170118639700974],[88.35934818816263,27.17007823645632],[88.35939746774676,27.169975191168]]]}},{"type":"Feature","properties":{"source":"Microsoft Global ML Building Footprints"},"geometry":{"type":"Polygon","coordinates":[[[88.36450092259172,27.171800670930253],[88.36443710561593,27.171959323263856],[88.36436339461667,27.171935861209548],[88.36442721159246,27.171777208842627],[88.36450092259172,27.171800670930253]]]}},{"type":"Feature","properties":{"source":"Microsoft Global ML Building Footprints"},"geometry":{"type":"Polygon","coordinates":[[[88.35725028295718,27.15833500755199],[88.35712537932011,27.15828499465688],[88.35716705139531,27.158202617709016],[88.35729195176056,27.15825263710878],[88.35725028295718,27.15833500755199]]]}},{"type":"Feature","properties":{"source":"Microsoft Global ML Building Footprints"},"geometry":{"type":"Polygon","coordinates":[[[88.35751420860316,27.159096114692304],[88.35755793882889,27.159113126327945],[88.35754169439872,27.159146183721525],[88.35749796311364,27.15912916895556],[88.35751420860316,27.159096114692304]]]}},{"type":"Feature","properties":{"source":"Microsoft Global ML Building Footprints"},"geometry":{"type":"Polygon","coordinates":[[[88.36123861776773,27.168604318847677],[88.36131056017906,27.16849688222041],[88.36141629715765,27.16855291777759],[88.36134436098462,27.168660357656954],[88.36123861776773,27.168604318847677]]]}},{"type":"Feature","properties":{"source":"Microsoft Global ML Building Footprints"},"geometry":{"type":"Polygon","coordinates":[[[88.36349344283042,27.16359197923652],[88.36357648148605,27.16360126077867],[88.36355802743117,27.163731951677285],[88.36349729462786,27.163725167133776],[88.36348933303904,27.163781550752233],[88.36334557429865,27.163765491275605],[88.36335937839755,27.163667676735237],[88.3633250511609,27.163663839853534],[88.36333168212208,27.16361685345729],[88.36341882049203,27.1636265932377],[88.3634139687824,27.16366097201611],[88.36348262384968,27.16366864157078],[88.36349344283042,27.16359197923652]]]}},{"type":"Feature","properties":{"source":"Microsoft Global ML Building Footprints"},"geometry":{"type":"Polygon","coordinates":[[[88.36752176176893,27.16703822256403],[88.3675589241387,27.16690567527884],[88.36763972855795,27.16692360251779],[88.36760256618815,27.167056149781715],[88.36752176176893,27.16703822256403]]]}},{"type":"Feature","properties":{"source":"Microsoft Global ML Building Footprints"},"geometry":{"type":"Polygon","coordinates":[[[88.36805879241987,27.159340855112106],[88.36812276504607,27.159200492715804],[88.3683024323987,27.159265317340058],[88.3682734760826,27.159328850404066],[88.36833237952385,27.159350102956353],[88.36836274553531,27.159283488388176],[88.36852397760688,27.159341671495753],[88.36845858427996,27.159485126110184],[88.36805879241987,27.159340855112106]]]}},{"type":"Feature","properties":{"source":"Microsoft Global ML Building Footprints"},"geometry":{"type":"Polygon","coordinates":[[[88.36841706023857,27.167884143555575],[88.36847551600835,27.16778330639525],[88.36865053621615,27.167863613817907],[88.36859206919013,27.167964456638117],[88.36841706023857,27.167884143555575]]]}},{"type":"Feature","properties":{"source":"Microsoft Global ML Building Footprints"},"geometry":{"type":"Polygon","coordinates":[[[88.35810407105197,27.159162758107925],[88.358036665343,27.159191741748096],[88.35799724726351,27.159119170045678],[88.35806465112432,27.159090182984016],[88.35810407105197,27.159162758107925]]]}},{"type":"Feature","properties":{"source":"Microsoft Global ML Building Footprints"},"geometry":{"type":"Polygon","coordinates":[[[88.35817151838593,27.160680453568737],[88.35830052476854,27.160703284411674],[88.35827127188512,27.16083413445382],[88.35814226550245,27.160811303637637],[88.35817151838593,27.160680453568737]]]}},{"type":"Feature","properties":{"source":"Microsoft Global ML Building Footprints"},"geometry":{"type":"Polygon","coordinates":[[[88.35954438111646,27.162062883579225],[88.3594346292944,27.16208968080729],[88.35939287373579,27.1619543047563],[88.35950262555785,27.161927507495754],[88.35954438111646,27.162062883579225]]]}},{"type":"Feature","properties":{"source":"Microsoft Global ML Building Footprints"},"geometry":{"type":"Polygon","coordinates":[[[88.36344363392082,27.167974076215657],[88.3634131222183,27.167972979988384],[88.36341160562849,27.168006333493125],[88.363251993175,27.168000598923605],[88.36325588624135,27.167914832501978],[88.36344601301694,27.167921663397813],[88.36344363392082,27.167974076215657]]]}},{"type":"Feature","properties":{"source":"Microsoft Global ML Building Footprints"},"geometry":{"type":"Polygon","coordinates":[[[88.36392199531812,27.172830826294934],[88.36385815736311,27.17288383857324],[88.3637743740862,27.172803981379843],[88.36383821091259,27.17275097397558],[88.36392199531812,27.172830826294934]]]}},{"type":"Feature","properties":{"source":"Microsoft Global ML Building Footprints"},"geometry":{"type":"Polygon","coordinates":[[[88.36650282073374,27.166155783239475],[88.36650209146305,27.16624407243956],[88.366310672727,27.166242820916587],[88.36631139505259,27.166154531670117],[88.36650282073374,27.166155783239475]]]}},{"type":"Feature","properties":{"source":"Microsoft Global ML Building Footprints"},"geometry":{"type":"Polygon","coordinates":[[[88.3551523108073,27.165066107291032],[88.35517118071434,27.16499473758101],[88.35522455374621,27.16500590776441],[88.35520568467183,27.165077274318058],[88.3551523108073,27.165066107291032]]]}},{"type":"Feature","properties":{"source":"Microsoft Global ML Building Footprints"},"geometry":{"type":"Polygon","coordinates":[[[88.35920778732206,27.161400849435807],[88.35925145966932,27.161421765175263],[88.35922123494325,27.16147172330652],[88.35917756259599,27.16145080757643],[88.35920778732206,27.161400849435807]]]}},{"type":"Feature","properties":{"source":"Microsoft Global ML Building Footprints"},"geometry":{"type":"Polygon","coordinates":[[[88.36474714590418,27.172774959542657],[88.36480238416067,27.17282935510306],[88.36476330281343,27.17286076509921],[88.36470806356142,27.172806372787647],[88.36474714590418,27.172774959542657]]]}},{"type":"Feature","properties":{"source":"Microsoft Global ML Building Footprints"},"geometry":{"type":"Polygon","coordinates":[[[88.36576174132325,27.16542413809158],[88.36584229975078,27.165375264748434],[88.36586227533769,27.16540132737235],[88.36589340018467,27.165382444488444],[88.36595457541951,27.165462261249857],[88.36584289214497,27.16553001741707],[88.36576174132325,27.16542413809158]]]}},{"type":"Feature","properties":{"source":"Microsoft Global ML Building Footprints"},"geometry":{"type":"Polygon","coordinates":[[[88.36753712488014,27.168583062764924],[88.36748645693591,27.168689117157584],[88.36738877257822,27.16865217217608],[88.3674394380612,27.168546122900096],[88.36753712488014,27.168583062764924]]]}},{"type":"Feature","properties":{"source":"Microsoft Global ML Building Footprints"},"geometry":{"type":"Polygon","coordinates":[[[88.35546868951637,27.166076034673864],[88.35553620099866,27.16591822000646],[88.35552636852638,27.16588556873515],[88.3556019321718,27.165911155685677],[88.35561580032108,27.165878743466223],[88.35566511587555,27.16589544550348],[88.35566536378053,27.1658962685213],[88.35555685187822,27.1659221404691],[88.35559490612586,27.165935026187945],[88.3556042502566,27.165966055781205],[88.3555946450853,27.16598850880893],[88.35573052640754,27.16603452861753],[88.35571309642972,27.166075272867715],[88.35570505089568,27.166072548537045],[88.35572393859465,27.166135253540304],[88.35573054162688,27.166133679215655],[88.3558434209415,27.16617190170802],[88.35579348679121,27.16628862740557],[88.35576550121212,27.166279151113756],[88.3556795748251,27.16629963269036],[88.35567260857498,27.166276505573848],[88.35568105996927,27.166256749663972],[88.35565657800825,27.166175451199067],[88.35559684267446,27.16615522399367],[88.35558483958494,27.166115364708737],[88.35546868951637,27.166076034673864]]]}},{"type":"Feature","properties":{"source":"Microsoft Global ML Building Footprints"},"geometry":{"type":"Polygon","coordinates":[[[88.35883992540678,27.17047605697016],[88.35874118056228,27.170537799318566],[88.35864275789758,27.170413214132807],[88.35878459140152,27.170324529559053],[88.35885399199839,27.170412378171733],[88.35881090333899,27.17043932030696],[88.35883992540678,27.17047605697016]]]}},{"type":"Feature","properties":{"source":"Microsoft Global ML Building Footprints"},"geometry":{"type":"Polygon","coordinates":[[[88.35886175474828,27.170104827908865],[88.35887651933866,27.170212999858578],[88.35880779526707,27.170220424200878],[88.35879303067668,27.170112252258342],[88.35886175474828,27.170104827908865]]]}},{"type":"Feature","properties":{"source":"Microsoft Global ML Building Footprints"},"geometry":{"type":"Polygon","coordinates":[[[88.36130915825949,27.166059035270585],[88.3612368776517,27.166091931452435],[88.3613423651841,27.166275395668578],[88.36128709177817,27.166300551524458],[88.36114462923445,27.166052780247952],[88.36127218324816,27.16599472813546],[88.36130915825949,27.166059035270585]]]}},{"type":"Feature","properties":{"source":"Microsoft Global ML Building Footprints"},"geometry":{"type":"Polygon","coordinates":[[[88.36383553573698,27.172441247712328],[88.36401457514908,27.172533205970957],[88.36398205544911,27.172583316458116],[88.36380301603701,27.172491358240777],[88.36383553573698,27.172441247712328]]]}},{"type":"Feature","properties":{"source":"Microsoft Global ML Building Footprints"},"geometry":{"type":"Polygon","coordinates":[[[88.36479195555401,27.171161029746585],[88.36472627002223,27.17132542149801],[88.3646643561016,27.17130584153488],[88.36467163649473,27.17128762084043],[88.36462163020182,27.171271803485396],[88.36468003670798,27.171125628956354],[88.36479195555401,27.171161029746585]]]}},{"type":"Feature","properties":{"source":"Microsoft Global ML Building Footprints"},"geometry":{"type":"Polygon","coordinates":[[[88.35581621027522,27.15945088670818],[88.35565712904128,27.159420741904285],[88.35571013558739,27.15919929863412],[88.35586921682133,27.1592294434978],[88.35581621027522,27.15945088670818]]]}},{"type":"Feature","properties":{"source":"Microsoft Global ML Building Footprints"},"geometry":{"type":"Polygon","coordinates":[[[88.35602874977774,27.161539001573416],[88.35600691922733,27.161659977038532],[88.35592847506592,27.16164877139068],[88.35595030561633,27.16152779591343],[88.35602874977774,27.161539001573416]]]}},{"type":"Feature","properties":{"source":"Microsoft Global ML Building Footprints"},"geometry":{"type":"Polygon","coordinates":[[[88.357572962394,27.167386252039584],[88.35760655348675,27.16723092280052],[88.35777984886967,27.167260575545612],[88.35774625552668,27.167415915148887],[88.357572962394,27.167386252039584]]]}},{"type":"Feature","properties":{"source":"Microsoft Global ML Building Footprints"},"geometry":{"type":"Polygon","coordinates":[[[88.35899977968788,27.162925612082375],[88.35913647693411,27.163000978370235],[88.35909204558331,27.163064778198],[88.35895534471078,27.1629894099539],[88.35899977968788,27.162925612082375]]]}},{"type":"Feature","properties":{"source":"Microsoft Global ML Building Footprints"},"geometry":{"type":"Polygon","coordinates":[[[88.35946387387987,27.15970778590549],[88.35954963718336,27.159705649655876],[88.35955275480684,27.15980448504795],[88.35946699167165,27.15980662663212],[88.35946387387987,27.15970778590549]]]}},{"type":"Feature","properties":{"source":"Microsoft Global ML Building Footprints"},"geometry":{"type":"Polygon","coordinates":[[[88.36371728614726,27.16556087343912],[88.36376989541769,27.165702951959474],[88.36365952440879,27.16573530136713],[88.36360692522115,27.165593219932745],[88.36371728614726,27.16556087343912]]]}},{"type":"Feature","properties":{"source":"Microsoft Global ML Building Footprints"},"geometry":{"type":"Polygon","coordinates":[[[88.36455443583304,27.166046712805397],[88.36452507930055,27.16610095346268],[88.36449024158165,27.166086028824388],[88.36451959811409,27.16603178815984],[88.36455443583304,27.166046712805397]]]}},{"type":"Feature","properties":{"source":"Microsoft Global ML Building Footprints"},"geometry":{"type":"Polygon","coordinates":[[[88.36456561500506,27.168610525606418],[88.36458800606395,27.16849315431714],[88.36486067887672,27.16853434404151],[88.36483987394107,27.16864335607049],[88.36473819903694,27.168627997162297],[88.36473660591406,27.168636344676024],[88.36456561500506,27.168610525606418]]]}},{"type":"Feature","properties":{"source":"Microsoft Global ML Building Footprints"},"geometry":{"type":"Polygon","coordinates":[[[88.36681813252353,27.164259664927116],[88.36681558113507,27.164219224290747],[88.36689846813753,27.164215079764027],[88.36690529049002,27.164323217040973],[88.3667784834527,27.164329549760637],[88.3667742076773,27.16426186126217],[88.36681813252353,27.164259664927116]]]}},{"type":"Feature","properties":{"source":"Microsoft Global ML Building Footprints"},"geometry":{"type":"Polygon","coordinates":[[[88.3534702400971,27.158495845421285],[88.35363303094138,27.158547475021997],[88.3536186123922,27.15858347241052],[88.35364144583545,27.158590714100775],[88.35361803074655,27.158649160767823],[88.35343239983766,27.15859029898401],[88.3534702400971,27.158495845421285]]]}},{"type":"Feature","properties":{"source":"Microsoft Global ML Building Footprints"},"geometry":{"type":"Polygon","coordinates":[[[88.35699669538893,27.159169083510818],[88.35699682735908,27.15908078410436],[88.35706120026161,27.159080860268354],[88.3570612359292,27.159056995551957],[88.35715779528299,27.159057109797935],[88.3571578416509,27.159026085659036],[88.35723026116624,27.159026171343548],[88.35723010779553,27.159128789616233],[88.35708258656054,27.15912861507386],[88.3570825259256,27.1591691850627],[88.35699669538893,27.159169083510818]]]}},{"type":"Feature","properties":{"source":"Microsoft Global ML Building Footprints"},"geometry":{"type":"Polygon","coordinates":[[[88.3581832875227,27.165810089501633],[88.35823208822151,27.16574906160131],[88.35829085815,27.16578625678879],[88.35824205550827,27.1658472870985],[88.3581832875227,27.165810089501633]]]}},{"type":"Feature","properties":{"source":"Microsoft Global ML Building Footprints"},"geometry":{"type":"Polygon","coordinates":[[[88.36146752360732,27.168482092672242],[88.3614245371347,27.16856336969699],[88.36137971586001,27.168544603857264],[88.36142270635877,27.168463331295165],[88.36146752360732,27.168482092672242]]]}},{"type":"Feature","properties":{"source":"Microsoft Global ML Building Footprints"},"geometry":{"type":"Polygon","coordinates":[[[88.3542424841825,27.1655049779638],[88.35410909723117,27.16556048558997],[88.35398455956448,27.165323563619147],[88.35400129202445,27.165316600562456],[88.3539570294027,27.165232407286503],[88.35407366860179,27.165183868926327],[88.3542424841825,27.1655049779638]]]}},{"type":"Feature","properties":{"source":"Microsoft Global ML Building Footprints"},"geometry":{"type":"Polygon","coordinates":[[[88.35580658539017,27.1589141706432],[88.35582181354475,27.158857763178766],[88.35588923312606,27.15887217195543],[88.35587400077652,27.15892857851607],[88.35580658539017,27.1589141706432]]]}},{"type":"Feature","properties":{"source":"Microsoft Global ML Building Footprints"},"geometry":{"type":"Polygon","coordinates":[[[88.35878500167462,27.169636023999246],[88.3588135724145,27.16964343349005],[88.3587649523533,27.16979182017962],[88.35868200269296,27.169770313337146],[88.35871836543025,27.169659308907562],[88.35877275355071,27.169673413833934],[88.35878500167462,27.169636023999246]]]}},{"type":"Feature","properties":{"source":"Microsoft Global ML Building Footprints"},"geometry":{"type":"Polygon","coordinates":[[[88.35984780009812,27.170112263222016],[88.3598552052445,27.1699670012824],[88.35996883868448,27.169971586202266],[88.35996144494243,27.170116848596052],[88.35984780009812,27.170112263222016]]]}},{"type":"Feature","properties":{"source":"Microsoft Global ML Building Footprints"},"geometry":{"type":"Polygon","coordinates":[[[88.36258811996295,27.161423979841146],[88.36254860895292,27.161469011102817],[88.36246861105718,27.161413452153177],[88.36250812478299,27.16136841777388],[88.36258811996295,27.161423979841146]]]}},{"type":"Feature","properties":{"source":"Microsoft Global ML Building Footprints"},"geometry":{"type":"Polygon","coordinates":[[[88.36364373816896,27.16697324378677],[88.36364619565641,27.16689455622688],[88.36370881069145,27.166896100187984],[88.36370635938941,27.166974787899314],[88.36364373816896,27.16697324378677]]]}},{"type":"Feature","properties":{"source":"Microsoft Global ML Building Footprints"},"geometry":{"type":"Polygon","coordinates":[[[88.36398871255989,27.161459603563934],[88.36406259727536,27.161516925568442],[88.36402191989745,27.161558433480963],[88.36394803076551,27.16150111267244],[88.36398871255989,27.161459603563934]]]}},{"type":"Feature","properties":{"source":"Microsoft Global ML Building Footprints"},"geometry":{"type":"Polygon","coordinates":[[[88.36851932574622,27.164793315978166],[88.36849848910002,27.164843778012333],[88.36839923219364,27.164811335991544],[88.36842006883985,27.164760873942733],[88.36851932574622,27.164793315978166]]]}},{"type":"Feature","properties":{"source":"Microsoft Global ML Building Footprints"},"geometry":{"type":"Polygon","coordinates":[[[88.35645524700172,27.16468430843969],[88.35647741975399,27.16465433925741],[88.35653543223437,27.164688313629],[88.35647260943632,27.16477322626541],[88.35636297504851,27.164709020131205],[88.3564036281098,27.16465407840235],[88.35645524700172,27.16468430843969]]]}},{"type":"Feature","properties":{"source":"Microsoft Global ML Building Footprints"},"geometry":{"type":"Polygon","coordinates":[[[88.35809909590388,27.162139042715943],[88.35799777302215,27.162155270510944],[88.35797111565188,27.162023514492176],[88.35811009513229,27.162001255618343],[88.35812529587767,27.162076415680048],[88.35808764454633,27.162082443547476],[88.35809909590388,27.162139042715943]]]}},{"type":"Feature","properties":{"source":"Microsoft Global ML Building Footprints"},"geometry":{"type":"Polygon","coordinates":[[[88.35848461199397,27.16175186425484],[88.35856354673695,27.16163568437011],[88.35864997744721,27.161682174867863],[88.35857104538238,27.16179835076249],[88.35848461199397,27.16175186425484]]]}},{"type":"Feature","properties":{"source":"Microsoft Global ML Building Footprints"},"geometry":{"type":"Polygon","coordinates":[[[88.36029236510949,27.16505745993731],[88.36034912656847,27.165009811852713],[88.360459678487,27.16511406494682],[88.36040291504506,27.16516171111695],[88.36029236510949,27.16505745993731]]]}},{"type":"Feature","properties":{"source":"Microsoft Global ML Building Footprints"},"geometry":{"type":"Polygon","coordinates":[[[88.36073792299143,27.165111689993402],[88.36082367162551,27.164986283476694],[88.3610045708896,27.1650841933075],[88.36113201358783,27.16489783098433],[88.36119973169356,27.164934482738452],[88.36122549098378,27.16489680999004],[88.36127836087816,27.164910222182044],[88.36133487885427,27.164940811974354],[88.36116029181998,27.16519614371517],[88.3610914764027,27.165158893854212],[88.36108445505864,27.165180802290095],[88.36112910473052,27.165192129122936],[88.36112283225079,27.16521170089996],[88.36106568769173,27.16529527409095],[88.36077558965903,27.165138243762293],[88.36079703620524,27.165143684374343],[88.36073792299143,27.165111689993402]]]}},{"type":"Feature","properties":{"source":"Microsoft Global ML Building Footprints"},"geometry":{"type":"Polygon","coordinates":[[[88.36300288398611,27.167601240782652],[88.36295524761252,27.16737444730711],[88.36302684118131,27.167362549051575],[88.36304427033355,27.167445559190533],[88.36306857739123,27.167441519562487],[88.36309877709077,27.167585298207506],[88.36300288398611,27.167601240782652]]]}},{"type":"Feature","properties":{"source":"Microsoft Global ML Building Footprints"},"geometry":{"type":"Polygon","coordinates":[[[88.36530567228893,27.172893235342677],[88.36521700602835,27.1728458231836],[88.36527148442346,27.172765189833164],[88.365360150684,27.172812602026504],[88.36530567228893,27.172893235342677]]]}},{"type":"Feature","properties":{"source":"Microsoft Global ML Building Footprints"},"geometry":{"type":"Polygon","coordinates":[[[88.36626022319572,27.16719271751758],[88.36633521427379,27.167233435607088],[88.36630539899681,27.167276904261875],[88.36623040542722,27.167236184835367],[88.36626022319572,27.16719271751758]]]}},{"type":"Feature","properties":{"source":"Microsoft Global ML Building Footprints"},"geometry":{"type":"Polygon","coordinates":[[[88.36649713470034,27.1657017120772],[88.36624241379357,27.165705946975976],[88.3662410609594,27.165641538430563],[88.36649578186616,27.16563730352933],[88.36649713470034,27.1657017120772]]]}},{"type":"Feature","properties":{"source":"Microsoft Global ML Building Footprints"},"geometry":{"type":"Polygon","coordinates":[[[88.36670130774979,27.165233593489766],[88.366772058236,27.1652137465627],[88.36680513501719,27.165307080639174],[88.366734384531,27.16532692754965],[88.36670130774979,27.165233593489766]]]}},{"type":"Feature","properties":{"source":"Microsoft Global ML Building Footprints"},"geometry":{"type":"Polygon","coordinates":[[[88.35780007758318,27.15955420615426],[88.3578781930585,27.15959467785236],[88.35785777014135,27.15962587939152],[88.3579187322695,27.159657467702225],[88.35790356987786,27.159680635135402],[88.35798481228476,27.159722731910712],[88.35796674529469,27.159750334101687],[88.35805375587339,27.15979541428075],[88.35801759830065,27.15985066130358],[88.35771025877698,27.159691428699986],[88.35780007758318,27.15955420615426]]]}},{"type":"Feature","properties":{"source":"Microsoft Global ML Building Footprints"},"geometry":{"type":"Polygon","coordinates":[[[88.36603089650356,27.166208516473105],[88.36586206391657,27.166204090552725],[88.36586498556602,27.166115873143625],[88.36603381815297,27.166120299067494],[88.36603089650356,27.166208516473105]]]}},{"type":"Feature","properties":{"source":"Microsoft Global ML Building Footprints"},"geometry":{"type":"Polygon","coordinates":[[[88.36641703905957,27.164474757648335],[88.3663692250551,27.16441880504567],[88.36648310568447,27.16434177290477],[88.3665691077963,27.164442413802753],[88.36643143585681,27.16453554755377],[88.36639324310717,27.164490853901818],[88.36641703905957,27.164474757648335]]]}},{"type":"Feature","properties":{"source":"Microsoft Global ML Building Footprints"},"geometry":{"type":"Polygon","coordinates":[[[88.3559808211846,27.164872434058807],[88.35605386422998,27.164688931548163],[88.35617919168519,27.16472841978937],[88.35613615370002,27.16483656340877],[88.3561967161882,27.164855645446245],[88.35616672278144,27.16493099635563],[88.3559808211846,27.164872434058807]]]}},{"type":"Feature","properties":{"source":"Microsoft Global ML Building Footprints"},"geometry":{"type":"Polygon","coordinates":[[[88.35689052905124,27.159477769476233],[88.35682900451926,27.159527671407105],[88.35676757697544,27.159467717205963],[88.35682910150743,27.159417815248318],[88.35689052905124,27.159477769476233]]]}},{"type":"Feature","properties":{"source":"Microsoft Global ML Building Footprints"},"geometry":{"type":"Polygon","coordinates":[[[88.35913351898962,27.166354158035915],[88.35904356464913,27.166379873479393],[88.3589893014595,27.166229626498833],[88.35907925763365,27.166203916097935],[88.35913351898962,27.166354158035915]]]}},{"type":"Feature","properties":{"source":"Microsoft Global ML Building Footprints"},"geometry":{"type":"Polygon","coordinates":[[[88.35945925525371,27.16995263891731],[88.35955197251079,27.169988224476036],[88.3595330021941,27.170027351402624],[88.35944028257708,27.16999177072386],[88.35945925525371,27.16995263891731]]]}},{"type":"Feature","properties":{"source":"Microsoft Global ML Building Footprints"},"geometry":{"type":"Polygon","coordinates":[[[88.36401174480964,27.166592391540306],[88.36405491134083,27.166597329187113],[88.36404134164599,27.166691229563327],[88.36399818238162,27.16668629275187],[88.36401174480964,27.166592391540306]]]}},{"type":"Feature","properties":{"source":"Microsoft Global ML Building Footprints"},"geometry":{"type":"Polygon","coordinates":[[[88.3640405637322,27.164996347131023],[88.36384910511896,27.165049780996277],[88.36380820989416,27.164933818729715],[88.36374472249062,27.164951541289376],[88.36373706103103,27.164929816488232],[88.36399201308178,27.164858646387692],[88.3640405637322,27.164996347131023]]]}},{"type":"Feature","properties":{"source":"Microsoft Global ML Building Footprints"},"geometry":{"type":"Polygon","coordinates":[[[88.36437854562551,27.165953009778356],[88.36452080044808,27.165991727869866],[88.3644850808968,27.166095608345792],[88.36434282328904,27.166056898390345],[88.36437854562551,27.165953009778356]]]}},{"type":"Feature","properties":{"source":"Microsoft Global ML Building Footprints"},"geometry":{"type":"Polygon","coordinates":[[[88.35699666821522,27.158618237718642],[88.35697594414192,27.15858949779787],[88.35690754149473,27.158628545449098],[88.35683927395915,27.15853387274973],[88.35698937976825,27.1584481847579],[88.35707837137714,27.158571597462675],[88.35699666821522,27.158618237718642]]]}},{"type":"Feature","properties":{"source":"Microsoft Global ML Building Footprints"},"geometry":{"type":"Polygon","coordinates":[[[88.35875132898074,27.159816236443852],[88.35875540374332,27.159673140613272],[88.3588668116363,27.159675652009064],[88.35886272562469,27.159818747582847],[88.35875132898074,27.159816236443852]]]}},{"type":"Feature","properties":{"source":"Microsoft Global ML Building Footprints"},"geometry":{"type":"Polygon","coordinates":[[[88.36085851976745,27.16500769401076],[88.36092356854945,27.1648256379398],[88.36109896334034,27.16487524395272],[88.36103391455833,27.165057299942802],[88.36085851976745,27.16500769401076]]]}},{"type":"Feature","properties":{"source":"Microsoft Global ML Building Footprints"},"geometry":{"type":"Polygon","coordinates":[[[88.36314865058227,27.164231122878107],[88.3631523218883,27.164123835822103],[88.36335330127542,27.164129279771636],[88.36335134324557,27.16418649954489],[88.3633004284675,27.164185120411744],[88.36329871519138,27.164235187689897],[88.36314865058227,27.164231122878107]]]}},{"type":"Feature","properties":{"source":"Microsoft Global ML Building Footprints"},"geometry":{"type":"Polygon","coordinates":[[[88.36404295221942,27.16785050084136],[88.36410089275151,27.167677324265775],[88.36416988328095,27.167695590213178],[88.36416108218751,27.167721895528786],[88.36421624307991,27.167736499932957],[88.36420157775916,27.167780342945015],[88.36423607368391,27.167789476085417],[88.36420161018015,27.16789250708755],[88.36404295221942,27.16785050084136]]]}},{"type":"Feature","properties":{"source":"Microsoft Global ML Building Footprints"},"geometry":{"type":"Polygon","coordinates":[[[88.35626136643164,27.159165993771794],[88.35634086315244,27.159138860530426],[88.35639019431471,27.159253279207128],[88.35631069759387,27.159280412420742],[88.35626136643164,27.159165993771794]]]}},{"type":"Feature","properties":{"source":"Microsoft Global ML Building Footprints"},"geometry":{"type":"Polygon","coordinates":[[[88.35875889584213,27.169507170143767],[88.35878552476255,27.169426996659766],[88.3588496619938,27.169443857573334],[88.35882303185342,27.169524034718044],[88.35875889584213,27.169507170143767]]]}},{"type":"Feature","properties":{"source":"Microsoft Global ML Building Footprints"},"geometry":{"type":"Polygon","coordinates":[[[88.35902450923643,27.170242246624184],[88.35920969332015,27.170286397412674],[88.3591852438842,27.17036756367696],[88.35910015781624,27.17034728313942],[88.35908003843052,27.17041407464319],[88.35897993717413,27.170390215196825],[88.35902450923643,27.170242246624184]]]}},{"type":"Feature","properties":{"source":"Microsoft Global ML Building Footprints"},"geometry":{"type":"Polygon","coordinates":[[[88.3612389323787,27.167347118613186],[88.3612015114085,27.167345156663217],[88.36120582807716,27.167279987757368],[88.36124324889356,27.16728195203052],[88.3612389323787,27.167347118613186]]]}},{"type":"Feature","properties":{"source":"Microsoft Global ML Building Footprints"},"geometry":{"type":"Polygon","coordinates":[[[88.36315919931455,27.16445094601189],[88.3632208309651,27.164459803521652],[88.36321196370534,27.1645086427097],[88.36315032831058,27.164499784665693],[88.36315919931455,27.16445094601189]]]}},{"type":"Feature","properties":{"source":"Microsoft Global ML Building Footprints"},"geometry":{"type":"Polygon","coordinates":[[[88.36707553307929,27.166041529620195],[88.36718611308552,27.165962248667995],[88.36726342999619,27.16604760920943],[88.36715284998996,27.16612689010102],[88.36707553307929,27.166041529620195]]]}},{"type":"Feature","properties":{"source":"Microsoft Global ML Building Footprints"},"geometry":{"type":"Polygon","coordinates":[[[88.36793447073336,27.1690524217738],[88.36794780413787,27.168974244779754],[88.36806427686561,27.168989967871674],[88.36805095068145,27.169068138576613],[88.36793447073336,27.1690524217738]]]}},{"type":"Feature","properties":{"source":"Microsoft Global ML Building Footprints"},"geometry":{"type":"Polygon","coordinates":[[[88.35463573173246,27.161078963404712],[88.35447222194117,27.161075277555945],[88.35447457036885,27.160992807393107],[88.35463807987043,27.16099650341996],[88.35463573173246,27.161078963404712]]]}},{"type":"Feature","properties":{"source":"Microsoft Global ML Building Footprints"},"geometry":{"type":"Polygon","coordinates":[[[88.354881247781,27.164275565416524],[88.35495029234917,27.164257370588743],[88.35498284283202,27.16435514546552],[88.35491379957969,27.164373344229872],[88.354881247781,27.164275565416524]]]}},{"type":"Feature","properties":{"source":"Microsoft Global ML Building Footprints"},"geometry":{"type":"Polygon","coordinates":[[[88.35538036456194,27.16530477054844],[88.35553221697074,27.16535152862356],[88.35551065909534,27.165406935436934],[88.35562084036457,27.165440862193137],[88.3555823273743,27.165539845970542],[88.35532031021029,27.165459150003535],[88.35538036456194,27.16530477054844]]]}},{"type":"Feature","properties":{"source":"Microsoft Global ML Building Footprints"},"geometry":{"type":"Polygon","coordinates":[[[88.35639280525174,27.171488892996656],[88.35649415834314,27.171448163343058],[88.35653642117167,27.17153140048398],[88.3564350626415,27.171572132292823],[88.35639280525174,27.171488892996656]]]}},{"type":"Feature","properties":{"source":"Microsoft Global ML Building Footprints"},"geometry":{"type":"Polygon","coordinates":[[[88.35732755479907,27.159550314375878],[88.35743837007146,27.159635282190273],[88.35738465387186,27.15969073705999],[88.35727384243488,27.15960576532818],[88.35732755479907,27.159550314375878]]]}},{"type":"Feature","properties":{"source":"Microsoft Global ML Building Footprints"},"geometry":{"type":"Polygon","coordinates":[[[88.35818834756066,27.169211438778206],[88.3582337616402,27.16916252912042],[88.35827202414688,27.16919064939117],[88.35822661138225,27.16923955762048],[88.35818834756066,27.169211438778206]]]}},{"type":"Feature","properties":{"source":"Microsoft Global ML Building Footprints"},"geometry":{"type":"Polygon","coordinates":[[[88.35927845937752,27.17011167026358],[88.35933253657356,27.170059531588663],[88.35941076466888,27.170123754945735],[88.35935669020162,27.170175890959733],[88.35927845937752,27.17011167026358]]]}},{"type":"Feature","properties":{"source":"Microsoft Global ML Building Footprints"},"geometry":{"type":"Polygon","coordinates":[[[88.36125804382664,27.164201516215996],[88.36128201490156,27.16413430805182],[88.36138784629722,27.16416419386266],[88.36136387041921,27.164231400652504],[88.36125804382664,27.164201516215996]]]}},{"type":"Feature","properties":{"source":"Microsoft Global ML Building Footprints"},"geometry":{"type":"Polygon","coordinates":[[[88.36238769352943,27.164651469247858],[88.36229397198541,27.164648072731588],[88.36229718165794,27.164578087488053],[88.36225165989494,27.16457643492062],[88.3622555933099,27.164490668787806],[88.36239483634972,27.164495723703787],[88.36238769352943,27.164651469247858]]]}},{"type":"Feature","properties":{"source":"Microsoft Global ML Building Footprints"},"geometry":{"type":"Polygon","coordinates":[[[88.36436654123148,27.166818678554904],[88.3643732675625,27.166714023042076],[88.3644213899813,27.16671647116236],[88.36441833255815,27.166764041861136],[88.36446378150923,27.1667663539737],[88.3644601126014,27.166823438784277],[88.36436654123148,27.166818678554904]]]}},{"type":"Feature","properties":{"source":"Microsoft Global ML Building Footprints"},"geometry":{"type":"Polygon","coordinates":[[[88.36660078475279,27.16624975190942],[88.36671687740777,27.166245110981336],[88.36672684482693,27.166442777115407],[88.36661076769043,27.1664474174149],[88.36660078475279,27.16624975190942]]]}},{"type":"Feature","properties":{"source":"Microsoft Global ML Building Footprints"},"geometry":{"type":"Polygon","coordinates":[[[88.36749468273108,27.162423752185838],[88.36753571539134,27.162449655888764],[88.36748254963774,27.162516321563594],[88.36744151697746,27.16249041787615],[88.36749468273108,27.162423752185838]]]}},{"type":"Feature","properties":{"source":"Microsoft Global ML Building Footprints"},"geometry":{"type":"Polygon","coordinates":[[[88.35821906209694,27.167006215633492],[88.35844776821071,27.167025070690002],[88.35844086813431,27.16709131837542],[88.35837704317235,27.16708605650262],[88.35836718592039,27.167180695989487],[88.35825017349008,27.16717104923024],[88.35825288423439,27.16714502337709],[88.35820501551288,27.167141076974424],[88.35821906209694,27.167006215633492]]]}},{"type":"Feature","properties":{"source":"Microsoft Global ML Building Footprints"},"geometry":{"type":"Polygon","coordinates":[[[88.35926620889126,27.163381462573753],[88.35921043030386,27.16341157617987],[88.35915332644842,27.163327858846074],[88.35920910984916,27.16329774261878],[88.35926620889126,27.163381462573753]]]}},{"type":"Feature","properties":{"source":"Microsoft Global ML Building Footprints"},"geometry":{"type":"Polygon","coordinates":[[[88.36011657347504,27.166706236287624],[88.36000478853697,27.16656974740605],[88.36008888203338,27.16651522682337],[88.36020066977268,27.16665171919191],[88.36011657347504,27.166706236287624]]]}},{"type":"Feature","properties":{"source":"Microsoft Global ML Building Footprints"},"geometry":{"type":"Polygon","coordinates":[[[88.36252821117255,27.168974927588515],[88.36251649115458,27.168626844819386],[88.36257969898496,27.168625160321504],[88.36257729638376,27.16855363617953],[88.36257498558253,27.168553697762746],[88.36279372646385,27.16848821143465],[88.36282872500485,27.168487278717294],[88.36287025251147,27.168474846268097],[88.36289734056551,27.16854646266949],[88.36289692398726,27.168534090329857],[88.36291753454933,27.168588592608764],[88.36291883430471,27.168627195214718],[88.3629563516447,27.168626197708228],[88.3629634744992,27.168837745544856],[88.3629729686296,27.168862851624155],[88.36303132268984,27.168861296483257],[88.36303675269679,27.1690225666688],[88.3629281165474,27.169025455063263],[88.36291936890935,27.169028073906617],[88.36279297026095,27.1690314345664],[88.36279061968362,27.168961622895836],[88.36265784759043,27.169001371848744],[88.36265615976019,27.168951243624356],[88.3626547155677,27.16894742542968],[88.36256623594727,27.1689739142259],[88.36252821117255,27.168974927588515]]]}},{"type":"Feature","properties":{"source":"Microsoft Global ML Building Footprints"},"geometry":{"type":"Polygon","coordinates":[[[88.36321015232384,27.16812963908891],[88.36310021586927,27.168175503327255],[88.36306412950509,27.16810703828056],[88.36317406595964,27.168061174014092],[88.36321015232384,27.16812963908891]]]}},{"type":"Feature","properties":{"source":"Microsoft Global ML Building Footprints"},"geometry":{"type":"Polygon","coordinates":[[[88.36475958079662,27.171414604761303],[88.36473391970364,27.171516888897074],[88.3647007055714,27.171510293787584],[88.36472636666437,27.17140800964576],[88.36475958079662,27.171414604761303]]]}},{"type":"Feature","properties":{"source":"Microsoft Global ML Building Footprints"},"geometry":{"type":"Polygon","coordinates":[[[88.36527108372195,27.16593251241887],[88.3651164235934,27.16596562175456],[88.36509360050374,27.165881234321716],[88.36524825817023,27.165848115857813],[88.36527108372195,27.16593251241887]]]}},{"type":"Feature","properties":{"source":"Microsoft Global ML Building Footprints"},"geometry":{"type":"Polygon","coordinates":[[[88.354162276696,27.167245948635795],[88.35425068364853,27.167287136116343],[88.354191153743,27.167388262192745],[88.35410274679049,27.167347074749493],[88.354162276696,27.167245948635795]]]}},{"type":"Feature","properties":{"source":"Microsoft Global ML Building Footprints"},"geometry":{"type":"Polygon","coordinates":[[[88.35561185919997,27.16572503998613],[88.35554966833874,27.16585853587476],[88.35548470090679,27.16583458301413],[88.35552127252863,27.165756066887184],[88.35544432640181,27.16572769278025],[88.35551737823135,27.165570883063225],[88.35562038266637,27.165608866298378],[88.3555729464134,27.165710690780394],[88.35561185919997,27.16572503998613]]]}},{"type":"Feature","properties":{"source":"Microsoft Global ML Building Footprints"},"geometry":{"type":"Polygon","coordinates":[[[88.35763152241155,27.16957289287548],[88.35762887912952,27.169565272112777],[88.35764220353637,27.16956161414268],[88.35768453244475,27.169683623544884],[88.35757323889678,27.169714177098356],[88.35753356396604,27.169599791653596],[88.35763152241155,27.16957289287548]]]}},{"type":"Feature","properties":{"source":"Microsoft Global ML Building Footprints"},"geometry":{"type":"Polygon","coordinates":[[[88.36143402372005,27.163328974873927],[88.36140929545206,27.163401007312707],[88.36136402149208,27.16338870717827],[88.36135278372625,27.163421449824206],[88.36123992561438,27.16339078827375],[88.36127588646512,27.163286011744162],[88.36143402372005,27.163328974873927]]]}},{"type":"Feature","properties":{"source":"Microsoft Global ML Building Footprints"},"geometry":{"type":"Polygon","coordinates":[[[88.3639740954891,27.1660467707511],[88.36401901316536,27.165948477245053],[88.36408663174925,27.165972940170178],[88.36407259290188,27.166003656143218],[88.36414164180069,27.166028636512614],[88.36409858933546,27.166122832089528],[88.36402177412558,27.166095042063084],[88.36403393932954,27.16606842092527],[88.3639740954891,27.1660467707511]]]}},{"type":"Feature","properties":{"source":"Microsoft Global ML Building Footprints"},"geometry":{"type":"Polygon","coordinates":[[[88.36402364790887,27.17145363252758],[88.36411987597894,27.17128461520084],[88.36426821900464,27.171351451290406],[88.3641720015171,27.17152047328385],[88.36402364790887,27.17145363252758]]]}},{"type":"Feature","properties":{"source":"Microsoft Global ML Building Footprints"},"geometry":{"type":"Polygon","coordinates":[[[88.3641340994523,27.1709852023454],[88.36414797502903,27.17095724601983],[88.36409742965853,27.170937390160155],[88.36416977128303,27.170791613981706],[88.36428541889563,27.170837044166134],[88.36419919209737,27.1710107728344],[88.3641340994523,27.1709852023454]]]}},{"type":"Feature","properties":{"source":"Microsoft Global ML Building Footprints"},"geometry":{"type":"Polygon","coordinates":[[[88.36517618920207,27.165765855709736],[88.36525229403382,27.165767125739684],[88.36525135931964,27.165811461460038],[88.3651752578749,27.16581019622584],[88.36517618920207,27.165765855709736]]]}},{"type":"Feature","properties":{"source":"Microsoft Global ML Building Footprints"},"geometry":{"type":"Polygon","coordinates":[[[88.36912944716589,27.164059250870068],[88.36919771145267,27.164011778312123],[88.3692523706128,27.164073994596997],[88.36918410632605,27.164121467128474],[88.36912944716589,27.164059250870068]]]}},{"type":"Feature","properties":{"source":"Microsoft Global ML Building Footprints"},"geometry":{"type":"Polygon","coordinates":[[[88.36922009941964,27.158506113802318],[88.36923952104885,27.15843764414923],[88.36933432852217,27.15845893356262],[88.36931490025498,27.15852740761553],[88.36922009941964,27.158506113802318]]]}},{"type":"Feature","properties":{"source":"Microsoft Global ML Building Footprints"},"geometry":{"type":"Polygon","coordinates":[[[88.35447157958,27.16700312805868],[88.35460752857821,27.167022606523275],[88.35458479270679,27.167148209426202],[88.35444884370857,27.167128730983542],[88.35447157958,27.16700312805868]]]}},{"type":"Feature","properties":{"source":"Microsoft Global ML Building Footprints"},"geometry":{"type":"Polygon","coordinates":[[[88.35456557581799,27.161479546166298],[88.35449185506045,27.16148045511335],[88.35449016713552,27.16137208372613],[88.35456387929803,27.16137117029404],[88.35456557581799,27.161479546166298]]]}},{"type":"Feature","properties":{"source":"Microsoft Global ML Building Footprints"},"geometry":{"type":"Polygon","coordinates":[[[88.35822168536218,27.1659272080272],[88.35817372103071,27.166003594370352],[88.35802167323884,27.16592802287711],[88.35806963299041,27.16585163420595],[88.35822168536218,27.1659272080272]]]}},{"type":"Feature","properties":{"source":"Microsoft Global ML Building Footprints"},"geometry":{"type":"Polygon","coordinates":[[[88.3609171537008,27.16923434099497],[88.36094285301402,27.16914367305199],[88.36099581178009,27.169155554131358],[88.36100853044073,27.16911068229517],[88.36112453535688,27.169136707522682],[88.36108612018684,27.169272237368688],[88.3609171537008,27.16923434099497]]]}},{"type":"Feature","properties":{"source":"Microsoft Global ML Building Footprints"},"geometry":{"type":"Polygon","coordinates":[[[88.36447112691071,27.166201193525396],[88.36475834348673,27.166152315407537],[88.36477299281411,27.166220452914835],[88.36448577994746,27.166269348255796],[88.36447112691071,27.166201193525396]]]}},{"type":"Feature","properties":{"source":"Microsoft Global ML Building Footprints"},"geometry":{"type":"Polygon","coordinates":[[[88.36453412532956,27.171340299715105],[88.36452919814526,27.17137068818922],[88.36455284598175,27.17137372288063],[88.36453124217368,27.171506964550446],[88.3644077479165,27.171491116735524],[88.36443427890887,27.17132748656919],[88.36453412532956,27.171340299715105]]]}},{"type":"Feature","properties":{"source":"Microsoft Global ML Building Footprints"},"geometry":{"type":"Polygon","coordinates":[[[88.36527707556588,27.171965894262392],[88.36537869980056,27.171868270017164],[88.36548843431271,27.171958679035534],[88.36538681007805,27.17205630320167],[88.36527707556588,27.171965894262392]]]}},{"type":"Feature","properties":{"source":"Microsoft Global ML Building Footprints"},"geometry":{"type":"Polygon","coordinates":[[[88.36845515871038,27.16690216757906],[88.36854993596307,27.16690451049731],[88.36854573907495,27.167039232129653],[88.36845095104809,27.167036894850085],[88.36845515871038,27.16690216757906]]]}},{"type":"Feature","properties":{"source":"Microsoft Global ML Building Footprints"},"geometry":{"type":"Polygon","coordinates":[[[88.35759643093375,27.161893198698607],[88.35742552701662,27.161914770565232],[88.35736920244277,27.161561530744876],[88.3575401063599,27.161539958810003],[88.35759643093375,27.161893198698607]]]}},{"type":"Feature","properties":{"source":"Microsoft Global ML Building Footprints"},"geometry":{"type":"Polygon","coordinates":[[[88.35842727293283,27.165103385508786],[88.35840319075422,27.16520880267972],[88.35822391792728,27.165176385125264],[88.3582480080696,27.165070969363768],[88.35842727293283,27.165103385508786]]]}},{"type":"Feature","properties":{"source":"Microsoft Global ML Building Footprints"},"geometry":{"type":"Polygon","coordinates":[[[88.35971960992529,27.172334966114462],[88.35967325877877,27.172326556202897],[88.35969584915945,27.172228048660998],[88.35974220030597,27.172236458579995],[88.35971960992529,27.172334966114462]]]}},{"type":"Feature","properties":{"source":"Microsoft Global ML Building Footprints"},"geometry":{"type":"Polygon","coordinates":[[[88.36009185206632,27.17144316495797],[88.36005786930683,27.17145746448444],[88.36001076550693,27.171368866139296],[88.36010720991547,27.17132828948869],[88.36017608212106,27.171457832424693],[88.3601136204483,27.171484115522063],[88.36009185206632,27.17144316495797]]]}},{"type":"Feature","properties":{"source":"Microsoft Global ML Building Footprints"},"geometry":{"type":"Polygon","coordinates":[[[88.36241998266766,27.163660912990906],[88.36246471133235,27.163535089465995],[88.36266465188687,27.163591351929163],[88.36261992322218,27.16371717539068],[88.36241998266766,27.163660912990906]]]}},{"type":"Feature","properties":{"source":"Microsoft Global ML Building Footprints"},"geometry":{"type":"Polygon","coordinates":[[[88.36310901137988,27.17079021606454],[88.36312088724604,27.17070320865011],[88.36320547071875,27.17071234626195],[88.36319359485258,27.17079935366926],[88.36310901137988,27.17079021606454]]]}},{"type":"Feature","properties":{"source":"Microsoft Global ML Building Footprints"},"geometry":{"type":"Polygon","coordinates":[[[88.36381178355265,27.16809320157703],[88.36381628465222,27.16812854205933],[88.36369711533057,27.168140555545214],[88.36369261423104,27.16810521506669],[88.36381178355265,27.16809320157703]]]}},{"type":"Feature","properties":{"source":"Microsoft Global ML Building Footprints"},"geometry":{"type":"Polygon","coordinates":[[[88.36385695235762,27.165073218096154],[88.36375406423572,27.165106411241084],[88.36371107803052,27.165000961797524],[88.36374996955385,27.164988414838298],[88.36373847273595,27.164960206535106],[88.36380247523029,27.164939554425423],[88.36385695235762,27.165073218096154]]]}},{"type":"Feature","properties":{"source":"Microsoft Global ML Building Footprints"},"geometry":{"type":"Polygon","coordinates":[[[88.35458535946007,27.167011330932056],[88.35459050649135,27.1669304560942],[88.3545129713096,27.16692654546855],[88.35451575993837,27.166882727970645],[88.35467350455194,27.16689067428316],[88.35466556826874,27.167015376403803],[88.35458535946007,27.167011330932056]]]}},{"type":"Feature","properties":{"source":"Microsoft Global ML Building Footprints"},"geometry":{"type":"Polygon","coordinates":[[[88.35502663175278,27.16017367435819],[88.35510670461424,27.160178670580464],[88.35510389971033,27.160214292342346],[88.35502382684886,27.160209296121664],[88.35502663175278,27.16017367435819]]]}},{"type":"Feature","properties":{"source":"Microsoft Global ML Building Footprints"},"geometry":{"type":"Polygon","coordinates":[[[88.35978949030417,27.165363757972578],[88.35982467287631,27.16533799893711],[88.35975682116425,27.165264642372435],[88.3598623652562,27.165187361261125],[88.36001576276534,27.165353204054043],[88.35987503247688,27.16545624014624],[88.35978949030417,27.165363757972578]]]}},{"type":"Feature","properties":{"source":"Microsoft Global ML Building Footprints"},"geometry":{"type":"Polygon","coordinates":[[[88.36179955983376,27.163817869670183],[88.3624372224559,27.163905740903346],[88.36239908647077,27.164124804487287],[88.36240581295634,27.164125731408767],[88.36239202517655,27.164204967905505],[88.36191642505578,27.164139429403683],[88.36193103032669,27.16405553277371],[88.36176225172363,27.164032274769752],[88.36179955983376,27.163817869670183]]]}},{"type":"Feature","properties":{"source":"Microsoft Global ML Building Footprints"},"geometry":{"type":"Polygon","coordinates":[[[88.36500341972223,27.167391948716585],[88.36500810190371,27.167494390094028],[88.36489831287244,27.16749836196648],[88.36489363069096,27.16739592059269],[88.36500341972223,27.167391948716585]]]}},{"type":"Feature","properties":{"source":"Microsoft Global ML Building Footprints"},"geometry":{"type":"Polygon","coordinates":[[[88.35445731048372,27.161138347159664],[88.35443992177115,27.161203902421704],[88.35433067169144,27.161180962387718],[88.35434806040402,27.161115407112206],[88.35445731048372,27.161138347159664]]]}},{"type":"Feature","properties":{"source":"Microsoft Global ML Building Footprints"},"geometry":{"type":"Polygon","coordinates":[[[88.35551106202443,27.15902829721628],[88.35556925780818,27.158879229511854],[88.35571904948222,27.158925523605276],[88.35566084323523,27.159074588014185],[88.35551106202443,27.15902829721628]]]}},{"type":"Feature","properties":{"source":"Microsoft Global ML Building Footprints"},"geometry":{"type":"Polygon","coordinates":[[[88.35629423780746,27.162150983025604],[88.356368331115,27.162175708446433],[88.35628501617764,27.162373342836695],[88.35621091094669,27.162348608866218],[88.35629423780746,27.162150983025604]]]}},{"type":"Feature","properties":{"source":"Microsoft Global ML Building Footprints"},"geometry":{"type":"Polygon","coordinates":[[[88.35777783190619,27.159705852832133],[88.35769226210407,27.15978816927459],[88.35759540764266,27.159708465820557],[88.35768097744479,27.159626149319358],[88.35777783190619,27.159705852832133]]]}},{"type":"Feature","properties":{"source":"Microsoft Global ML Building Footprints"},"geometry":{"type":"Polygon","coordinates":[[[88.35861561261927,27.169636428561233],[88.35863849564271,27.16958479983267],[88.35872438309491,27.169614929794975],[88.35870150007146,27.169666558509576],[88.35861561261927,27.169636428561233]]]}},{"type":"Feature","properties":{"source":"Microsoft Global ML Building Footprints"},"geometry":{"type":"Polygon","coordinates":[[[88.3596932932741,27.16506972430429],[88.35967090473929,27.165139326182377],[88.35950084620471,27.165096015881367],[88.35952323665117,27.165026425052346],[88.3596932932741,27.16506972430429]]]}},{"type":"Feature","properties":{"source":"Microsoft Global ML Building Footprints"},"geometry":{"type":"Polygon","coordinates":[[[88.36019935850287,27.163728783872912],[88.36020212924147,27.16368700220137],[88.36027845494839,27.16369100402502],[88.36027568717145,27.16373279060329],[88.36019935850287,27.163728783872912]]]}},{"type":"Feature","properties":{"source":"Microsoft Global ML Building Footprints"},"geometry":{"type":"Polygon","coordinates":[[[88.35565198596987,27.165894623430354],[88.35555695778706,27.165862262063996],[88.35561695420581,27.16572280930081],[88.35558420188504,27.165711655647748],[88.35562897533187,27.165607586297618],[88.35572632554609,27.165640738495554],[88.35570792846686,27.165683507643614],[88.35573834275735,27.165693863199984],[88.35565198596987,27.165894623430354]]]}},{"type":"Feature","properties":{"source":"Microsoft Global ML Building Footprints"},"geometry":{"type":"Polygon","coordinates":[[[88.35593967812693,27.158796525973074],[88.35593428639454,27.15882791028144],[88.35584101190038,27.158815224726055],[88.35584640024567,27.158783845762116],[88.35593967812693,27.158796525973074]]]}},{"type":"Feature","properties":{"source":"Microsoft Global ML Building Footprints"},"geometry":{"type":"Polygon","coordinates":[[[88.35733308622068,27.162878258101742],[88.35729969720776,27.1628867617452],[88.3572649167793,27.16277868638774],[88.35740243460491,27.16274366277581],[88.3575067523169,27.163067894639887],[88.35737784065847,27.163100726302332],[88.35734874524219,27.163010294407094],[88.35737353594577,27.16300398062149],[88.35733308622068,27.162878258101742]]]}},{"type":"Feature","properties":{"source":"Microsoft Global ML Building Footprints"},"geometry":{"type":"Polygon","coordinates":[[[88.35807291590044,27.171013916006437],[88.3581707128847,27.171010524230226],[88.35817686167458,27.17115109790801],[88.35807907573252,27.171154489296974],[88.35807291590044,27.171013916006437]]]}},{"type":"Feature","properties":{"source":"Microsoft Global ML Building Footprints"},"geometry":{"type":"Polygon","coordinates":[[[88.35996784018424,27.16607988967852],[88.36001001959416,27.16603905977938],[88.36003764527402,27.16606164943874],[88.35999546490083,27.166102480262104],[88.35996784018424,27.16607988967852]]]}},{"type":"Feature","properties":{"source":"Microsoft Global ML Building Footprints"},"geometry":{"type":"Polygon","coordinates":[[[88.36327979332829,27.162683055443225],[88.36326235940695,27.162709883191503],[88.36320004272274,27.162677826710315],[88.36321747664408,27.162650998954348],[88.36327979332829,27.162683055443225]]]}},{"type":"Feature","properties":{"source":"Microsoft Global ML Building Footprints"},"geometry":{"type":"Polygon","coordinates":[[[88.36813147083416,27.166423117085316],[88.36812170923604,27.166451479949018],[88.36807511581955,27.166438786872106],[88.36808487741767,27.16641042400517],[88.36813147083416,27.166423117085316]]]}},{"type":"Feature","properties":{"source":"Microsoft Global ML Building Footprints"},"geometry":{"type":"Polygon","coordinates":[[[88.3550275667746,27.161558360987023],[88.35510653572067,27.16158746243184],[88.35506765656932,27.16167097805547],[88.35498868201583,27.161641874565944],[88.3550275667746,27.161558360987023]]]}},{"type":"Feature","properties":{"source":"Microsoft Global ML Building Footprints"},"geometry":{"type":"Polygon","coordinates":[[[88.35863001851752,27.170084257122703],[88.35866153892448,27.17000059282573],[88.35872182178086,27.17001856866146],[88.3586903013739,27.170102232944977],[88.35863001851752,27.170084257122703]]]}},{"type":"Feature","properties":{"source":"Microsoft Global ML Building Footprints"},"geometry":{"type":"Polygon","coordinates":[[[88.35562065048434,27.16377351245621],[88.35548538514853,27.163399380507805],[88.35571144049445,27.163334685454807],[88.35592176636341,27.163916427991623],[88.35588910285412,27.163925775954482],[88.3558765902986,27.16389117496152],[88.3557731369265,27.163920782264363],[88.35571058648219,27.163747773654883],[88.35562065048434,27.16377351245621]]]}},{"type":"Feature","properties":{"source":"Microsoft Global ML Building Footprints"},"geometry":{"type":"Polygon","coordinates":[[[88.35586360526088,27.161426448564356],[88.35594435990201,27.16143881903983],[88.35592014051076,27.16156397586149],[88.35583938586967,27.161551605399872],[88.35586360526088,27.161426448564356]]]}},{"type":"Feature","properties":{"source":"Microsoft Global ML Building Footprints"},"geometry":{"type":"Polygon","coordinates":[[[88.3595945547639,27.166287855829317],[88.35963689055238,27.166157989683576],[88.35980356972904,27.166201009763498],[88.35979607589441,27.16622399175484],[88.35986040102603,27.16624059012925],[88.35982554844445,27.166347475480073],[88.3595945547639,27.166287855829317]]]}},{"type":"Feature","properties":{"source":"Microsoft Global ML Building Footprints"},"geometry":{"type":"Polygon","coordinates":[[[88.36162883445424,27.167091013364193],[88.36167987659024,27.167101266458907],[88.36165740383234,27.16718981807],[88.36160636169635,27.16717956498342],[88.36162883445424,27.167091013364193]]]}},{"type":"Feature","properties":{"source":"Microsoft Global ML Building Footprints"},"geometry":{"type":"Polygon","coordinates":[[[88.36228532494357,27.162429571797794],[88.36217676756996,27.16243279626243],[88.36217402869283,27.162359803953812],[88.36228258007708,27.16235657290546],[88.36228532494357,27.162429571797794]]]}},{"type":"Feature","properties":{"source":"Microsoft Global ML Building Footprints"},"geometry":{"type":"Polygon","coordinates":[[[88.36813734496187,27.161167866050548],[88.3680682987779,27.161215161254034],[88.36799569401774,27.161131253886467],[88.3680647402017,27.161083958647453],[88.36813734496187,27.161167866050548]]]}},{"type":"Feature","properties":{"source":"Microsoft Global ML Building Footprints"},"geometry":{"type":"Polygon","coordinates":[[[88.35375509173694,27.167781584243436],[88.35376195054802,27.167746862287864],[88.35368909873895,27.167735471695487],[88.35370144459884,27.167672972141894],[88.35387837042089,27.167700635022527],[88.35385916574991,27.167797856511157],[88.35375509173694,27.167781584243436]]]}},{"type":"Feature","properties":{"source":"Microsoft Global ML Building Footprints"},"geometry":{"type":"Polygon","coordinates":[[[88.35881518184978,27.169579017102393],[88.35887404123902,27.169604151315347],[88.3588478824259,27.169652637203114],[88.35878902303666,27.169627503001117],[88.35881518184978,27.169579017102393]]]}},{"type":"Feature","properties":{"source":"Microsoft Global ML Building Footprints"},"geometry":{"type":"Polygon","coordinates":[[[88.35916400435494,27.16521034136762],[88.35923393201209,27.165315688140552],[88.35916553072057,27.16535162767478],[88.35909559901575,27.165246287322006],[88.35916400435494,27.16521034136762]]]}},{"type":"Feature","properties":{"source":"Microsoft Global ML Building Footprints"},"geometry":{"type":"Polygon","coordinates":[[[88.36184804880703,27.167003202783334],[88.3617389215135,27.16699466814412],[88.361747578554,27.166907051820885],[88.36171031557573,27.16690413755139],[88.36173301106031,27.166674440371615],[88.36187940133209,27.166685889310585],[88.36184804880703,27.167003202783334]]]}},{"type":"Feature","properties":{"source":"Microsoft Global ML Building Footprints"},"geometry":{"type":"Polygon","coordinates":[[[88.36445685705526,27.171784607601587],[88.36448348065107,27.171667710220994],[88.36457107948517,27.171683500537817],[88.36454445588937,27.17180039790189],[88.36445685705526,27.171784607601587]]]}},{"type":"Feature","properties":{"source":"Microsoft Global ML Building Footprints"},"geometry":{"type":"Polygon","coordinates":[[[88.36451924585914,27.167044856698972],[88.36451584021897,27.166949500717784],[88.36462034086199,27.1669465465364],[88.36462374650212,27.16704190252011],[88.36451924585914,27.167044856698972]]]}},{"type":"Feature","properties":{"source":"Microsoft Global ML Building Footprints"},"geometry":{"type":"Polygon","coordinates":[[[88.35413244487907,27.161612961864407],[88.35423701063485,27.16154304923071],[88.35431430047477,27.16163455859212],[88.354209734719,27.16170447116854],[88.35413244487907,27.161612961864407]]]}},{"type":"Feature","properties":{"source":"Microsoft Global ML Building Footprints"},"geometry":{"type":"Polygon","coordinates":[[[88.35588885123482,27.162093547894976],[88.35590494282133,27.16204010977799],[88.35599380283509,27.162061291423527],[88.35597771517075,27.162114730465298],[88.35588885123482,27.162093547894976]]]}},{"type":"Feature","properties":{"source":"Microsoft Global ML Building Footprints"},"geometry":{"type":"Polygon","coordinates":[[[88.35881239349192,27.170245054823873],[88.35886733000773,27.170210030622677],[88.35891245846757,27.17026605607802],[88.35885752013122,27.170301078001522],[88.35881239349192,27.170245054823873]]]}},{"type":"Feature","properties":{"source":"Microsoft Global ML Building Footprints"},"geometry":{"type":"Polygon","coordinates":[[[88.35972684702273,27.16771585005629],[88.35961187947073,27.16778419421923],[88.35954373325167,27.167693458770493],[88.35965870080366,27.16762511455199],[88.35972684702273,27.16771585005629]]]}},{"type":"Feature","properties":{"source":"Microsoft Global ML Building Footprints"},"geometry":{"type":"Polygon","coordinates":[[[88.36101465277177,27.162831326519232],[88.36113154687773,27.16285582758816],[88.36112172494026,27.16289292162714],[88.36100482900821,27.162868427462676],[88.36101465277177,27.162831326519232]]]}},{"type":"Feature","properties":{"source":"Microsoft Global ML Building Footprints"},"geometry":{"type":"Polygon","coordinates":[[[88.3622948974803,27.16788406720893],[88.36240927844739,27.168025738138525],[88.36229073346676,27.16810149387092],[88.36217635249966,27.167959823037478],[88.3622948974803,27.16788406720893]]]}},{"type":"Feature","properties":{"source":"Microsoft Global ML Building Footprints"},"geometry":{"type":"Polygon","coordinates":[[[88.3624292316492,27.165174218144365],[88.36242292053005,27.16521399335874],[88.36235717548757,27.165205736059725],[88.36236348660671,27.1651659608424],[88.3624292316492,27.165174218144365]]]}},{"type":"Feature","properties":{"source":"Microsoft Global ML Building Footprints"},"geometry":{"type":"Polygon","coordinates":[[[88.36581584813784,27.166139971673807],[88.36581853289678,27.16622103630511],[88.36565238019215,27.16622539197214],[88.3656496954332,27.166144327344014],[88.36581584813784,27.166139971673807]]]}},{"type":"Feature","properties":{"source":"Microsoft Global ML Building Footprints"},"geometry":{"type":"Polygon","coordinates":[[[88.36728208239933,27.16639526929218],[88.3673249132876,27.166255305684842],[88.36743478630417,27.16628191940797],[88.36739195541594,27.166421882981957],[88.36728208239933,27.16639526929218]]]}},{"type":"Feature","properties":{"source":"Microsoft Global ML Building Footprints"},"geometry":{"type":"Polygon","coordinates":[[[88.36873487260999,27.16659967501453],[88.36877934974004,27.16647369816792],[88.368901416484,27.16650781072925],[88.36885693935393,27.16663378753735],[88.36873487260999,27.16659967501453]]]}},{"type":"Feature","properties":{"source":"Microsoft Global ML Building Footprints"},"geometry":{"type":"Polygon","coordinates":[[[88.36903765855762,27.1662564307346],[88.36909619905934,27.166135723997748],[88.36915272965467,27.166157425115344],[88.36913419182916,27.166195648922013],[88.36918846120068,27.16621648198379],[88.3691391741097,27.166318108719913],[88.36917309160344,27.16633113115016],[88.3691423742055,27.16639446834784],[88.36907001504346,27.16636669097558],[88.36911001771963,27.1662842081343],[88.36903765855762,27.1662564307346]]]}},{"type":"Feature","properties":{"source":"Microsoft Global ML Building Footprints"},"geometry":{"type":"Polygon","coordinates":[[[88.35459892860548,27.161562968433266],[88.35458792944462,27.161609654663543],[88.35452499792099,27.161597913985368],[88.35453599971505,27.161551232160036],[88.35459892860548,27.161562968433266]]]}},{"type":"Feature","properties":{"source":"Microsoft Global ML Building Footprints"},"geometry":{"type":"Polygon","coordinates":[[[88.35586671771557,27.164821927838616],[88.35588259894274,27.16478840375872],[88.35593860101393,27.164809403577287],[88.35588624946779,27.164919932061565],[88.35576552980372,27.164874671809926],[88.35580200376485,27.164797665246326],[88.35586671771557,27.164821927838616]]]}},{"type":"Feature","properties":{"source":"Microsoft Global ML Building Footprints"},"geometry":{"type":"Polygon","coordinates":[[[88.3559979021712,27.171710514965902],[88.35597846837258,27.17168156535672],[88.35623053381478,27.171547625406134],[88.35631791262396,27.171677774323847],[88.35584344733383,27.17192989039824],[88.35577549714927,27.171828680254286],[88.3559979021712,27.171710514965902]]]}},{"type":"Feature","properties":{"source":"Microsoft Global ML Building Footprints"},"geometry":{"type":"Polygon","coordinates":[[[88.35662741964522,27.15937969170505],[88.35652529620783,27.1593884613387],[88.35651593442708,27.159302095092507],[88.35661805181682,27.15929333233045],[88.35662741964522,27.15937969170505]]]}},{"type":"Feature","properties":{"source":"Microsoft Global ML Building Footprints"},"geometry":{"type":"Polygon","coordinates":[[[88.35994643242144,27.168862997520655],[88.36009158765475,27.168692513708933],[88.36016657685296,27.16874304982089],[88.36002142414587,27.168913530588405],[88.35994643242144,27.168862997520655]]]}},{"type":"Feature","properties":{"source":"Microsoft Global ML Building Footprints"},"geometry":{"type":"Polygon","coordinates":[[[88.36170326276651,27.164714954778105],[88.36166666888447,27.164829814338212],[88.3613290237724,27.164744643002685],[88.36136392847912,27.16463508528428],[88.36142951376968,27.164651625180376],[88.36143120212645,27.164646327129276],[88.36170326276651,27.164714954778105]]]}},{"type":"Feature","properties":{"source":"Microsoft Global ML Building Footprints"},"geometry":{"type":"Polygon","coordinates":[[[88.3647509005457,27.16691005345399],[88.36489013152372,27.166915237866334],[88.36488676963351,27.166986701905167],[88.3647475386555,27.16698151749612],[88.3647509005457,27.16691005345399]]]}},{"type":"Feature","properties":{"source":"Microsoft Global ML Building Footprints"},"geometry":{"type":"Polygon","coordinates":[[[88.36485388996213,27.17192592615521],[88.3648713865844,27.17209390390626],[88.36470384605919,27.17210771570219],[88.36468634943697,27.17193973797194],[88.36485388996213,27.17192592615521]]]}},{"type":"Feature","properties":{"source":"Microsoft Global ML Building Footprints"},"geometry":{"type":"Polygon","coordinates":[[[88.36530220173852,27.168496477855562],[88.36543354190414,27.168499503762696],[88.36543177752154,27.16856012015875],[88.3653004375938,27.16855708608064],[88.36530220173852,27.168496477855562]]]}},{"type":"Feature","properties":{"source":"Microsoft Global ML Building Footprints"},"geometry":{"type":"Polygon","coordinates":[[[88.36678833376264,27.168656337904352],[88.3667989449198,27.168640482222443],[88.36675817812596,27.168618887939388],[88.36680769256172,27.16854489243663],[88.36690391004346,27.16859585912899],[88.36684378015288,27.168685707999224],[88.36678833376264,27.168656337904352]]]}},{"type":"Feature","properties":{"source":"Microsoft Global ML Building Footprints"},"geometry":{"type":"Polygon","coordinates":[[[88.36711695839202,27.16123570009671],[88.36720492038855,27.16125824534179],[88.36717922983954,27.161337572102376],[88.36709127360497,27.16131502835014],[88.36711695839202,27.16123570009671]]]}},{"type":"Feature","properties":{"source":"Microsoft Global ML Building Footprints"},"geometry":{"type":"Polygon","coordinates":[[[88.3565704439638,27.15980659340191],[88.35648468320575,27.15980877230988],[88.35648123939032,27.159701469052408],[88.35656700014837,27.159699290142356],[88.3565704439638,27.15980659340191]]]}},{"type":"Feature","properties":{"source":"Microsoft Global ML Building Footprints"},"geometry":{"type":"Polygon","coordinates":[[[88.35722338467886,27.158370167180244],[88.35719784808015,27.158411286831658],[88.35714771260633,27.158386635075956],[88.35717325019738,27.158345519025424],[88.35722338467886,27.158370167180244]]]}},{"type":"Feature","properties":{"source":"Microsoft Global ML Building Footprints"},"geometry":{"type":"Polygon","coordinates":[[[88.35817468673159,27.161563627870237],[88.35820049288229,27.161484367859863],[88.35827720402237,27.16150413925969],[88.35825139787167,27.161583399255996],[88.35817468673159,27.161563627870237]]]}},{"type":"Feature","properties":{"source":"Microsoft Global ML Building Footprints"},"geometry":{"type":"Polygon","coordinates":[[[88.36037192194777,27.164634836118246],[88.36035909912688,27.164689738033395],[88.36025625166721,27.164670723970325],[88.36025037454095,27.164695887343363],[88.36020409318408,27.16468733101585],[88.36022279313123,27.164607265712178],[88.36037192194777,27.164634836118246]]]}},{"type":"Feature","properties":{"source":"Microsoft Global ML Building Footprints"},"geometry":{"type":"Polygon","coordinates":[[[88.36526498657396,27.165834306755286],[88.36539051536145,27.165821855136734],[88.3653999614572,27.165897280730917],[88.36527443853034,27.165909731759726],[88.36526498657396,27.165834306755286]]]}},{"type":"Feature","properties":{"source":"Microsoft Global ML Building Footprints"},"geometry":{"type":"Polygon","coordinates":[[[88.3675267600647,27.166354984876044],[88.3674648146565,27.166344072816266],[88.36744744525886,27.166422147956958],[88.36740450907374,27.16641458449191],[88.36743234602947,27.166289502054703],[88.36753721955198,27.16630796964062],[88.3675267600647,27.166354984876044]]]}},{"type":"Feature","properties":{"source":"Microsoft Global ML Building Footprints"},"geometry":{"type":"Polygon","coordinates":[[[88.35514935094243,27.159144390806716],[88.3549483577027,27.159139159015105],[88.3549510743466,27.15905673486946],[88.35515206717419,27.159061979170417],[88.35514935094243,27.159144390806716]]]}},{"type":"Feature","properties":{"source":"Microsoft Global ML Building Footprints"},"geometry":{"type":"Polygon","coordinates":[[[88.35520537370749,27.165174254811802],[88.3552357123943,27.165118002781284],[88.35519210808525,27.16509938749521],[88.35523709303466,27.16501597924593],[88.3553308422991,27.165056002137035],[88.35525551866289,27.16519566237617],[88.35520537370749,27.165174254811802]]]}},{"type":"Feature","properties":{"source":"Microsoft Global ML Building Footprints"},"geometry":{"type":"Polygon","coordinates":[[[88.35607677830774,27.168710766569994],[88.35608070218476,27.16867531628506],[88.35613117471499,27.168679738143005],[88.35612725083797,27.16871518842654],[88.35607677830774,27.168710766569994]]]}},{"type":"Feature","properties":{"source":"Microsoft Global ML Building Footprints"},"geometry":{"type":"Polygon","coordinates":[[[88.35639206176832,27.171508647850544],[88.35644460457449,27.171608451085795],[88.35631922307704,27.171660694733752],[88.35626668027085,27.171560891545198],[88.35639206176832,27.171508647850544]]]}},{"type":"Feature","properties":{"source":"Microsoft Global ML Building Footprints"},"geometry":{"type":"Polygon","coordinates":[[[88.35711499739703,27.1592712062171],[88.35720096133608,27.159332413989794],[88.35715254739014,27.15938624183977],[88.3570665860324,27.159325035934465],[88.35711499739703,27.1592712062171]]]}},{"type":"Feature","properties":{"source":"Microsoft Global ML Building Footprints"},"geometry":{"type":"Polygon","coordinates":[[[88.35883520928066,27.167236126543656],[88.35879028119555,27.167064052606726],[88.35904476989683,27.167011458419175],[88.35908969798193,27.16718353243717],[88.35883520928066,27.167236126543656]]]}},{"type":"Feature","properties":{"source":"Microsoft Global ML Building Footprints"},"geometry":{"type":"Polygon","coordinates":[[[88.36062725479795,27.16530271589508],[88.36067433638559,27.16522178306945],[88.36083088442271,27.165293869699184],[88.36078380283509,27.165374802472606],[88.36062725479795,27.16530271589508]]]}},{"type":"Feature","properties":{"source":"Microsoft Global ML Building Footprints"},"geometry":{"type":"Polygon","coordinates":[[[88.36103292683543,27.168991418434544],[88.36099487152069,27.16897386939096],[88.36097076260047,27.169015249470014],[88.36093482146988,27.168998675376905],[88.36091116419382,27.16903928025384],[88.36080968625629,27.168992477837655],[88.36089142121114,27.168852189469327],[88.3609506183674,27.16887948801015],[88.36097298544398,27.168841097551237],[88.3610892622474,27.168894725390878],[88.36103292683543,27.168991418434544]]]}},{"type":"Feature","properties":{"source":"Microsoft Global ML Building Footprints"},"geometry":{"type":"Polygon","coordinates":[[[88.36578471928975,27.165629000558923],[88.36588163545557,27.165524771382415],[88.36600743145605,27.165617366641044],[88.36591051961439,27.165721591080633],[88.36578471928975,27.165629000558923]]]}},{"type":"Feature","properties":{"source":"Microsoft Global ML Building Footprints"},"geometry":{"type":"Polygon","coordinates":[[[88.36627266000474,27.168598997551534],[88.36623214804767,27.168788883125565],[88.36608198978116,27.16876352634214],[88.36608739523521,27.168738190187106],[88.36600454929507,27.168724200231985],[88.36603965281031,27.168559664753325],[88.36627266000474,27.168598997551534]]]}},{"type":"Feature","properties":{"source":"Microsoft Global ML Building Footprints"},"geometry":{"type":"Polygon","coordinates":[[[88.36673149754861,27.166919738424518],[88.36671353425929,27.166949270862347],[88.36664507070853,27.16691630885392],[88.36666303399791,27.166886776407388],[88.36673149754861,27.166919738424518]]]}},{"type":"Feature","properties":{"source":"Microsoft Global ML Building Footprints"},"geometry":{"type":"Polygon","coordinates":[[[88.36727779455774,27.167587999811893],[88.36727341520961,27.167656982249746],[88.36721891280898,27.16765424352267],[88.36722655347867,27.16753403845486],[88.36731045659933,27.167538259787058],[88.36730720503455,27.167589477679236],[88.36727779455774,27.167587999811893]]]}},{"type":"Feature","properties":{"source":"Microsoft Global ML Building Footprints"},"geometry":{"type":"Polygon","coordinates":[[[88.36801566988049,27.16078072578616],[88.36806491862181,27.16079875533626],[88.36804652568608,27.160838527265582],[88.36799727548232,27.160820494119633],[88.36801566988049,27.16078072578616]]]}},{"type":"Feature","properties":{"source":"Microsoft Global ML Building Footprints"},"geometry":{"type":"Polygon","coordinates":[[[88.36865156513,27.166442579065183],[88.36870577204127,27.16628821792868],[88.36882950122752,27.166322610225805],[88.36877530537967,27.166476974390015],[88.36865156513,27.166442579065183]]]}},{"type":"Feature","properties":{"source":"Microsoft Global ML Building Footprints"},"geometry":{"type":"Polygon","coordinates":[[[88.35397812303113,27.16698513094569],[88.3539807158606,27.16697881446786],[88.35389551920076,27.16695113301253],[88.35394219013136,27.16683743632288],[88.3540652519734,27.166877420685765],[88.35406611624988,27.1668753151912],[88.35413711346644,27.166898383086796],[88.35408698542983,27.167020501682188],[88.35397812303113,27.16698513094569]]]}},{"type":"Feature","properties":{"source":"Microsoft Global ML Building Footprints"},"geometry":{"type":"Polygon","coordinates":[[[88.35471053140505,27.172318434081667],[88.3550592103643,27.172186586937492],[88.35507994531547,27.1722299935619],[88.35511506768823,27.172229077257754],[88.35511209830837,27.172138995553482],[88.3551881373635,27.17211024735216],[88.35524995581207,27.17210863457491],[88.35527217170547,27.172129773112566],[88.35530441946473,27.172197269603792],[88.35520786198096,27.172277591538695],[88.35520892978357,27.17230998530041],[88.35512641340353,27.17234118233766],[88.35515206283958,27.17239486804486],[88.35476175214825,27.172542457249676],[88.3547402167063,27.17252196624092],[88.35465192338245,27.172555352805958],[88.35463218256066,27.17253656938356],[88.3545584341859,27.172564456029377],[88.35450573953122,27.172454145139206],[88.35440350398783,27.172492797365898],[88.35438240640751,27.172448631716072],[88.35433109737752,27.172449970309735],[88.35432421574251,27.172241203315323],[88.35435335687225,27.172230185895025],[88.35435184841904,27.172184424149265],[88.35441923917375,27.172158941438738],[88.35448926719022,27.172157114483447],[88.3545216111878,27.172130208908115],[88.35454320161614,27.172150752308582],[88.35456037530209,27.17218670377988],[88.35463424863718,27.17215876978799],[88.35471053140505,27.172318434081667]]]}},{"type":"Feature","properties":{"source":"Microsoft Global ML Building Footprints"},"geometry":{"type":"Polygon","coordinates":[[[88.36255039318873,27.1684692005622],[88.36258007903503,27.16853024127864],[88.3625087135708,27.168557716643924],[88.36247902185929,27.168496673756522],[88.36255039318873,27.1684692005622]]]}},{"type":"Feature","properties":{"source":"Microsoft Global ML Building Footprints"},"geometry":{"type":"Polygon","coordinates":[[[88.3659534297113,27.167404283442593],[88.36595034486268,27.167456638108206],[88.36587544882647,27.167453145088608],[88.36587853367509,27.16740079042136],[88.3659534297113,27.167404283442593]]]}},{"type":"Feature","properties":{"source":"Microsoft Global ML Building Footprints"},"geometry":{"type":"Polygon","coordinates":[[[88.3669202264227,27.16727638750642],[88.36684244438689,27.167250684169552],[88.36686608217178,27.167194065214964],[88.36678830013601,27.167168361859147],[88.36681806623552,27.167097063859067],[88.36697363030706,27.167148470597603],[88.3669202264227,27.16727638750642]]]}},{"type":"Feature","properties":{"source":"Microsoft Global ML Building Footprints"},"geometry":{"type":"Polygon","coordinates":[[[88.35443461765882,27.16707169927082],[88.35439662057495,27.16718050948247],[88.35425873688897,27.167142389089726],[88.35429674177888,27.167033580999046],[88.35443461765882,27.16707169927082]]]}},{"type":"Feature","properties":{"source":"Microsoft Global ML Building Footprints"},"geometry":{"type":"Polygon","coordinates":[[[88.35674911632907,27.17130794032615],[88.35677891349097,27.171358455008914],[88.35664956954453,27.17141884911082],[88.35667605868022,27.1714637497144],[88.35655408879143,27.171520700621322],[88.3564977993781,27.17142528686587],[88.35674911632907,27.17130794032615]]]}},{"type":"Feature","properties":{"source":"Microsoft Global ML Building Footprints"},"geometry":{"type":"Polygon","coordinates":[[[88.35843669215147,27.16609274217641],[88.35839740375214,27.166141825998622],[88.35829596251872,27.166077555074857],[88.35833525091806,27.166028471224386],[88.35843669215147,27.16609274217641]]]}},{"type":"Feature","properties":{"source":"Microsoft Global ML Building Footprints"},"geometry":{"type":"Polygon","coordinates":[[[88.35986609771194,27.16405754234171],[88.3598965656626,27.163923571008056],[88.35999447957265,27.163941203624248],[88.35996401295407,27.16407516907953],[88.35986609771194,27.16405754234171]]]}},{"type":"Feature","properties":{"source":"Microsoft Global ML Building Footprints"},"geometry":{"type":"Polygon","coordinates":[[[88.36114295383018,27.166217088878085],[88.36107262100403,27.166246462094378],[88.36104579609221,27.166195620630127],[88.36111612891838,27.166166247400447],[88.36114295383018,27.166217088878085]]]}},{"type":"Feature","properties":{"source":"Microsoft Global ML Building Footprints"},"geometry":{"type":"Polygon","coordinates":[[[88.36257522753651,27.169917326268568],[88.36262319446465,27.169886858860842],[88.36265110156417,27.169921630335274],[88.36260313463602,27.169952097733507],[88.36257522753651,27.169917326268568]]]}},{"type":"Feature","properties":{"source":"Microsoft Global ML Building Footprints"},"geometry":{"type":"Polygon","coordinates":[[[88.36388286404498,27.167017105632354],[88.36391392568751,27.16687698933324],[88.36406977122894,27.166904325888957],[88.36403872019652,27.16704444401485],[88.36388286404498,27.167017105632354]]]}},{"type":"Feature","properties":{"source":"Microsoft Global ML Building Footprints"},"geometry":{"type":"Polygon","coordinates":[[[88.36524629896562,27.171727755703486],[88.36533560663707,27.171773831977504],[88.365241313233,27.171918465893455],[88.36515201407637,27.17187239407219],[88.36524629896562,27.171727755703486]]]}},{"type":"Feature","properties":{"source":"Microsoft Global ML Building Footprints"},"geometry":{"type":"Polygon","coordinates":[[[88.36572008340639,27.169562303331908],[88.36581784347402,27.169551596042893],[88.36582792707985,27.169624465406464],[88.36573016701222,27.169635172688473],[88.36572008340639,27.169562303331908]]]}},{"type":"Feature","properties":{"source":"Microsoft Global ML Building Footprints"},"geometry":{"type":"Polygon","coordinates":[[[88.36610696145495,27.172483324780167],[88.36603957084249,27.172514686021387],[88.36597567699064,27.172406021003297],[88.3659883127305,27.17240014076554],[88.36596628036776,27.172362670043142],[88.3660210352404,27.172337189000615],[88.36610696145495,27.172483324780167]]]}},{"type":"Feature","properties":{"source":"Microsoft Global ML Building Footprints"},"geometry":{"type":"Polygon","coordinates":[[[88.36631200407534,27.168357732390703],[88.36624826496603,27.168463285385506],[88.36615043644954,27.16841652727293],[88.36621417555881,27.168310974233897],[88.36631200407534,27.168357732390703]]]}},{"type":"Feature","properties":{"source":"Microsoft Global ML Building Footprints"},"geometry":{"type":"Polygon","coordinates":[[[88.36765622639948,27.16621859410529],[88.36768234715467,27.166115186212778],[88.36757096132168,27.166092908473388],[88.36759105009716,27.16601340490263],[88.36771360270674,27.166037916071936],[88.36771589856676,27.16602882994794],[88.36781547256206,27.166048745270672],[88.36776696108629,27.166240734691932],[88.36765622639948,27.16621859410529]]]}},{"type":"Feature","properties":{"source":"Microsoft Global ML Building Footprints"},"geometry":{"type":"Polygon","coordinates":[[[88.3679326496771,27.16800300960326],[88.36790181018071,27.168120697970203],[88.36780667352727,27.168100959627637],[88.36783752180445,27.167983273061694],[88.3679326496771,27.16800300960326]]]}},{"type":"Feature","properties":{"source":"Microsoft Global ML Building Footprints"},"geometry":{"type":"Polygon","coordinates":[[[88.35872228050424,27.15893933345754],[88.35881396814445,27.159061423433684],[88.35888814075865,27.15901732698552],[88.35892655044576,27.15906847276686],[88.35891727886901,27.159073984821305],[88.35905728837365,27.159260419236155],[88.35894417513698,27.15932766616629],[88.35881036074315,27.159149481175724],[88.35876029422857,27.15917924624491],[88.35862400179039,27.158997761288425],[88.35872228050424,27.15893933345754]]]}},{"type":"Feature","properties":{"source":"Microsoft Global ML Building Footprints"},"geometry":{"type":"Polygon","coordinates":[[[88.36006093030653,27.165871785494552],[88.36011634623645,27.165884338965583],[88.36011149305251,27.165901296916992],[88.35987975758734,27.165848787031003],[88.35989679277033,27.16578926280942],[88.36007311618376,27.165829205696383],[88.36006093030653,27.165871785494552]]]}},{"type":"Feature","properties":{"source":"Microsoft Global ML Building Footprints"},"geometry":{"type":"Polygon","coordinates":[[[88.36159661419019,27.165751815608765],[88.36167384865757,27.165789342249127],[88.3616099737088,27.16589338763712],[88.36164096216923,27.165908446205172],[88.36158792840934,27.16599483238287],[88.36147971929407,27.165942249152963],[88.36159661419019,27.165751815608765]]]}},{"type":"Feature","properties":{"source":"Microsoft Global ML Building Footprints"},"geometry":{"type":"Polygon","coordinates":[[[88.36475460073513,27.169078861605144],[88.3648995029546,27.169197787716605],[88.3648072668301,27.16928673833811],[88.36466236461064,27.16916781232139],[88.36475460073513,27.169078861605144]]]}},{"type":"Feature","properties":{"source":"Microsoft Global ML Building Footprints"},"geometry":{"type":"Polygon","coordinates":[[[88.36487191732162,27.16862927287041],[88.36487436934496,27.168567306590973],[88.3649493782353,27.16856965588171],[88.36494692621196,27.168631622159836],[88.36487191732162,27.16862927287041]]]}},{"type":"Feature","properties":{"source":"Microsoft Global ML Building Footprints"},"geometry":{"type":"Polygon","coordinates":[[[88.3565228082828,27.16781037332153],[88.35655025842972,27.167757149297984],[88.35663888692935,27.16779332953987],[88.35661143678243,27.167846553546163],[88.3565228082828,27.16781037332153]]]}},{"type":"Feature","properties":{"source":"Microsoft Global ML Building Footprints"},"geometry":{"type":"Polygon","coordinates":[[[88.3603235734928,27.170035822451624],[88.36024318607764,27.170033585039832],[88.3602461267147,27.16995014840184],[88.360392035897,27.169954209474888],[88.36038834733985,27.170059101463913],[88.36032281732899,27.17005727757659],[88.3603235734928,27.170035822451624]]]}},{"type":"Feature","properties":{"source":"Microsoft Global ML Building Footprints"},"geometry":{"type":"Polygon","coordinates":[[[88.36063893923145,27.1618933159061],[88.36049074881012,27.161942703531352],[88.36042555973602,27.161787834402155],[88.36048789098162,27.161767061156183],[88.3604975828375,27.161790081731546],[88.36058344042515,27.16176146781894],[88.36063893923145,27.1618933159061]]]}},{"type":"Feature","properties":{"source":"Microsoft Global ML Building Footprints"},"geometry":{"type":"Polygon","coordinates":[[[88.36089568579585,27.16378333911902],[88.36101866490004,27.163823902661086],[88.36095100693865,27.163818290919835],[88.36105642440589,27.163853061905257],[88.36105030061088,27.16391146120563],[88.36098406445329,27.16390596327261],[88.36096540814711,27.163950735908088],[88.3609253854482,27.16394741631691],[88.36090322831028,27.164000600498227],[88.3609844982973,27.16402740661581],[88.36098014461568,27.16406892524668],[88.36100503967701,27.16407713663707],[88.36105582108873,27.164081351742283],[88.36106888480303,27.164050000616655],[88.36115190419791,27.16405688646398],[88.36114291307454,27.16414269411969],[88.36111937052787,27.164199192954875],[88.36111693206489,27.16422244718094],[88.36094941099543,27.16420854213088],[88.36096431205526,27.16406643915687],[88.36094639005309,27.164109457620896],[88.36093899054217,27.164180022563805],[88.360815527429,27.164169782219084],[88.36083188168186,27.164013703813616],[88.36083344190442,27.164009959491366],[88.360846069398,27.163889538029437],[88.36086399026222,27.163846530332975],[88.36086218633457,27.163863733413557],[88.36089568579585,27.16378333911902]]]}},{"type":"Feature","properties":{"source":"Microsoft Global ML Building Footprints"},"geometry":{"type":"Polygon","coordinates":[[[88.3614892982666,27.166848804420205],[88.36156394236167,27.16681753324312],[88.36163940881522,27.166960118103304],[88.3615647647202,27.16699138924043],[88.3614892982666,27.166848804420205]]]}},{"type":"Feature","properties":{"source":"Microsoft Global ML Building Footprints"},"geometry":{"type":"Polygon","coordinates":[[[88.36355995847613,27.163504542739368],[88.36346491028102,27.163506205868345],[88.36346422478823,27.163475194905153],[88.36355927542188,27.163473531733054],[88.36355995847613,27.163504542739368]]]}},{"type":"Feature","properties":{"source":"Microsoft Global ML Building Footprints"},"geometry":{"type":"Polygon","coordinates":[[[88.36464236676294,27.165785661790366],[88.36463355970913,27.165806591719523],[88.36472385296764,27.16583666595858],[88.36467681607434,27.16594842796208],[88.36454418858834,27.16590424512131],[88.36460002177643,27.16577155781671],[88.36464236676294,27.165785661790366]]]}},{"type":"Feature","properties":{"source":"Microsoft Global ML Building Footprints"},"geometry":{"type":"Polygon","coordinates":[[[88.3647158816673,27.16825423390751],[88.36470352527215,27.168170730672728],[88.36475361904608,27.168164863482843],[88.36476597498755,27.16824836365599],[88.3647158816673,27.16825423390751]]]}},{"type":"Feature","properties":{"source":"Microsoft Global ML Building Footprints"},"geometry":{"type":"Polygon","coordinates":[[[88.36836921697825,27.168186470822207],[88.36835917765367,27.168227478505422],[88.36826955209267,27.168210111342695],[88.36827959141723,27.168169103653085],[88.36836921697825,27.168186470822207]]]}},{"type":"Feature","properties":{"source":"Microsoft Global ML Building Footprints"},"geometry":{"type":"Polygon","coordinates":[[[88.35483660775924,27.158924112367103],[88.3548426415989,27.158719015515317],[88.35497397985118,27.158722074358266],[88.3549726467936,27.15876738648459],[88.35506645983094,27.15876957137145],[88.3550617590489,27.158929356088137],[88.35483660775924,27.158924112367103]]]}},{"type":"Feature","properties":{"source":"Microsoft Global ML Building Footprints"},"geometry":{"type":"Polygon","coordinates":[[[88.3591924780597,27.160831171885107],[88.3591442405762,27.160829901278397],[88.35914737774533,27.16073561971615],[88.35919561532866,27.16073688732277],[88.3591924780597,27.160831171885107]]]}},{"type":"Feature","properties":{"source":"Microsoft Global ML Building Footprints"},"geometry":{"type":"Polygon","coordinates":[[[88.36006722978651,27.169298721630696],[88.35999024130527,27.16932522169528],[88.35996225986283,27.169260879160355],[88.36003924834402,27.16923437908048],[88.36006722978651,27.169298721630696]]]}},{"type":"Feature","properties":{"source":"Microsoft Global ML Building Footprints"},"geometry":{"type":"Polygon","coordinates":[[[88.36574873468034,27.1682162164322],[88.36570067304655,27.16833002791804],[88.36559725593631,27.16829545445875],[88.36564531518712,27.168181648580642],[88.36574873468034,27.1682162164322]]]}},{"type":"Feature","properties":{"source":"Microsoft Global ML Building Footprints"},"geometry":{"type":"Polygon","coordinates":[[[88.36708587200025,27.1616391059735],[88.36722968113641,27.16151882127447],[88.36730463989272,27.1615897640039],[88.36716083075656,27.161710048626524],[88.36708587200025,27.1616391059735]]]}},{"type":"Feature","properties":{"source":"Microsoft Global ML Building Footprints"},"geometry":{"type":"Polygon","coordinates":[[[88.36763383246588,27.16099772475362],[88.36772743489917,27.161101402828457],[88.36758722950832,27.1612016051957],[88.36749363186584,27.161097932520406],[88.36763383246588,27.16099772475362]]]}},{"type":"Feature","properties":{"source":"Microsoft Global ML Building Footprints"},"geometry":{"type":"Polygon","coordinates":[[[88.35397307416193,27.166318449490348],[88.35399824755946,27.166210958792455],[88.35409850143958,27.16622954304922],[88.35407332804205,27.166337033729235],[88.35397307416193,27.166318449490348]]]}},{"type":"Feature","properties":{"source":"Microsoft Global ML Building Footprints"},"geometry":{"type":"Polygon","coordinates":[[[88.35699113775273,27.162508986904626],[88.35699328456994,27.162450548171854],[88.35692094237474,27.162448439944846],[88.35692387467446,27.162368619460516],[88.35704444527525,27.162372125674786],[88.35703936599305,27.16251038938858],[88.35699113775273,27.162508986904626]]]}},{"type":"Feature","properties":{"source":"Microsoft Global ML Building Footprints"},"geometry":{"type":"Polygon","coordinates":[[[88.35859872561129,27.163622064104416],[88.3583889561265,27.16382554472463],[88.35832340357672,27.163772051200972],[88.35853317306149,27.163568570483285],[88.35859872561129,27.163622064104416]]]}},{"type":"Feature","properties":{"source":"Microsoft Global ML Building Footprints"},"geometry":{"type":"Polygon","coordinates":[[[88.36202841127336,27.16566543260909],[88.36210834834772,27.165484267993875],[88.36223707957288,27.165529229131465],[88.36215712708552,27.16571039630543],[88.36202841127336,27.16566543260909]]]}},{"type":"Feature","properties":{"source":"Microsoft Global ML Building Footprints"},"geometry":{"type":"Polygon","coordinates":[[[88.36494073937011,27.16597541799444],[88.3648505398306,27.16599672722316],[88.36483324162505,27.165938769306713],[88.3649234411646,27.165917460066915],[88.36494073937011,27.16597541799444]]]}},{"type":"Feature","properties":{"source":"Microsoft Global ML Building Footprints"},"geometry":{"type":"Polygon","coordinates":[[[88.3665705182245,27.16372279789588],[88.3668149868277,27.163641111674778],[88.36686001031752,27.163747772850613],[88.36661554171432,27.163829458993696],[88.3665705182245,27.16372279789588]]]}},{"type":"Feature","properties":{"source":"Microsoft Global ML Building Footprints"},"geometry":{"type":"Polygon","coordinates":[[[88.36791881185434,27.160775647971896],[88.36794262543084,27.16070570135045],[88.36800289375797,27.160721947981315],[88.36797907514189,27.16079189323404],[88.36791881185434,27.160775647971896]]]}},{"type":"Feature","properties":{"source":"Microsoft Global ML Building Footprints"},"geometry":{"type":"Polygon","coordinates":[[[88.35539997368822,27.16204902566205],[88.35548144957534,27.162029888293702],[88.35551483532399,27.162142433946002],[88.3554107988432,27.16216686392938],[88.35539093964431,27.162099934982272],[88.35541350710722,27.162094635658185],[88.35539997368822,27.16204902566205]]]}},{"type":"Feature","properties":{"source":"Microsoft Global ML Building Footprints"},"geometry":{"type":"Polygon","coordinates":[[[88.35615191638782,27.16068970450577],[88.35631958120568,27.16068685420114],[88.35632836879478,27.161096054438346],[88.35616073637902,27.161098914620325],[88.35615191638782,27.16068970450577]]]}},{"type":"Feature","properties":{"source":"Microsoft Global ML Building Footprints"},"geometry":{"type":"Polygon","coordinates":[[[88.35706073480813,27.159684436817592],[88.35709936530225,27.159657025163746],[88.35714968782824,27.159713171276202],[88.35711105871573,27.1597405795304],[88.35706073480813,27.159684436817592]]]}},{"type":"Feature","properties":{"source":"Microsoft Global ML Building Footprints"},"geometry":{"type":"Polygon","coordinates":[[[88.36029204765207,27.167198373467222],[88.36029563394081,27.167282795456224],[88.36015267781356,27.167287602272964],[88.36014909777977,27.16720317117614],[88.36029204765207,27.167198373467222]]]}},{"type":"Feature","properties":{"source":"Microsoft Global ML Building Footprints"},"geometry":{"type":"Polygon","coordinates":[[[88.36610161826677,27.162967442636997],[88.36598727069683,27.16299141704183],[88.36595885915739,27.162884180325698],[88.36619771479255,27.162834086313083],[88.36623964300229,27.162992340480592],[88.36611513314995,27.163018453282774],[88.36610161826677,27.162967442636997]]]}},{"type":"Feature","properties":{"source":"Microsoft Global ML Building Footprints"},"geometry":{"type":"Polygon","coordinates":[[[88.3568934165645,27.167000218492774],[88.35689649853579,27.1669646351813],[88.3571801080191,27.16698407849607],[88.35717138165586,27.167084921433926],[88.35711440597316,27.16708101892378],[88.3571120454314,27.167108272846676],[88.35698405936517,27.167099498561484],[88.35699207249054,27.16700698201035],[88.3568934165645,27.167000218492774]]]}},{"type":"Feature","properties":{"source":"Microsoft Global ML Building Footprints"},"geometry":{"type":"Polygon","coordinates":[[[88.35910059496447,27.164912122691177],[88.3591940968824,27.164789662871726],[88.35933983240722,27.164877751738906],[88.35924632389808,27.165000207477775],[88.35910059496447,27.164912122691177]]]}},{"type":"Feature","properties":{"source":"Microsoft Global ML Building Footprints"},"geometry":{"type":"Polygon","coordinates":[[[88.36043666366383,27.17255653941534],[88.36051254466464,27.172654630655508],[88.36038051784988,27.172735455336472],[88.36030464640112,27.172637366539696],[88.36043666366383,27.17255653941534]]]}},{"type":"Feature","properties":{"source":"Microsoft Global ML Building Footprints"},"geometry":{"type":"Polygon","coordinates":[[[88.36134904137418,27.16788609178211],[88.36118948383924,27.167917457160534],[88.36115524447524,27.167779592540235],[88.36131478931655,27.167748219683958],[88.36134904137418,27.16788609178211]]]}},{"type":"Feature","properties":{"source":"Microsoft Global ML Building Footprints"},"geometry":{"type":"Polygon","coordinates":[[[88.36234502016622,27.166514153003178],[88.36219893532723,27.16643242188956],[88.36223156807318,27.166386248559533],[88.36237765291216,27.166467979706944],[88.36234502016622,27.166514153003178]]]}},{"type":"Feature","properties":{"source":"Microsoft Global ML Building Footprints"},"geometry":{"type":"Polygon","coordinates":[[[88.36312244235697,27.16273540981222],[88.36314234822696,27.16270178217645],[88.36331243032888,27.16278147951561],[88.36329252445888,27.16281510712738],[88.36312244235697,27.16273540981222]]]}},{"type":"Feature","properties":{"source":"Microsoft Global ML Building Footprints"},"geometry":{"type":"Polygon","coordinates":[[[88.35509979096159,27.166831403831225],[88.35514967225988,27.166833519012783],[88.3551444426815,27.166931135920258],[88.35509456904514,27.16692902106545],[88.35509979096159,27.166831403831225]]]}},{"type":"Feature","properties":{"source":"Microsoft Global ML Building Footprints"},"geometry":{"type":"Polygon","coordinates":[[[88.35679996630934,27.15896816372488],[88.35678019402805,27.15886865529147],[88.3568790288574,27.158853108629415],[88.3568988011387,27.158952617076658],[88.35679996630934,27.15896816372488]]]}},{"type":"Feature","properties":{"source":"Microsoft Global ML Building Footprints"},"geometry":{"type":"Polygon","coordinates":[[[88.35687530320389,27.1662487298236],[88.35696594750085,27.1662015326706],[88.35702033427289,27.166284210884946],[88.3569296975861,27.16633140968427],[88.35687530320389,27.1662487298236]]]}},{"type":"Feature","properties":{"source":"Microsoft Global ML Building Footprints"},"geometry":{"type":"Polygon","coordinates":[[[88.35715560881103,27.15862379664933],[88.35720145630519,27.15856275933308],[88.35725707857186,27.15859583445601],[88.3572112310777,27.158656871754182],[88.35715560881103,27.15862379664933]]]}},{"type":"Feature","properties":{"source":"Microsoft Global ML Building Footprints"},"geometry":{"type":"Polygon","coordinates":[[[88.35717371886444,27.15975417288132],[88.35723837177363,27.15980005768229],[88.35719978940136,27.159843097401442],[88.35713513221708,27.159797213610382],[88.35717371886444,27.15975417288132]]]}},{"type":"Feature","properties":{"source":"Microsoft Global ML Building Footprints"},"geometry":{"type":"Polygon","coordinates":[[[88.36023251451489,27.16333364483053],[88.36023647938073,27.163298200379664],[88.36032002306698,27.163305603163316],[88.36031605544026,27.16334104736722],[88.36023251451489,27.16333364483053]]]}},{"type":"Feature","properties":{"source":"Microsoft Global ML Building Footprints"},"geometry":{"type":"Polygon","coordinates":[[[88.36176128164585,27.163331494758083],[88.361674690313,27.163519466377586],[88.36153919977033,27.163470059680165],[88.36159661358883,27.163345426303948],[88.36150016269403,27.163310255382036],[88.36152934020836,27.16324691703563],[88.36176128164585,27.163331494758083]]]}},{"type":"Feature","properties":{"source":"Microsoft Global ML Building Footprints"},"geometry":{"type":"Polygon","coordinates":[[[88.36204605305295,27.164692672656983],[88.36211847594411,27.164705065292523],[88.36209310519506,27.16482242804406],[88.36202068230389,27.164810035421546],[88.36204605305295,27.164692672656983]]]}},{"type":"Feature","properties":{"source":"Microsoft Global ML Building Footprints"},"geometry":{"type":"Polygon","coordinates":[[[88.3624484941175,27.166548119733143],[88.36234044649937,27.166691100992416],[88.36225850593948,27.16664208870786],[88.36236654581084,27.166499102752148],[88.3624484941175,27.166548119733143]]]}},{"type":"Feature","properties":{"source":"Microsoft Global ML Building Footprints"},"geometry":{"type":"Polygon","coordinates":[[[88.36295611580363,27.167794615400503],[88.3630128455393,27.167741430893933],[88.36304671609929,27.167770027153935],[88.36298998754732,27.16782321053718],[88.36295611580363,27.167794615400503]]]}},{"type":"Feature","properties":{"source":"Microsoft Global ML Building Footprints"},"geometry":{"type":"Polygon","coordinates":[[[88.3637991465799,27.16635473365858],[88.36381489110659,27.16629507894929],[88.3638775077793,27.1663081562437],[88.36388526546736,27.166278754233446],[88.36417252588409,27.166338747660788],[88.36414902266912,27.16642782590263],[88.3637991465799,27.16635473365858]]]}},{"type":"Feature","properties":{"source":"Microsoft Global ML Building Footprints"},"geometry":{"type":"Polygon","coordinates":[[[88.36425500512257,27.17058424672289],[88.36435870013386,27.170616788145296],[88.3642770810365,27.17082263858702],[88.3641733716233,27.170790092705012],[88.36425500512257,27.17058424672289]]]}},{"type":"Feature","properties":{"source":"Microsoft Global ML Building Footprints"},"geometry":{"type":"Polygon","coordinates":[[[88.3649542631566,27.165530962642904],[88.36503455235126,27.165527607990832],[88.36503631195532,27.16556094319555],[88.36495602276071,27.165564297846608],[88.3649542631566,27.165530962642904]]]}},{"type":"Feature","properties":{"source":"Microsoft Global ML Building Footprints"},"geometry":{"type":"Polygon","coordinates":[[[88.36533787152216,27.166009471027387],[88.3652524395589,27.166029212397717],[88.36523677665713,27.165975559871747],[88.36532220862043,27.165955818491916],[88.36533787152216,27.166009471027387]]]}},{"type":"Feature","properties":{"source":"Microsoft Global ML Building Footprints"},"geometry":{"type":"Polygon","coordinates":[[[88.36564891600585,27.16552305689617],[88.36570357818411,27.165632742812996],[88.36559150051988,27.165676954090372],[88.36553683834163,27.165567268216982],[88.36564891600585,27.16552305689617]]]}},{"type":"Feature","properties":{"source":"Microsoft Global ML Building Footprints"},"geometry":{"type":"Polygon","coordinates":[[[88.36670236192379,27.161788819803057],[88.36675123154247,27.161802410447542],[88.36672526374299,27.161876326969825],[88.36667639412435,27.16186273633435],[88.36670236192379,27.161788819803057]]]}},{"type":"Feature","properties":{"source":"Microsoft Global ML Building Footprints"},"geometry":{"type":"Polygon","coordinates":[[[88.36868721738134,27.164063786704766],[88.36853957524906,27.164081088989512],[88.36852429525675,27.16397787938969],[88.36867193738902,27.16396057708895],[88.36868721738134,27.164063786704766]]]}},{"type":"Feature","properties":{"source":"Microsoft Global ML Building Footprints"},"geometry":{"type":"Polygon","coordinates":[[[88.35764439918168,27.168572058638794],[88.35761518495164,27.168701677581176],[88.35755072163109,27.168690177713557],[88.35757993499138,27.168560562616634],[88.35764439918168,27.168572058638794]]]}},{"type":"Feature","properties":{"source":"Microsoft Global ML Building Footprints"},"geometry":{"type":"Polygon","coordinates":[[[88.35940858510003,27.162305674127715],[88.35933383816351,27.162356273274554],[88.35921492591183,27.16221722024259],[88.3592896728483,27.162166621032732],[88.35940858510003,27.162305674127715]]]}},{"type":"Feature","properties":{"source":"Microsoft Global ML Building Footprints"},"geometry":{"type":"Polygon","coordinates":[[[88.35948831919556,27.159219856338936],[88.35950304772584,27.159265104832052],[88.35956986315355,27.159247887752095],[88.35962035104754,27.15940299483883],[88.35950157028627,27.159433609760903],[88.35943635261252,27.159233250390344],[88.35948831919556,27.159219856338936]]]}},{"type":"Feature","properties":{"source":"Microsoft Global ML Building Footprints"},"geometry":{"type":"Polygon","coordinates":[[[88.35995341877101,27.16558981547299],[88.35992676096929,27.165766956650515],[88.35976602903061,27.165747800374326],[88.35978386552941,27.165629276793638],[88.35972955374933,27.165622807207612],[88.35974296676511,27.165533724162003],[88.35983782495845,27.16554502362075],[88.35983323629516,27.16557549940442],[88.35995341877101,27.16558981547299]]]}},{"type":"Feature","properties":{"source":"Microsoft Global ML Building Footprints"},"geometry":{"type":"Polygon","coordinates":[[[88.36181324897386,27.164591392181556],[88.36188525521254,27.164600745288944],[88.36186200413917,27.164742368565577],[88.3617401116421,27.164726528011258],[88.36175468148987,27.164637739914156],[88.3618045793769,27.164644224405578],[88.36181324897386,27.164591392181556]]]}},{"type":"Feature","properties":{"source":"Microsoft Global ML Building Footprints"},"geometry":{"type":"Polygon","coordinates":[[[88.3620218507059,27.16517262695239],[88.36197013265766,27.16516900398934],[88.3619794887357,27.165063190783243],[88.36203121533985,27.165066811128142],[88.3620218507059,27.16517262695239]]]}},{"type":"Feature","properties":{"source":"Microsoft Global ML Building Footprints"},"geometry":{"type":"Polygon","coordinates":[[[88.36462034263022,27.165662147012142],[88.36478086489765,27.16572097025766],[88.36473080520938,27.165829101566928],[88.36464137137469,27.16579632865144],[88.36464987207647,27.165777966732996],[88.36457878364372,27.16575191645567],[88.36462034263022,27.165662147012142]]]}},{"type":"Feature","properties":{"source":"Microsoft Global ML Building Footprints"},"geometry":{"type":"Polygon","coordinates":[[[88.3665364897163,27.16535605342552],[88.36655771720675,27.16544123089482],[88.3664324455945,27.1654659349862],[88.36641121995702,27.16538076497072],[88.3665364897163,27.16535605342552]]]}},{"type":"Feature","properties":{"source":"Microsoft Global ML Building Footprints"},"geometry":{"type":"Polygon","coordinates":[[[88.35553907951764,27.16044661258266],[88.35562929397935,27.160289552742597],[88.35580466566003,27.16036928423572],[88.3557144609951,27.16052634841769],[88.35553907951764,27.16044661258266]]]}},{"type":"Feature","properties":{"source":"Microsoft Global ML Building Footprints"},"geometry":{"type":"Polygon","coordinates":[[[88.3590619662138,27.159720348423683],[88.35894086491453,27.159728967991086],[88.35891900377295,27.15948582576879],[88.35899362764819,27.15948050964363],[88.35899928564035,27.159543438560462],[88.35904574856313,27.159540131486544],[88.3590619662138,27.159720348423683]]]}},{"type":"Feature","properties":{"source":"Microsoft Global ML Building Footprints"},"geometry":{"type":"Polygon","coordinates":[[[88.35919837784643,27.166382962491006],[88.35915817225901,27.16638202617476],[88.35915957547752,27.166334332451626],[88.35919978106497,27.16633526876827],[88.35919837784643,27.166382962491006]]]}},{"type":"Feature","properties":{"source":"Microsoft Global ML Building Footprints"},"geometry":{"type":"Polygon","coordinates":[[[88.3623258520409,27.165628893326925],[88.36223443854955,27.16575967984147],[88.36215320040354,27.165714734520343],[88.36224461389484,27.16558394795316],[88.3623258520409,27.165628893326925]]]}},{"type":"Feature","properties":{"source":"Microsoft Global ML Building Footprints"},"geometry":{"type":"Polygon","coordinates":[[[88.36285706368065,27.168182368380165],[88.36281918951828,27.168206562262263],[88.36278407037676,27.168163047233527],[88.36282194102466,27.16813885322896],[88.36285706368065,27.168182368380165]]]}},{"type":"Feature","properties":{"source":"Microsoft Global ML Building Footprints"},"geometry":{"type":"Polygon","coordinates":[[[88.36351121931168,27.16517194589862],[88.3635265737617,27.16522829258836],[88.36349110746433,27.16523594261153],[88.36347575301426,27.165179595925665],[88.36351121931168,27.16517194589862]]]}},{"type":"Feature","properties":{"source":"Microsoft Global ML Building Footprints"},"geometry":{"type":"Polygon","coordinates":[[[88.36444538988937,27.17057495670108],[88.36455835161978,27.170599018749478],[88.36449603062617,27.170830583188362],[88.36438308433588,27.17080653151146],[88.36444538988937,27.17057495670108]]]}},{"type":"Feature","properties":{"source":"Microsoft Global ML Building Footprints"},"geometry":{"type":"Polygon","coordinates":[[[88.36529636705446,27.168497069951393],[88.3652937616279,27.168556636593856],[88.36515717579762,27.168551907950807],[88.36515978122414,27.168492341305814],[88.36529636705446,27.168497069951393]]]}},{"type":"Feature","properties":{"source":"Microsoft Global ML Building Footprints"},"geometry":{"type":"Polygon","coordinates":[[[88.36888766097202,27.166203521853085],[88.36898719204122,27.16626031049511],[88.36891893165027,27.166354997724014],[88.3688194058591,27.166298212141605],[88.36888766097202,27.166203521853085]]]}},{"type":"Feature","properties":{"source":"Microsoft Global ML Building Footprints"},"geometry":{"type":"Polygon","coordinates":[[[88.36143008910119,27.16627598424124],[88.36144896087349,27.166313888268682],[88.36138617622545,27.16633862741419],[88.36130373637802,27.16617304660477],[88.36141220410343,27.166130306808945],[88.36147576378167,27.166257986956822],[88.36143008910119,27.16627598424124]]]}},{"type":"Feature","properties":{"source":"Microsoft Global ML Building Footprints"},"geometry":{"type":"Polygon","coordinates":[[[88.362474615209,27.167895130381034],[88.36235664478517,27.167897223898827],[88.36235396019485,27.167777063478084],[88.36247193078276,27.167774977300837],[88.362474615209,27.167895130381034]]]}},{"type":"Feature","properties":{"source":"Microsoft Global ML Building Footprints"},"geometry":{"type":"Polygon","coordinates":[[[88.36280199360375,27.17137911656753],[88.36289228928688,27.171209578731478],[88.36298428758613,27.171248359298517],[88.36292201470121,27.171365281931003],[88.36290887208702,27.171359741856627],[88.36288084928881,27.171412357003895],[88.36280199360375,27.17137911656753]]]}},{"type":"Feature","properties":{"source":"Microsoft Global ML Building Footprints"},"geometry":{"type":"Polygon","coordinates":[[[88.36354167184793,27.16646867477936],[88.36360892817842,27.166477632719236],[88.3635822340132,27.166636346775107],[88.36351496547077,27.166627387221475],[88.36354167184793,27.16646867477936]]]}},{"type":"Feature","properties":{"source":"Microsoft Global ML Building Footprints"},"geometry":{"type":"Polygon","coordinates":[[[88.35482529366885,27.159039668728298],[88.35494579142147,27.15904405835819],[88.35494167968956,27.15913356344857],[88.35483879719095,27.159129821936993],[88.35484039463873,27.15909510778915],[88.35482277636477,27.159094465970803],[88.35482529366885,27.159039668728298]]]}},{"type":"Feature","properties":{"source":"Microsoft Global ML Building Footprints"},"geometry":{"type":"Polygon","coordinates":[[[88.36133265451107,27.164045257202552],[88.36144505042088,27.16408012526344],[88.36142453268538,27.164132467806454],[88.36131213922152,27.164097593522065],[88.36133265451107,27.164045257202552]]]}},{"type":"Feature","properties":{"source":"Microsoft Global ML Building Footprints"},"geometry":{"type":"Polygon","coordinates":[[[88.36845947540586,27.166869190298755],[88.36845012416904,27.1669227839],[88.3683401222127,27.166907591568766],[88.36834947344948,27.166853997960224],[88.36845947540586,27.166869190298755]]]}},{"type":"Feature","properties":{"source":"Microsoft Global ML Building Footprints"},"geometry":{"type":"Polygon","coordinates":[[[88.35587477271149,27.16177791949221],[88.35597760779285,27.16185563347451],[88.35593597522718,27.16189924311992],[88.35583314369693,27.161821525448218],[88.35587477271149,27.16177791949221]]]}},{"type":"Feature","properties":{"source":"Microsoft Global ML Building Footprints"},"geometry":{"type":"Polygon","coordinates":[[[88.35608585418159,27.16791434124913],[88.35619763262332,27.16789945355464],[88.35620566642055,27.167947219083935],[88.35627228444362,27.167938350425807],[88.3562842760713,27.168009614161726],[88.35622918439125,27.168016951778057],[88.35625078513748,27.168145320372844],[88.35615267058895,27.168158388153998],[88.35612772844249,27.168010093010267],[88.3561025308956,27.168013447482224],[88.35608585418159,27.16791434124913]]]}},{"type":"Feature","properties":{"source":"Microsoft Global ML Building Footprints"},"geometry":{"type":"Polygon","coordinates":[[[88.35787672739939,27.171153593254672],[88.35788162924491,27.17101294153923],[88.35798077566778,27.171015676350102],[88.35797587382226,27.17115632806211],[88.35787672739939,27.171153593254672]]]}},{"type":"Feature","properties":{"source":"Microsoft Global ML Building Footprints"},"geometry":{"type":"Polygon","coordinates":[[[88.36046259519009,27.16865567109241],[88.36049614855337,27.168593686577914],[88.36056454258285,27.16862299049202],[88.36053099317787,27.168684976686187],[88.36046259519009,27.16865567109241]]]}},{"type":"Feature","properties":{"source":"Microsoft Global ML Building Footprints"},"geometry":{"type":"Polygon","coordinates":[[[88.36108383700928,27.1619022010145],[88.36115875374057,27.161848589693307],[88.36131070459754,27.162016675974684],[88.36123578786625,27.162070287215187],[88.36108383700928,27.1619022010145]]]}},{"type":"Feature","properties":{"source":"Microsoft Global ML Building Footprints"},"geometry":{"type":"Polygon","coordinates":[[[88.36671973093446,27.168632219607595],[88.36681140974237,27.168667053089123],[88.36679247690482,27.168706500013222],[88.36682329327952,27.16871820680919],[88.36677344341216,27.168822052849315],[88.36675983263126,27.168816881423417],[88.36674045670156,27.168857244868143],[88.36663157045435,27.168815873467103],[88.36671973093446,27.168632219607595]]]}},{"type":"Feature","properties":{"source":"Microsoft Global ML Building Footprints"},"geometry":{"type":"Polygon","coordinates":[[[88.35675972738379,27.16747767912281],[88.35676832494973,27.16744867445854],[88.35671566117239,27.167436318304375],[88.35673021089941,27.16738723346527],[88.35669008611667,27.167377819247527],[88.35670265178997,27.167335427774653],[88.35679042475223,27.167356021382787],[88.35679968366938,27.167324785556154],[88.3568498396478,27.16733655333381],[88.35682338559873,27.167425798520235],[88.35686351038146,27.167435212733942],[88.35684499254711,27.167497684316707],[88.35675972738379,27.16747767912281]]]}},{"type":"Feature","properties":{"source":"Microsoft Global ML Building Footprints"},"geometry":{"type":"Polygon","coordinates":[[[88.35804461256495,27.16958145570146],[88.35799490398718,27.16958311161332],[88.35799706145195,27.169634372344703],[88.35791670763128,27.16963704411844],[88.35791134103142,27.16950953523464],[88.35804140920993,27.169505202348986],[88.35804461256495,27.16958145570146]]]}},{"type":"Feature","properties":{"source":"Microsoft Global ML Building Footprints"},"geometry":{"type":"Polygon","coordinates":[[[88.35808820016945,27.16240466864768],[88.3580835170531,27.16230461312358],[88.35829504474083,27.162296775857257],[88.35829972785717,27.162396831388357],[88.35808820016945,27.16240466864768]]]}},{"type":"Feature","properties":{"source":"Microsoft Global ML Building Footprints"},"geometry":{"type":"Polygon","coordinates":[[[88.35884310420276,27.169582403263504],[88.35888025419237,27.169503116783254],[88.35895109321098,27.169529387963017],[88.35891394322138,27.169608674424595],[88.35884310420276,27.169582403263504]]]}},{"type":"Feature","properties":{"source":"Microsoft Global ML Building Footprints"},"geometry":{"type":"Polygon","coordinates":[[[88.36342860247159,27.16169753003733],[88.36334679765334,27.16169838074063],[88.36334609241756,27.16164501644102],[88.36342790136612,27.16164416060007],[88.36342860247159,27.16169753003733]]]}},{"type":"Feature","properties":{"source":"Microsoft Global ML Building Footprints"},"geometry":{"type":"Polygon","coordinates":[[[88.36659257522122,27.16667479034414],[88.36662358038038,27.166662115806496],[88.36664087926654,27.16669561155461],[88.36658108360237,27.166720055297148],[88.36656887262393,27.16669641124588],[88.36654894073587,27.166704559160593],[88.36650518472977,27.16661983460864],[88.36655390712278,27.16659991746762],[88.36659257522122,27.16667479034414]]]}},{"type":"Feature","properties":{"source":"Microsoft Global ML Building Footprints"},"geometry":{"type":"Polygon","coordinates":[[[88.36761317550067,27.166534254056934],[88.3677335892811,27.166562438691855],[88.36768771783258,27.166717603097432],[88.36756730197892,27.166689425514434],[88.36761317550067,27.166534254056934]]]}},{"type":"Feature","properties":{"source":"Microsoft Global ML Building Footprints"},"geometry":{"type":"Polygon","coordinates":[[[88.36775065876128,27.1707824612637],[88.367782482475,27.17082616019521],[88.36775225522264,27.170843582923197],[88.36762863233476,27.170673829312193],[88.3676777516198,27.170645517334783],[88.36776955079398,27.17077157205307],[88.36775065876128,27.1707824612637]]]}},{"type":"Feature","properties":{"source":"Microsoft Global ML Building Footprints"},"geometry":{"type":"Polygon","coordinates":[[[88.35448801597836,27.16659477719614],[88.35449111647021,27.166533860963796],[88.35458309173383,27.166537572126487],[88.35457998675103,27.166598482448784],[88.35448801597836,27.16659477719614]]]}},{"type":"Feature","properties":{"source":"Microsoft Global ML Building Footprints"},"geometry":{"type":"Polygon","coordinates":[[[88.3561603471947,27.16178463685972],[88.35616837598145,27.16134087675217],[88.35628368122029,27.161342521005267],[88.35628031430974,27.16152861416557],[88.35633126313618,27.16152934069479],[88.3563327739294,27.161445837392534],[88.35642257637824,27.16144711797454],[88.35641819263323,27.16169047055137],[88.35632837104633,27.16168918969921],[88.35632988183954,27.161605686516495],[88.35627489476924,27.16160490240253],[88.35627162844943,27.16178622372449],[88.3561603471947,27.16178463685972]]]}},{"type":"Feature","properties":{"source":"Microsoft Global ML Building Footprints"},"geometry":{"type":"Polygon","coordinates":[[[88.35822092917019,27.16599041516941],[88.35826544867963,27.165944897137578],[88.3583499764836,27.166010336888334],[88.35830545200689,27.16605585631102],[88.35822092917019,27.16599041516941]]]}},{"type":"Feature","properties":{"source":"Microsoft Global ML Building Footprints"},"geometry":{"type":"Polygon","coordinates":[[[88.3620943607394,27.1618638212572],[88.36224090478419,27.161769054291156],[88.36230341429966,27.161845565142542],[88.36215686631672,27.161940334590383],[88.3620943607394,27.1618638212572]]]}},{"type":"Feature","properties":{"source":"Microsoft Global ML Building Footprints"},"geometry":{"type":"Polygon","coordinates":[[[88.36307696182477,27.166944203394088],[88.36308916162324,27.166786600893374],[88.36323331718931,27.166795433511737],[88.36323203024621,27.16681205883279],[88.36331115501574,27.166816906919955],[88.36330342554692,27.16691665831145],[88.36318960446971,27.166909684338357],[88.36318641274802,27.16695091641504],[88.36307696182477,27.166944203394088]]]}},{"type":"Feature","properties":{"source":"Microsoft Global ML Building Footprints"},"geometry":{"type":"Polygon","coordinates":[[[88.36411994696296,27.171731959858988],[88.36429529034821,27.171788622963476],[88.36425105170115,27.171896950031893],[88.36416338197786,27.171868613688403],[88.36418232067851,27.171822238538837],[88.36409465095522,27.17179390217639],[88.36411994696296,27.171731959858988]]]}},{"type":"Feature","properties":{"source":"Microsoft Global ML Building Footprints"},"geometry":{"type":"Polygon","coordinates":[[[88.36931963826164,27.165818069299775],[88.36929329856558,27.165918860021712],[88.36916352334813,27.165892007288058],[88.36918986104075,27.165791224208327],[88.36931963826164,27.165818069299775]]]}},{"type":"Feature","properties":{"source":"Microsoft Global ML Building Footprints"},"geometry":{"type":"Polygon","coordinates":[[[88.356317032444,27.168508241340632],[88.35631714038537,27.168448584626177],[88.35640297085143,27.1684487075471],[88.35640286291006,27.168508364261477],[88.356317032444,27.168508241340632]]]}},{"type":"Feature","properties":{"source":"Microsoft Global ML Building Footprints"},"geometry":{"type":"Polygon","coordinates":[[[88.35740294209964,27.159333740572166],[88.35748810330317,27.15940188069999],[88.35734674344306,27.159541739913088],[88.3572615761572,27.159473595003945],[88.35740294209964,27.159333740572166]]]}},{"type":"Feature","properties":{"source":"Microsoft Global ML Building Footprints"},"geometry":{"type":"Polygon","coordinates":[[[88.36258690439618,27.167763270762933],[88.36272091653113,27.16776004141925],[88.36272411076217,27.167864961162437],[88.36259009862718,27.167868190503093],[88.36258690439618,27.167763270762933]]]}},{"type":"Feature","properties":{"source":"Microsoft Global ML Building Footprints"},"geometry":{"type":"Polygon","coordinates":[[[88.36500299127226,27.166596137073448],[88.36485279024302,27.166606855257648],[88.36485706909457,27.16665427620866],[88.36473009974537,27.166663336600443],[88.36472390078526,27.166594575836974],[88.3647345610419,27.166593815132458],[88.36472430069414,27.166480004119762],[88.36485222377343,27.166470875655847],[88.36485051371545,27.166451907140903],[88.36498909705134,27.166442017969146],[88.36500299127226,27.166596137073448]]]}},{"type":"Feature","properties":{"source":"Microsoft Global ML Building Footprints"},"geometry":{"type":"Polygon","coordinates":[[[88.36753735897896,27.1658424647351],[88.36734340505124,27.16609979849396],[88.36737153020569,27.166134984252743],[88.36731315255179,27.166212430202137],[88.36719405491168,27.166141370290298],[88.3672201452693,27.166106754231286],[88.36719963431041,27.166119732917828],[88.3673802572226,27.1658800865158],[88.36738810005454,27.165875124297493],[88.36723227394673,27.165680197830994],[88.36729475474071,27.165640665689452],[88.36731685980789,27.165653854796915],[88.36736830714935,27.165718217847555],[88.36741462144528,27.1656889144012],[88.36753735897896,27.1658424647351]]]}},{"type":"Feature","properties":{"source":"Microsoft Global ML Building Footprints"},"geometry":{"type":"Polygon","coordinates":[[[88.36883500685819,27.17030578323206],[88.36884948071899,27.170265760924266],[88.36904262771978,27.170321034468905],[88.3690281527717,27.17036106847209],[88.36883500685819,27.17030578323206]]]}},{"type":"Feature","properties":{"source":"Microsoft Global ML Building Footprints"},"geometry":{"type":"Polygon","coordinates":[[[88.35550342680338,27.16481122614951],[88.35569374489239,27.164897583502835],[88.35561015520386,27.165043403422537],[88.35552627692866,27.16500534348372],[88.3555002258372,27.165050795112364],[88.35553940164289,27.16506857120865],[88.35551877561583,27.165104552709863],[88.35551238995411,27.16510165520485],[88.35547765138226,27.165162255603327],[88.35533843655763,27.16509908665224],[88.35550342680338,27.16481122614951]]]}},{"type":"Feature","properties":{"source":"Microsoft Global ML Building Footprints"},"geometry":{"type":"Polygon","coordinates":[[[88.35617460315551,27.1592136700379],[88.35625701435617,27.159186322109235],[88.35630356758782,27.159297356578847],[88.35622115638715,27.159324704480326],[88.35617460315551,27.1592136700379]]]}},{"type":"Feature","properties":{"source":"Microsoft Global ML Building Footprints"},"geometry":{"type":"Polygon","coordinates":[[[88.35618693397828,27.168156687720256],[88.35621247384742,27.16821738182017],[88.35614049375381,27.16824136040492],[88.35611494969706,27.168180667713038],[88.35618693397828,27.168156687720256]]]}},{"type":"Feature","properties":{"source":"Microsoft Global ML Building Footprints"},"geometry":{"type":"Polygon","coordinates":[[[88.35651659942434,27.164737551484727],[88.35656940595989,27.164765011264308],[88.35658459794732,27.16474188860031],[88.3566357506569,27.164768488377504],[88.35657966217089,27.164853866926663],[88.35647570156996,27.164799806700515],[88.35651659942434,27.164737551484727]]]}},{"type":"Feature","properties":{"source":"Microsoft Global ML Building Footprints"},"geometry":{"type":"Polygon","coordinates":[[[88.35874257034948,27.160205558927665],[88.3588533682734,27.16029788854491],[88.3587436288835,27.16040212987666],[88.35863283532774,27.160309803985655],[88.35874257034948,27.160205558927665]]]}},{"type":"Feature","properties":{"source":"Microsoft Global ML Building Footprints"},"geometry":{"type":"Polygon","coordinates":[[[88.36192060707782,27.170491034758577],[88.3618350797931,27.170486502832546],[88.36184319842782,27.170365235133836],[88.36192872571254,27.170369767064777],[88.36192060707782,27.170491034758577]]]}},{"type":"Feature","properties":{"source":"Microsoft Global ML Building Footprints"},"geometry":{"type":"Polygon","coordinates":[[[88.36820970594003,27.161009204939056],[88.36817003484646,27.161119630921092],[88.36803375474342,27.161080874063977],[88.368073425837,27.160970448043578],[88.36820970594003,27.161009204939056]]]}},{"type":"Feature","properties":{"source":"Microsoft Global ML Building Footprints"},"geometry":{"type":"Polygon","coordinates":[[[88.36921676091995,27.166591587026602],[88.36919865788514,27.166651702455837],[88.36909855487741,27.16662784178792],[88.36911665791223,27.16656772634581],[88.36921676091995,27.166591587026602]]]}},{"type":"Feature","properties":{"source":"Microsoft Global ML Building Footprints"},"geometry":{"type":"Polygon","coordinates":[[[88.35505787154409,27.16133578941851],[88.35495013564594,27.1613446986997],[88.35494420373225,27.161287914974714],[88.35505194405894,27.161279005322783],[88.35505787154409,27.16133578941851]]]}},{"type":"Feature","properties":{"source":"Microsoft Global ML Building Footprints"},"geometry":{"type":"Polygon","coordinates":[[[88.35948641979049,27.160968603608197],[88.35945235438072,27.16094902625842],[88.35947857777558,27.160912908911435],[88.35951264209865,27.160932487764228],[88.35948641979049,27.160968603608197]]]}},{"type":"Feature","properties":{"source":"Microsoft Global ML Building Footprints"},"geometry":{"type":"Polygon","coordinates":[[[88.36357854956572,27.1677754667736],[88.36355431481084,27.167898152400646],[88.36349028680522,27.167888145436102],[88.36351451219764,27.16776545833477],[88.36357854956572,27.1677754667736]]]}},{"type":"Feature","properties":{"source":"Microsoft Global ML Building Footprints"},"geometry":{"type":"Polygon","coordinates":[[[88.36381527812944,27.16829749565599],[88.36400818754899,27.168291838066338],[88.36401295695359,27.16842055716895],[88.36382004753399,27.168426214752095],[88.36381527812944,27.16829749565599]]]}},{"type":"Feature","properties":{"source":"Microsoft Global ML Building Footprints"},"geometry":{"type":"Polygon","coordinates":[[[88.36825636559378,27.162758461967712],[88.36839743408646,27.162778982161733],[88.36836839074537,27.162937032296725],[88.36822732225268,27.162916512131773],[88.36825636559378,27.162758461967712]]]}},{"type":"Feature","properties":{"source":"Microsoft Global ML Building Footprints"},"geometry":{"type":"Polygon","coordinates":[[[88.35401006351347,27.17184431800731],[88.35408462264502,27.171884502760363],[88.35397169854039,27.172050329707496],[88.35389713940884,27.172010145014134],[88.35401006351347,27.17184431800731]]]}},{"type":"Feature","properties":{"source":"Microsoft Global ML Building Footprints"},"geometry":{"type":"Polygon","coordinates":[[[88.35521525160763,27.165279713046182],[88.35532472862256,27.165328365794814],[88.35526789924545,27.165429586306296],[88.35528721871866,27.165438172075476],[88.35517677672168,27.16563488335793],[88.3549900218139,27.165551887707714],[88.35502969515264,27.165481224418855],[88.354956710476,27.165448789299866],[88.35501675661031,27.165341839341117],[88.35511764719269,27.165386676163713],[88.35509405763993,27.165428692214284],[88.35514902563553,27.165453120545628],[88.3551769010716,27.165403463832966],[88.35515198871614,27.16539239252681],[88.35521525160763,27.165279713046182]]]}},{"type":"Feature","properties":{"source":"Microsoft Global ML Building Footprints"},"geometry":{"type":"Polygon","coordinates":[[[88.36126546538257,27.16703367977677],[88.36127854099873,27.167118961319616],[88.36119330551045,27.167129305449137],[88.36118023568227,27.167044017904722],[88.36126546538257,27.16703367977677]]]}},{"type":"Feature","properties":{"source":"Microsoft Global ML Building Footprints"},"geometry":{"type":"Polygon","coordinates":[[[88.36467743855765,27.16546674378595],[88.36464327797644,27.165524813630668],[88.36455063719391,27.165481676064573],[88.36458479777517,27.16542360619742],[88.36467743855765,27.16546674378595]]]}},{"type":"Feature","properties":{"source":"Microsoft Global ML Building Footprints"},"geometry":{"type":"Polygon","coordinates":[[[88.3648417580523,27.168183873047454],[88.36483945207185,27.16814101819326],[88.36493043865883,27.168137143019457],[88.36493274463932,27.168179997875157],[88.3648417580523,27.168183873047454]]]}},{"type":"Feature","properties":{"source":"Microsoft Global ML Building Footprints"},"geometry":{"type":"Polygon","coordinates":[[[88.36832941754719,27.165303062868418],[88.36826472978123,27.165426587901564],[88.3681765773126,27.16539004682255],[88.3682412650785,27.16526652174899],[88.36832941754719,27.165303062868418]]]}},{"type":"Feature","properties":{"source":"Microsoft Global ML Building Footprints"},"geometry":{"type":"Polygon","coordinates":[[[88.36851631123743,27.164831600316717],[88.3686079700658,27.164862249513824],[88.36859030389054,27.164904069270882],[88.36849864506218,27.16487342008527],[88.36851631123743,27.164831600316717]]]}},{"type":"Feature","properties":{"source":"Microsoft Global ML Building Footprints"},"geometry":{"type":"Polygon","coordinates":[[[88.3545672381401,27.16213877863361],[88.35448278099311,27.162139430771063],[88.35448197336699,27.16205729649343],[88.35456643692318,27.16205663904644],[88.3545672381401,27.16213877863361]]]}},{"type":"Feature","properties":{"source":"Microsoft Global ML Building Footprints"},"geometry":{"type":"Polygon","coordinates":[[[88.35545647983527,27.159156199995017],[88.35543902938278,27.159200926036164],[88.35526189254715,27.15914621396717],[88.35527934299962,27.159101487904138],[88.35545647983527,27.159156199995017]]]}},{"type":"Feature","properties":{"source":"Microsoft Global ML Building Footprints"},"geometry":{"type":"Polygon","coordinates":[[[88.35697442654343,27.162566179810746],[88.35697924767656,27.16252124766993],[88.35705367126857,27.162527568942927],[88.35704885013544,27.16257250108118],[88.35697442654343,27.162566179810746]]]}},{"type":"Feature","properties":{"source":"Microsoft Global ML Building Footprints"},"geometry":{"type":"Polygon","coordinates":[[[88.35944385127581,27.161833104998657],[88.35953442790478,27.16168309970037],[88.35969470015525,27.16175970802636],[88.35960412352624,27.161909713221732],[88.35944385127581,27.161833104998657]]]}},{"type":"Feature","properties":{"source":"Microsoft Global ML Building Footprints"},"geometry":{"type":"Polygon","coordinates":[[[88.36163842367782,27.1620705133602],[88.36159223049454,27.16208976266723],[88.36153865743726,27.161987993828596],[88.36158485062055,27.16196874450401],[88.36163842367782,27.1620705133602]]]}},{"type":"Feature","properties":{"source":"Microsoft Global ML Building Footprints"},"geometry":{"type":"Polygon","coordinates":[[[88.3617085459907,27.162957557127847],[88.36179846915705,27.163034499867216],[88.36171188803645,27.16311459850948],[88.36162196474136,27.163037650115633],[88.3617085459907,27.162957557127847]]]}},{"type":"Feature","properties":{"source":"Microsoft Global ML Building Footprints"},"geometry":{"type":"Polygon","coordinates":[[[88.3621626211564,27.167358169913378],[88.36225682257707,27.16737755597663],[88.36221265363328,27.167547438527684],[88.36211845221261,27.167528052493964],[88.3621626211564,27.167358169913378]]]}},{"type":"Feature","properties":{"source":"Microsoft Global ML Building Footprints"},"geometry":{"type":"Polygon","coordinates":[[[88.36224303898496,27.168154569374167],[88.36218483954937,27.16819418586168],[88.36198242190451,27.167958795157304],[88.3620406116254,27.167919188822395],[88.36224303898496,27.168154569374167]]]}},{"type":"Feature","properties":{"source":"Microsoft Global ML Building Footprints"},"geometry":{"type":"Polygon","coordinates":[[[88.36578252765831,27.16748452755725],[88.36571563993323,27.167487505475115],[88.36571229273815,27.16742799708164],[88.36577918046319,27.167425019162174],[88.36578252765831,27.16748452755725]]]}},{"type":"Feature","properties":{"source":"Microsoft Global ML Building Footprints"},"geometry":{"type":"Polygon","coordinates":[[[88.35652908165675,27.160907349882507],[88.35657751969173,27.16091718900327],[88.35656150385519,27.16097962389889],[88.35651306508475,27.16096978765055],[88.35652908165675,27.160907349882507]]]}},{"type":"Feature","properties":{"source":"Microsoft Global ML Building Footprints"},"geometry":{"type":"Polygon","coordinates":[[[88.35673020111204,27.166673625589702],[88.35670584004687,27.16668590952247],[88.35673230366336,27.166727450583544],[88.3566774912668,27.166755089417045],[88.35661881107376,27.166662976631407],[88.35669798453543,27.16662305383676],[88.35673020111204,27.166673625589702]]]}},{"type":"Feature","properties":{"source":"Microsoft Global ML Building Footprints"},"geometry":{"type":"Polygon","coordinates":[[[88.35846248343094,27.1654868027667],[88.35862251547353,27.16553091757646],[88.35859825106604,27.16560059158072],[88.35843822402447,27.165556478177088],[88.35846248343094,27.1654868027667]]]}},{"type":"Feature","properties":{"source":"Microsoft Global ML Building Footprints"},"geometry":{"type":"Polygon","coordinates":[[[88.35852703862602,27.166670830707154],[88.35846380858098,27.166663267355545],[88.35847372662892,27.166597636918013],[88.35853695667396,27.166605200274063],[88.35852703862602,27.166670830707154]]]}},{"type":"Feature","properties":{"source":"Microsoft Global ML Building Footprints"},"geometry":{"type":"Polygon","coordinates":[[[88.35892279481631,27.170262506981253],[88.35896864220032,27.17031321020813],[88.35892304850462,27.17034584365581],[88.35887720112062,27.17029514044374],[88.35892279481631,27.170262506981253]]]}},{"type":"Feature","properties":{"source":"Microsoft Global ML Building Footprints"},"geometry":{"type":"Polygon","coordinates":[[[88.35979082917694,27.165486424872633],[88.3597056197336,27.165556610761662],[88.35957190129665,27.165428119035823],[88.35965711073999,27.165357933066048],[88.35979082917694,27.165486424872633]]]}},{"type":"Feature","properties":{"source":"Microsoft Global ML Building Footprints"},"geometry":{"type":"Polygon","coordinates":[[[88.36205424020395,27.1660141835673],[88.36207000024434,27.1659878057742],[88.36229137693527,27.165808356136914],[88.36223791923378,27.165783074517783],[88.36232240516918,27.165641668897777],[88.36241023939512,27.165683208171515],[88.36234646216118,27.16578995324462],[88.36241011435038,27.1657383562318],[88.36245341885036,27.16578063917889],[88.36249658641441,27.165766785380413],[88.36251005116057,27.165779933501597],[88.36242877823186,27.165845819069645],[88.36240510387978,27.16585341689192],[88.36239094441613,27.165877115806808],[88.36239894684621,27.165896853065185],[88.36232550614142,27.166019755632554],[88.36235080502533,27.166011636460482],[88.36238255726089,27.165958492306146],[88.36244176486946,27.16593949079408],[88.36245278238265,27.165950248386345],[88.36251614496236,27.166106526168335],[88.36240696934132,27.16614156387176],[88.36238530561424,27.16608813238878],[88.36236539382517,27.166078714339825],[88.3623857371747,27.16612888924439],[88.36228052678746,27.16621417993059],[88.36224553168996,27.16618001050113],[88.36223320341576,27.166149604021456],[88.36220970272036,27.166157146091486],[88.3621636042387,27.16611213176637],[88.36214605294644,27.16610383020729],[88.36205424020395,27.1660141835673]]]}},{"type":"Feature","properties":{"source":"Microsoft Global ML Building Footprints"},"geometry":{"type":"Polygon","coordinates":[[[88.36492843707461,27.168087223395304],[88.36485495238979,27.168086971733423],[88.3648552152003,27.16802731553932],[88.3649286951921,27.168027567185263],[88.36492843707461,27.168087223395304]]]}},{"type":"Feature","properties":{"source":"Microsoft Global ML Building Footprints"},"geometry":{"type":"Polygon","coordinates":[[[88.36534458309238,27.16750810497605],[88.36526159907008,27.16751905425651],[88.3652553685551,27.16748169560774],[88.36533835545306,27.167470745944193],[88.36534458309238,27.16750810497605]]]}},{"type":"Feature","properties":{"source":"Microsoft Global ML Building Footprints"},"geometry":{"type":"Polygon","coordinates":[[[88.36849601368647,27.16606280323277],[88.3685954541074,27.16607678469682],[88.36857849840796,27.166172240030704],[88.36847905798702,27.166158258578612],[88.36849601368647,27.16606280323277]]]}},{"type":"Feature","properties":{"source":"Microsoft Global ML Building Footprints"},"geometry":{"type":"Polygon","coordinates":[[[88.3579151808799,27.165736568083084],[88.3580499978369,27.165828231124358],[88.35798918182684,27.165899039442216],[88.35785436135329,27.165807374068166],[88.3579151808799,27.165736568083084]]]}},{"type":"Feature","properties":{"source":"Microsoft Global ML Building Footprints"},"geometry":{"type":"Polygon","coordinates":[[[88.36432324901375,27.170740486678085],[88.36436976825884,27.170753277819088],[88.36435341995185,27.17080034654115],[88.36444401184912,27.170825250441474],[88.36442707011498,27.170874027679034],[88.364289960761,27.170836327510543],[88.36432324901375,27.170740486678085]]]}},{"type":"Feature","properties":{"source":"Microsoft Global ML Building Footprints"},"geometry":{"type":"Polygon","coordinates":[[[88.3555800452307,27.16462489570798],[88.35562173566993,27.16465225514777],[88.35565050177146,27.164617557836102],[88.35571752780542,27.164661539640036],[88.35563751210132,27.164758062674842],[88.35552879295152,27.16468671555416],[88.3555800452307,27.16462489570798]]]}},{"type":"Feature","properties":{"source":"Microsoft Global ML Building Footprints"},"geometry":{"type":"Polygon","coordinates":[[[88.35720215617118,27.168476765172528],[88.35718882654135,27.168563435499827],[88.35707561009988,27.168549660546248],[88.35708893972973,27.168462990208226],[88.35720215617118,27.168476765172528]]]}},{"type":"Feature","properties":{"source":"Microsoft Global ML Building Footprints"},"geometry":{"type":"Polygon","coordinates":[[[88.35885913456995,27.166018492699756],[88.35898137674899,27.166062389908575],[88.35894600086348,27.166140366794423],[88.35882375868442,27.166096469616257],[88.35885913456995,27.166018492699756]]]}},{"type":"Feature","properties":{"source":"Microsoft Global ML Building Footprints"},"geometry":{"type":"Polygon","coordinates":[[[88.35944208407031,27.16002957744999],[88.3595760742897,27.160026006316166],[88.3595810871536,27.16017489922028],[88.35944709721485,27.16017847868561],[88.35944208407031,27.16002957744999]]]}},{"type":"Feature","properties":{"source":"Microsoft Global ML Building Footprints"},"geometry":{"type":"Polygon","coordinates":[[[88.36079143493124,27.16612848089914],[88.36083975679567,27.166064140270706],[88.36086757152599,27.166080675397325],[88.36081924966156,27.166145016016188],[88.36079143493124,27.16612848089914]]]}},{"type":"Feature","properties":{"source":"Microsoft Global ML Building Footprints"},"geometry":{"type":"Polygon","coordinates":[[[88.3608973505408,27.169623241409724],[88.36066206510135,27.169706030313662],[88.3606340123639,27.16964292810532],[88.36065952511098,27.169633949451004],[88.36063437292671,27.16957737175145],[88.36067018631864,27.16956477023237],[88.36068027856716,27.169587467876546],[88.3608542291154,27.169526260565256],[88.3608973505408,27.169623241409724]]]}},{"type":"Feature","properties":{"source":"Microsoft Global ML Building Footprints"},"geometry":{"type":"Polygon","coordinates":[[[88.36200992420036,27.163321274118566],[88.36190811254406,27.163324285512395],[88.36190505618046,27.163242317168674],[88.3620068680729,27.16323931210546],[88.36200992420036,27.163321274118566]]]}},{"type":"Feature","properties":{"source":"Microsoft Global ML Building Footprints"},"geometry":{"type":"Polygon","coordinates":[[[88.3623465721691,27.165618212343155],[88.36238808012023,27.165579136217012],[88.36248072105619,27.16565702962709],[88.36243921148136,27.165696104360748],[88.3623465721691,27.165618212343155]]]}},{"type":"Feature","properties":{"source":"Microsoft Global ML Building Footprints"},"geometry":{"type":"Polygon","coordinates":[[[88.36715844664842,27.166565389064132],[88.3671517064706,27.166609921137194],[88.36703842664232,27.16659634278715],[88.36704516682013,27.166551810708704],[88.36715844664842,27.166565389064132]]]}},{"type":"Feature","properties":{"source":"Microsoft Global ML Building Footprints"},"geometry":{"type":"Polygon","coordinates":[[[88.35418041132941,27.161178379587753],[88.35428212786759,27.161167396474333],[88.3542936828612,27.16125206027771],[88.35425139077061,27.161256626875208],[88.354255751433,27.161288577568357],[88.35419631844275,27.16129499869747],[88.35418041132941,27.161178379587753]]]}},{"type":"Feature","properties":{"source":"Microsoft Global ML Building Footprints"},"geometry":{"type":"Polygon","coordinates":[[[88.35441741670992,27.167131580727464],[88.35447470469988,27.167142671094332],[88.35445934015884,27.16720551207117],[88.35440204661573,27.167194424203032],[88.35441741670992,27.167131580727464]]]}},{"type":"Feature","properties":{"source":"Microsoft Global ML Building Footprints"},"geometry":{"type":"Polygon","coordinates":[[[88.35465183215598,27.16119567745136],[88.35464904115727,27.16127297654552],[88.35457799369739,27.16127094584605],[88.35458077846258,27.16119365099687],[88.35465183215598,27.16119567745136]]]}},{"type":"Feature","properties":{"source":"Microsoft Global ML Building Footprints"},"geometry":{"type":"Polygon","coordinates":[[[88.35638484923666,27.168690429937584],[88.35651124478836,27.168652149138538],[88.35653333792096,27.168709887202354],[88.3564069464396,27.16874816674885],[88.35638484923666,27.168690429937584]]]}},{"type":"Feature","properties":{"source":"Microsoft Global ML Building Footprints"},"geometry":{"type":"Polygon","coordinates":[[[88.35649371034023,27.16212580325886],[88.35641338360392,27.162122827085717],[88.35642293635269,27.161919072925322],[88.35650326285489,27.161922054097182],[88.35649371034023,27.16212580325886]]]}},{"type":"Feature","properties":{"source":"Microsoft Global ML Building Footprints"},"geometry":{"type":"Polygon","coordinates":[[[88.3583174658239,27.16506398763201],[88.35833180399867,27.165025232294816],[88.35838020427298,27.165039406300252],[88.35836586609821,27.165078161632536],[88.3583174658239,27.16506398763201]]]}},{"type":"Feature","properties":{"source":"Microsoft Global ML Building Footprints"},"geometry":{"type":"Polygon","coordinates":[[[88.36574571494084,27.168440010683142],[88.3658129987173,27.168461796316905],[88.36578676961761,27.168525914211294],[88.36571948290086,27.168504123448287],[88.36574571494084,27.168440010683142]]]}},{"type":"Feature","properties":{"source":"Microsoft Global ML Building Footprints"},"geometry":{"type":"Polygon","coordinates":[[[88.36857206909124,27.17094239921485],[88.36861636646849,27.17095211357384],[88.36860670666769,27.17098697686638],[88.36856241115582,27.17097726567758],[88.36857206909124,27.17094239921485]]]}},{"type":"Feature","properties":{"source":"Microsoft Global ML Building Footprints"},"geometry":{"type":"Polygon","coordinates":[[[88.35471255935944,27.162639428445424],[88.35469634291346,27.162671021897808],[88.35463642034964,27.16264667464708],[88.35465263679562,27.162615081187816],[88.35471255935944,27.162639428445424]]]}},{"type":"Feature","properties":{"source":"Microsoft Global ML Building Footprints"},"geometry":{"type":"Polygon","coordinates":[[[88.35488515878144,27.15920112610756],[88.3548859424239,27.159260779719318],[88.3548119915325,27.159261553370037],[88.35481120319818,27.159201899807783],[88.35488515878144,27.15920112610756]]]}},{"type":"Feature","properties":{"source":"Microsoft Global ML Building Footprints"},"geometry":{"type":"Polygon","coordinates":[[[88.35774583234935,27.16856932901284],[88.3577196922806,27.168670142408686],[88.35776553336405,27.16867954756279],[88.35773674650974,27.168790568599874],[88.35762469052806,27.168767578244612],[88.35767961846614,27.168555739861894],[88.35774583234935,27.16856932901284]]]}},{"type":"Feature","properties":{"source":"Microsoft Global ML Building Footprints"},"geometry":{"type":"Polygon","coordinates":[[[88.3581995409958,27.16669903165303],[88.35819801222434,27.166806398447257],[88.35801565127615,27.16680434315628],[88.35801718004763,27.166696976360093],[88.3581995409958,27.16669903165303]]]}},{"type":"Feature","properties":{"source":"Microsoft Global ML Building Footprints"},"geometry":{"type":"Polygon","coordinates":[[[88.3592950119302,27.166581022333368],[88.35939047665337,27.166564128399365],[88.35939971440601,27.16660544731303],[88.35930424968289,27.16662234124081],[88.3592950119302,27.166581022333368]]]}},{"type":"Feature","properties":{"source":"Microsoft Global ML Building Footprints"},"geometry":{"type":"Polygon","coordinates":[[[88.36053442087052,27.168924121502513],[88.36061853116274,27.169006403278516],[88.36051514182381,27.16909005459739],[88.36043103507455,27.169007770016478],[88.36053442087052,27.168924121502513]]]}},{"type":"Feature","properties":{"source":"Microsoft Global ML Building Footprints"},"geometry":{"type":"Polygon","coordinates":[[[88.36054535254517,27.16529262531266],[88.36056307047913,27.165259576265143],[88.36061114250445,27.165279976123415],[88.3605934245705,27.16531302516487],[88.36054535254517,27.16529262531266]]]}},{"type":"Feature","properties":{"source":"Microsoft Global ML Building Footprints"},"geometry":{"type":"Polygon","coordinates":[[[88.3612222551861,27.164061207575187],[88.36126875404123,27.163883754133664],[88.36138180115314,27.16390720930881],[88.36133529080837,27.16408465329051],[88.3612222551861,27.164061207575187]]]}},{"type":"Feature","properties":{"source":"Microsoft Global ML Building Footprints"},"geometry":{"type":"Polygon","coordinates":[[[88.36365348258786,27.16666426083868],[88.36369714640803,27.166514451068657],[88.36378099087165,27.166533794191686],[88.36373731600908,27.16668360138825],[88.36365348258786,27.16666426083868]]]}},{"type":"Feature","properties":{"source":"Microsoft Global ML Building Footprints"},"geometry":{"type":"Polygon","coordinates":[[[88.35551930852117,27.165566177521676],[88.35544430320836,27.165672082206193],[88.35536484134767,27.165627535728248],[88.35543984069687,27.165521627658258],[88.35551930852117,27.165566177521676]]]}},{"type":"Feature","properties":{"source":"Microsoft Global ML Building Footprints"},"geometry":{"type":"Polygon","coordinates":[[[88.3571765254281,27.16236144826133],[88.35718269002545,27.16253070519148],[88.35708355239355,27.16253356343384],[88.3570773877962,27.16236430650801],[88.3571765254281,27.16236144826133]]]}},{"type":"Feature","properties":{"source":"Microsoft Global ML Building Footprints"},"geometry":{"type":"Polygon","coordinates":[[[88.35836176960287,27.166820584155097],[88.35850108665844,27.166838281057593],[88.3584890768212,27.16691311738404],[88.35834975976566,27.16689542049341],[88.35836176960287,27.166820584155097]]]}},{"type":"Feature","properties":{"source":"Microsoft Global ML Building Footprints"},"geometry":{"type":"Polygon","coordinates":[[[88.36002004601961,27.161647866647478],[88.36001590523645,27.161691550526534],[88.35998927257502,27.1616895521174],[88.35999341351425,27.161645866590845],[88.36002004601961,27.161647866647478]]]}},{"type":"Feature","properties":{"source":"Microsoft Global ML Building Footprints"},"geometry":{"type":"Polygon","coordinates":[[[88.36112981573413,27.168229237547976],[88.36110898133018,27.167972859108893],[88.36119169744725,27.16796753865325],[88.3611871823745,27.16791197819753],[88.36132488648421,27.16790312938064],[88.3613507118136,27.16822123186676],[88.36118527791474,27.168231862559615],[88.36118477778936,27.16822570229374],[88.36112981573413,27.168229237547976]]]}},{"type":"Feature","properties":{"source":"Microsoft Global ML Building Footprints"},"geometry":{"type":"Polygon","coordinates":[[[88.36354615895397,27.161440453240346],[88.36356391390692,27.161518390918587],[88.36343767024799,27.161541149309755],[88.36341991529504,27.161463211647387],[88.36354615895397,27.161440453240346]]]}},{"type":"Feature","properties":{"source":"Microsoft Global ML Building Footprints"},"geometry":{"type":"Polygon","coordinates":[[[88.36747332546975,27.16172574529582],[88.36741195511227,27.161768638538724],[88.36737286612667,27.161724366227098],[88.36734217792556,27.16174581496329],[88.36730960197627,27.16170892261826],[88.36740166232948,27.1616445793466],[88.36747332546975,27.16172574529582]]]}},{"type":"Feature","properties":{"source":"Microsoft Global ML Building Footprints"},"geometry":{"type":"Polygon","coordinates":[[[88.36836102256031,27.16823487516752],[88.36836992085892,27.168202202830862],[88.3684205902453,27.168213125534493],[88.36841169113504,27.168245800847984],[88.36836102256031,27.16823487516752]]]}},{"type":"Feature","properties":{"source":"Microsoft Global ML Building Footprints"},"geometry":{"type":"Polygon","coordinates":[[[88.35572253362062,27.158825436876903],[88.35565124200642,27.158813081795493],[88.35566052586994,27.158770658092976],[88.35577316887901,27.158790172505313],[88.35575504835121,27.158872946597995],[88.3557137011079,27.158865783556827],[88.35572253362062,27.158825436876903]]]}},{"type":"Feature","properties":{"source":"Microsoft Global ML Building Footprints"},"geometry":{"type":"Polygon","coordinates":[[[88.35589678818137,27.158244167304147],[88.35597917870246,27.158278347772168],[88.35595302556017,27.15832825438497],[88.35587063402333,27.15829406838011],[88.35589678818137,27.158244167304147]]]}},{"type":"Feature","properties":{"source":"Microsoft Global ML Building Footprints"},"geometry":{"type":"Polygon","coordinates":[[[88.35790644480292,27.166695825817072],[88.35790880254821,27.16676257663893],[88.35779894047057,27.166765648186228],[88.35779658272529,27.16669889736621],[88.35790644480292,27.166695825817072]]]}},{"type":"Feature","properties":{"source":"Microsoft Global ML Building Footprints"},"geometry":{"type":"Polygon","coordinates":[[[88.3580690490617,27.16703480435298],[88.35806552288011,27.16708471958883],[88.35800941811112,27.167081582419712],[88.35801294429271,27.167031667182464],[88.3580690490617,27.16703480435298]]]}},{"type":"Feature","properties":{"source":"Microsoft Global ML Building Footprints"},"geometry":{"type":"Polygon","coordinates":[[[88.36104419397522,27.16616667559905],[88.36097055001892,27.166280162007496],[88.36090215294011,27.166245029927296],[88.36097579896919,27.166131540289022],[88.36104419397522,27.16616667559905]]]}},{"type":"Feature","properties":{"source":"Microsoft Global ML Building Footprints"},"geometry":{"type":"Polygon","coordinates":[[[88.36834143124997,27.166492462506568],[88.36836842195711,27.166383194800666],[88.36846983437283,27.16640301677659],[88.36844285186564,27.16651228606584],[88.36834143124997,27.166492462506568]]]}},{"type":"Feature","properties":{"source":"Microsoft Global ML Building Footprints"},"geometry":{"type":"Polygon","coordinates":[[[88.35570559583957,27.164608301961557],[88.35591502850674,27.16445783307963],[88.35599369051988,27.164544499181886],[88.35578425785272,27.16469496794705],[88.35570559583957,27.164608301961557]]]}},{"type":"Feature","properties":{"source":"Microsoft Global ML Building Footprints"},"geometry":{"type":"Polygon","coordinates":[[[88.35653127109985,27.16812176515146],[88.35653389254827,27.168174159537557],[88.35647767754314,27.168176385751728],[88.35647505609472,27.168123991366656],[88.35653127109985,27.16812176515146]]]}},{"type":"Feature","properties":{"source":"Microsoft Global ML Building Footprints"},"geometry":{"type":"Polygon","coordinates":[[[88.35727861733139,27.166641105824475],[88.35728183759721,27.166551727371477],[88.35737025963974,27.166554249051032],[88.3573670391758,27.16664363300218],[88.35727861733139,27.166641105824475]]]}},{"type":"Feature","properties":{"source":"Microsoft Global ML Building Footprints"},"geometry":{"type":"Polygon","coordinates":[[[88.36136326879905,27.16356314219086],[88.36134650672976,27.16361880613625],[88.36131258964807,27.163610721402655],[88.36132935580284,27.16355505842707],[88.36136326879905,27.16356314219086]]]}},{"type":"Feature","properties":{"source":"Microsoft Global ML Building Footprints"},"geometry":{"type":"Polygon","coordinates":[[[88.36200842703377,27.168850868886018],[88.3619676907081,27.16884638687054],[88.36196442358298,27.168869890071484],[88.3618508259934,27.168857391494896],[88.36187683657673,27.168670275159293],[88.36203115912942,27.168687244919546],[88.36200842703377,27.168850868886018]]]}},{"type":"Feature","properties":{"source":"Microsoft Global ML Building Footprints"},"geometry":{"type":"Polygon","coordinates":[[[88.36389520885747,27.165860306231572],[88.3639558948945,27.165733945302172],[88.36409197861587,27.16578568572111],[88.36403129602013,27.165912039426495],[88.36389520885747,27.165860306231572]]]}},{"type":"Feature","properties":{"source":"Microsoft Global ML Building Footprints"},"geometry":{"type":"Polygon","coordinates":[[[88.36491182836009,27.172949032615044],[88.36494084682084,27.17288844529761],[88.36501017437574,27.172914720638843],[88.36498115994932,27.17297530947105],[88.36491182836009,27.172949032615044]]]}},{"type":"Feature","properties":{"source":"Microsoft Global ML Building Footprints"},"geometry":{"type":"Polygon","coordinates":[[[88.36498291997617,27.170981009726546],[88.36512752522853,27.171033826598403],[88.36505496396103,27.171191062540103],[88.36491035870861,27.171138245742625],[88.36498291997617,27.170981009726546]]]}},{"type":"Feature","properties":{"source":"Microsoft Global ML Building Footprints"},"geometry":{"type":"Polygon","coordinates":[[[88.36782490956682,27.166925693360433],[88.36773381617388,27.16690584076052],[88.3677226590184,27.166946362749286],[88.36768723381003,27.166938642295612],[88.3677120274889,27.166848593405547],[88.36783854609018,27.16687616647414],[88.36782490956682,27.166925693360433]]]}},{"type":"Feature","properties":{"source":"Microsoft Global ML Building Footprints"},"geometry":{"type":"Polygon","coordinates":[[[88.35529713690853,27.16694064019238],[88.3553684388534,27.16674394463905],[88.35543889468622,27.166764160512955],[88.35542165685337,27.166811713307233],[88.3554468273001,27.166818935453037],[88.35539277381561,27.166968081216154],[88.35529713690853,27.16694064019238]]]}},{"type":"Feature","properties":{"source":"Microsoft Global ML Building Footprints"},"geometry":{"type":"Polygon","coordinates":[[[88.35916326464684,27.167226888660814],[88.35925613176069,27.1671838892336],[88.35933690778923,27.167321993012642],[88.35924403801388,27.167364987836237],[88.35916326464684,27.167226888660814]]]}},{"type":"Feature","properties":{"source":"Microsoft Global ML Building Footprints"},"geometry":{"type":"Polygon","coordinates":[[[88.3593507757735,27.16776473143345],[88.35934811158604,27.167719516166656],[88.35952465224281,27.167711282639672],[88.35952731643029,27.1677564979098],[88.3593507757735,27.16776473143345]]]}},{"type":"Feature","properties":{"source":"Microsoft Global ML Building Footprints"},"geometry":{"type":"Polygon","coordinates":[[[88.36124953694168,27.16175605934132],[88.36131783415057,27.161698891802615],[88.36148382182994,27.16185586926302],[88.36141552462101,27.16191303672136],[88.36124953694168,27.16175605934132]]]}},{"type":"Feature","properties":{"source":"Microsoft Global ML Building Footprints"},"geometry":{"type":"Polygon","coordinates":[[[88.36202647266944,27.166172125179713],[88.36197477481976,27.166254851046467],[88.36181906186383,27.166177826495897],[88.3618707643418,27.166095093165872],[88.36202647266944,27.166172125179713]]]}},{"type":"Feature","properties":{"source":"Microsoft Global ML Building Footprints"},"geometry":{"type":"Polygon","coordinates":[[[88.36434118021587,27.167326233300912],[88.36433218337956,27.167433016737704],[88.3642281616949,27.167426079703723],[88.36423715853121,27.167319296260295],[88.36434118021587,27.167326233300912]]]}},{"type":"Feature","properties":{"source":"Microsoft Global ML Building Footprints"},"geometry":{"type":"Polygon","coordinates":[[[88.36506555375794,27.171825103490065],[88.36510103474382,27.171836655503007],[88.36507419902001,27.17190189051572],[88.36498194845666,27.171871855297162],[88.36501917220262,27.17178136798686],[88.36507594178006,27.17179985121423],[88.36506555375794,27.171825103490065]]]}},{"type":"Feature","properties":{"source":"Microsoft Global ML Building Footprints"},"geometry":{"type":"Polygon","coordinates":[[[88.36844365900787,27.168573037311752],[88.36848532659582,27.16856165262667],[88.3685022626809,27.168610714628038],[88.3684605942745,27.168622096937185],[88.36844365900787,27.168573037311752]]]}},{"type":"Feature","properties":{"source":"Microsoft Global ML Building Footprints"},"geometry":{"type":"Polygon","coordinates":[[[88.36846807904095,27.168295334741984],[88.3684177559092,27.16828383179366],[88.3684332670425,27.168230106648437],[88.36848359017421,27.168241609602276],[88.36846807904095,27.168295334741984]]]}},{"type":"Feature","properties":{"source":"Microsoft Global ML Building Footprints"},"geometry":{"type":"Polygon","coordinates":[[[88.3586405440843,27.160390576707876],[88.35862131104892,27.160439476662994],[88.3585233383013,27.160408972226392],[88.35854257133666,27.160360072257916],[88.3586405440843,27.160390576707876]]]}},{"type":"Feature","properties":{"source":"Microsoft Global ML Building Footprints"},"geometry":{"type":"Polygon","coordinates":[[[88.3598389999669,27.16073259054624],[88.35993680966853,27.16073329097876],[88.35993493160561,27.160940897642305],[88.35983710557406,27.16094019709415],[88.3598389999669,27.16073259054624]]]}},{"type":"Feature","properties":{"source":"Microsoft Global ML Building Footprints"},"geometry":{"type":"Polygon","coordinates":[[[88.36163635675103,27.166767342174694],[88.36165647613674,27.16683413582036],[88.36160552186102,27.16684628131827],[88.36158540737787,27.166779486511288],[88.36163635675103,27.166767342174694]]]}},{"type":"Feature","properties":{"source":"Microsoft Global ML Building Footprints"},"geometry":{"type":"Polygon","coordinates":[[[88.36316326351493,27.16232015746015],[88.36316866235339,27.162248888993837],[88.36335686756368,27.16226017495437],[88.3633514631443,27.162331443078827],[88.36316326351493,27.16232015746015]]]}},{"type":"Feature","properties":{"source":"Microsoft Global ML Building Footprints"},"geometry":{"type":"Polygon","coordinates":[[[88.36904209275176,27.159826809722134],[88.36905706265115,27.159920371975552],[88.3689860814822,27.159929362473655],[88.36897111158285,27.159835800227754],[88.36904209275176,27.159826809722134]]]}},{"type":"Feature","properties":{"source":"Microsoft Global ML Building Footprints"},"geometry":{"type":"Polygon","coordinates":[[[88.36930011208909,27.16425193935175],[88.36931480083975,27.1642189317131],[88.369363494165,27.16423608425687],[88.36934880541433,27.164269091890446],[88.36930011208909,27.16425193935175]]]}},{"type":"Feature","properties":{"source":"Microsoft Global ML Building Footprints"},"geometry":{"type":"Polygon","coordinates":[[[88.3608526447666,27.166715580283515],[88.36074355703019,27.166680448697143],[88.36082424950342,27.166482122007842],[88.36093333723983,27.1665172536566],[88.3608526447666,27.166715580283515]]]}},{"type":"Feature","properties":{"source":"Microsoft Global ML Building Footprints"},"geometry":{"type":"Polygon","coordinates":[[[88.3616846205545,27.168084185284826],[88.36179592451012,27.16822873497408],[88.36176415559197,27.16824809515162],[88.36173838307937,27.168214621167536],[88.36165988364478,27.168262464102185],[88.36157435738019,27.168151380426004],[88.3616846205545,27.168084185284826]]]}},{"type":"Feature","properties":{"source":"Microsoft Global ML Building Footprints"},"geometry":{"type":"Polygon","coordinates":[[[88.36361797423021,27.161486895302296],[88.3637108315568,27.161500136742262],[88.36369867181666,27.161567609038286],[88.36360581966474,27.161554368344234],[88.36361797423021,27.161486895302296]]]}},{"type":"Feature","properties":{"source":"Microsoft Global ML Building Footprints"},"geometry":{"type":"Polygon","coordinates":[[[88.36676941036075,27.165912807818565],[88.36687547854363,27.16590869310553],[88.36688080332229,27.16601716719854],[88.36677472694541,27.166021288830628],[88.36676941036075,27.165912807818565]]]}},{"type":"Feature","properties":{"source":"Microsoft Global ML Building Footprints"},"geometry":{"type":"Polygon","coordinates":[[[88.36753894968102,27.16643089164949],[88.36754908298121,27.166367748229625],[88.36760428407867,27.16637476023864],[88.36761779514558,27.16629056896189],[88.36770716835105,27.16630192174601],[88.36768352398398,27.166449256423682],[88.36753894968102,27.16643089164949]]]}},{"type":"Feature","properties":{"source":"Microsoft Global ML Building Footprints"},"geometry":{"type":"Polygon","coordinates":[[[88.36874847302593,27.168024847469965],[88.36867051153516,27.168074561681692],[88.36858223727913,27.16796500210379],[88.36866019618623,27.167915284636578],[88.36874847302593,27.168024847469965]]]}},{"type":"Feature","properties":{"source":"Microsoft Global ML Building Footprints"},"geometry":{"type":"Polygon","coordinates":[[[88.35583663839577,27.166356962010802],[88.3560139280969,27.166163230760745],[88.35608006034849,27.16621113460196],[88.35603409635192,27.166261361233097],[88.35606958195034,27.166287065713213],[88.35593825624584,27.166430570216008],[88.35583663839577,27.166356962010802]]]}},{"type":"Feature","properties":{"source":"Microsoft Global ML Building Footprints"},"geometry":{"type":"Polygon","coordinates":[[[88.35889226770291,27.170383630806818],[88.35883869862934,27.170385415308203],[88.35883684661005,27.170341412168767],[88.3588904158238,27.170339630997518],[88.35889226770291,27.170383630806818]]]}},{"type":"Feature","properties":{"source":"Microsoft Global ML Building Footprints"},"geometry":{"type":"Polygon","coordinates":[[[88.36032946762943,27.166666308370694],[88.36029623623179,27.166682268461024],[88.36030856935866,27.166702594655995],[88.36024418352577,27.166733517318903],[88.36010627674345,27.166506233354603],[88.36001696736233,27.166549126153726],[88.36000014946205,27.166521408576102],[88.36018707607369,27.16643163290893],[88.36032946762943,27.166666308370694]]]}},{"type":"Feature","properties":{"source":"Microsoft Global ML Building Footprints"},"geometry":{"type":"Polygon","coordinates":[[[88.36413217481453,27.171012343673887],[88.3642548209152,27.171051061249898],[88.36419954761358,27.17118963993655],[88.36407689453617,27.171150912569132],[88.36413217481453,27.171012343673887]]]}},{"type":"Feature","properties":{"source":"Microsoft Global ML Building Footprints"},"geometry":{"type":"Polygon","coordinates":[[[88.36499916133151,27.166443386220173],[88.3651672669646,27.166421634572664],[88.36517490719385,27.166468372347133],[88.36500680156075,27.166490123985525],[88.36499916133151,27.166443386220173]]]}},{"type":"Feature","properties":{"source":"Microsoft Global ML Building Footprints"},"geometry":{"type":"Polygon","coordinates":[[[88.36542307693333,27.165985150754388],[88.36533963726363,27.165994695136135],[88.36533421229244,27.165957134428304],[88.36541764905537,27.165947590375836],[88.36542307693333,27.165985150754388]]]}},{"type":"Feature","properties":{"source":"Microsoft Global ML Building Footprints"},"geometry":{"type":"Polygon","coordinates":[[[88.35656714534304,27.15911734172093],[88.35669274934399,27.15911057602628],[88.35669589701551,27.15915688991874],[88.3565702924849,27.15916364781745],[88.35656714534304,27.15911734172093]]]}},{"type":"Feature","properties":{"source":"Microsoft Global ML Building Footprints"},"geometry":{"type":"Polygon","coordinates":[[[88.35773835977159,27.16631908236593],[88.3579017172674,27.166324849856636],[88.35789831654778,27.166401092030377],[88.35773495905197,27.166395324543608],[88.35773835977159,27.16631908236593]]]}},{"type":"Feature","properties":{"source":"Microsoft Global ML Building Footprints"},"geometry":{"type":"Polygon","coordinates":[[[88.36089961923771,27.165944302439023],[88.36082882260727,27.166043833130516],[88.36063228286564,27.165933175604117],[88.36070309130254,27.165833639223898],[88.36089961923771,27.165944302439023]]]}},{"type":"Feature","properties":{"source":"Microsoft Global ML Building Footprints"},"geometry":{"type":"Polygon","coordinates":[[[88.36461265914849,27.16777206093346],[88.36472720196508,27.167814184036395],[88.36468118833594,27.16791323717679],[88.36456664268948,27.167871120202975],[88.36461265914849,27.16777206093346]]]}},{"type":"Feature","properties":{"source":"Microsoft Global ML Building Footprints"},"geometry":{"type":"Polygon","coordinates":[[[88.36585525183355,27.168008888929393],[88.36595722540937,27.167960130396857],[88.36599189801568,27.168017526577955],[88.36588992443986,27.168066285085423],[88.36585525183355,27.168008888929393]]]}},{"type":"Feature","properties":{"source":"Microsoft Global ML Building Footprints"},"geometry":{"type":"Polygon","coordinates":[[[88.3664813731376,27.162829093158727],[88.36638235112949,27.162850014711374],[88.36635099785647,27.162732546483277],[88.36645001986457,27.16271162490861],[88.3664813731376,27.162829093158727]]]}},{"type":"Feature","properties":{"source":"Microsoft Global ML Building Footprints"},"geometry":{"type":"Polygon","coordinates":[[[88.355564285031,27.159213818448123],[88.35554521808305,27.159260102761188],[88.35547327780748,27.159236641737415],[88.35549234796497,27.15919035846133],[88.355564285031,27.159213818448123]]]}},{"type":"Feature","properties":{"source":"Microsoft Global ML Building Footprints"},"geometry":{"type":"Polygon","coordinates":[[[88.35617472572359,27.16742703267856],[88.35616963741533,27.167543785338324],[88.35604911952419,27.167539620438696],[88.35605420783244,27.16742286777459],[88.35617472572359,27.16742703267856]]]}},{"type":"Feature","properties":{"source":"Microsoft Global ML Building Footprints"},"geometry":{"type":"Polygon","coordinates":[[[88.35977340983973,27.16293773694565],[88.35967139076422,27.162873644392675],[88.35977755115158,27.162739881483454],[88.35989030907714,27.162810720703675],[88.35986882423684,27.162837791764396],[88.35997084331234,27.16290188433795],[88.35991523549039,27.16297195054205],[88.35980247756484,27.16290111142412],[88.35977340983973,27.16293773694565]]]}},{"type":"Feature","properties":{"source":"Microsoft Global ML Building Footprints"},"geometry":{"type":"Polygon","coordinates":[[[88.36146864790649,27.167708566442663],[88.36147241717828,27.1678301747559],[88.36138397153601,27.167832344615185],[88.3613802022642,27.16771073630428],[88.36146864790649,27.167708566442663]]]}},{"type":"Feature","properties":{"source":"Microsoft Global ML Building Footprints"},"geometry":{"type":"Polygon","coordinates":[[[88.36307918400978,27.163389499699136],[88.36307134637663,27.163206013025793],[88.36317848000436,27.16320239057459],[88.36318285686444,27.163304857198895],[88.36316946516096,27.16330531000488],[88.36317292593404,27.163386330059552],[88.36307918400978,27.163389499699136]]]}},{"type":"Feature","properties":{"source":"Microsoft Global ML Building Footprints"},"geometry":{"type":"Polygon","coordinates":[[[88.36717829833063,27.167840457975792],[88.36724914186946,27.167855910492605],[88.36722619028696,27.167939196880994],[88.36715534674812,27.167923744375685],[88.36717829833063,27.167840457975792]]]}},{"type":"Feature","properties":{"source":"Microsoft Global ML Building Footprints"},"geometry":{"type":"Polygon","coordinates":[[[88.36743490999747,27.161769141497572],[88.36749387077253,27.161714526999184],[88.36758734159025,27.161794407226907],[88.3675283808152,27.161849021686237],[88.36743490999747,27.161769141497572]]]}},{"type":"Feature","properties":{"source":"Microsoft Global ML Building Footprints"},"geometry":{"type":"Polygon","coordinates":[[[88.36849016989905,27.16069584165316],[88.36845660026809,27.16080714898817],[88.368359020338,27.16078385204805],[88.36839258996895,27.160672544689824],[88.36849016989905,27.16069584165316]]]}},{"type":"Feature","properties":{"source":"Microsoft Global ML Building Footprints"},"geometry":{"type":"Polygon","coordinates":[[[88.36863543781587,27.166323398464286],[88.36860076632527,27.166431528359496],[88.36847674861653,27.166400052159865],[88.36851142010708,27.166291922234144],[88.36863543781587,27.166323398464286]]]}},{"type":"Feature","properties":{"source":"Microsoft Global ML Building Footprints"},"geometry":{"type":"Polygon","coordinates":[[[88.35702602140242,27.163147589035447],[88.35723031436186,27.163313385244827],[88.35715018695326,27.163391540091013],[88.35706819996746,27.163325002722573],[88.35687856510053,27.16350996908419],[88.35697292017001,27.163586543765867],[88.35689813145666,27.163659485570435],[88.35668519120044,27.16348667208195],[88.35674662221368,27.163426753422463],[88.35678029543996,27.163454081250116],[88.35699797489994,27.163241760576],[88.35696058127826,27.16321141336794],[88.35702602140242,27.163147589035447]]]}},{"type":"Feature","properties":{"source":"Microsoft Global ML Building Footprints"},"geometry":{"type":"Polygon","coordinates":[[[88.36169497607506,27.16661493750607],[88.3616791032765,27.16665259550536],[88.3615544724138,27.1666110147971],[88.36160209080943,27.166498040719063],[88.36179256439209,27.166561588652016],[88.36176081879498,27.166636904673872],[88.36169497607506,27.16661493750607]]]}},{"type":"Feature","properties":{"source":"Microsoft Global ML Building Footprints"},"geometry":{"type":"Polygon","coordinates":[[[88.36241737733623,27.168324019426578],[88.36234830431637,27.16833754594588],[88.36233647898874,27.168289749847595],[88.3624055520086,27.168276223322515],[88.36241737733623,27.168324019426578]]]}},{"type":"Feature","properties":{"source":"Microsoft Global ML Building Footprints"},"geometry":{"type":"Polygon","coordinates":[[[88.36423900931246,27.16835348338455],[88.36428411661011,27.168258236613582],[88.36436931580117,27.16829017324791],[88.36432421486698,27.168385422376936],[88.36423900931246,27.16835348338455]]]}},{"type":"Feature","properties":{"source":"Microsoft Global ML Building Footprints"},"geometry":{"type":"Polygon","coordinates":[[[88.36442407179699,27.166084887717183],[88.36440685072142,27.16613509679771],[88.36430379628816,27.166107112247893],[88.36432101736372,27.166056903154782],[88.36442407179699,27.166084887717183]]]}},{"type":"Feature","properties":{"source":"Microsoft Global ML Building Footprints"},"geometry":{"type":"Polygon","coordinates":[[[88.36688834173522,27.165098145364624],[88.3667451550338,27.16510058836075],[88.36674253273466,27.164978929340165],[88.36688572900303,27.164976486178148],[88.36688834173522,27.165098145364624]]]}},{"type":"Feature","properties":{"source":"Microsoft Global ML Building Footprints"},"geometry":{"type":"Polygon","coordinates":[[[88.36800909666891,27.166222791132938],[88.36802794714889,27.166097333428745],[88.36818078267537,27.166115519991266],[88.36816193360023,27.16624096832536],[88.36800909666891,27.166222791132938]]]}},{"type":"Feature","properties":{"source":"Microsoft Global ML Building Footprints"},"geometry":{"type":"Polygon","coordinates":[[[88.35562618486345,27.166250356289986],[88.3556527536593,27.16627123133449],[88.35560544465443,27.166318895882057],[88.35564970169477,27.166353665762088],[88.35562574626235,27.16637779929939],[88.35555491739677,27.166322153670173],[88.35562618486345,27.166250356289986]]]}},{"type":"Feature","properties":{"source":"Microsoft Global ML Building Footprints"},"geometry":{"type":"Polygon","coordinates":[[[88.35621593313863,27.16721018668597],[88.35638917152983,27.16717476178203],[88.3564248903225,27.167313022146324],[88.35625165193132,27.16734844700641],[88.35621593313863,27.16721018668597]]]}},{"type":"Feature","properties":{"source":"Microsoft Global ML Building Footprints"},"geometry":{"type":"Polygon","coordinates":[[[88.3563619848946,27.15904996583358],[88.35623835950156,27.15908586348955],[88.35622886629942,27.1590599823635],[88.35609796882443,27.159097991642525],[88.35606869811778,27.159018191493317],[88.35618747545618,27.15898370156789],[88.3561712295659,27.15893941067985],[88.35630697789772,27.15890000123315],[88.3563619848946,27.15904996583358]]]}},{"type":"Feature","properties":{"source":"Microsoft Global ML Building Footprints"},"geometry":{"type":"Polygon","coordinates":[[[88.35841935089196,27.169811774937635],[88.35847367951328,27.169730890163812],[88.35856854918137,27.169781325503394],[88.35854020381372,27.16982352624322],[88.35851846284812,27.169811968150945],[88.35849247959442,27.16985065215244],[88.35841935089196,27.169811774937635]]]}},{"type":"Feature","properties":{"source":"Microsoft Global ML Building Footprints"},"geometry":{"type":"Polygon","coordinates":[[[88.35920987135997,27.163629373239566],[88.35930963308161,27.163567960296334],[88.3593811691827,27.1636599465335],[88.3592515817091,27.16373972002596],[88.3592107362033,27.163687203311092],[88.35913818697587,27.163731868817813],[88.3590597951151,27.163631077210646],[88.35901263657283,27.163660107820917],[88.35899313498133,27.163635033823063],[88.35909370313877,27.163573118181624],[88.35905103387933,27.163518250961303],[88.35910000621168,27.16348810070116],[88.35920987135997,27.163629373239566]]]}},{"type":"Feature","properties":{"source":"Microsoft Global ML Building Footprints"},"geometry":{"type":"Polygon","coordinates":[[[88.35955755725013,27.161022799271244],[88.35960991816218,27.161039398796035],[88.35955856718047,27.161167624062728],[88.35941576785295,27.16112234478711],[88.35947983627004,27.160962363534694],[88.35957027784542,27.16099103545514],[88.35955755725013,27.161022799271244]]]}},{"type":"Feature","properties":{"source":"Microsoft Global ML Building Footprints"},"geometry":{"type":"Polygon","coordinates":[[[88.36011159090256,27.17159882415566],[88.36019357484396,27.171611580882995],[88.36017309884694,27.17171577411323],[88.36009110695191,27.171703016160208],[88.36011159090256,27.17159882415566]]]}},{"type":"Feature","properties":{"source":"Microsoft Global ML Building Footprints"},"geometry":{"type":"Polygon","coordinates":[[[88.36201947894472,27.168918118856134],[88.3620944430374,27.16891526219061],[88.36209747328795,27.168978099200118],[88.36202250941994,27.168980960523243],[88.36201947894472,27.168918118856134]]]}},{"type":"Feature","properties":{"source":"Microsoft Global ML Building Footprints"},"geometry":{"type":"Polygon","coordinates":[[[88.36275281424648,27.16121419399954],[88.36274422427567,27.16124413617802],[88.3626950771339,27.161232977840875],[88.36270366571752,27.161203032283943],[88.36275281424648,27.16121419399954]]]}},{"type":"Feature","properties":{"source":"Microsoft Global ML Building Footprints"},"geometry":{"type":"Polygon","coordinates":[[[88.3651800209836,27.171516219287405],[88.3652182499131,27.171466491832902],[88.36528951911137,27.171509855900297],[88.3652512925062,27.171559580312007],[88.3651800209836,27.171516219287405]]]}},{"type":"Feature","properties":{"source":"Microsoft Global ML Building Footprints"},"geometry":{"type":"Polygon","coordinates":[[[88.36654958106934,27.161397257685863],[88.36667374468992,27.161379320003896],[88.36670368041766,27.161543351936245],[88.366579530744,27.16156129530785],[88.36654958106934,27.161397257685863]]]}},{"type":"Feature","properties":{"source":"Microsoft Global ML Building Footprints"},"geometry":{"type":"Polygon","coordinates":[[[88.36826097290096,27.1664007042976],[88.36818476077922,27.166390966384434],[88.3681911770235,27.1663512187759],[88.36826738914525,27.166360956692564],[88.36826097290096,27.1664007042976]]]}},{"type":"Feature","properties":{"source":"Microsoft Global ML Building Footprints"},"geometry":{"type":"Polygon","coordinates":[[[88.35487347286733,27.164611468979736],[88.35490205533988,27.16453009364197],[88.35500082320816,27.164557554167082],[88.35495772151818,27.164680238714467],[88.35489419101393,27.164662571331682],[88.35490870243127,27.164621266076523],[88.35487347286733,27.164611468979736]]]}},{"type":"Feature","properties":{"source":"Microsoft Global ML Building Footprints"},"geometry":{"type":"Polygon","coordinates":[[[88.35592022030453,27.165147862665506],[88.35593303205683,27.16510303403713],[88.355892722821,27.165093915199144],[88.35590553457334,27.165049086549082],[88.3559811143905,27.16506618437655],[88.35596702146296,27.16511549588307],[88.35599221473535,27.16512119515579],[88.35598068415825,27.165161540915584],[88.35592022030453,27.165147862665506]]]}},{"type":"Feature","properties":{"source":"Microsoft Global ML Building Footprints"},"geometry":{"type":"Polygon","coordinates":[[[88.36090497861973,27.169344518852974],[88.3607225012533,27.16941807764276],[88.36066301064399,27.169301269917824],[88.36084548801041,27.169227711051057],[88.36090497861973,27.169344518852974]]]}},{"type":"Feature","properties":{"source":"Microsoft Global ML Building Footprints"},"geometry":{"type":"Polygon","coordinates":[[[88.36668621510462,27.166041195535854],[88.36674870297846,27.166020985662023],[88.36676639786187,27.16606429230366],[88.3667039144015,27.16608450463297],[88.36668621510462,27.166041195535854]]]}},{"type":"Feature","properties":{"source":"Microsoft Global ML Building Footprints"},"geometry":{"type":"Polygon","coordinates":[[[88.3667209435619,27.166719206314404],[88.36667371626231,27.166693889497402],[88.3666909653553,27.166668420032657],[88.3668070622082,27.16673066251535],[88.36675068965957,27.16681390036858],[88.36668181651433,27.16677698003982],[88.3667209435619,27.166719206314404]]]}},{"type":"Feature","properties":{"source":"Microsoft Global ML Building Footprints"},"geometry":{"type":"Polygon","coordinates":[[[88.36854228620308,27.164735112731933],[88.36859193146087,27.1646413817491],[88.36868630881888,27.16468095007422],[88.36863666356105,27.164774681023836],[88.36854228620308,27.164735112731933]]]}},{"type":"Feature","properties":{"source":"Microsoft Global ML Building Footprints"},"geometry":{"type":"Polygon","coordinates":[[[88.3556578496608,27.163331776208167],[88.35561397246344,27.16334188268067],[88.35559024630157,27.1632603662462],[88.35553106756258,27.16327400089923],[88.35545557881485,27.163014572264622],[88.35555864001574,27.162990827131388],[88.3556578496608,27.163331776208167]]]}},{"type":"Feature","properties":{"source":"Microsoft Global ML Building Footprints"},"geometry":{"type":"Polygon","coordinates":[[[88.3575301102982,27.159191765013688],[88.3575795120732,27.159091760754777],[88.35769415691594,27.159136594702083],[88.35764475514094,27.159236598920863],[88.3575301102982,27.159191765013688]]]}},{"type":"Feature","properties":{"source":"Microsoft Global ML Building Footprints"},"geometry":{"type":"Polygon","coordinates":[[[88.35921775197153,27.166526463269896],[88.35909002917064,27.166565926179146],[88.3590476360894,27.166457322347938],[88.3591753665145,27.166417857044607],[88.35921775197153,27.166526463269896]]]}},{"type":"Feature","properties":{"source":"Microsoft Global ML Building Footprints"},"geometry":{"type":"Polygon","coordinates":[[[88.36008383103028,27.168861764991213],[88.36012535956014,27.16879690551827],[88.36018408718643,27.168826667962023],[88.36014255865656,27.16889152741767],[88.36008383103028,27.168861764991213]]]}},{"type":"Feature","properties":{"source":"Microsoft Global ML Building Footprints"},"geometry":{"type":"Polygon","coordinates":[[[88.36211966410704,27.168634001338994],[88.3621223047651,27.16871028965187],[88.36207139107715,27.168711684550715],[88.36206875041906,27.16863539623879],[88.36211966410704,27.168634001338994]]]}},{"type":"Feature","properties":{"source":"Microsoft Global ML Building Footprints"},"geometry":{"type":"Polygon","coordinates":[[[88.36540296805732,27.17167013855275],[88.3654620963155,27.171734575402986],[88.36542346693491,27.17176263031562],[88.36536433867678,27.17169819348159],[88.36540296805732,27.17167013855275]]]}},{"type":"Feature","properties":{"source":"Microsoft Global ML Building Footprints"},"geometry":{"type":"Polygon","coordinates":[[[88.36831348373416,27.16631543617489],[88.36840237303831,27.166332218165486],[88.36839148338788,27.166377888641],[88.3683025906458,27.16636110600819],[88.36831348373416,27.16631543617489]]]}},{"type":"Feature","properties":{"source":"Microsoft Global ML Building Footprints"},"geometry":{"type":"Polygon","coordinates":[[[88.36131035339255,27.165253016238083],[88.36115506000696,27.1653996461743],[88.36105362088722,27.165314607623984],[88.36116552745811,27.16520893614492],[88.36114989786789,27.16519583448536],[88.36123156040834,27.16511872185969],[88.36130260400031,27.165178274886443],[88.3612643202286,27.16521442562466],[88.36131035339255,27.165253016238083]]]}},{"type":"Feature","properties":{"source":"Microsoft Global ML Building Footprints"},"geometry":{"type":"Polygon","coordinates":[[[88.36136638389308,27.16463148259045],[88.36133485466478,27.164695569536455],[88.36091391627575,27.16453166975078],[88.36092614542476,27.164506812503518],[88.3607631255608,27.1644433276145],[88.36086024619648,27.16424588611556],[88.36100656544052,27.1643028582669],[88.36094745607065,27.164423024703105],[88.36109022239937,27.16447861337216],[88.36107150192004,27.164516665052872],[88.36136638389308,27.16463148259045]]]}},{"type":"Feature","properties":{"source":"Microsoft Global ML Building Footprints"},"geometry":{"type":"Polygon","coordinates":[[[88.36307815644315,27.164784114490615],[88.36308920656117,27.164719649569598],[88.36318357135339,27.164732453349572],[88.36317252221966,27.164796912520714],[88.36307815644315,27.164784114490615]]]}},{"type":"Feature","properties":{"source":"Microsoft Global ML Building Footprints"},"geometry":{"type":"Polygon","coordinates":[[[88.36446364486086,27.16555340782221],[88.36440775165063,27.165649331798406],[88.36435360641183,27.16562435883614],[88.36440950556945,27.165528437581557],[88.36446364486086,27.16555340782221]]]}},{"type":"Feature","properties":{"source":"Microsoft Global ML Building Footprints"},"geometry":{"type":"Polygon","coordinates":[[[88.36792475715107,27.166547064166394],[88.36793720380741,27.166474784878858],[88.36802106608705,27.1664862156778],[88.36800861943071,27.166558494957947],[88.36792475715107,27.166547064166394]]]}},{"type":"Feature","properties":{"source":"Microsoft Global ML Building Footprints"},"geometry":{"type":"Polygon","coordinates":[[[88.36055954366981,27.17011950843758],[88.3606798218921,27.170125836834373],[88.36067102550305,27.170258004942355],[88.3605507477774,27.17025166909],[88.36055954366981,27.17011950843758]]]}},{"type":"Feature","properties":{"source":"Microsoft Global ML Building Footprints"},"geometry":{"type":"Polygon","coordinates":[[[88.360735489647,27.162353775337536],[88.3606277350282,27.162391867438494],[88.36057803293609,27.16228057159661],[88.36068577999376,27.1622424821306],[88.360735489647,27.162353775337536]]]}},{"type":"Feature","properties":{"source":"Microsoft Global ML Building Footprints"},"geometry":{"type":"Polygon","coordinates":[[[88.36249649315062,27.16759957194155],[88.3623561810179,27.16759497635673],[88.36235987347919,27.167505911121843],[88.36240107109344,27.16750726301651],[88.36240324049673,27.167454835691437],[88.3625023476571,27.167458087882217],[88.36249649315062,27.16759957194155]]]}},{"type":"Feature","properties":{"source":"Microsoft Global ML Building Footprints"},"geometry":{"type":"Polygon","coordinates":[[[88.35495470491473,27.165032193734554],[88.35504973728986,27.165059029786093],[88.35502223015101,27.165136134432743],[88.35492719585798,27.165109303775807],[88.35495470491473,27.165032193734554]]]}},{"type":"Feature","properties":{"source":"Microsoft Global ML Building Footprints"},"geometry":{"type":"Polygon","coordinates":[[[88.35629335798492,27.16809787038938],[88.35640975173365,27.168141224856164],[88.3563175300275,27.16833722642719],[88.35625590827144,27.168314277369625],[88.35623680082449,27.16835488696774],[88.35618202593022,27.168334487808927],[88.35629335798492,27.16809787038938]]]}},{"type":"Feature","properties":{"source":"Microsoft Global ML Building Footprints"},"geometry":{"type":"Polygon","coordinates":[[[88.36011005192066,27.17025819369612],[88.35999743729812,27.17025634953017],[88.36000104020185,27.170082213111925],[88.36011365482445,27.170084057280768],[88.36011005192066,27.17025819369612]]]}},{"type":"Feature","properties":{"source":"Microsoft Global ML Building Footprints"},"geometry":{"type":"Polygon","coordinates":[[[88.36019821653355,27.165450185111744],[88.36039778846633,27.165222533958826],[88.36049218362082,27.165288036738723],[88.36044405930426,27.165342936950488],[88.36045972953585,27.165353810844202],[88.36030828834086,27.165526559236746],[88.36019821653355,27.165450185111744]]]}},{"type":"Feature","properties":{"source":"Microsoft Global ML Building Footprints"},"geometry":{"type":"Polygon","coordinates":[[[88.36364490112484,27.16471817002853],[88.36361799563201,27.164835220835194],[88.3636204876239,27.164847717153513],[88.36361214140871,27.164884026856],[88.36353355347947,27.164869727830023],[88.36347034830781,27.164879704853305],[88.36353789040069,27.16489199409508],[88.3635186039,27.164975898794232],[88.36354621856565,27.164980921541776],[88.36355726665361,27.165036344956782],[88.36354838455507,27.165074999150313],[88.36349141669837,27.165083991588354],[88.36343210066411,27.165073199091452],[88.36342576131379,27.16504140990834],[88.36343762317937,27.164989805651587],[88.36332176757085,27.1649687330275],[88.36332526144928,27.164953533134373],[88.36322228010103,27.16493479575189],[88.36324702611252,27.164827139745768],[88.36329079318551,27.16483510314137],[88.36329763782702,27.164805325931987],[88.3633748738382,27.16481937898542],[88.3633830729637,27.164783709167203],[88.36342923797895,27.16477642194988],[88.36345074090431,27.164682842638527],[88.36364490112484,27.16471817002853]]]}},{"type":"Feature","properties":{"source":"Microsoft Global ML Building Footprints"},"geometry":{"type":"Polygon","coordinates":[[[88.36430486957977,27.16074246105287],[88.36430670740526,27.160704348044156],[88.3643936329051,27.160707660768047],[88.36439179807222,27.160745773889687],[88.36430486957977,27.16074246105287]]]}},{"type":"Feature","properties":{"source":"Microsoft Global ML Building Footprints"},"geometry":{"type":"Polygon","coordinates":[[[88.35477004345988,27.160010968731733],[88.35475852740282,27.160076179533924],[88.35448368092696,27.160037756145407],[88.35450671304109,27.15990733445804],[88.35455121199433,27.159913555395775],[88.35453969593726,27.15997876625486],[88.35477004345988,27.160010968731733]]]}},{"type":"Feature","properties":{"source":"Microsoft Global ML Building Footprints"},"geometry":{"type":"Polygon","coordinates":[[[88.35590522741388,27.16522703699289],[88.35591240490109,27.16519376207748],[88.35596828232134,27.165203299137836],[88.35596110663518,27.165236577837298],[88.35590522741388,27.16522703699289]]]}},{"type":"Feature","properties":{"source":"Microsoft Global ML Building Footprints"},"geometry":{"type":"Polygon","coordinates":[[[88.35605690211528,27.168725692197818],[88.35604975563955,27.168779829694394],[88.35596244694185,27.16877070738706],[88.35596959341753,27.16871656988603],[88.35605690211528,27.168725692197818]]]}},{"type":"Feature","properties":{"source":"Microsoft Global ML Building Footprints"},"geometry":{"type":"Polygon","coordinates":[[[88.36056038771504,27.1700291318715],[88.36042182771637,27.17003914847369],[88.3604127339332,27.169939583686634],[88.36035944162599,27.169943436229126],[88.36035013132418,27.169841500763425],[88.36036878363169,27.16984015237233],[88.36035795769934,27.16972162264254],[88.36050717615944,27.169710835501782],[88.36050782571536,27.16971794728979],[88.36065171494478,27.169707545403703],[88.36066362347039,27.16983792811598],[88.36052386670286,27.169848031250766],[88.36052840970376,27.169897813977492],[88.36054826267083,27.169896378790426],[88.36056038771504,27.1700291318715]]]}},{"type":"Feature","properties":{"source":"Microsoft Global ML Building Footprints"},"geometry":{"type":"Polygon","coordinates":[[[88.36153633656298,27.16512197212773],[88.36166221723575,27.165117700189057],[88.36166804042779,27.165253524244036],[88.36154215975502,27.165257796177528],[88.36153633656298,27.16512197212773]]]}},{"type":"Feature","properties":{"source":"Microsoft Global ML Building Footprints"},"geometry":{"type":"Polygon","coordinates":[[[88.36307147141561,27.168163289909913],[88.36310629358948,27.16819593581043],[88.36314298797845,27.168164957848788],[88.36316307769414,27.168183792023036],[88.36307980965763,27.16825408814251],[88.36302489776811,27.168202608091107],[88.36307147141561,27.168163289909913]]]}},{"type":"Feature","properties":{"source":"Microsoft Global ML Building Footprints"},"geometry":{"type":"Polygon","coordinates":[[[88.36799476289227,27.16509159803165],[88.36795051180356,27.165238546204904],[88.3678904510497,27.165224226134114],[88.3678988208904,27.165196431737684],[88.36780222473222,27.165173406666398],[88.36783811641592,27.16505424931939],[88.36799476289227,27.16509159803165]]]}},{"type":"Feature","properties":{"source":"Microsoft Global ML Building Footprints"},"geometry":{"type":"Polygon","coordinates":[[[88.36937897731927,27.164798153605552],[88.36932220100766,27.16490258706567],[88.36921351491674,27.164855821907707],[88.36929552514462,27.16470497348189],[88.36937722664439,27.16474012783209],[88.36935199568727,27.164786544012685],[88.36937897731927,27.164798153605552]]]}},{"type":"Feature","properties":{"source":"Microsoft Global ML Building Footprints"},"geometry":{"type":"Polygon","coordinates":[[[88.3538986632447,27.166605936899266],[88.35390718585252,27.166523109986002],[88.35397996528197,27.166529037606267],[88.35396695073528,27.166655422744334],[88.35385523562304,27.166646317007995],[88.35385972038996,27.16660276514738],[88.3538986632447,27.166605936899266]]]}},{"type":"Feature","properties":{"source":"Microsoft Global ML Building Footprints"},"geometry":{"type":"Polygon","coordinates":[[[88.35493292255573,27.172166631753072],[88.35494872581351,27.172230341730618],[88.35484519233324,27.172250673925035],[88.35482938429625,27.172186964897662],[88.35493292255573,27.172166631753072]]]}},{"type":"Feature","properties":{"source":"Microsoft Global ML Building Footprints"},"geometry":{"type":"Polygon","coordinates":[[[88.35523817337383,27.15999108575602],[88.35513360970603,27.159989210490785],[88.3551350148169,27.159927187812016],[88.35517523161224,27.159927909068273],[88.35517595784975,27.159895852370056],[88.35524030481298,27.159897002375047],[88.35523817337383,27.15999108575602]]]}},{"type":"Feature","properties":{"source":"Microsoft Global ML Building Footprints"},"geometry":{"type":"Polygon","coordinates":[[[88.35808668055341,27.159710628657308],[88.35812961965652,27.15976926090562],[88.35805807284541,27.159810740083998],[88.3580151337423,27.159752107857443],[88.35808668055341,27.159710628657308]]]}},{"type":"Feature","properties":{"source":"Microsoft Global ML Building Footprints"},"geometry":{"type":"Polygon","coordinates":[[[88.36119154195156,27.166353151980815],[88.36114491070617,27.166364267086024],[88.36110803415376,27.166241809380672],[88.36115465641109,27.166230696405684],[88.36119154195156,27.166353151980815]]]}},{"type":"Feature","properties":{"source":"Microsoft Global ML Building Footprints"},"geometry":{"type":"Polygon","coordinates":[[[88.36887139585538,27.16136300711092],[88.36879318106628,27.16138048730975],[88.36876657029462,27.161286204591008],[88.36884478508375,27.161268724377436],[88.36887139585538,27.16136300711092]]]}},{"type":"Feature","properties":{"source":"Microsoft Global ML Building Footprints"},"geometry":{"type":"Polygon","coordinates":[[[88.35597452455295,27.166850957335058],[88.35614095401444,27.166578712636664],[88.35621200817089,27.166550653160535],[88.3561704119268,27.16653052542332],[88.35615338411871,27.166558379491434],[88.35609680855707,27.16658072485368],[88.35614399611481,27.166503535501576],[88.35617399161637,27.16649169019078],[88.35620657723454,27.166507457840332],[88.35621696971681,27.166503353819152],[88.35624083998881,27.166551198977047],[88.35625955514104,27.166543808312305],[88.35632674217614,27.166678455504268],[88.35632009470052,27.166689329423306],[88.35628456733863,27.16670335925685],[88.35629065164913,27.166715554522966],[88.35614109735901,27.166960194608706],[88.35605137893145,27.166916781494443],[88.35603254185902,27.16687903087208],[88.35597452455295,27.166850957335058]]]}},{"type":"Feature","properties":{"source":"Microsoft Global ML Building Footprints"},"geometry":{"type":"Polygon","coordinates":[[[88.35723820096543,27.166987768379776],[88.35723346857506,27.167085425683773],[88.35718090911296,27.167083412943022],[88.35718563383509,27.16698575534364],[88.35723820096543,27.166987768379776]]]}},{"type":"Feature","properties":{"source":"Microsoft Global ML Building Footprints"},"geometry":{"type":"Polygon","coordinates":[[[88.35761234918766,27.16663912151661],[88.35761525679239,27.166572405185377],[88.35772067019822,27.166576048130437],[88.35771775735306,27.166642764278386],[88.35761234918766,27.16663912151661]]]}},{"type":"Feature","properties":{"source":"Microsoft Global ML Building Footprints"},"geometry":{"type":"Polygon","coordinates":[[[88.35917248581747,27.16286311540992],[88.35914261924633,27.16290031608694],[88.35910887479554,27.16287887059289],[88.3591387402496,27.1628416713001],[88.35917248581747,27.16286311540992]]]}},{"type":"Feature","properties":{"source":"Microsoft Global ML Building Footprints"},"geometry":{"type":"Polygon","coordinates":[[[88.35937477902546,27.167315260172728],[88.35939555960847,27.167389398973647],[88.35930369807473,27.16740977353148],[88.3592829229828,27.1673356335262],[88.35937477902546,27.167315260172728]]]}},{"type":"Feature","properties":{"source":"Microsoft Global ML Building Footprints"},"geometry":{"type":"Polygon","coordinates":[[[88.35998605815261,27.166383502706886],[88.36004674430471,27.166362651275385],[88.36006387125781,27.16640210661972],[88.36000318510574,27.16642295804386],[88.35998605815261,27.166383502706886]]]}},{"type":"Feature","properties":{"source":"Microsoft Global ML Building Footprints"},"geometry":{"type":"Polygon","coordinates":[[[88.36506877850817,27.171956380599568],[88.36511503711851,27.17188813529677],[88.36523698813252,27.171953558846106],[88.36519072952217,27.17202180410891],[88.36506877850817,27.171956380599568]]]}},{"type":"Feature","properties":{"source":"Microsoft Global ML Building Footprints"},"geometry":{"type":"Polygon","coordinates":[[[88.36572620245752,27.166885346025964],[88.36592288640901,27.166896699041274],[88.36591862896394,27.166955080458195],[88.36572194869754,27.166943739908376],[88.36572620245752,27.166885346025964]]]}},{"type":"Feature","properties":{"source":"Microsoft Global ML Building Footprints"},"geometry":{"type":"Polygon","coordinates":[[[88.36650026196733,27.165927473303753],[88.36650260916461,27.166000069994375],[88.36632304937554,27.166004654145894],[88.36632070253945,27.16593206862988],[88.36650026196733,27.165927473303753]]]}},{"type":"Feature","properties":{"source":"Microsoft Global ML Building Footprints"},"geometry":{"type":"Polygon","coordinates":[[[88.35452687006607,27.16641045881255],[88.35454589782063,27.166315642167824],[88.35464727244877,27.166331745082914],[88.35465609018871,27.16628780564121],[88.35473502786773,27.166300344548688],[88.35470717179506,27.166439098925586],[88.35452687006607,27.16641045881255]]]}},{"type":"Feature","properties":{"source":"Microsoft Global ML Building Footprints"},"geometry":{"type":"Polygon","coordinates":[[[88.36160998357491,27.16828751808469],[88.36166332562352,27.1682520417449],[88.36174128146823,27.16834482666563],[88.36166384686338,27.168396321438543],[88.36160853849597,27.168330492128106],[88.3616326292619,27.168314471525186],[88.36160998357491,27.16828751808469]]]}},{"type":"Feature","properties":{"source":"Microsoft Global ML Building Footprints"},"geometry":{"type":"Polygon","coordinates":[[[88.36274664702007,27.16801514099523],[88.3626600098338,27.16805024391718],[88.36259020296016,27.16791387399769],[88.36267684014643,27.167878771032846],[88.36274664702007,27.16801514099523]]]}},{"type":"Feature","properties":{"source":"Microsoft Global ML Building Footprints"},"geometry":{"type":"Polygon","coordinates":[[[88.36587012265129,27.162899359319503],[88.365884003955,27.162862982893607],[88.36594781317386,27.16288225385408],[88.36593393443603,27.162918631048612],[88.36587012265129,27.162899359319503]]]}},{"type":"Feature","properties":{"source":"Microsoft Global ML Building Footprints"},"geometry":{"type":"Polygon","coordinates":[[[88.36798331381115,27.166034771223195],[88.36798166714371,27.166082452740056],[88.36801650297481,27.166083405001956],[88.36801324969584,27.16617760810081],[88.36790606229293,27.16617468473475],[88.36790976730266,27.16606740115131],[88.367923165728,27.166067766572425],[88.36792436086618,27.166033159702373],[88.36798331381115,27.166034771223195]]]}},{"type":"Feature","properties":{"source":"Microsoft Global ML Building Footprints"},"geometry":{"type":"Polygon","coordinates":[[[88.3547017177942,27.165414948361338],[88.35473039259129,27.165363060554547],[88.3548167941731,27.165400855737822],[88.35478811937601,27.16545274352704],[88.3547017177942,27.165414948361338]]]}},{"type":"Feature","properties":{"source":"Microsoft Global ML Building Footprints"},"geometry":{"type":"Polygon","coordinates":[[[88.35587299557896,27.160157439133265],[88.35585984746484,27.160282829654662],[88.35562705887044,27.160263506405634],[88.3556302814811,27.16023275004863],[88.3554854853015,27.16022073084379],[88.35549540840647,27.160126096448415],[88.35587299557896,27.160157439133265]]]}},{"type":"Feature","properties":{"source":"Microsoft Global ML Building Footprints"},"geometry":{"type":"Polygon","coordinates":[[[88.35603098056201,27.15822788635485],[88.3560212912067,27.158252177073607],[88.35596744332247,27.158235172785687],[88.35597712979302,27.158210884505692],[88.35603098056201,27.15822788635485]]]}},{"type":"Feature","properties":{"source":"Microsoft Global ML Building Footprints"},"geometry":{"type":"Polygon","coordinates":[[[88.3572276193775,27.16205733214671],[88.35717666457676,27.16190233015252],[88.35729526478573,27.161871467030693],[88.35735669245992,27.162058327015167],[88.35729617622154,27.16207407502315],[88.35728569994401,27.16204221434935],[88.3572276193775,27.16205733214671]]]}},{"type":"Feature","properties":{"source":"Microsoft Global ML Building Footprints"},"geometry":{"type":"Polygon","coordinates":[[[88.35727812095178,27.16842020128044],[88.35714700920947,27.168425932345045],[88.35713859542945,27.1682735783618],[88.35726970717174,27.168267847289357],[88.35727812095178,27.16842020128044]]]}},{"type":"Feature","properties":{"source":"Microsoft Global ML Building Footprints"},"geometry":{"type":"Polygon","coordinates":[[[88.3573503301253,27.15989591657646],[88.35729092744285,27.15997938725765],[88.35716264960509,27.159907119295653],[88.35722205228754,27.159823648560433],[88.3573503301253,27.15989591657646]]]}},{"type":"Feature","properties":{"source":"Microsoft Global ML Building Footprints"},"geometry":{"type":"Polygon","coordinates":[[[88.35794125399393,27.16903641639417],[88.3580371511657,27.16900508561887],[88.35806318940843,27.16906816649358],[88.35796729660936,27.169099495822564],[88.35794125399393,27.16903641639417]]]}},{"type":"Feature","properties":{"source":"Microsoft Global ML Building Footprints"},"geometry":{"type":"Polygon","coordinates":[[[88.36027339100292,27.171011720462722],[88.36034369136425,27.17100495319135],[88.36035975573006,27.17113703508327],[88.36028946563934,27.17114380135797],[88.36027339100292,27.171011720462722]]]}},{"type":"Feature","properties":{"source":"Microsoft Global ML Building Footprints"},"geometry":{"type":"Polygon","coordinates":[[[88.36272425914916,27.16775769551716],[88.36265109839738,27.167675786539704],[88.36277667489414,27.167587006172525],[88.36284983959536,27.167668912422947],[88.36272425914916,27.16775769551716]]]}},{"type":"Feature","properties":{"source":"Microsoft Global ML Building Footprints"},"geometry":{"type":"Polygon","coordinates":[[[88.36326374931969,27.16946077901209],[88.3633344035932,27.16945084082309],[88.36335688619747,27.169577407075472],[88.36328623116152,27.169587340961037],[88.36326374931969,27.16946077901209]]]}},{"type":"Feature","properties":{"source":"Microsoft Global ML Building Footprints"},"geometry":{"type":"Polygon","coordinates":[[[88.36556496427336,27.169609603744192],[88.36560458184515,27.16960521031362],[88.36561017862203,27.169645155907723],[88.36557056105025,27.16964954933674],[88.36556496427336,27.169609603744192]]]}},{"type":"Feature","properties":{"source":"Microsoft Global ML Building Footprints"},"geometry":{"type":"Polygon","coordinates":[[[88.36775641566268,27.162209724692367],[88.36763904400237,27.16225220322862],[88.36758568323188,27.16213548996776],[88.36786185184434,27.162035540340533],[88.36787589415238,27.162066254395853],[88.3677170972002,27.162123725426646],[88.36775641566268,27.162209724692367]]]}},{"type":"Feature","properties":{"source":"Microsoft Global ML Building Footprints"},"geometry":{"type":"Polygon","coordinates":[[[88.36140000208056,27.16648745908664],[88.3614631778879,27.16637788362511],[88.36153325294602,27.16640986319998],[88.3614700771387,27.166519438630104],[88.36140000208056,27.16648745908664]]]}},{"type":"Feature","properties":{"source":"Microsoft Global ML Building Footprints"},"geometry":{"type":"Polygon","coordinates":[[[88.36418745623337,27.164055931747498],[88.36413822146743,27.16405878601809],[88.36413369177768,27.163997002999317],[88.36418293138327,27.163994148446555],[88.36418745623337,27.164055931747498]]]}},{"type":"Feature","properties":{"source":"Microsoft Global ML Building Footprints"},"geometry":{"type":"Polygon","coordinates":[[[88.36424148729927,27.16779062039314],[88.36430815960735,27.16780803591469],[88.3642929344586,27.167854171004322],[88.36432009725078,27.16786126621311],[88.36428356473289,27.167971966589548],[88.36418973140782,27.16794745051167],[88.36424148729927,27.16779062039314]]]}},{"type":"Feature","properties":{"source":"Microsoft Global ML Building Footprints"},"geometry":{"type":"Polygon","coordinates":[[[88.3654381361685,27.16720654772076],[88.36589109718471,27.167217462956167],[88.36588728087973,27.16734281633483],[88.36543431900549,27.167331929295763],[88.3654381361685,27.16720654772076]]]}},{"type":"Feature","properties":{"source":"Microsoft Global ML Building Footprints"},"geometry":{"type":"Polygon","coordinates":[[[88.36636646812545,27.16929721764388],[88.36619674152767,27.169281101060328],[88.36620948728181,27.16917492970544],[88.36637921387963,27.16919104630432],[88.36636646812545,27.16929721764388]]]}},{"type":"Feature","properties":{"source":"Microsoft Global ML Building Footprints"},"geometry":{"type":"Polygon","coordinates":[[[88.36756216495728,27.162709384830812],[88.36764033856998,27.162654226977132],[88.36768013560169,27.162698879151392],[88.36760196148164,27.162754032473103],[88.36756216495728,27.162709384830812]]]}},{"type":"Feature","properties":{"source":"Microsoft Global ML Building Footprints"},"geometry":{"type":"Polygon","coordinates":[[[88.35562530899591,27.158190655447825],[88.35552464643192,27.158194692368816],[88.35551867141116,27.158076926565016],[88.35561934290305,27.158072883012657],[88.35562530899591,27.158190655447825]]]}},{"type":"Feature","properties":{"source":"Microsoft Global ML Building Footprints"},"geometry":{"type":"Polygon","coordinates":[[[88.3570619454705,27.16849055656619],[88.35705884366077,27.16862651811951],[88.35694891837578,27.168624533161086],[88.3569520201855,27.168488571605344],[88.3570619454705,27.16849055656619]]]}},{"type":"Feature","properties":{"source":"Microsoft Global ML Building Footprints"},"geometry":{"type":"Polygon","coordinates":[[[88.35835788000335,27.166598036092765],[88.3583998228806,27.166597516366103],[88.35840079885821,27.16665954844435],[88.35835885110203,27.166660068231174],[88.35835788000335,27.166598036092765]]]}},{"type":"Feature","properties":{"source":"Microsoft Global ML Building Footprints"},"geometry":{"type":"Polygon","coordinates":[[[88.35915738787533,27.172908632553195],[88.35926297725237,27.17277825033883],[88.35935750999809,27.172838835153932],[88.35925192737392,27.172969221625323],[88.35915738787533,27.172908632553195]]]}},{"type":"Feature","properties":{"source":"Microsoft Global ML Building Footprints"},"geometry":{"type":"Polygon","coordinates":[[[88.3612203998585,27.163521182127973],[88.36132514105749,27.16355081893947],[88.36128098494588,27.163674348443763],[88.3611762437469,27.16364471166507],[88.3612203998585,27.163521182127973]]]}},{"type":"Feature","properties":{"source":"Microsoft Global ML Building Footprints"},"geometry":{"type":"Polygon","coordinates":[[[88.35598675857494,27.16830609951095],[88.35609536702574,27.168395299602466],[88.35602718877006,27.168461004925867],[88.35591858031927,27.168371804886867],[88.35598675857494,27.16830609951095]]]}},{"type":"Feature","properties":{"source":"Microsoft Global ML Building Footprints"},"geometry":{"type":"Polygon","coordinates":[[[88.35738435991792,27.16715662932463],[88.35725161257943,27.167150388610104],[88.35726367993556,27.16694694426726],[88.3573964437236,27.166953177499614],[88.35738435991792,27.16715662932463]]]}},{"type":"Feature","properties":{"source":"Microsoft Global ML Building Footprints"},"geometry":{"type":"Polygon","coordinates":[[[88.35748386947307,27.171025264002942],[88.35740743176127,27.17102698691346],[88.35740627724519,27.170986447184163],[88.35748271814424,27.17098472420117],[88.35748386947307,27.171025264002942]]]}},{"type":"Feature","properties":{"source":"Microsoft Global ML Building Footprints"},"geometry":{"type":"Polygon","coordinates":[[[88.35815901669429,27.159594346979368],[88.35820834231424,27.159695943834286],[88.35811439736321,27.159732050704058],[88.35806506740238,27.15963046140076],[88.35815901669429,27.159594346979368]]]}},{"type":"Feature","properties":{"source":"Microsoft Global ML Building Footprints"},"geometry":{"type":"Polygon","coordinates":[[[88.35961372359215,27.17254995148211],[88.35950661972106,27.172545996901633],[88.35951039811593,27.17246500599584],[88.35961750198703,27.172468960579195],[88.35961372359215,27.17254995148211]]]}},{"type":"Feature","properties":{"source":"Microsoft Global ML Building Footprints"},"geometry":{"type":"Polygon","coordinates":[[[88.3597838920697,27.169598327348453],[88.35994673601327,27.16955557850907],[88.3600074951838,27.169738726837963],[88.36003463532533,27.169731600486976],[88.36001861489183,27.169683309603272],[88.36007289517494,27.169669056893767],[88.36009037201148,27.169721737863476],[88.36002128801479,27.169739877666714],[88.36004718673416,27.169817944920226],[88.3599657647624,27.169839319291732],[88.3599762776663,27.16987100861828],[88.35990361519919,27.169890088016558],[88.3598814543041,27.16982327199608],[88.35983074669272,27.169836583431405],[88.35980339568302,27.169754138509482],[88.35983300311017,27.169746364309454],[88.3597838920697,27.169598327348453]]]}},{"type":"Feature","properties":{"source":"Microsoft Global ML Building Footprints"},"geometry":{"type":"Polygon","coordinates":[[[88.35986545499007,27.1720242373407],[88.35989964069879,27.171948095680918],[88.35999679358851,27.171982618513155],[88.35996260787981,27.172058760149405],[88.35986545499007,27.1720242373407]]]}},{"type":"Feature","properties":{"source":"Microsoft Global ML Building Footprints"},"geometry":{"type":"Polygon","coordinates":[[[88.3637496542541,27.170888509983968],[88.36365799388312,27.170843730713536],[88.36375758832905,27.170682398218375],[88.36384923894852,27.17072717278957],[88.3637496542541,27.170888509983968]]]}},{"type":"Feature","properties":{"source":"Microsoft Global ML Building Footprints"},"geometry":{"type":"Polygon","coordinates":[[[88.36515331116044,27.16561865064177],[88.36526695797093,27.165620709932895],[88.36526556542285,27.165681332959288],[88.3651519235413,27.165679266682282],[88.36515331116044,27.16561865064177]]]}},{"type":"Feature","properties":{"source":"Microsoft Global ML Building Footprints"},"geometry":{"type":"Polygon","coordinates":[[[88.36570373470931,27.167401941058465],[88.36570071198739,27.167472057676626],[88.36560531030068,27.167468802332394],[88.36560832725952,27.167398691456278],[88.36570373470931,27.167401941058465]]]}},{"type":"Feature","properties":{"source":"Microsoft Global ML Building Footprints"},"geometry":{"type":"Polygon","coordinates":[[[88.36708475885179,27.16750262650659],[88.3672297650733,27.167522770536245],[88.36721954393825,27.16758100799734],[88.36720121534935,27.16757846182096],[88.36719203060456,27.16763079416578],[88.36714751879208,27.16762460789159],[88.36714116693672,27.16766079913915],[88.36726684868916,27.167678258620285],[88.36725193946958,27.167763207481137],[88.3671802291226,27.167753241152475],[88.36718554638168,27.167722958369495],[88.36704939405554,27.167704035864872],[88.36708475885179,27.16750262650659]]]}},{"type":"Feature","properties":{"source":"Microsoft Global ML Building Footprints"},"geometry":{"type":"Polygon","coordinates":[[[88.36791522482523,27.161276956805935],[88.36797707535256,27.161394345242343],[88.36787592293052,27.161436534830962],[88.36781407240318,27.161319146438913],[88.36791522482523,27.161276956805935]]]}},{"type":"Feature","properties":{"source":"Microsoft Global ML Building Footprints"},"geometry":{"type":"Polygon","coordinates":[[[88.35756900259427,27.169726513956718],[88.35752071873787,27.1697366306488],[88.35749977134297,27.169657500955537],[88.35754805519937,27.169647384256315],[88.35756900259427,27.169726513956718]]]}},{"type":"Feature","properties":{"source":"Microsoft Global ML Building Footprints"},"geometry":{"type":"Polygon","coordinates":[[[88.36099203506866,27.16732598664067],[88.3611663244384,27.16732325179818],[88.36116764861124,27.16739004738477],[88.36099335924148,27.167392782225612],[88.36099203506866,27.16732598664067]]]}},{"type":"Feature","properties":{"source":"Microsoft Global ML Building Footprints"},"geometry":{"type":"Polygon","coordinates":[[[88.3609935628741,27.167335549991336],[88.36094589497944,27.16757132409741],[88.36085755790037,27.167557187786045],[88.36087036897479,27.16749382191498],[88.36079502356147,27.16748175992015],[88.36079529687268,27.16748040807333],[88.36067479697411,27.167461124828584],[88.36068060256544,27.16743242048168],[88.36063481927444,27.167425091062583],[88.36067547668883,27.167223991839265],[88.36062774420742,27.167216350361173],[88.36066915632384,27.167011597523626],[88.36084937940326,27.16704043820843],[88.36079610352095,27.16730395110845],[88.3609935628741,27.167335549991336]]]}},{"type":"Feature","properties":{"source":"Microsoft Global ML Building Footprints"},"geometry":{"type":"Polygon","coordinates":[[[88.36194715014784,27.161316088851635],[88.36199293582546,27.16139539735144],[88.36194199967132,27.161418672247613],[88.36189621399367,27.161339363764355],[88.36194715014784,27.161316088851635]]]}},{"type":"Feature","properties":{"source":"Microsoft Global ML Building Footprints"},"geometry":{"type":"Polygon","coordinates":[[[88.36254608825728,27.165258057818697],[88.36254532464139,27.16517215478933],[88.36280548264344,27.165170324225464],[88.36280597050916,27.165225206724976],[88.36277915009659,27.165225395442803],[88.36278010461645,27.165332774167993],[88.36276669441014,27.165332868526818],[88.3627670627214,27.16537430167665],[88.36265978113043,27.165375063226797],[88.36265873399013,27.16525726520402],[88.36254608825728,27.165258057818697]]]}},{"type":"Feature","properties":{"source":"Microsoft Global ML Building Footprints"},"geometry":{"type":"Polygon","coordinates":[[[88.36516954479065,27.172096008335892],[88.36523403039462,27.17198811215996],[88.36533440071972,27.172035589906628],[88.36526991511573,27.17214348603664],[88.36516954479065,27.172096008335892]]]}},{"type":"Feature","properties":{"source":"Microsoft Global ML Building Footprints"},"geometry":{"type":"Polygon","coordinates":[[[88.36768190894021,27.169025966988634],[88.36768889311332,27.16891540729997],[88.3678103411757,27.168921472144],[88.36780336519722,27.169032039798516],[88.36768190894021,27.169025966988634]]]}},{"type":"Feature","properties":{"source":"Microsoft Global ML Building Footprints"},"geometry":{"type":"Polygon","coordinates":[[[88.35880706531745,27.16700151974444],[88.35872406126514,27.16700460014848],[88.3587263474543,27.167053360946994],[88.35864602118617,27.167056346974817],[88.35864887248081,27.167117160547633],[88.35854444802794,27.167121035890624],[88.35853852848344,27.16699478140199],[88.3586938263877,27.166989018064854],[88.35869159259734,27.166941374822038],[88.35880404970041,27.166937201369038],[88.35880706531745,27.16700151974444]]]}},{"type":"Feature","properties":{"source":"Microsoft Global ML Building Footprints"},"geometry":{"type":"Polygon","coordinates":[[[88.36429601192185,27.170839677125166],[88.36441578667625,27.170887041794764],[88.3643421166636,27.171034489577444],[88.36431863648987,27.17102520440698],[88.36430032646253,27.17106184544724],[88.3642040246981,27.171023757186134],[88.36429601192185,27.170839677125166]]]}},{"type":"Feature","properties":{"source":"Microsoft Global ML Building Footprints"},"geometry":{"type":"Polygon","coordinates":[[[88.36537055386663,27.166026726997615],[88.36539240693887,27.166332329447975],[88.36538706414565,27.166332631858545],[88.36539335243522,27.166420569759943],[88.36527678477566,27.166427167669234],[88.36526456151154,27.166256044454023],[88.3651176340477,27.166264360787245],[88.36511244099667,27.16619165905344],[88.36519693381985,27.1661868818805],[88.36518826613904,27.166065669369274],[88.36517223768843,27.16606657560913],[88.36516713905267,27.16599527407105],[88.36524995271408,27.165990591828674],[88.36525301189556,27.166033372758775],[88.36537055386663,27.166026726997615]]]}},{"type":"Feature","properties":{"source":"Microsoft Global ML Building Footprints"},"geometry":{"type":"Polygon","coordinates":[[[88.36554742168379,27.169218052953198],[88.36554482038345,27.169128442081465],[88.36570449893787,27.16912478320053],[88.36570709290567,27.16921438430108],[88.36554742168379,27.169218052953198]]]}},{"type":"Feature","properties":{"source":"Microsoft Global ML Building Footprints"},"geometry":{"type":"Polygon","coordinates":[[[88.35376743779864,27.167179216984735],[88.3536739160522,27.167201514649093],[88.35364642673954,27.167110230290362],[88.353739941786,27.167087934205206],[88.35376743779864,27.167179216984735]]]}},{"type":"Feature","properties":{"source":"Microsoft Global ML Building Footprints"},"geometry":{"type":"Polygon","coordinates":[[[88.35557347298223,27.16556898219598],[88.3556713676439,27.16539097783466],[88.35581853104036,27.16545503168674],[88.35582652031388,27.165440504582698],[88.35595853088964,27.16549797126455],[88.35592888224926,27.165551882122188],[88.35599596959102,27.165581086476067],[88.35595515881218,27.16565529366477],[88.3560690249546,27.16570485455032],[88.35595736675388,27.165907913958215],[88.35606206575687,27.165953491211347],[88.35598794415598,27.16608826775674],[88.35593600556882,27.16606565803776],[88.355950829889,27.16603870273625],[88.35580150645086,27.165973699752996],[88.35590633557213,27.165783086966968],[88.35596476648271,27.16580852296488],[88.35598276744292,27.165775791451082],[88.3557815054176,27.16568817851934],[88.35579421197775,27.16566507389748],[88.35557347298223,27.16556898219598]]]}},{"type":"Feature","properties":{"source":"Microsoft Global ML Building Footprints"},"geometry":{"type":"Polygon","coordinates":[[[88.35659547915132,27.16384666377285],[88.35666321416177,27.16390855221993],[88.3566274182819,27.163939564088253],[88.3565596820192,27.163877674514197],[88.35659547915132,27.16384666377285]]]}},{"type":"Feature","properties":{"source":"Microsoft Global ML Building Footprints"},"geometry":{"type":"Polygon","coordinates":[[[88.35675872670676,27.159097095280977],[88.3567642955189,27.15918750942781],[88.35669857314723,27.15919071807385],[88.3566929972443,27.159100304275768],[88.35675872670676,27.159097095280977]]]}},{"type":"Feature","properties":{"source":"Microsoft Global ML Building Footprints"},"geometry":{"type":"Polygon","coordinates":[[[88.35725701151186,27.168480646790584],[88.35735240839821,27.168482868371726],[88.35734825784299,27.168623561831197],[88.35725287201723,27.16862134051042],[88.35725701151186,27.168480646790584]]]}},{"type":"Feature","properties":{"source":"Microsoft Global ML Building Footprints"},"geometry":{"type":"Polygon","coordinates":[[[88.35746901881073,27.160438779375973],[88.35727804369118,27.160349183041994],[88.35732120671089,27.160276361546032],[88.3572498533695,27.16024288595242],[88.35728693671885,27.160180321575787],[88.35754925760419,27.160303406411757],[88.35746901881073,27.160438779375973]]]}},{"type":"Feature","properties":{"source":"Microsoft Global ML Building Footprints"},"geometry":{"type":"Polygon","coordinates":[[[88.35783002308614,27.168630831690656],[88.35783983951976,27.16852298191052],[88.35788513976979,27.168526248280422],[88.35787532359123,27.168634095255086],[88.35783002308614,27.168630831690656]]]}},{"type":"Feature","properties":{"source":"Microsoft Global ML Building Footprints"},"geometry":{"type":"Polygon","coordinates":[[[88.3585664244969,27.165213205342567],[88.35851345290887,27.165207894811303],[88.35851792961607,27.16517254843658],[88.3585709012041,27.165177858969507],[88.3585664244969,27.165213205342567]]]}},{"type":"Feature","properties":{"source":"Microsoft Global ML Building Footprints"},"geometry":{"type":"Polygon","coordinates":[[[88.35932801707519,27.162453718356552],[88.35926156898239,27.16248979523477],[88.35919119685863,27.162387204783926],[88.35925764495137,27.16235112787252],[88.35932801707519,27.162453718356552]]]}},{"type":"Feature","properties":{"source":"Microsoft Global ML Building Footprints"},"geometry":{"type":"Polygon","coordinates":[[[88.36250479554263,27.164499147318757],[88.36250069447775,27.164576841540125],[88.36240167113773,27.164572704100564],[88.36240577187783,27.164495016028845],[88.36250479554263,27.164499147318757]]]}},{"type":"Feature","properties":{"source":"Microsoft Global ML Building Footprints"},"geometry":{"type":"Polygon","coordinates":[[[88.36640997851235,27.163840573266903],[88.36646800603877,27.163810448870933],[88.36651587547107,27.163883439274173],[88.3664578479446,27.163913563650425],[88.36640997851235,27.163840573266903]]]}},{"type":"Feature","properties":{"source":"Microsoft Global ML Building Footprints"},"geometry":{"type":"Polygon","coordinates":[[[88.3574233525867,27.159250409627198],[88.35745727059174,27.159206912513227],[88.35756771982534,27.159275093005114],[88.3575338018203,27.159318590092532],[88.3574233525867,27.159250409627198]]]}},{"type":"Feature","properties":{"source":"Microsoft Global ML Building Footprints"},"geometry":{"type":"Polygon","coordinates":[[[88.35751717242918,27.163349962774717],[88.35759608889067,27.16335229697193],[88.35758752011782,27.163581136184803],[88.35750862163808,27.163578802524235],[88.35751717242918,27.163349962774717]]]}},{"type":"Feature","properties":{"source":"Microsoft Global ML Building Footprints"},"geometry":{"type":"Polygon","coordinates":[[[88.35753994156752,27.166960090701636],[88.35742558532465,27.16695974890846],[88.35742587648227,27.166881001612538],[88.3575804716011,27.166881463673874],[88.35758028237682,27.16693157558391],[88.35754004969567,27.16693145533457],[88.35753994156752,27.166960090701636]]]}},{"type":"Feature","properties":{"source":"Microsoft Global ML Building Footprints"},"geometry":{"type":"Polygon","coordinates":[[[88.36377005531455,27.170620349452832],[88.3637835531334,27.170548379963122],[88.36386966857486,27.17056116304571],[88.363856170756,27.170633132527158],[88.36377005531455,27.170620349452832]]]}},{"type":"Feature","properties":{"source":"Microsoft Global ML Building Footprints"},"geometry":{"type":"Polygon","coordinates":[[[88.3642231739924,27.16083536767399],[88.36429162532528,27.160852208951148],[88.36427922599955,27.160892114182246],[88.36421077175056,27.16087527219365],[88.3642231739924,27.16083536767399]]]}},{"type":"Feature","properties":{"source":"Microsoft Global ML Building Footprints"},"geometry":{"type":"Polygon","coordinates":[[[88.36534019361189,27.16762599668383],[88.36533663694868,27.167711786265414],[88.36527770867066,27.167709848875454],[88.365279725613,27.167661198609174],[88.36521544005308,27.16765908908932],[88.3652169799397,27.16762194577437],[88.36534019361189,27.16762599668383]]]}},{"type":"Feature","properties":{"source":"Microsoft Global ML Building Footprints"},"geometry":{"type":"Polygon","coordinates":[[[88.36701278493184,27.168735839361524],[88.36713366714093,27.168776206270337],[88.36709348951858,27.16887145415749],[88.3669725979581,27.16883109168787],[88.36701278493184,27.168735839361524]]]}},{"type":"Feature","properties":{"source":"Microsoft Global ML Building Footprints"},"geometry":{"type":"Polygon","coordinates":[[[88.35689121966917,27.158719190859607],[88.3569283786009,27.158650299233805],[88.35701340004003,27.158686608751196],[88.35702595478223,27.158663332606345],[88.35702506583951,27.15866295297173],[88.35706168817784,27.158595066041606],[88.35720774666225,27.1586574422509],[88.35712141104244,27.158817482673264],[88.35689121966917,27.158719190859607]]]}},{"type":"Feature","properties":{"source":"Microsoft Global ML Building Footprints"},"geometry":{"type":"Polygon","coordinates":[[[88.35776266806513,27.167136665889423],[88.35777776634475,27.166999576391163],[88.35785843922129,27.167006609020163],[88.35787261859141,27.16687777087251],[88.3579991793859,27.16688879589541],[88.35796989083751,27.167154730436955],[88.35776266806513,27.167136665889423]]]}},{"type":"Feature","properties":{"source":"Microsoft Global ML Building Footprints"},"geometry":{"type":"Polygon","coordinates":[[[88.36045280098915,27.169297466117257],[88.36040183901787,27.169252127220226],[88.36050644516945,27.16915906311074],[88.3604796230793,27.169135200506062],[88.36064592003822,27.168987252243234],[88.36072370409966,27.169056453874454],[88.36045280098915,27.169297466117257]]]}},{"type":"Feature","properties":{"source":"Microsoft Global ML Building Footprints"},"geometry":{"type":"Polygon","coordinates":[[[88.36466615799544,27.172331706426746],[88.36466352453199,27.172272143589147],[88.36472244213867,27.17227008556916],[88.36472507560215,27.172329648407832],[88.36466615799544,27.172331706426746]]]}},{"type":"Feature","properties":{"source":"Microsoft Global ML Building Footprints"},"geometry":{"type":"Polygon","coordinates":[[[88.36689028054697,27.16564126420056],[88.36694252916756,27.165731986605444],[88.36685118031804,27.16577363514699],[88.36679893169745,27.165682912775935],[88.36689028054697,27.16564126420056]]]}},{"type":"Feature","properties":{"source":"Microsoft Global ML Building Footprints"},"geometry":{"type":"Polygon","coordinates":[[[88.35435539257733,27.16000586983356],[88.3543741678296,27.159935875357846],[88.35448188266854,27.159958741458354],[88.35446311262561,27.16002873702562],[88.35435539257733,27.16000586983356]]]}},{"type":"Feature","properties":{"source":"Microsoft Global ML Building Footprints"},"geometry":{"type":"Polygon","coordinates":[[[88.35532013593365,27.16511846860402],[88.35545469806337,27.165174096786593],[88.35538909800616,27.16529970366733],[88.35525453587643,27.16524407554735],[88.35532013593365,27.16511846860402]]]}},{"type":"Feature","properties":{"source":"Microsoft Global ML Building Footprints"},"geometry":{"type":"Polygon","coordinates":[[[88.35547208755781,27.16235871872412],[88.35562453480141,27.162406866798207],[88.35563092001244,27.162390866307128],[88.35570122938606,27.16241307679588],[88.355680935807,27.16246393981882],[88.35583214289252,27.162511705579156],[88.3557560286467,27.16270243741807],[88.35570487838919,27.162686279270353],[88.35572386346135,27.162638695932742],[88.35562495291636,27.162607456653575],[88.35561611526902,27.162629602580985],[88.35556972389968,27.16261494773623],[88.35558701482081,27.16257161051624],[88.35545714311601,27.16253059263431],[88.35544661774416,27.162556967784546],[88.35539897903183,27.16254191889942],[88.35547208755781,27.16235871872412]]]}},{"type":"Feature","properties":{"source":"Microsoft Global ML Building Footprints"},"geometry":{"type":"Polygon","coordinates":[[[88.35703688642998,27.162316892228745],[88.35704210849775,27.162176247318875],[88.35716535589845,27.162179862079753],[88.35716013383066,27.16232050698504],[88.35703688642998,27.162316892228745]]]}},{"type":"Feature","properties":{"source":"Microsoft Global ML Building Footprints"},"geometry":{"type":"Polygon","coordinates":[[[88.35813965288973,27.159585808394915],[88.35806339208206,27.159617322043886],[88.35801985496674,27.159533917987766],[88.35809612321023,27.15950240599188],[88.35813965288973,27.159585808394915]]]}},{"type":"Feature","properties":{"source":"Microsoft Global ML Building Footprints"},"geometry":{"type":"Polygon","coordinates":[[[88.35968687128569,27.17246080882621],[88.35968218097123,27.172588200087596],[88.35962323547886,27.172586486099156],[88.3596279259283,27.172459091169564],[88.35968687128569,27.17246080882621]]]}},{"type":"Feature","properties":{"source":"Microsoft Global ML Building Footprints"},"geometry":{"type":"Polygon","coordinates":[[[88.36495696017198,27.167021079773725],[88.36499714211212,27.167019803737098],[88.36500020187911,27.16709606833372],[88.36496001993898,27.167097344369452],[88.36495696017198,27.167021079773725]]]}},{"type":"Feature","properties":{"source":"Microsoft Global ML Building Footprints"},"geometry":{"type":"Polygon","coordinates":[[[88.3650201220119,27.16713582133903],[88.3650210034381,27.16709385710626],[88.36535983190083,27.167099490276932],[88.36535895421603,27.16714143347157],[88.3650201220119,27.16713582133903]]]}},{"type":"Feature","properties":{"source":"Microsoft Global ML Building Footprints"},"geometry":{"type":"Polygon","coordinates":[[[88.36559358584668,27.167403894956166],[88.36559162728156,27.167484991609413],[88.36549945609285,27.167483229658437],[88.3655014210347,27.16740213312582],[88.36559358584668,27.167403894956166]]]}},{"type":"Feature","properties":{"source":"Microsoft Global ML Building Footprints"},"geometry":{"type":"Polygon","coordinates":[[[88.35509113504796,27.159177440648506],[88.35514474699477,27.15918817399374],[88.3551257901629,27.159263132347796],[88.3550721782161,27.159252399009738],[88.35509113504796,27.159177440648506]]]}},{"type":"Feature","properties":{"source":"Microsoft Global ML Building Footprints"},"geometry":{"type":"Polygon","coordinates":[[[88.35518530685896,27.15910849820009],[88.3552653864627,27.159127592338983],[88.35524124362233,27.159207748790337],[88.35516116401858,27.159188654665144],[88.35518530685896,27.15910849820009]]]}},{"type":"Feature","properties":{"source":"Microsoft Global ML Building Footprints"},"geometry":{"type":"Polygon","coordinates":[[[88.35604961697531,27.16587368922002],[88.35613153950783,27.165804583633772],[88.35623528216502,27.16590193089113],[88.35615335676962,27.165971033730756],[88.35604961697531,27.16587368922002]]]}},{"type":"Feature","properties":{"source":"Microsoft Global ML Building Footprints"},"geometry":{"type":"Polygon","coordinates":[[[88.35677383004898,27.15930089298299],[88.35670804399082,27.159298336690497],[88.35671201281545,27.15921735086777],[88.356777805232,27.159219907409195],[88.35677383004898,27.15930089298299]]]}},{"type":"Feature","properties":{"source":"Microsoft Global ML Building Footprints"},"geometry":{"type":"Polygon","coordinates":[[[88.35898537856994,27.164133215107206],[88.35896462528788,27.16420990610189],[88.35876796791278,27.164167780923272],[88.3587887268971,27.164091091121122],[88.35898537856994,27.164133215107206]]]}},{"type":"Feature","properties":{"source":"Microsoft Global ML Building Footprints"},"geometry":{"type":"Polygon","coordinates":[[[88.36039170252707,27.169460045171796],[88.36052940668742,27.169454694796684],[88.36053560329624,27.16958092541782],[88.3603978892243,27.169586276171955],[88.36039170252707,27.169460045171796]]]}},{"type":"Feature","properties":{"source":"Microsoft Global ML Building Footprints"},"geometry":{"type":"Polygon","coordinates":[[[88.36084081658932,27.165690328137458],[88.36098967575164,27.16579919497677],[88.36089811579507,27.165898292330716],[88.3607492617433,27.165789420056726],[88.36084081658932,27.165690328137458]]]}},{"type":"Feature","properties":{"source":"Microsoft Global ML Building Footprints"},"geometry":{"type":"Polygon","coordinates":[[[88.36232494876168,27.16142836816035],[88.3624429891246,27.161497359529328],[88.36239945050106,27.161556328080252],[88.36228140634692,27.161487341882548],[88.36232494876168,27.16142836816035]]]}},{"type":"Feature","properties":{"source":"Microsoft Global ML Building Footprints"},"geometry":{"type":"Polygon","coordinates":[[[88.36740192858427,27.167137987824518],[88.36749669153744,27.16713517321225],[88.36749880030776,27.167191252923196],[88.36740403316901,27.167194073559266],[88.36740192858427,27.167137987824518]]]}},{"type":"Feature","properties":{"source":"Microsoft Global ML Building Footprints"},"geometry":{"type":"Polygon","coordinates":[[[88.35479441250958,27.16687714525299],[88.35494740746253,27.166917280977145],[88.35489023880253,27.167089774011764],[88.35480880445886,27.167068416148837],[88.35479976112234,27.167095702278367],[88.35472819896694,27.167076929148863],[88.35479441250958,27.16687714525299]]]}},{"type":"Feature","properties":{"source":"Microsoft Global ML Building Footprints"},"geometry":{"type":"Polygon","coordinates":[[[88.35528434501067,27.160523544519563],[88.35548854502733,27.160583652008945],[88.35546935276258,27.16063527728509],[88.3553570177158,27.160602210815263],[88.35533657597638,27.160657185411182],[88.35524470542869,27.16063014851178],[88.35528434501067,27.160523544519563]]]}},{"type":"Feature","properties":{"source":"Microsoft Global ML Building Footprints"},"geometry":{"type":"Polygon","coordinates":[[[88.35889323707126,27.166418462809318],[88.35878176648787,27.166552927762034],[88.35872096386508,27.166513030374063],[88.35883243444853,27.166378565373307],[88.35889323707126,27.166418462809318]]]}},{"type":"Feature","properties":{"source":"Microsoft Global ML Building Footprints"},"geometry":{"type":"Polygon","coordinates":[[[88.35981110348666,27.162948187227236],[88.3599373556653,27.163002315057753],[88.35988386061909,27.163101086183232],[88.3597576084405,27.163046958400614],[88.35981110348666,27.162948187227236]]]}},{"type":"Feature","properties":{"source":"Microsoft Global ML Building Footprints"},"geometry":{"type":"Polygon","coordinates":[[[88.36328038219868,27.166698308621584],[88.36313929404376,27.16669476816788],[88.36314351050216,27.16656209810956],[88.36328458795032,27.166565647083388],[88.36328038219868,27.166698308621584]]]}},{"type":"Feature","properties":{"source":"Microsoft Global ML Building Footprints"},"geometry":{"type":"Polygon","coordinates":[[[88.36418067707733,27.166338678465706],[88.36430529896346,27.166366397010634],[88.3642794167176,27.166458479330245],[88.3641548016492,27.16643076232458],[88.36418067707733,27.166338678465706]]]}},{"type":"Feature","properties":{"source":"Microsoft Global ML Building Footprints"},"geometry":{"type":"Polygon","coordinates":[[[88.36618297018234,27.167481550455904],[88.36635214732047,27.16755068644978],[88.3663098724426,27.167632579841246],[88.36614068549306,27.167563450423437],[88.36618297018234,27.167481550455904]]]}},{"type":"Feature","properties":{"source":"Microsoft Global ML Building Footprints"},"geometry":{"type":"Polygon","coordinates":[[[88.35532338480594,27.17202871806156],[88.35506282297256,27.17212674239721],[88.35501375894204,27.172023504377655],[88.35503312870851,27.17201621739531],[88.35499560388706,27.171937272587],[88.35505248718353,27.171915872849254],[88.35503131933554,27.171871339847286],[88.35515646258781,27.171824260391055],[88.3551410677893,27.171791872728434],[88.35526848637343,27.171743937247776],[88.35528772987158,27.17178442184195],[88.35521946991581,27.17181010155697],[88.35532338480594,27.17202871806156]]]}},{"type":"Feature","properties":{"source":"Microsoft Global ML Building Footprints"},"geometry":{"type":"Polygon","coordinates":[[[88.35634055053592,27.166111163162547],[88.35646039123556,27.1660634569729],[88.35650239398656,27.166146962189586],[88.35638254781357,27.16619467052238],[88.35634055053592,27.166111163162547]]]}},{"type":"Feature","properties":{"source":"Microsoft Global ML Building Footprints"},"geometry":{"type":"Polygon","coordinates":[[[88.35776374509176,27.16705074576658],[88.35775584774862,27.167127672124607],[88.35772294547283,27.167124996465624],[88.3577308486087,27.167048072625207],[88.35776374509176,27.16705074576658]]]}},{"type":"Feature","properties":{"source":"Microsoft Global ML Building Footprints"},"geometry":{"type":"Polygon","coordinates":[[[88.35855952346915,27.170291792789733],[88.35866509480914,27.170411205069804],[88.3585855549777,27.170466862410912],[88.35847998363771,27.170347450190377],[88.35855952346915,27.170291792789733]]]}},{"type":"Feature","properties":{"source":"Microsoft Global ML Building Footprints"},"geometry":{"type":"Polygon","coordinates":[[[88.36250435092525,27.16580404112142],[88.36256705022511,27.16578933799039],[88.36263976526426,27.166034782420695],[88.36257706596436,27.1660494855194],[88.36250435092525,27.16580404112142]]]}},{"type":"Feature","properties":{"source":"Microsoft Global ML Building Footprints"},"geometry":{"type":"Polygon","coordinates":[[[88.3645389012037,27.170822099375563],[88.36464190427769,27.170818039607965],[88.36464669543359,27.1709142510172],[88.36454368448719,27.17091830467757],[88.3645389012037,27.170822099375563]]]}},{"type":"Feature","properties":{"source":"Microsoft Global ML Building Footprints"},"geometry":{"type":"Polygon","coordinates":[[[88.36702312659453,27.16833989391953],[88.36698206513537,27.168408826327436],[88.36689620781165,27.168368345937218],[88.36693726927076,27.168299413504343],[88.36702312659453,27.16833989391953]]]}},{"type":"Feature","properties":{"source":"Microsoft Global ML Building Footprints"},"geometry":{"type":"Polygon","coordinates":[[[88.3561341720794,27.16849578353601],[88.35617256847489,27.1685032548465],[88.35619048392633,27.168430380101007],[88.35626471695761,27.16844482464262],[88.3562154494662,27.168645230052334],[88.35610282003938,27.1686233142347],[88.3561341720794,27.16849578353601]]]}},{"type":"Feature","properties":{"source":"Microsoft Global ML Building Footprints"},"geometry":{"type":"Polygon","coordinates":[[[88.3580175775025,27.165360618366407],[88.35806392662475,27.16530850100162],[88.35820248799021,27.165406040664678],[88.35815613414924,27.165458163289927],[88.3580175775025,27.165360618366407]]]}},{"type":"Feature","properties":{"source":"Microsoft Global ML Building Footprints"},"geometry":{"type":"Polygon","coordinates":[[[88.35952012399136,27.172341914096023],[88.35955389376093,27.172278462191755],[88.35964048882794,27.172314932403502],[88.35960672079237,27.17237839040922],[88.35952012399136,27.172341914096023]]]}},{"type":"Feature","properties":{"source":"Microsoft Global ML Building Footprints"},"geometry":{"type":"Polygon","coordinates":[[[88.3606390292206,27.16617454552081],[88.3607104872863,27.166099666004087],[88.36079834849863,27.16616603956318],[88.36092803786664,27.166030151751954],[88.36101473270331,27.16609564422943],[88.36087975635697,27.166237083279555],[88.36086474779354,27.16622574527424],[88.36079857974866,27.166295075689376],[88.3606390292206,27.16617454552081]]]}},{"type":"Feature","properties":{"source":"Microsoft Global ML Building Footprints"},"geometry":{"type":"Polygon","coordinates":[[[88.36179270644362,27.168905913915466],[88.36179046748951,27.16898699798363],[88.36172881388961,27.168985650510947],[88.36173105284371,27.16890456644179],[88.36179270644362,27.168905913915466]]]}},{"type":"Feature","properties":{"source":"Microsoft Global ML Building Footprints"},"geometry":{"type":"Polygon","coordinates":[[[88.36614296672899,27.167156940117074],[88.36617758119307,27.167122178737763],[88.36623769172975,27.167169556797283],[88.36620307726565,27.167204318161843],[88.36614296672899,27.167156940117074]]]}},{"type":"Feature","properties":{"source":"Microsoft Global ML Building Footprints"},"geometry":{"type":"Polygon","coordinates":[[[88.36764033010552,27.165500588101438],[88.36770291783878,27.16539509750308],[88.36781409692412,27.165447310413988],[88.36775151240329,27.165552795548507],[88.36764033010552,27.165500588101438]]]}},{"type":"Feature","properties":{"source":"Microsoft Global ML Building Footprints"},"geometry":{"type":"Polygon","coordinates":[[[88.3566299007575,27.163472451003216],[88.35678097894841,27.163576385830858],[88.35654278535772,27.16385048235233],[88.35639170205017,27.163746553667714],[88.3566299007575,27.163472451003216]]]}},{"type":"Feature","properties":{"source":"Microsoft Global ML Building Footprints"},"geometry":{"type":"Polygon","coordinates":[[[88.35684441248576,27.15971544683199],[88.35695210237101,27.159612952572324],[88.35711956808238,27.15975224433194],[88.35701187235028,27.159854744028564],[88.35684441248576,27.15971544683199]]]}},{"type":"Feature","properties":{"source":"Microsoft Global ML Building Footprints"},"geometry":{"type":"Polygon","coordinates":[[[88.35859476935305,27.16731563902269],[88.35890853689723,27.167319194847146],[88.35890635063589,27.167471893137098],[88.3585925830917,27.167468337317494],[88.35859476935305,27.16731563902269]]]}},{"type":"Feature","properties":{"source":"Microsoft Global ML Building Footprints"},"geometry":{"type":"Polygon","coordinates":[[[88.35883247208454,27.16560844957351],[88.3588076376824,27.16567777155754],[88.35865572935302,27.16563470436075],[88.35868055880451,27.16556538094644],[88.35883247208454,27.16560844957351]]]}},{"type":"Feature","properties":{"source":"Microsoft Global ML Building Footprints"},"geometry":{"type":"Polygon","coordinates":[[[88.36138392692106,27.168395732164953],[88.36146396209456,27.168366119990054],[88.3614824085865,27.16840558214259],[88.36140237539905,27.168435198555635],[88.36138392692106,27.168395732164953]]]}},{"type":"Feature","properties":{"source":"Microsoft Global ML Building Footprints"},"geometry":{"type":"Polygon","coordinates":[[[88.36367363665329,27.166072586992634],[88.3636615831315,27.166093278755028],[88.36361797539337,27.166073171428543],[88.36365633159055,27.166007335859916],[88.36377182161829,27.166060587801383],[88.36374552302534,27.166105733464775],[88.36367363665329,27.166072586992634]]]}},{"type":"Feature","properties":{"source":"Microsoft Global ML Building Footprints"},"geometry":{"type":"Polygon","coordinates":[[[88.36612890328381,27.169980453450854],[88.36616053348232,27.16988217324505],[88.36629191934466,27.169915641184744],[88.36626029157962,27.17001391379994],[88.36612890328381,27.169980453450854]]]}},{"type":"Feature","properties":{"source":"Microsoft Global ML Building Footprints"},"geometry":{"type":"Polygon","coordinates":[[[88.3686496196124,27.16415829349308],[88.36866124740081,27.164193428546433],[88.36858720213058,27.164212830527326],[88.36855050230696,27.164101936656003],[88.36868872276588,27.16406572750637],[88.36871379217995,27.16414147843497],[88.3686496196124,27.16415829349308]]]}},{"type":"Feature","properties":{"source":"Microsoft Global ML Building Footprints"},"geometry":{"type":"Polygon","coordinates":[[[88.35439233099078,27.167353761231382],[88.35447469000931,27.167332155775853],[88.35450962346076,27.16743753390668],[88.35442725681546,27.167459141342555],[88.35439233099078,27.167353761231382]]]}},{"type":"Feature","properties":{"source":"Microsoft Global ML Building Footprints"},"geometry":{"type":"Polygon","coordinates":[[[88.35594666619744,27.161917589418245],[88.35602106460944,27.1619384927072],[88.35599796308274,27.162003594423467],[88.35605893895901,27.162020726447764],[88.35604081255991,27.162071807872437],[88.35590542724012,27.16203377791978],[88.35594666619744,27.161917589418245]]]}},{"type":"Feature","properties":{"source":"Microsoft Global ML Building Footprints"},"geometry":{"type":"Polygon","coordinates":[[[88.36152629502845,27.16391578986166],[88.36158493560505,27.163788232569146],[88.36170901391807,27.163833392673894],[88.36165037638436,27.163960943295848],[88.36152629502845,27.16391578986166]]]}},{"type":"Feature","properties":{"source":"Microsoft Global ML Building Footprints"},"geometry":{"type":"Polygon","coordinates":[[[88.3625277231801,27.16924519606298],[88.3625061616034,27.169126598138213],[88.36255470675971,27.16911961562502],[88.36257625924411,27.169238214865018],[88.3625277231801,27.16924519606298]]]}},{"type":"Feature","properties":{"source":"Microsoft Global ML Building Footprints"},"geometry":{"type":"Polygon","coordinates":[[[88.36349773183917,27.16206962363001],[88.36356883502383,27.16201467684855],[88.36364634783916,27.162094077851634],[88.36357523863036,27.16214902482129],[88.36349773183917,27.16206962363001]]]}},{"type":"Feature","properties":{"source":"Microsoft Global ML Building Footprints"},"geometry":{"type":"Polygon","coordinates":[[[88.3638475356337,27.161644572374207],[88.36386047504577,27.161611935397367],[88.363902232317,27.161625040659693],[88.36386267794103,27.161724788516842],[88.36378873220825,27.16170158112385],[88.36381534559587,27.161634467726564],[88.3638475356337,27.161644572374207]]]}},{"type":"Feature","properties":{"source":"Microsoft Global ML Building Footprints"},"geometry":{"type":"Polygon","coordinates":[[[88.36480717519855,27.171583081104288],[88.36477858040182,27.171701708559624],[88.3646554947053,27.17167822628069],[88.36468134000233,27.171571005294368],[88.36471980428249,27.17157834351412],[88.36473960068021,27.17149621673694],[88.36478062924571,27.171504044176565],[88.36476358234766,27.171574764455578],[88.36480717519855,27.171583081104288]]]}},{"type":"Feature","properties":{"source":"Microsoft Global ML Building Footprints"},"geometry":{"type":"Polygon","coordinates":[[[88.35574488213086,27.166743573411622],[88.35588782640197,27.166468217007193],[88.35599172983326,27.16651090505819],[88.35590392120957,27.166680052579522],[88.35597024254872,27.166707300221823],[88.35595390606059,27.16673876949217],[88.35587210974232,27.166705164075204],[88.35583331058304,27.166779903579197],[88.35574488213086,27.166743573411622]]]}},{"type":"Feature","properties":{"source":"Microsoft Global ML Building Footprints"},"geometry":{"type":"Polygon","coordinates":[[[88.3561350544897,27.165752906766734],[88.3560984594106,27.165763172369545],[88.35608076717881,27.16571324970507],[88.35611736225789,27.165702984097685],[88.3561350544897,27.165752906766734]]]}},{"type":"Feature","properties":{"source":"Microsoft Global ML Building Footprints"},"geometry":{"type":"Polygon","coordinates":[[[88.35649324817352,27.167929632853003],[88.35666192971418,27.167980090731078],[88.35661048999654,27.16811617443762],[88.35649723478552,27.168082289284776],[88.35648021705742,27.168127309639623],[88.3564247942946,27.16811072754649],[88.35649324817352,27.167929632853003]]]}},{"type":"Feature","properties":{"source":"Microsoft Global ML Building Footprints"},"geometry":{"type":"Polygon","coordinates":[[[88.35877121720605,27.16995489321407],[88.3587338960703,27.17002197521314],[88.35867906029726,27.169997825161765],[88.35871638567158,27.169930745014888],[88.35877121720605,27.16995489321407]]]}},{"type":"Feature","properties":{"source":"Microsoft Global ML Building Footprints"},"geometry":{"type":"Polygon","coordinates":[[[88.35919723288782,27.16070542584844],[88.3592641735824,27.160702962281775],[88.35926971136944,27.160822080462466],[88.35920277067486,27.160824544026525],[88.35919723288782,27.16070542584844]]]}},{"type":"Feature","properties":{"source":"Microsoft Global ML Building Footprints"},"geometry":{"type":"Polygon","coordinates":[[[88.35921878537941,27.164165836994435],[88.35921069541536,27.164243923630167],[88.35901388411162,27.164227783437838],[88.35902197407567,27.164149696790822],[88.35921878537941,27.164165836994435]]]}},{"type":"Feature","properties":{"source":"Microsoft Global ML Building Footprints"},"geometry":{"type":"Polygon","coordinates":[[[88.36163600780148,27.166029236543103],[88.36158122244551,27.166042769496237],[88.36156670293883,27.16599624319835],[88.3616214882948,27.165982710239568],[88.36163600780148,27.166029236543103]]]}},{"type":"Feature","properties":{"source":"Microsoft Global ML Building Footprints"},"geometry":{"type":"Polygon","coordinates":[[[88.36321857216012,27.164807558992315],[88.36322759641362,27.164707978893603],[88.36329577841043,27.164712865598183],[88.36330436552517,27.164618026799253],[88.36344294111481,27.164627958724566],[88.36343113383211,27.16475836204073],[88.36330854773351,27.164749576117103],[88.36330275143108,27.16481359223979],[88.36321857216012,27.164807558992315]]]}},{"type":"Feature","properties":{"source":"Microsoft Global ML Building Footprints"},"geometry":{"type":"Polygon","coordinates":[[[88.36396783153182,27.165649046937745],[88.36403680061319,27.165520945215768],[88.3641786035754,27.165581385504623],[88.36415874883983,27.16561826326818],[88.36431884710647,27.165686501452754],[88.36432448051752,27.165676039611064],[88.36438908649869,27.165703572384665],[88.36445660102103,27.16557817239279],[88.3646202198236,27.165647911148973],[88.36456315990861,27.1657538929256],[88.36459370291794,27.1657669092627],[88.36454876729117,27.165850371584135],[88.36448113634196,27.16582154971438],[88.3644608695235,27.16585919279086],[88.36396783153182,27.165649046937745]]]}},{"type":"Feature","properties":{"source":"Microsoft Global ML Building Footprints"},"geometry":{"type":"Polygon","coordinates":[[[88.36543761927882,27.168232465607808],[88.36557334648002,27.168282818525398],[88.36554150235615,27.16835075902025],[88.36540577397697,27.168300397244863],[88.36543761927882,27.168232465607808]]]}},{"type":"Feature","properties":{"source":"Microsoft Global ML Building Footprints"},"geometry":{"type":"Polygon","coordinates":[[[88.36587397721719,27.167788402370874],[88.36595100015751,27.167802891085678],[88.36592548630851,27.16791024724003],[88.36584846336821,27.167895758539167],[88.36587397721719,27.167788402370874]]]}},{"type":"Feature","properties":{"source":"Microsoft Global ML Building Footprints"},"geometry":{"type":"Polygon","coordinates":[[[88.36626290453826,27.16579117733466],[88.36651496457847,27.165794850045145],[88.36651364710518,27.16586642078922],[88.36626158706497,27.165862748081103],[88.36626290453826,27.16579117733466]]]}},{"type":"Feature","properties":{"source":"Microsoft Global ML Building Footprints"},"geometry":{"type":"Polygon","coordinates":[[[88.36859807589495,27.165916426165012],[88.368692055853,27.16594666325583],[88.3686611753146,27.16602263557332],[88.36856719007137,27.165992396802622],[88.36859807589495,27.165916426165012]]]}},{"type":"Feature","properties":{"source":"Microsoft Global ML Building Footprints"},"geometry":{"type":"Polygon","coordinates":[[[88.3559697781749,27.161386801316887],[88.35597198459986,27.161334373432027],[88.35605899737133,27.161337272250066],[88.35605679506475,27.161389700270767],[88.3559697781749,27.161386801316887]]]}},{"type":"Feature","properties":{"source":"Microsoft Global ML Building Footprints"},"geometry":{"type":"Polygon","coordinates":[[[88.35709007769178,27.163773649570267],[88.35716505567268,27.163829348745672],[88.3570099863403,27.16399458392192],[88.35693501343705,27.16393889326948],[88.35709007769178,27.163773649570267]]]}},{"type":"Feature","properties":{"source":"Microsoft Global ML Building Footprints"},"geometry":{"type":"Polygon","coordinates":[[[88.35818472528675,27.161919474371366],[88.35819194186816,27.161776577884936],[88.358321764839,27.161781767904777],[88.35831455947574,27.161924664833037],[88.35818472528675,27.161919474371366]]]}},{"type":"Feature","properties":{"source":"Microsoft Global ML Building Footprints"},"geometry":{"type":"Polygon","coordinates":[[[88.3627735383721,27.166448274992106],[88.36271090193786,27.166449503567634],[88.36270839796067,27.166348455695086],[88.36277104243652,27.16634723086144],[88.3627735383721,27.166448274992106]]]}},{"type":"Feature","properties":{"source":"Microsoft Global ML Building Footprints"},"geometry":{"type":"Polygon","coordinates":[[[88.36644274949636,27.164656112407492],[88.36636089299762,27.164659481600374],[88.36635792578095,27.16460233116235],[88.3664397777935,27.16459896215239],[88.36644274949636,27.164656112407492]]]}},{"type":"Feature","properties":{"source":"Microsoft Global ML Building Footprints"},"geometry":{"type":"Polygon","coordinates":[[[88.35377030589679,27.172405345404563],[88.35380238363538,27.172403683645],[88.3538054968164,27.172451246176244],[88.35377341907783,27.17245290793511],[88.35377030589679,27.172405345404563]]]}},{"type":"Feature","properties":{"source":"Microsoft Global ML Building Footprints"},"geometry":{"type":"Polygon","coordinates":[[[88.35629530705204,27.162350589424555],[88.3563655716879,27.162380013935653],[88.35627565777011,27.162549978073265],[88.35620539313427,27.16252055360694],[88.35629530705204,27.162350589424555]]]}},{"type":"Feature","properties":{"source":"Microsoft Global ML Building Footprints"},"geometry":{"type":"Polygon","coordinates":[[[88.35698930763479,27.162927772676454],[88.35711650978409,27.16307706808992],[88.35706030008782,27.163114981881186],[88.35710354053877,27.16316573254121],[88.35707628643448,27.16318411389473],[88.35690584194032,27.16298406568206],[88.35698930763479,27.162927772676454]]]}},{"type":"Feature","properties":{"source":"Microsoft Global ML Building Footprints"},"geometry":{"type":"Polygon","coordinates":[[[88.35792578323034,27.168604973152497],[88.35801810763702,27.16856071936821],[88.35806290743446,27.168634696408354],[88.35797057851723,27.168678952325322],[88.35792578323034,27.168604973152497]]]}},{"type":"Feature","properties":{"source":"Microsoft Global ML Building Footprints"},"geometry":{"type":"Polygon","coordinates":[[[88.35954736209464,27.160562909816598],[88.35949499404875,27.160564077261967],[88.35949216531814,27.16046390963391],[88.35964372070698,27.16046053099346],[88.35964801915433,27.160613167615317],[88.3595488396859,27.16061537863078],[88.35954736209464,27.160562909816598]]]}},{"type":"Feature","properties":{"source":"Microsoft Global ML Building Footprints"},"geometry":{"type":"Polygon","coordinates":[[[88.35701876664955,27.169329429519145],[88.35690745863701,27.16934429595203],[88.3568735923528,27.169143600955458],[88.35698488492504,27.169128736558108],[88.35701876664955,27.169329429519145]]]}},{"type":"Feature","properties":{"source":"Microsoft Global ML Building Footprints"},"geometry":{"type":"Polygon","coordinates":[[[88.3589276276883,27.16054331610963],[88.3589347049151,27.16054098564876],[88.35899844090335,27.16069420835356],[88.35885453729168,27.16074159431693],[88.3587532581871,27.160498117147107],[88.35876741264067,27.160493456223406],[88.35875169691755,27.160455675234097],[88.35887436884884,27.16041528054022],[88.3589276276883,27.16054331610963]]]}},{"type":"Feature","properties":{"source":"Microsoft Global ML Building Footprints"},"geometry":{"type":"Polygon","coordinates":[[[88.35897309378218,27.170166411392806],[88.3590211066613,27.17020073454937],[88.35899682845458,27.170227614558215],[88.35894881593137,27.170193288674803],[88.35897309378218,27.170166411392806]]]}},{"type":"Feature","properties":{"source":"Microsoft Global ML Building Footprints"},"geometry":{"type":"Polygon","coordinates":[[[88.3598017100774,27.1678195966498],[88.35975461180816,27.167826233292544],[88.3597380348231,27.167733117577534],[88.3597851330923,27.167726480929254],[88.3598017100774,27.1678195966498]]]}},{"type":"Feature","properties":{"source":"Microsoft Global ML Building Footprints"},"geometry":{"type":"Polygon","coordinates":[[[88.3620213690081,27.164474153200565],[88.36201807655907,27.16459908956334],[88.3618170214083,27.164594895533682],[88.36182085545275,27.16444940759358],[88.36194416927853,27.16445197993515],[88.36194362781062,27.16447252666911],[88.3620213690081,27.164474153200565]]]}},{"type":"Feature","properties":{"source":"Microsoft Global ML Building Footprints"},"geometry":{"type":"Polygon","coordinates":[[[88.35612786588622,27.165664764429742],[88.35609942388555,27.165694936474353],[88.35604588606026,27.165654988608814],[88.35607432990577,27.16562481459635],[88.35612786588622,27.165664764429742]]]}},{"type":"Feature","properties":{"source":"Microsoft Global ML Building Footprints"},"geometry":{"type":"Polygon","coordinates":[[[88.35751162510499,27.16768721209602],[88.35746083535227,27.16768984332647],[88.35745756651215,27.167639900537914],[88.35750835626492,27.167637269306283],[88.35751162510499,27.16768721209602]]]}},{"type":"Feature","properties":{"source":"Microsoft Global ML Building Footprints"},"geometry":{"type":"Polygon","coordinates":[[[88.35775396738319,27.164074998541828],[88.35771184033466,27.163813767922285],[88.35784177961688,27.163797188973604],[88.35787230824123,27.163986590026667],[88.35793239855447,27.163978923117774],[88.35799084841238,27.16400647512077],[88.35799982513032,27.16406216703914],[88.3582168177643,27.164034467504443],[88.35818533846957,27.16383926379325],[88.35836521081487,27.16381631389128],[88.35842192511808,27.164168171838682],[88.35828413138621,27.164185761458157],[88.35826673331499,27.164077875872664],[88.35822037208634,27.1641557185794],[88.35798808410972,27.16418537056208],[88.35775396738319,27.164074998541828]]]}},{"type":"Feature","properties":{"source":"Microsoft Global ML Building Footprints"},"geometry":{"type":"Polygon","coordinates":[[[88.36247130808026,27.168092555803227],[88.3625600355843,27.16800362105881],[88.3626530548985,27.16807706986286],[88.36256432416234,27.168166007788486],[88.36247130808026,27.168092555803227]]]}},{"type":"Feature","properties":{"source":"Microsoft Global ML Building Footprints"},"geometry":{"type":"Polygon","coordinates":[[[88.36252919784896,27.165578029135418],[88.36256041154446,27.16563123178493],[88.36246977472574,27.16567332892992],[88.36243855842807,27.165620121865118],[88.36252919784896,27.165578029135418]]]}},{"type":"Feature","properties":{"source":"Microsoft Global ML Building Footprints"},"geometry":{"type":"Polygon","coordinates":[[[88.36431676486366,27.167088033804966],[88.3640594552809,27.16708192940832],[88.36406482897654,27.16690216880297],[88.36415595962329,27.16690432510984],[88.36415382107555,27.166975863737456],[88.36421814859091,27.16697738583541],[88.36421921786477,27.16694161652783],[88.36432106976405,27.166944026517],[88.36431676486366,27.167088033804966]]]}},{"type":"Feature","properties":{"source":"Microsoft Global ML Building Footprints"},"geometry":{"type":"Polygon","coordinates":[[[88.36952989402744,27.168273928103446],[88.36954090554518,27.168077611016216],[88.36966504385668,27.168083122306697],[88.36965404817653,27.168279432356655],[88.36952989402744,27.168273928103446]]]}},{"type":"Feature","properties":{"source":"Microsoft Global ML Building Footprints"},"geometry":{"type":"Polygon","coordinates":[[[88.35575241901779,27.164970156398986],[88.35568780515425,27.165053097861424],[88.35562439109049,27.165013993774195],[88.35568900287605,27.164931054950188],[88.35575241901779,27.164970156398986]]]}},{"type":"Feature","properties":{"source":"Microsoft Global ML Building Footprints"},"geometry":{"type":"Polygon","coordinates":[[[88.35739568108505,27.15919420715069],[88.3573602033656,27.159227603302334],[88.35729928916663,27.15917637551533],[88.35733476475774,27.15914298135187],[88.35739568108505,27.15919420715069]]]}},{"type":"Feature","properties":{"source":"Microsoft Global ML Building Footprints"},"geometry":{"type":"Polygon","coordinates":[[[88.35747021837338,27.16543054925865],[88.35762380202294,27.16549500669067],[88.35761966268439,27.16550281480845],[88.35766878977263,27.16552343291807],[88.35763670600491,27.16558394416689],[88.35758538875838,27.16556240688299],[88.35757814491589,27.165576071080487],[88.35742675531847,27.165512534515322],[88.35747021837338,27.16543054925865]]]}},{"type":"Feature","properties":{"source":"Microsoft Global ML Building Footprints"},"geometry":{"type":"Polygon","coordinates":[[[88.35935575472273,27.160854236493584],[88.35942799829697,27.1608670217463],[88.35939977183048,27.16099328037638],[88.3593275282562,27.16098049513812],[88.35935575472273,27.160854236493584]]]}},{"type":"Feature","properties":{"source":"Microsoft Global ML Building Footprints"},"geometry":{"type":"Polygon","coordinates":[[[88.36069083204946,27.162094362424945],[88.36076286929482,27.16208969272413],[88.3607698673139,27.162175149862954],[88.36069783006853,27.162179819560208],[88.36069083204946,27.162094362424945]]]}},{"type":"Feature","properties":{"source":"Microsoft Global ML Building Footprints"},"geometry":{"type":"Polygon","coordinates":[[[88.36212500180113,27.16183142084624],[88.36210898205316,27.16181574111711],[88.36206566019102,27.16185078119549],[88.36201893395646,27.16180505024709],[88.36211072159615,27.161730809487047],[88.36217346560902,27.161792221793647],[88.36212500180113,27.16183142084624]]]}},{"type":"Feature","properties":{"source":"Microsoft Global ML Building Footprints"},"geometry":{"type":"Polygon","coordinates":[[[88.36316353004038,27.160308746064814],[88.36314541315,27.16032983681488],[88.36310139033883,27.16029990117461],[88.36311950722921,27.16027881041888],[88.36316353004038,27.160308746064814]]]}},{"type":"Feature","properties":{"source":"Microsoft Global ML Building Footprints"},"geometry":{"type":"Polygon","coordinates":[[[88.36463721211463,27.167176093417318],[88.36463887443867,27.16721277917282],[88.36460406219949,27.167214025583355],[88.36460239997349,27.16717734199245],[88.36463721211463,27.167176093417318]]]}},{"type":"Feature","properties":{"source":"Microsoft Global ML Building Footprints"},"geometry":{"type":"Polygon","coordinates":[[[88.36956033633683,27.165255113920914],[88.36965250936117,27.165288322563917],[88.36963291323944,27.165331375551794],[88.36954074021511,27.165298166921595],[88.36956033633683,27.165255113920914]]]}},{"type":"Feature","properties":{"source":"Microsoft Global ML Building Footprints"},"geometry":{"type":"Polygon","coordinates":[[[88.35730283587033,27.16233299746586],[88.35731142763919,27.162528383524567],[88.35721629789818,27.1625316948941],[88.35720772147577,27.16233630830699],[88.35730283587033,27.16233299746586]]]}},{"type":"Feature","properties":{"source":"Microsoft Global ML Building Footprints"},"geometry":{"type":"Polygon","coordinates":[[[88.35769640092511,27.17107999205829],[88.35771256348556,27.170989206883284],[88.35780152688298,27.171001742407782],[88.35778536432252,27.171092527572583],[88.35769640092511,27.17107999205829]]]}},{"type":"Feature","properties":{"source":"Microsoft Global ML Building Footprints"},"geometry":{"type":"Polygon","coordinates":[[[88.36103967910921,27.16402177998698],[88.3610536231626,27.163914415962886],[88.36117273220623,27.163926661164183],[88.3611789731119,27.163878608484083],[88.36124514427473,27.163885415442174],[88.36123217520691,27.163985272469112],[88.36114863052158,27.163976683524837],[88.36114141003334,27.164032244926823],[88.36103967910921,27.16402177998698]]]}},{"type":"Feature","properties":{"source":"Microsoft Global ML Building Footprints"},"geometry":{"type":"Polygon","coordinates":[[[88.3614878099122,27.16670856585953],[88.36139623393987,27.16676854190979],[88.3612853413275,27.16663452005256],[88.361179232816,27.166704020580518],[88.36113389475298,27.166649226193037],[88.36131480711248,27.166530740711167],[88.36128407390662,27.166493597314258],[88.36133388824084,27.16646097222791],[88.3613915165549,27.16653061378034],[88.36137648950599,27.16654045549599],[88.36141029489607,27.16658131184132],[88.36139227443942,27.166593115156175],[88.3614878099122,27.16670856585953]]]}},{"type":"Feature","properties":{"source":"Microsoft Global ML Building Footprints"},"geometry":{"type":"Polygon","coordinates":[[[88.36179452881427,27.167124387450777],[88.36178114296784,27.167213474964036],[88.36166519770961,27.16719968549019],[88.36167858355604,27.1671105979659],[88.36179452881427,27.167124387450777]]]}},{"type":"Feature","properties":{"source":"Microsoft Global ML Building Footprints"},"geometry":{"type":"Polygon","coordinates":[[[88.36224167541798,27.160629586293688],[88.36228263118252,27.160596926343693],[88.362323955601,27.16063795213968],[88.36228300162611,27.160670610650584],[88.36224167541798,27.160629586293688]]]}},{"type":"Feature","properties":{"source":"Microsoft Global ML Building Footprints"},"geometry":{"type":"Polygon","coordinates":[[[88.36243595861703,27.1670042349093],[88.3622949970576,27.167051439422686],[88.36227432519878,27.167002578276502],[88.36241529001092,27.166955381430746],[88.36243595861703,27.1670042349093]]]}},{"type":"Feature","properties":{"source":"Microsoft Global ML Building Footprints"},"geometry":{"type":"Polygon","coordinates":[[[88.36331227038809,27.161659198499258],[88.36331828378388,27.161696616204154],[88.36326966521035,27.161702801398263],[88.36326365469903,27.161665383328497],[88.36331227038809,27.161659198499258]]]}},{"type":"Feature","properties":{"source":"Microsoft Global ML Building Footprints"},"geometry":{"type":"Polygon","coordinates":[[[88.36334795608981,27.16515883238474],[88.36336789772147,27.165079266433807],[88.36342922159182,27.16509143235269],[88.3634092799602,27.165170998294933],[88.36334795608981,27.16515883238474]]]}},{"type":"Feature","properties":{"source":"Microsoft Global ML Building Footprints"},"geometry":{"type":"Polygon","coordinates":[[[88.36436926340757,27.166824608280336],[88.36442238712175,27.166840337303213],[88.36439795855986,27.16690562954384],[88.36434483595983,27.166889897552217],[88.36436926340757,27.166824608280336]]]}},{"type":"Feature","properties":{"source":"Microsoft Global ML Building Footprints"},"geometry":{"type":"Polygon","coordinates":[[[88.36538150609955,27.168732449419615],[88.36538508174381,27.16864905130248],[88.3655056057922,27.168653141327177],[88.36550458417956,27.168676969366132],[88.36554475886234,27.168678332707373],[88.36554220483072,27.168737902781764],[88.36538150609955,27.168732449419615]]]}},{"type":"Feature","properties":{"source":"Microsoft Global ML Building Footprints"},"geometry":{"type":"Polygon","coordinates":[[[88.36634729997903,27.16938676940964],[88.3664491896614,27.169385107205528],[88.36645091051729,27.169468598038975],[88.36634902083492,27.16947026024188],[88.36634729997903,27.16938676940964]]]}},{"type":"Feature","properties":{"source":"Microsoft Global ML Building Footprints"},"geometry":{"type":"Polygon","coordinates":[[[88.3684594629035,27.15994994422637],[88.36842638720097,27.160031164266144],[88.36834103331809,27.160003647921165],[88.36837411093389,27.159922423163188],[88.3684594629035,27.15994994422637]]]}},{"type":"Feature","properties":{"source":"Microsoft Global ML Building Footprints"},"geometry":{"type":"Polygon","coordinates":[[[88.36880348665731,27.166937242997214],[88.36879954779415,27.166982310346533],[88.36867690769068,27.166973826187643],[88.36868084655387,27.16692875883492],[88.36880348665731,27.166937242997214]]]}},{"type":"Feature","properties":{"source":"Microsoft Global ML Building Footprints"},"geometry":{"type":"Polygon","coordinates":[[[88.35458152060899,27.161662490132898],[88.35462066192026,27.161525792801513],[88.35476298665074,27.16155806172062],[88.35472383524207,27.161694756723136],[88.35458152060899,27.161662490132898]]]}},{"type":"Feature","properties":{"source":"Microsoft Global ML Building Footprints"},"geometry":{"type":"Polygon","coordinates":[[[88.35812910172011,27.162926531861544],[88.35822334455436,27.163002528773113],[88.35814326568331,27.16308113710714],[88.35804902284909,27.163005140249076],[88.35812910172011,27.162926531861544]]]}},{"type":"Feature","properties":{"source":"Microsoft Global ML Building Footprints"},"geometry":{"type":"Polygon","coordinates":[[[88.35930630254856,27.166481206381583],[88.35934437478637,27.16656825071111],[88.3592558552031,27.166598897001485],[88.35928033021312,27.166654854019292],[88.3592220936452,27.166675016037715],[88.35915954639738,27.166532014740078],[88.35930630254856,27.166481206381583]]]}},{"type":"Feature","properties":{"source":"Microsoft Global ML Building Footprints"},"geometry":{"type":"Polygon","coordinates":[[[88.36318133836899,27.164798831462825],[88.36317873361777,27.164891841465682],[88.36307797091551,27.16488960778986],[88.3630793774112,27.16483952557651],[88.36311690497456,27.16484035747611],[88.36311811054229,27.164797429847106],[88.36318133836899,27.164798831462825]]]}},{"type":"Feature","properties":{"source":"Microsoft Global ML Building Footprints"},"geometry":{"type":"Polygon","coordinates":[[[88.3635685795103,27.16153858619564],[88.36356641921644,27.161620563594404],[88.36345650924758,27.161618263956647],[88.3634586693612,27.16153629339658],[88.3635685795103,27.16153858619564]]]}},{"type":"Feature","properties":{"source":"Microsoft Global ML Building Footprints"},"geometry":{"type":"Polygon","coordinates":[[[88.36433511260154,27.16742961186398],[88.36435988778841,27.16730463777119],[88.36445353537304,27.167319326549418],[88.36442876018619,27.167444300625768],[88.36433511260154,27.16742961186398]]]}},{"type":"Feature","properties":{"source":"Microsoft Global ML Building Footprints"},"geometry":{"type":"Polygon","coordinates":[[[88.36561046721502,27.166371760579672],[88.36545507813669,27.166376453323046],[88.3654525317707,27.166309713251906],[88.36549807684537,27.16630833779184],[88.36548716384826,27.16602230846013],[88.36561677043245,27.16601839433458],[88.36562062060187,27.16611951574685],[88.36560086592021,27.166120111108654],[88.36561046721502,27.166371760579672]]]}},{"type":"Feature","properties":{"source":"Microsoft Global ML Building Footprints"},"geometry":{"type":"Polygon","coordinates":[[[88.36588032877499,27.15912425728274],[88.36580762813588,27.159163340712226],[88.36579168566611,27.159139864425192],[88.3658643840531,27.159100777671163],[88.36588032877499,27.15912425728274]]]}},{"type":"Feature","properties":{"source":"Microsoft Global ML Building Footprints"},"geometry":{"type":"Polygon","coordinates":[[[88.36649624256917,27.16472489519756],[88.36649458910516,27.16480361739434],[88.36638197565163,27.16480174510818],[88.36638362911565,27.16472302291011],[88.36649624256917,27.16472489519756]]]}},{"type":"Feature","properties":{"source":"Microsoft Global ML Building Footprints"},"geometry":{"type":"Polygon","coordinates":[[[88.36694347281261,27.167049713711307],[88.36694832140945,27.167018187324395],[88.3670493381099,27.167030478113972],[88.3670444909985,27.167062010968316],[88.36694347281261,27.167049713711307]]]}},{"type":"Feature","properties":{"source":"Microsoft Global ML Building Footprints"},"geometry":{"type":"Polygon","coordinates":[[[88.35552466292764,27.15890416057546],[88.35550889950842,27.158999951655282],[88.35541327177394,27.15898748797285],[88.35542904256992,27.158891697843806],[88.35552466292764,27.15890416057546]]]}},{"type":"Feature","properties":{"source":"Microsoft Global ML Building Footprints"},"geometry":{"type":"Polygon","coordinates":[[[88.35787766767592,27.165720905634423],[88.35781520682548,27.165792033017183],[88.35768862517192,27.16570404597889],[88.35775108602232,27.165632918540076],[88.35787766767592,27.165720905634423]]]}},{"type":"Feature","properties":{"source":"Microsoft Global ML Building Footprints"},"geometry":{"type":"Polygon","coordinates":[[[88.35928938679089,27.17012907627634],[88.35936141188422,27.170183184218537],[88.35932042512539,27.170226366820373],[88.35924840003206,27.17017225889908],[88.35928938679089,27.17012907627634]]]}},{"type":"Feature","properties":{"source":"Microsoft Global ML Building Footprints"},"geometry":{"type":"Polygon","coordinates":[[[88.35973266533169,27.16483283078704],[88.35981728340228,27.16485917611695],[88.35979470549121,27.164916578112745],[88.35971009144365,27.16489023404891],[88.35973266533169,27.16483283078704]]]}},{"type":"Feature","properties":{"source":"Microsoft Global ML Building Footprints"},"geometry":{"type":"Polygon","coordinates":[[[88.36174426900963,27.163189583696386],[88.36188913900968,27.163248923919554],[88.36184023217226,27.163343437701243],[88.36169536830698,27.163284100041203],[88.36174426900963,27.163189583696386]]]}},{"type":"Feature","properties":{"source":"Microsoft Global ML Building Footprints"},"geometry":{"type":"Polygon","coordinates":[[[88.36190390932744,27.168315358711844],[88.36187167953901,27.168342772252018],[88.36191908955827,27.168386887360754],[88.36185883597331,27.168438140683755],[88.36172835611455,27.16831672895274],[88.36182084159447,27.168238063974947],[88.36190390932744,27.168315358711844]]]}},{"type":"Feature","properties":{"source":"Microsoft Global ML Building Footprints"},"geometry":{"type":"Polygon","coordinates":[[[88.36205948800794,27.164891861039862],[88.36213793216935,27.164903066362264],[88.36212323852965,27.164984489717398],[88.36196635020679,27.16496207908782],[88.36197642584547,27.164906245925195],[88.36205487000687,27.16491745124616],[88.36205948800794,27.164891861039862]]]}},{"type":"Feature","properties":{"source":"Microsoft Global ML Building Footprints"},"geometry":{"type":"Polygon","coordinates":[[[88.36464275832053,27.166355825318618],[88.36460567950519,27.166580058681724],[88.36470544421488,27.16659311658364],[88.36470312678895,27.16660713115224],[88.36438975940479,27.16656611544056],[88.36442913730065,27.166327865046384],[88.36464275832053,27.166355825318618]]]}},{"type":"Feature","properties":{"source":"Microsoft Global ML Building Footprints"},"geometry":{"type":"Polygon","coordinates":[[[88.3663570348423,27.166644276200678],[88.36641256254873,27.166685331594614],[88.36637432717919,27.166726264673713],[88.36631879947275,27.166685209294833],[88.3663570348423,27.166644276200678]]]}},{"type":"Feature","properties":{"source":"Microsoft Global ML Building Footprints"},"geometry":{"type":"Polygon","coordinates":[[[88.35547132237379,27.167019277323867],[88.3556040268968,27.166810579221426],[88.35568050587251,27.16684907183884],[88.35565176580039,27.166894264412143],[88.35584479214533,27.166991416363523],[88.3557206350337,27.16718664790009],[88.3556726230167,27.16716248305635],[88.35569676241494,27.167124520248564],[88.35555656012764,27.167053955228333],[88.3555525966243,27.1670601884339],[88.35547132237379,27.167019277323867]]]}},{"type":"Feature","properties":{"source":"Microsoft Global ML Building Footprints"},"geometry":{"type":"Polygon","coordinates":[[[88.35711996226715,27.165742771935577],[88.35720338060115,27.165975673991433],[88.3571172408198,27.16600010058285],[88.35709007874253,27.165924281414895],[88.35703651190192,27.165939471330255],[88.35700779770595,27.165859319593316],[88.35699411640725,27.165863199193012],[88.3569665601023,27.165786262604207],[88.35711996226715,27.165742771935577]]]}},{"type":"Feature","properties":{"source":"Microsoft Global ML Building Footprints"},"geometry":{"type":"Polygon","coordinates":[[[88.36080452079415,27.167492173605076],[88.3608606742099,27.167494946347865],[88.36085637036487,27.167563936389058],[88.36080021694907,27.16756116364796],[88.36080452079415,27.167492173605076]]]}},{"type":"Feature","properties":{"source":"Microsoft Global ML Building Footprints"},"geometry":{"type":"Polygon","coordinates":[[[88.36199549280013,27.16704623787956],[88.36204427682055,27.16694452722841],[88.36209419563123,27.16696347869147],[88.36213195727665,27.166884748731157],[88.3622113735664,27.166914898800684],[88.36212483116834,27.16709533253318],[88.36199549280013,27.16704623787956]]]}},{"type":"Feature","properties":{"source":"Microsoft Global ML Building Footprints"},"geometry":{"type":"Polygon","coordinates":[[[88.36438654394941,27.17116610707805],[88.3643414242209,27.17128258323207],[88.36424552333945,27.171253186573345],[88.36429064513551,27.171136705051246],[88.36438654394941,27.17116610707805]]]}},{"type":"Feature","properties":{"source":"Microsoft Global ML Building Footprints"},"geometry":{"type":"Polygon","coordinates":[[[88.36605167524606,27.166562999326196],[88.36606528164681,27.16647883300994],[88.36615200065731,27.16648992961899],[88.36614595336808,27.166527336874765],[88.36623435090353,27.166538648263824],[88.36622679539587,27.166585407772324],[88.36605167524606,27.166562999326196]]]}},{"type":"Feature","properties":{"source":"Microsoft Global ML Building Footprints"},"geometry":{"type":"Polygon","coordinates":[[[88.35360291546984,27.167186090487455],[88.35360504168776,27.16733879030187],[88.35350212617728,27.167339924567884],[88.35350103603922,27.167261188684712],[88.35341621953457,27.16726212347622],[88.35341447179165,27.167136604746403],[88.35355025248194,27.167135116714356],[88.35355096616597,27.167186663038763],[88.35360291546984,27.167186090487455]]]}},{"type":"Feature","properties":{"source":"Microsoft Global ML Building Footprints"},"geometry":{"type":"Polygon","coordinates":[[[88.35365831867206,27.16048578392069],[88.35354956068036,27.160455422824093],[88.35357514203125,27.160382865335663],[88.3536839073934,27.16041322173659],[88.35365831867206,27.16048578392069]]]}},{"type":"Feature","properties":{"source":"Microsoft Global ML Building Footprints"},"geometry":{"type":"Polygon","coordinates":[[[88.35630339979059,27.159802565105203],[88.35621395376197,27.159813693862176],[88.35620328524175,27.15974581386628],[88.35629273127037,27.159734685102542],[88.35630339979059,27.159802565105203]]]}},{"type":"Feature","properties":{"source":"Microsoft Global ML Building Footprints"},"geometry":{"type":"Polygon","coordinates":[[[88.36032088396392,27.172885623157597],[88.36040173059399,27.172925617170975],[88.36034314394779,27.173019348877297],[88.36026230054738,27.172979361528817],[88.36032088396392,27.172885623157597]]]}},{"type":"Feature","properties":{"source":"Microsoft Global ML Building Footprints"},"geometry":{"type":"Polygon","coordinates":[[[88.36139076229414,27.168293171152158],[88.36132918892766,27.16829077874771],[88.36133211185636,27.168231235331533],[88.36139368522284,27.168233627737287],[88.36139076229414,27.168293171152158]]]}},{"type":"Feature","properties":{"source":"Microsoft Global ML Building Footprints"},"geometry":{"type":"Polygon","coordinates":[[[88.36747490270545,27.169019492167656],[88.36741668937334,27.16901343885332],[88.36742318414822,27.168964002671842],[88.36752902657028,27.168975008702546],[88.36751912977047,27.16905034001052],[88.36747150068055,27.169045387300194],[88.36747490270545,27.169019492167656]]]}},{"type":"Feature","properties":{"source":"Microsoft Global ML Building Footprints"},"geometry":{"type":"Polygon","coordinates":[[[88.36748137670659,27.16223489556407],[88.36753792660039,27.162219725472866],[88.36752126632275,27.162170563392557],[88.36757781512269,27.162155390064754],[88.36761339799868,27.162260389996064],[88.36750030039885,27.162290736621102],[88.36748137670659,27.16223489556407]]]}},{"type":"Feature","properties":{"source":"Microsoft Global ML Building Footprints"},"geometry":{"type":"Polygon","coordinates":[[[88.36762151506458,27.158818307997926],[88.36784426709664,27.158598330034444],[88.36794197750113,27.158676657711055],[88.36771922546912,27.15889663552028],[88.36762151506458,27.158818307997926]]]}},{"type":"Feature","properties":{"source":"Microsoft Global ML Building Footprints"},"geometry":{"type":"Polygon","coordinates":[[[88.36900984883121,27.167588022210417],[88.36902993420114,27.167529002622864],[88.36910458134021,27.167549110199168],[88.36908450022341,27.167608130921742],[88.36900984883121,27.167588022210417]]]}},{"type":"Feature","properties":{"source":"Microsoft Global ML Building Footprints"},"geometry":{"type":"Polygon","coordinates":[[[88.3536718787297,27.167465762407417],[88.35381748423731,27.16748062234742],[88.35380898107134,27.16754657081797],[88.35366337556368,27.167531710886763],[88.3536718787297,27.167465762407417]]]}},{"type":"Feature","properties":{"source":"Microsoft Global ML Building Footprints"},"geometry":{"type":"Polygon","coordinates":[[[88.35694463568115,27.161688436008603],[88.35704929397257,27.16167367470627],[88.35707604176304,27.16182379698708],[88.35697138233887,27.16183855191212],[88.35694463568115,27.161688436008603]]]}},{"type":"Feature","properties":{"source":"Microsoft Global ML Building Footprints"},"geometry":{"type":"Polygon","coordinates":[[[88.35747268987288,27.159178970614832],[88.35749599633391,27.159133548799744],[88.35754132501592,27.15915196131713],[88.35751802151168,27.159197384325772],[88.35747268987288,27.159178970614832]]]}},{"type":"Feature","properties":{"source":"Microsoft Global ML Building Footprints"},"geometry":{"type":"Polygon","coordinates":[[[88.35781777722912,27.168634746790175],[88.35774488559692,27.168623454452593],[88.35777480428276,27.168470595407356],[88.35782686973435,27.16847866137394],[88.35785406853968,27.168339698433968],[88.3579373732622,27.16835260399538],[88.35790337475555,27.16852630762323],[88.35784089621365,27.168516628467373],[88.35781777722912,27.168634746790175]]]}},{"type":"Feature","properties":{"source":"Microsoft Global ML Building Footprints"},"geometry":{"type":"Polygon","coordinates":[[[88.35882374901567,27.162205303673005],[88.35882917757007,27.16210291588338],[88.35891749394241,27.162106622539525],[88.35891206538805,27.162209010325753],[88.35882374901567,27.162205303673005]]]}},{"type":"Feature","properties":{"source":"Microsoft Global ML Building Footprints"},"geometry":{"type":"Polygon","coordinates":[[[88.35976802631751,27.163168219207954],[88.35970100032382,27.163247398279175],[88.35955210605536,27.16314762654015],[88.35961913204903,27.163068447398167],[88.35976802631751,27.163168219207954]]]}},{"type":"Feature","properties":{"source":"Microsoft Global ML Building Footprints"},"geometry":{"type":"Polygon","coordinates":[[[88.36373131686938,27.168527712762575],[88.36380637521339,27.16852932049442],[88.36380301914122,27.16865333477029],[88.36376280931407,27.16865247348634],[88.36376132489751,27.16870732591098],[88.36366482131236,27.16870525883047],[88.36366921002211,27.1685430863636],[88.36373086509039,27.16854440700027],[88.36373131686938,27.168527712762575]]]}},{"type":"Feature","properties":{"source":"Microsoft Global ML Building Footprints"},"geometry":{"type":"Polygon","coordinates":[[[88.35417797716141,27.169730490007225],[88.35410053977583,27.169735099573714],[88.35408489047465,27.16952701885291],[88.35416232822128,27.16952241407811],[88.35417797716141,27.169730490007225]]]}},{"type":"Feature","properties":{"source":"Microsoft Global ML Building Footprints"},"geometry":{"type":"Polygon","coordinates":[[[88.35814877723813,27.17060832465829],[88.35823699381237,27.170545447906797],[88.35831028718339,27.17062683660194],[88.35817796232207,27.170721151647143],[88.35812560991418,27.170663016920045],[88.35816971820128,27.170631578564148],[88.35814877723813,27.17060832465829]]]}},{"type":"Feature","properties":{"source":"Microsoft Global ML Building Footprints"},"geometry":{"type":"Polygon","coordinates":[[[88.3585803980417,27.166173253989143],[88.35852392840606,27.16624799705837],[88.35842231668974,27.166187230992264],[88.3584787896179,27.166112483524394],[88.3585803980417,27.166173253989143]]]}},{"type":"Feature","properties":{"source":"Microsoft Global ML Building Footprints"},"geometry":{"type":"Polygon","coordinates":[[[88.36287348152497,27.165992928679543],[88.36295022959646,27.166023571376257],[88.36291616016236,27.16609110380518],[88.36283941651284,27.166060462892546],[88.36287348152497,27.165992928679543]]]}},{"type":"Feature","properties":{"source":"Microsoft Global ML Building Footprints"},"geometry":{"type":"Polygon","coordinates":[[[88.36316284065211,27.165023358169492],[88.36313727480555,27.165114673716317],[88.3630271719408,27.165090273362274],[88.3630527463587,27.164998952839603],[88.36316284065211,27.165023358169492]]]}},{"type":"Feature","properties":{"source":"Microsoft Global ML Building Footprints"},"geometry":{"type":"Polygon","coordinates":[[[88.3644879315743,27.159780366533],[88.3644726645867,27.15982908201807],[88.36437421240086,27.159804663137713],[88.3643894758327,27.15975594676008],[88.3644879315743,27.159780366533]]]}},{"type":"Feature","properties":{"source":"Microsoft Global ML Building Footprints"},"geometry":{"type":"Polygon","coordinates":[[[88.36714847929903,27.170406209226933],[88.36712044099608,27.170485357491103],[88.36698625096027,27.170447724624182],[88.36701428657074,27.17036858393385],[88.36714847929903,27.170406209226933]]]}},{"type":"Feature","properties":{"source":"Microsoft Global ML Building Footprints"},"geometry":{"type":"Polygon","coordinates":[[[88.36856487432458,27.16670056106981],[88.36856487432458,27.16670056106981],[88.36856586059452,27.166743496820146],[88.36844080149277,27.16674576288026],[88.36843812583767,27.166628882023694],[88.36856317574853,27.166626616127736],[88.36856487432458,27.16670056106981]]]}},{"type":"Feature","properties":{"source":"Microsoft Global ML Building Footprints"},"geometry":{"type":"Polygon","coordinates":[[[88.3538435938808,27.16803773405409],[88.3538624746732,27.167915965593487],[88.35395356415268,27.167927150534183],[88.35393467396003,27.168048917828315],[88.3538435938808,27.16803773405409]]]}},{"type":"Feature","properties":{"source":"Microsoft Global ML Building Footprints"},"geometry":{"type":"Polygon","coordinates":[[[88.35603710842187,27.159248128363465],[88.35614009259942,27.159229395921827],[88.35616114640555,27.1593210251716],[88.35605816222805,27.15933975759785],[88.35603710842187,27.159248128363465]]]}},{"type":"Feature","properties":{"source":"Microsoft Global ML Building Footprints"},"geometry":{"type":"Polygon","coordinates":[[[88.35800831689865,27.166797340511188],[88.35794030429278,27.166796713732715],[88.35794130438211,27.166710815730646],[88.35800931023134,27.16671144244733],[88.35800831689865,27.166797340511188]]]}},{"type":"Feature","properties":{"source":"Microsoft Global ML Building Footprints"},"geometry":{"type":"Polygon","coordinates":[[[88.358185350878,27.159438397931837],[88.35824923493853,27.159433425210935],[88.35826344021451,27.15957789393437],[88.35819955615403,27.15958286664884],[88.358185350878,27.159438397931837]]]}},{"type":"Feature","properties":{"source":"Microsoft Global ML Building Footprints"},"geometry":{"type":"Polygon","coordinates":[[[88.36170994234244,27.167101141201364],[88.36172230184806,27.16699825268801],[88.3618442901349,27.167009851654505],[88.36183192972712,27.167112747667225],[88.36170994234244,27.167101141201364]]]}},{"type":"Feature","properties":{"source":"Microsoft Global ML Building Footprints"},"geometry":{"type":"Polygon","coordinates":[[[88.36200875737461,27.1676350700603],[88.36205034948284,27.167641668936994],[88.36202716169328,27.167757304605786],[88.36203236070682,27.167758129464502],[88.36203021951687,27.167768807403043],[88.36212741026712,27.167784233423006],[88.36209866868812,27.167927621451376],[88.36199468841752,27.16791111782657],[88.36200749069121,27.167847248948682],[88.3619674831092,27.167840901479735],[88.36200875737461,27.1676350700603]]]}},{"type":"Feature","properties":{"source":"Microsoft Global ML Building Footprints"},"geometry":{"type":"Polygon","coordinates":[[[88.36501742775503,27.16935018535137],[88.36505652812386,27.169339319575087],[88.36507637488597,27.169395846920395],[88.36503727451719,27.169406712691192],[88.36501742775503,27.16935018535137]]]}},{"type":"Feature","properties":{"source":"Microsoft Global ML Building Footprints"},"geometry":{"type":"Polygon","coordinates":[[[88.36631977247004,27.168885822435584],[88.36633413836374,27.168843265347505],[88.3664251714397,27.168867582427957],[88.36641080379083,27.168910144706125],[88.36631977247004,27.168885822435584]]]}},{"type":"Feature","properties":{"source":"Microsoft Global ML Building Footprints"},"geometry":{"type":"Polygon","coordinates":[[[88.36697382777447,27.16870916960869],[88.36691227257289,27.16884734041804],[88.3668000378429,27.168807757706546],[88.36687630443095,27.16863659490108],[88.3669597506998,27.168666024604356],[88.36694504870694,27.16869901985568],[88.36697382777447,27.16870916960869]]]}},{"type":"Feature","properties":{"source":"Microsoft Global ML Building Footprints"},"geometry":{"type":"Polygon","coordinates":[[[88.368354761801,27.16748253942361],[88.36834698083092,27.16763016506583],[88.36822654624962,27.167625140648475],[88.36823432721965,27.167477514999604],[88.368354761801,27.16748253942361]]]}},{"type":"Feature","properties":{"source":"Microsoft Global ML Building Footprints"},"geometry":{"type":"Polygon","coordinates":[[[88.36845596395162,27.160527686607338],[88.36852717931961,27.160585949250198],[88.36848441461888,27.160627328829335],[88.36851348211604,27.16065110948235],[88.36847205381218,27.160691195926482],[88.36837177094705,27.160609152681673],[88.36845596395162,27.160527686607338]]]}},{"type":"Feature","properties":{"source":"Microsoft Global ML Building Footprints"},"geometry":{"type":"Polygon","coordinates":[[[88.35337873555204,27.168162078166027],[88.35341758612503,27.168125879870438],[88.35347651257575,27.168175938369657],[88.35343766200276,27.168212136648997],[88.35337873555204,27.168162078166027]]]}},{"type":"Feature","properties":{"source":"Microsoft Global ML Building Footprints"},"geometry":{"type":"Polygon","coordinates":[[[88.35662334061422,27.16558588012043],[88.35671052101868,27.165704661271185],[88.35655892903051,27.165792730643247],[88.35647175517707,27.165673945780306],[88.35662334061422,27.16558588012043]]]}},{"type":"Feature","properties":{"source":"Microsoft Global ML Building Footprints"},"geometry":{"type":"Polygon","coordinates":[[[88.36109223988139,27.167016980898204],[88.36111905801513,27.167090356919793],[88.36099049449923,27.16712754970159],[88.36096367636551,27.16705417370445],[88.36109223988139,27.167016980898204]]]}},{"type":"Feature","properties":{"source":"Microsoft Global ML Building Footprints"},"geometry":{"type":"Polygon","coordinates":[[[88.36159961631174,27.16323145087525],[88.36166741775375,27.16312832765987],[88.36175135008816,27.163172010290417],[88.36168354864614,27.163275133465454],[88.36159961631174,27.16323145087525]]]}},{"type":"Feature","properties":{"source":"Microsoft Global ML Building Footprints"},"geometry":{"type":"Polygon","coordinates":[[[88.36232054316451,27.165152225447613],[88.36230540927797,27.165248176141823],[88.3622370185809,27.1652396376655],[88.36225215246749,27.16514368696398],[88.36232054316451,27.165152225447613]]]}},{"type":"Feature","properties":{"source":"Microsoft Global ML Building Footprints"},"geometry":{"type":"Polygon","coordinates":[[[88.3649563300045,27.16622916520918],[88.36511340191706,27.16622437273525],[88.36511695459153,27.166316350274386],[88.36495987582846,27.166321152734376],[88.3649563300045,27.16622916520918]]]}},{"type":"Feature","properties":{"source":"Microsoft Global ML Building Footprints"},"geometry":{"type":"Polygon","coordinates":[[[88.36706459235516,27.162152703108532],[88.36709576259327,27.162067360585276],[88.36729108017869,27.162123831034982],[88.3672599200302,27.162209164269107],[88.36706459235516,27.162152703108532]]]}},{"type":"Feature","properties":{"source":"Microsoft Global ML Building Footprints"},"geometry":{"type":"Polygon","coordinates":[[[88.35557926927936,27.162113381416155],[88.35558142905448,27.162132277287157],[88.35553098871773,27.162136841066683],[88.35552882894257,27.162117945196464],[88.35557926927936,27.162113381416155]]]}},{"type":"Feature","properties":{"source":"Microsoft Global ML Building Footprints"},"geometry":{"type":"Polygon","coordinates":[[[88.35799665418521,27.166501968143173],[88.35829803096054,27.166501198733357],[88.35829850045587,27.166646762778335],[88.35814561580094,27.16664715308974],[88.35814550035124,27.16661135867018],[88.35809089338973,27.166611498080705],[88.3580906685728,27.166543454622655],[88.35799679206843,27.166543700133168],[88.35799665418521,27.166501968143173]]]}},{"type":"Feature","properties":{"source":"Microsoft Global ML Building Footprints"},"geometry":{"type":"Polygon","coordinates":[[[88.36007560156722,27.163755832689333],[88.36008258836695,27.163652557098303],[88.3601921619645,27.163658424955294],[88.36018517562468,27.163761693742423],[88.36007560156722,27.163755832689333]]]}},{"type":"Feature","properties":{"source":"Microsoft Global ML Building Footprints"},"geometry":{"type":"Polygon","coordinates":[[[88.36040469376387,27.164464485201336],[88.36042744914928,27.164387285514636],[88.36059810575154,27.164427092848648],[88.36057534743539,27.164504302450645],[88.36040469376387,27.164464485201336]]]}},{"type":"Feature","properties":{"source":"Microsoft Global ML Building Footprints"},"geometry":{"type":"Polygon","coordinates":[[[88.36227526624941,27.16342204701192],[88.36219460568151,27.16339965580825],[88.36222739892803,27.163306144623668],[88.36238138728493,27.163348891498927],[88.36233410399925,27.163483721502452],[88.36226077621025,27.16346336587418],[88.36227526624941,27.16342204701192]]]}},{"type":"Feature","properties":{"source":"Microsoft Global ML Building Footprints"},"geometry":{"type":"Polygon","coordinates":[[[88.36234630546669,27.166390751357497],[88.36246717957637,27.166436904348842],[88.36244348785885,27.166486017920384],[88.36232261394633,27.1664398725512],[88.36234630546669,27.166390751357497]]]}},{"type":"Feature","properties":{"source":"Microsoft Global ML Building Footprints"},"geometry":{"type":"Polygon","coordinates":[[[88.3643512567859,27.16492898652225],[88.36445559152406,27.16494460481502],[88.36436650172101,27.165415696715534],[88.36425434187743,27.165398907121563],[88.36431385650873,27.165084203930157],[88.36432168152449,27.165085375774417],[88.3643512567859,27.16492898652225]]]}},{"type":"Feature","properties":{"source":"Microsoft Global ML Building Footprints"},"geometry":{"type":"Polygon","coordinates":[[[88.36675338177318,27.168399338275073],[88.36674383164365,27.168422465963218],[88.36664930125664,27.16839156979116],[88.36670707743389,27.168251652266783],[88.36684414338991,27.16829645928943],[88.3668215708679,27.1683511235384],[88.36687356140294,27.16836811929258],[88.36684791216017,27.168430234444997],[88.36675338177318,27.168399338275073]]]}},{"type":"Feature","properties":{"source":"Microsoft Global ML Building Footprints"},"geometry":{"type":"Polygon","coordinates":[[[88.36740047457876,27.166740367543973],[88.36738453548647,27.16683983440104],[88.36729515703311,27.166828497701147],[88.36731109699942,27.166729025379496],[88.36740047457876,27.166740367543973]]]}},{"type":"Feature","properties":{"source":"Microsoft Global ML Building Footprints"},"geometry":{"type":"Polygon","coordinates":[[[88.36906508211065,27.16449677443905],[88.36896568204875,27.164443668153922],[88.36904796472702,27.164321744784765],[88.36914737490886,27.164374850344473],[88.36906508211065,27.16449677443905]]]}},{"type":"Feature","properties":{"source":"Microsoft Global ML Building Footprints"},"geometry":{"type":"Polygon","coordinates":[[[88.36935199780865,27.164495880636743],[88.36926884048694,27.164596691006416],[88.36917543950595,27.164535698804457],[88.3692586019815,27.1644348917453],[88.36935199780865,27.164495880636743]]]}},{"type":"Feature","properties":{"source":"Microsoft Global ML Building Footprints"},"geometry":{"type":"Polygon","coordinates":[[[88.35430183337171,27.16646263620776],[88.35439276266696,27.16648709594314],[88.35438310309773,27.16651551966695],[88.3544887776841,27.166543945831933],[88.35444673565911,27.16666765629582],[88.35439758373575,27.1666544376435],[88.3543883566925,27.166681588599296],[88.35424090378129,27.16664192422992],[88.35430183337171,27.16646263620776]]]}},{"type":"Feature","properties":{"source":"Microsoft Global ML Building Footprints"},"geometry":{"type":"Polygon","coordinates":[[[88.35607513083653,27.159756625982226],[88.35619007513218,27.159750663559706],[88.3561975556862,27.15986482561003],[88.35608261139059,27.159870788026453],[88.35607513083653,27.159756625982226]]]}},{"type":"Feature","properties":{"source":"Microsoft Global ML Building Footprints"},"geometry":{"type":"Polygon","coordinates":[[[88.3564352761515,27.159269962864443],[88.35650552429617,27.15938352308327],[88.35639641871288,27.15943695270991],[88.35632617056821,27.159323392545403],[88.3564352761515,27.159269962864443]]]}},{"type":"Feature","properties":{"source":"Microsoft Global ML Building Footprints"},"geometry":{"type":"Polygon","coordinates":[[[88.35656276961038,27.163016194548348],[88.35659412789246,27.162967869580747],[88.35662523953677,27.162983850511175],[88.35659387840363,27.163032174007377],[88.35656276961038,27.163016194548348]]]}},{"type":"Feature","properties":{"source":"Microsoft Global ML Building Footprints"},"geometry":{"type":"Polygon","coordinates":[[[88.35745644164247,27.168660064537285],[88.35750220614881,27.16853490571407],[88.35758224853929,27.168558071246878],[88.35753648403295,27.168683230044117],[88.35745644164247,27.168660064537285]]]}},{"type":"Feature","properties":{"source":"Microsoft Global ML Building Footprints"},"geometry":{"type":"Polygon","coordinates":[[[88.36072506141755,27.166308702060896],[88.36061665773528,27.16641012308088],[88.36057908323961,27.166429425489532],[88.360541132179,27.166370942445425],[88.36044597363079,27.166290434985136],[88.36045138462345,27.16629877339824],[88.36031475034079,27.16618316741505],[88.36034555567792,27.16615434630878],[88.3602891321041,27.166106606392738],[88.36026994130356,27.16607703305499],[88.36031635773806,27.16603360634798],[88.36036988442142,27.166006112369374],[88.36039433569923,27.165983236009602],[88.36044150024921,27.166023141922523],[88.36046292678387,27.166056160578627],[88.36048295387901,27.16604587366494],[88.36053810361311,27.165994276162245],[88.36056220456814,27.16603141615473],[88.36054563769116,27.16603992572918],[88.36050096884941,27.166081717405582],[88.36051655555322,27.166105736770866],[88.36063766692763,27.166208208930712],[88.36060558777201,27.16623821958295],[88.36066088447888,27.166209816483786],[88.36072506141755,27.166308702060896]]]}},{"type":"Feature","properties":{"source":"Microsoft Global ML Building Footprints"},"geometry":{"type":"Polygon","coordinates":[[[88.36121175028984,27.164309605558003],[88.36120373025516,27.16435769566904],[88.36124198114526,27.16436274518575],[88.36122796909913,27.16444680447608],[88.36107161235202,27.164426163767644],[88.36109364970292,27.164294022393747],[88.36121175028984,27.164309605558003]]]}},{"type":"Feature","properties":{"source":"Microsoft Global ML Building Footprints"},"geometry":{"type":"Polygon","coordinates":[[[88.36179509358435,27.16355643533246],[88.36193277081551,27.16358662977047],[88.36189163346711,27.163735108743197],[88.36175396724721,27.163704916760274],[88.36179509358435,27.16355643533246]]]}},{"type":"Feature","properties":{"source":"Microsoft Global ML Building Footprints"},"geometry":{"type":"Polygon","coordinates":[[[88.36548706249933,27.171718263773442],[88.36545551856258,27.171732992425483],[88.36540916257515,27.17165441654692],[88.36552272074745,27.171601393353185],[88.36561653643635,27.171760415982767],[88.36553452220078,27.171798710459576],[88.36548706249933,27.171718263773442]]]}},{"type":"Feature","properties":{"source":"Microsoft Global ML Building Footprints"},"geometry":{"type":"Polygon","coordinates":[[[88.36597121216825,27.16768641541067],[88.36596301934519,27.1677548414091],[88.36589936858293,27.167748809184886],[88.36590756140603,27.16768038318274],[88.36597121216825,27.16768641541067]]]}},{"type":"Feature","properties":{"source":"Microsoft Global ML Building Footprints"},"geometry":{"type":"Polygon","coordinates":[[[88.35462224192798,27.16151249208091],[88.35463721160849,27.16135852753463],[88.35473571560917,27.16136611519068],[88.35472867445623,27.16143853412038],[88.35481120533107,27.161444886240176],[88.35480327630756,27.161526436942687],[88.35462224192798,27.16151249208091]]]}},{"type":"Feature","properties":{"source":"Microsoft Global ML Building Footprints"},"geometry":{"type":"Polygon","coordinates":[[[88.35763000533433,27.169222609044887],[88.3577234375907,27.16920740161079],[88.35775572531163,27.169364411836483],[88.35776091599256,27.169363566980145],[88.35776993756161,27.16940743744526],[88.35767131462431,27.169423489707988],[88.35763000533433,27.169222609044887]]]}},{"type":"Feature","properties":{"source":"Microsoft Global ML Building Footprints"},"geometry":{"type":"Polygon","coordinates":[[[88.36946390689172,27.166273082424283],[88.36938548339947,27.166429165857302],[88.36925805662102,27.166378495487173],[88.36933648343602,27.16622240537017],[88.36946390689172,27.166273082424283]]]}},{"type":"Feature","properties":{"source":"Microsoft Global ML Building Footprints"},"geometry":{"type":"Polygon","coordinates":[[[88.35624510731076,27.168603778639195],[88.35624806516803,27.168525119668914],[88.3563498751635,27.168528149891408],[88.35634691730623,27.16860680885953],[88.35624510731076,27.168603778639195]]]}},{"type":"Feature","properties":{"source":"Microsoft Global ML Building Footprints"},"geometry":{"type":"Polygon","coordinates":[[[88.35666600533342,27.168140411986883],[88.35680337616625,27.168101535572916],[88.35678285504825,27.168044154001663],[88.35688418911471,27.168015469782247],[88.35694112414775,27.168174707686248],[88.35670242129903,27.168242261353186],[88.35666600533342,27.168140411986883]]]}},{"type":"Feature","properties":{"source":"Microsoft Global ML Building Footprints"},"geometry":{"type":"Polygon","coordinates":[[[88.35784242490018,27.163423331456023],[88.35791211458509,27.163424954447173],[88.35791141297584,27.163448801932702],[88.35794893819077,27.1634496758508],[88.35794192209815,27.163688150423965],[88.35783470719831,27.16368565352039],[88.35784242490018,27.163423331456023]]]}},{"type":"Feature","properties":{"source":"Microsoft Global ML Building Footprints"},"geometry":{"type":"Polygon","coordinates":[[[88.35959594081007,27.166459189630586],[88.3597077531317,27.16649118844343],[88.35968394943552,27.166557025628265],[88.35957213483263,27.166525033143856],[88.35959594081007,27.166459189630586]]]}},{"type":"Feature","properties":{"source":"Microsoft Global ML Building Footprints"},"geometry":{"type":"Polygon","coordinates":[[[88.35966432600021,27.167794492691478],[88.35971737290517,27.167762264534765],[88.35976359063817,27.167822478090628],[88.35971054373321,27.16785470622994],[88.35966432600021,27.167794492691478]]]}},{"type":"Feature","properties":{"source":"Microsoft Global ML Building Footprints"},"geometry":{"type":"Polygon","coordinates":[[[88.36004267997065,27.167099323766173],[88.36012675725706,27.16710131841024],[88.36012487301082,27.167164350043905],[88.36004079061262,27.167162360515277],[88.36004267997065,27.167099323766173]]]}},{"type":"Feature","properties":{"source":"Microsoft Global ML Building Footprints"},"geometry":{"type":"Polygon","coordinates":[[[88.3639144622262,27.161259613142505],[88.36402459464655,27.16131019113378],[88.36396665467298,27.161410063014344],[88.36385652225263,27.161359485068274],[88.3639144622262,27.161259613142505]]]}},{"type":"Feature","properties":{"source":"Microsoft Global ML Building Footprints"},"geometry":{"type":"Polygon","coordinates":[[[88.36429840619122,27.172407352824038],[88.36444288569355,27.17241376694073],[88.36443981484497,27.172468512982697],[88.36429533534266,27.172462098869147],[88.36429840619122,27.172407352824038]]]}},{"type":"Feature","properties":{"source":"Microsoft Global ML Building Footprints"},"geometry":{"type":"Polygon","coordinates":[[[88.36456494435137,27.167348016773623],[88.36445944581966,27.167344909579775],[88.36446276252558,27.167255774290652],[88.36456825429649,27.16725887471914],[88.36456494435137,27.167348016773623]]]}},{"type":"Feature","properties":{"source":"Microsoft Global ML Building Footprints"},"geometry":{"type":"Polygon","coordinates":[[[88.36503409923243,27.171539192807018],[88.36500356479394,27.171614295351375],[88.36487666889658,27.171573462063158],[88.36490721140079,27.171498354186085],[88.36503409923243,27.171539192807018]]]}},{"type":"Feature","properties":{"source":"Microsoft Global ML Building Footprints"},"geometry":{"type":"Polygon","coordinates":[[[88.36759641530124,27.167827349187355],[88.3675358475198,27.16782927259245],[88.36753421883539,27.167788757399144],[88.36761726130449,27.167786120281505],[88.36761850676902,27.167817102490176],[88.36765868860887,27.167815826465834],[88.36766290402737,27.16792068926341],[88.36760024000999,27.16792267923541],[88.36759641530124,27.167827349187355]]]}},{"type":"Feature","properties":{"source":"Microsoft Global ML Building Footprints"},"geometry":{"type":"Polygon","coordinates":[[[88.36775711417589,27.166462569838544],[88.36777081261063,27.16641307244612],[88.3677025335346,27.16639811107641],[88.36772773806858,27.16630703792225],[88.36785005383274,27.166333832261458],[88.3678111384503,27.16647440767722],[88.36775711417589,27.166462569838544]]]}},{"type":"Feature","properties":{"source":"Microsoft Global ML Building Footprints"},"geometry":{"type":"Polygon","coordinates":[[[88.36898133797574,27.163956910828105],[88.36911722878259,27.16391090387455],[88.36917072230864,27.16403597546948],[88.36903483150179,27.164081982371506],[88.36898133797574,27.163956910828105]]]}},{"type":"Feature","properties":{"source":"Microsoft Global ML Building Footprints"},"geometry":{"type":"Polygon","coordinates":[[[88.35604113842993,27.166003979335365],[88.3561079001986,27.16597707021463],[88.35613465834034,27.166029610467085],[88.35606789832826,27.166056523024167],[88.35604113842993,27.166003979335365]]]}},{"type":"Feature","properties":{"source":"Microsoft Global ML Building Footprints"},"geometry":{"type":"Polygon","coordinates":[[[88.35689962634504,27.166731833168832],[88.35699139181139,27.166876740106908],[88.35685905574944,27.166943074166632],[88.35676729028309,27.166798167314653],[88.35689962634504,27.166731833168832]]]}},{"type":"Feature","properties":{"source":"Microsoft Global ML Building Footprints"},"geometry":{"type":"Polygon","coordinates":[[[88.35762199687775,27.16703780099038],[88.35771827966778,27.16704239338734],[88.35771225750092,27.167142330932677],[88.35751969192088,27.167133146146803],[88.3575277214767,27.1669998960555],[88.35762400426673,27.167004488454005],[88.35762199687775,27.16703780099038]]]}},{"type":"Feature","properties":{"source":"Microsoft Global ML Building Footprints"},"geometry":{"type":"Polygon","coordinates":[[[88.35864824748296,27.158732729886587],[88.35874530253795,27.158794999480385],[88.35871603571607,27.158831111246563],[88.35861898066103,27.158768841672895],[88.35864824748296,27.158732729886587]]]}},{"type":"Feature","properties":{"source":"Microsoft Global ML Building Footprints"},"geometry":{"type":"Polygon","coordinates":[[[88.36000450623048,27.167446074773288],[88.36004473843225,27.167545321628175],[88.35993081095539,27.167581876778065],[88.35989057875362,27.16748262995568],[88.36000450623048,27.167446074773288]]]}},{"type":"Feature","properties":{"source":"Microsoft Global ML Building Footprints"},"geometry":{"type":"Polygon","coordinates":[[[88.36008828492265,27.162034715083323],[88.36008885933714,27.162115849859077],[88.36001107836184,27.16211628576928],[88.36001050394736,27.16203515099385],[88.36008828492265,27.162034715083323]]]}},{"type":"Feature","properties":{"source":"Microsoft Global ML Building Footprints"},"geometry":{"type":"Polygon","coordinates":[[[88.36012646362606,27.166967653011604],[88.36022344003068,27.16699024903852],[88.3601951728783,27.167086273781003],[88.36009820354295,27.167063679420686],[88.36012646362606,27.166967653011604]]]}},{"type":"Feature","properties":{"source":"Microsoft Global ML Building Footprints"},"geometry":{"type":"Polygon","coordinates":[[[88.36049326190805,27.170953905163906],[88.36042341433796,27.17098102171584],[88.36032115853489,27.170772552733204],[88.36045527775921,27.17072048423455],[88.36049263542255,27.170796657628564],[88.36042836880223,27.17082160755332],[88.36049326190805,27.170953905163906]]]}},{"type":"Feature","properties":{"source":"Microsoft Global ML Building Footprints"},"geometry":{"type":"Polygon","coordinates":[[[88.36191196337403,27.165430949447426],[88.36210593412137,27.165447714075214],[88.36210093136181,27.165493531548655],[88.36206904554474,27.165490777687644],[88.36205226725518,27.1656444405129],[88.36189018101844,27.16563044173769],[88.36191196337403,27.165430949447426]]]}},{"type":"Feature","properties":{"source":"Microsoft Global ML Building Footprints"},"geometry":{"type":"Polygon","coordinates":[[[88.36264923019627,27.164672701161706],[88.36280950844937,27.164687681666784],[88.36278747673221,27.164874144410277],[88.3626272129872,27.164859165286238],[88.36264923019627,27.164672701161706]]]}},{"type":"Feature","properties":{"source":"Microsoft Global ML Building Footprints"},"geometry":{"type":"Polygon","coordinates":[[[88.36523482666044,27.167730568101277],[88.36522667068886,27.167883934736793],[88.3651517368215,27.167880775912103],[88.36515989254552,27.167727413927757],[88.36523482666044,27.167730568101277]]]}},{"type":"Feature","properties":{"source":"Microsoft Global ML Building Footprints"},"geometry":{"type":"Polygon","coordinates":[[[88.36803805007064,27.16117863001739],[88.36805682718654,27.16122784696981],[88.36798948475627,27.16124818528975],[88.36797070764037,27.161198968346305],[88.36803805007064,27.16117863001739]]]}},{"type":"Feature","properties":{"source":"Microsoft Global ML Building Footprints"},"geometry":{"type":"Polygon","coordinates":[[[88.36011925560013,27.16543407265],[88.36025507866592,27.165662696859748],[88.360165734964,27.165704705214587],[88.360165734964,27.165704705214587],[88.36010493276576,27.165733293682003],[88.3600023682518,27.16556062922703],[88.36004429958996,27.16554091097192],[88.3600110594373,27.165484952048978],[88.36011925560013,27.16543407265]]]}},{"type":"Feature","properties":{"source":"Microsoft Global ML Building Footprints"},"geometry":{"type":"Polygon","coordinates":[[[88.3537885252676,27.16243065540477],[88.35373621423585,27.16244730731311],[88.35369877494342,27.162354223374287],[88.35375108597518,27.16233757145207],[88.3537885252676,27.16243065540477]]]}},{"type":"Feature","properties":{"source":"Microsoft Global ML Building Footprints"},"geometry":{"type":"Polygon","coordinates":[[[88.35981071007244,27.16396996919373],[88.35985748701088,27.163977428789323],[88.35985096584179,27.164009798036567],[88.35969764143242,27.163985347145122],[88.35971839586333,27.16388232793875],[88.35982494462925,27.163899312824228],[88.35981071007244,27.16396996919373]]]}},{"type":"Feature","properties":{"source":"Microsoft Global ML Building Footprints"},"geometry":{"type":"Polygon","coordinates":[[[88.36165507164925,27.168393984270487],[88.36169588676191,27.168443962551095],[88.36159582270027,27.168508643102662],[88.36155500758767,27.16845866485103],[88.36165507164925,27.168393984270487]]]}},{"type":"Feature","properties":{"source":"Microsoft Global ML Building Footprints"},"geometry":{"type":"Polygon","coordinates":[[[88.36514723864676,27.168554453963395],[88.36503621266007,27.168556500278164],[88.36503471807293,27.168492098432758],[88.3651457389954,27.168490052210124],[88.36514723864676,27.168554453963395]]]}},{"type":"Feature","properties":{"source":"Microsoft Global ML Building Footprints"},"geometry":{"type":"Polygon","coordinates":[[[88.365210622504,27.171615987150034],[88.36515017320927,27.171583034402204],[88.3651783599658,27.171542115250304],[88.36523880737568,27.171575070746457],[88.365210622504,27.171615987150034]]]}},{"type":"Feature","properties":{"source":"Microsoft Global ML Building Footprints"},"geometry":{"type":"Polygon","coordinates":[[[88.36526870727539,27.165468650696745],[88.36535185575485,27.165468650696745],[88.36535185575485,27.165518763806446],[88.36542159318924,27.165518763806446],[88.36542159318924,27.165540240846575],[88.36551278829575,27.165540240846575],[88.36551278829575,27.165664330330905],[88.36526870727539,27.165664330330905],[88.36526870727539,27.165468650696745]]]}},{"type":"Feature","properties":{"source":"Microsoft Global ML Building Footprints"},"geometry":{"type":"Polygon","coordinates":[[[88.36858870802955,27.16825799758186],[88.36856345912925,27.16830745116954],[88.36851009610369,27.168285886528302],[88.36853534500399,27.168236432931067],[88.36858870802955,27.16825799758186]]]}},{"type":"Feature","properties":{"source":"Microsoft Global ML Building Footprints"},"geometry":{"type":"Polygon","coordinates":[[[88.35593596449057,27.159269912915015],[88.3560202018361,27.15926804022844],[88.35602341667774,27.15938251933749],[88.35593917033263,27.159384392222208],[88.35593596449057,27.159269912915015]]]}},{"type":"Feature","properties":{"source":"Microsoft Global ML Building Footprints"},"geometry":{"type":"Polygon","coordinates":[[[88.35833745724695,27.161850012420224],[88.358399163415,27.161766995246424],[88.35854099003672,27.161850436337552],[88.35847928386866,27.161933453449315],[88.35833745724695,27.161850012420224]]]}},{"type":"Feature","properties":{"source":"Microsoft Global ML Building Footprints"},"geometry":{"type":"Polygon","coordinates":[[[88.36372453904048,27.165070012972564],[88.3636153428674,27.16511384934924],[88.36356003839468,27.165004801988772],[88.36366923456775,27.164960965569257],[88.36372453904048,27.165070012972564]]]}},{"type":"Feature","properties":{"source":"Microsoft Global ML Building Footprints"},"geometry":{"type":"Polygon","coordinates":[[[88.36809691347287,27.169113035635405],[88.36809403566548,27.168984228346673],[88.36822273085227,27.16898195254155],[88.36822560865966,27.16911075983292],[88.36809691347287,27.169113035635405]]]}},{"type":"Feature","properties":{"source":"Microsoft Global ML Building Footprints"},"geometry":{"type":"Polygon","coordinates":[[[88.35397812182865,27.167161700715056],[88.35392540593868,27.167123052702962],[88.35398990839789,27.167053412998214],[88.35411190541414,27.167142853658852],[88.35399870274298,27.167265082518554],[88.35392941589001,27.167214285751257],[88.35397812182865,27.167161700715056]]]}},{"type":"Feature","properties":{"source":"Microsoft Global ML Building Footprints"},"geometry":{"type":"Polygon","coordinates":[[[88.35667159435295,27.167620366479788],[88.35679174637764,27.167637888237742],[88.35676733181411,27.167770346471535],[88.35664717978942,27.16775282473437],[88.35667159435295,27.167620366479788]]]}},{"type":"Feature","properties":{"source":"Microsoft Global ML Building Footprints"},"geometry":{"type":"Polygon","coordinates":[[[88.36185156982687,27.163548768240453],[88.36188197927666,27.1634400286693],[88.36201079726426,27.16346854489523],[88.36198038992697,27.163577276884702],[88.36185156982687,27.163548768240453]]]}},{"type":"Feature","properties":{"source":"Microsoft Global ML Building Footprints"},"geometry":{"type":"Polygon","coordinates":[[[88.36791825882887,27.167044262000807],[88.36801873984446,27.167062375173018],[88.36799629249896,27.167160939783855],[88.36789581148336,27.16714282662764],[88.36791825882887,27.167044262000807]]]}},{"type":"Feature","properties":{"source":"Microsoft Global ML Building Footprints"},"geometry":{"type":"Polygon","coordinates":[[[88.3559121532615,27.159772529460533],[88.35597909005432,27.159770024334243],[88.35598190563474,27.15982958046652],[88.35591496884187,27.15983208559151],[88.3559121532615,27.159772529460533]]]}},{"type":"Feature","properties":{"source":"Microsoft Global ML Building Footprints"},"geometry":{"type":"Polygon","coordinates":[[[88.35728580190218,27.165008761855148],[88.35733599652251,27.164967101333076],[88.35745172585399,27.165077473251813],[88.35740153298593,27.1651191354038],[88.35728580190218,27.165008761855148]]]}},{"type":"Feature","properties":{"source":"Microsoft Global ML Building Footprints"},"geometry":{"type":"Polygon","coordinates":[[[88.36227387425302,27.16232254308686],[88.36224318156226,27.162320891775217],[88.36224932248092,27.162230538687105],[88.3623628674454,27.162236647577053],[88.36235396902396,27.16236742120124],[88.3622711238318,27.16236296401052],[88.36227387425302,27.16232254308686]]]}},{"type":"Feature","properties":{"source":"Microsoft Global ML Building Footprints"},"geometry":{"type":"Polygon","coordinates":[[[88.36403077558887,27.165923267175877],[88.3641079423347,27.16579758701313],[88.3642422177556,27.165862845367826],[88.36416504705609,27.16598853189644],[88.36403077558887,27.165923267175877]]]}},{"type":"Feature","properties":{"source":"Microsoft Global ML Building Footprints"},"geometry":{"type":"Polygon","coordinates":[[[88.36486620918038,27.1654120090136],[88.36489460278261,27.165299321713377],[88.36500543117292,27.165321432909913],[88.36497703078646,27.165434111933614],[88.36486620918038,27.1654120090136]]]}},{"type":"Feature","properties":{"source":"Microsoft Global ML Building Footprints"},"geometry":{"type":"Polygon","coordinates":[[[88.36657066332803,27.165137129384973],[88.36652889974509,27.16513558205086],[88.36653102185214,27.165090320087394],[88.36657278188065,27.16509186729045],[88.36657066332803,27.165137129384973]]]}},{"type":"Feature","properties":{"source":"Microsoft Global ML Building Footprints"},"geometry":{"type":"Polygon","coordinates":[[[88.36689174894937,27.165469144575873],[88.36695220662672,27.165601262918045],[88.36677274527342,27.165666277699906],[88.36674413204007,27.165603749171865],[88.36679705142491,27.165584580966268],[88.3668031823868,27.165597978968854],[88.36685980601975,27.165577465501222],[88.36682182201089,27.165494473201406],[88.36689174894937,27.165469144575873]]]}},{"type":"Feature","properties":{"source":"Microsoft Global ML Building Footprints"},"geometry":{"type":"Polygon","coordinates":[[[88.3691548061146,27.165777041336],[88.36915368868941,27.165839070029975],[88.3690866506847,27.165838114106286],[88.36908776810989,27.165776085411807],[88.3691548061146,27.165777041336]]]}},{"type":"Feature","properties":{"source":"Microsoft Global ML Building Footprints"},"geometry":{"type":"Polygon","coordinates":[[[88.3695232572653,27.164862287844343],[88.36951044139762,27.164899347689236],[88.36941733137157,27.16487386035042],[88.36943014723926,27.16483680049705],[88.3695232572653,27.164862287844343]]]}},{"type":"Feature","properties":{"source":"Microsoft Global ML Building Footprints"},"geometry":{"type":"Polygon","coordinates":[[[88.3539481231821,27.16074859129278],[88.35407946143437,27.160745532505366],[88.3540813557794,27.160809922249577],[88.35403310907445,27.160811045885126],[88.35403556470686,27.160894514015943],[88.35395247315951,27.16089644916461],[88.3539481231821,27.16074859129278]]]}},{"type":"Feature","properties":{"source":"Microsoft Global ML Building Footprints"},"geometry":{"type":"Polygon","coordinates":[[[88.3550181538371,27.160166438526417],[88.35501653817792,27.16023800330145],[88.35494682877183,27.160236761803922],[88.35494844443096,27.160165197028093],[88.3550181538371,27.160166438526417]]]}},{"type":"Feature","properties":{"source":"Microsoft Global ML Building Footprints"},"geometry":{"type":"Polygon","coordinates":[[[88.3562695634043,27.16465718056501],[88.35629474101846,27.164596205502292],[88.35634436947164,27.164612426545112],[88.35635565598832,27.16458509288949],[88.35641336205768,27.164603954100016],[88.35637689180615,27.164692260794048],[88.3562695634043,27.16465718056501]]]}},{"type":"Feature","properties":{"source":"Microsoft Global ML Building Footprints"},"geometry":{"type":"Polygon","coordinates":[[[88.35779856453429,27.16258406933305],[88.35780500459836,27.162728202447624],[88.35769661941474,27.16273204271028],[88.35769016772883,27.162587903262583],[88.35779856453429,27.16258406933305]]]}},{"type":"Feature","properties":{"source":"Microsoft Global ML Building Footprints"},"geometry":{"type":"Polygon","coordinates":[[[88.35848038581727,27.16296714060894],[88.35840238662394,27.163100448048667],[88.35831164313234,27.1630584190494],[88.35838964232572,27.16292511155951],[88.35848038581727,27.16296714060894]]]}},{"type":"Feature","properties":{"source":"Microsoft Global ML Building Footprints"},"geometry":{"type":"Polygon","coordinates":[[[88.36010469156066,27.168659404922884],[88.35992835163904,27.168881121223784],[88.3598443471193,27.168828239118838],[88.36004037426102,27.16858176947239],[88.35999032901523,27.168550265158196],[88.36002953444358,27.16850097114971],[88.36011353896332,27.16855385340967],[88.36005464796636,27.168627898554156],[88.36010469156066,27.168659404922884]]]}},{"type":"Feature","properties":{"source":"Microsoft Global ML Building Footprints"},"geometry":{"type":"Polygon","coordinates":[[[88.36055551277435,27.168753926606897],[88.36067915235265,27.168673075680033],[88.36075904308643,27.168769774844726],[88.36051947259415,27.168926450543808],[88.36043700882169,27.16882664663381],[88.36055295283465,27.168750828075318],[88.36055551277435,27.168753926606897]]]}},{"type":"Feature","properties":{"source":"Microsoft Global ML Building Footprints"},"geometry":{"type":"Polygon","coordinates":[[[88.36161078638756,27.16226715349697],[88.36161744574878,27.162234829834063],[88.36167846193261,27.162244780707347],[88.3616718050315,27.162277104768563],[88.36161078638756,27.16226715349697]]]}},{"type":"Feature","properties":{"source":"Microsoft Global ML Building Footprints"},"geometry":{"type":"Polygon","coordinates":[[[88.36165973694652,27.164907910156792],[88.3616837201468,27.16479748853984],[88.36178456077393,27.164814825486715],[88.3618017431871,27.164735715478777],[88.3618674537078,27.164747016807524],[88.36188144861003,27.164682605797957],[88.36202882722147,27.164707952954053],[88.36199914615942,27.164844558847186],[88.36191123496398,27.164829444787053],[88.36190093173758,27.164876864938982],[88.36185074480406,27.164868233469285],[88.36184955182993,27.16487372606872],[88.36190385062916,27.16488306134176],[88.36188986042903,27.16494747391554],[88.36165973694652,27.164907910156792]]]}},{"type":"Feature","properties":{"source":"Microsoft Global ML Building Footprints"},"geometry":{"type":"Polygon","coordinates":[[[88.36361642573216,27.16649115477027],[88.36368378788858,27.166502408610654],[88.36365946238337,27.166617660467352],[88.36359210022695,27.166606406638564],[88.36361642573216,27.16649115477027]]]}},{"type":"Feature","properties":{"source":"Microsoft Global ML Building Footprints"},"geometry":{"type":"Polygon","coordinates":[[[88.36414907702331,27.159435200607973],[88.36412692405499,27.15948174197426],[88.36393588257874,27.159409756256487],[88.36395803554709,27.159363214860193],[88.36414907702331,27.159435200607973]]]}},{"type":"Feature","properties":{"source":"Microsoft Global ML Building Footprints"},"geometry":{"type":"Polygon","coordinates":[[[88.36588689573489,27.167542477483245],[88.36588435886318,27.167669939461646],[88.36575565334478,27.1676679038711],[88.36575819005705,27.167540449902027],[88.36588689573489,27.167542477483245]]]}},{"type":"Feature","properties":{"source":"Microsoft Global ML Building Footprints"},"geometry":{"type":"Polygon","coordinates":[[[88.36620361137729,27.16766306415446],[88.3661360805715,27.16776660155538],[88.36606307021326,27.16772890488398],[88.36613060711197,27.167625370594024],[88.36620361137729,27.16766306415446]]]}},{"type":"Feature","properties":{"source":"Microsoft Global ML Building Footprints"},"geometry":{"type":"Polygon","coordinates":[[[88.36651005751523,27.167821501635764],[88.36648373187353,27.16791081098541],[88.36636076084552,27.167882120020842],[88.36638708648724,27.167792810648223],[88.36651005751523,27.167821501635764]]]}},{"type":"Feature","properties":{"source":"Microsoft Global ML Building Footprints"},"geometry":{"type":"Polygon","coordinates":[[[88.36799558103958,27.16156241499303],[88.36801830546112,27.16161272515594],[88.3679663579311,27.16163129616524],[88.3679436381747,27.161580987577437],[88.36799558103958,27.16156241499303]]]}},{"type":"Feature","properties":{"source":"Microsoft Global ML Building Footprints"},"geometry":{"type":"Polygon","coordinates":[[[88.3543757815199,27.167322015457685],[88.3543927758369,27.16732320380764],[88.35438679254489,27.167390991519717],[88.35432447498597,27.167386637765397],[88.3543315115206,27.16730698832135],[88.35430485410808,27.167305124266456],[88.35430820643447,27.167267177878408],[88.35438018144825,27.16727221082828],[88.3543757815199,27.167322015457685]]]}},{"type":"Feature","properties":{"source":"Microsoft Global ML Building Footprints"},"geometry":{"type":"Polygon","coordinates":[[[88.35562704279985,27.165242682760415],[88.3556080537873,27.165233884381138],[88.35554101781213,27.165348390827262],[88.3554220246813,27.16529325652695],[88.35543740836079,27.165266975602876],[88.35541715035912,27.16525758925153],[88.35546061864129,27.165183339542388],[88.35551462971202,27.165208368433582],[88.35554149296524,27.165162476180207],[88.35564572495687,27.16521077110947],[88.35562704279985,27.165242682760415]]]}},{"type":"Feature","properties":{"source":"Microsoft Global ML Building Footprints"},"geometry":{"type":"Polygon","coordinates":[[[88.35888341915734,27.165880162892392],[88.35896105134826,27.165911758035087],[88.35895191953735,27.16592951849008],[88.3590140252901,27.165954794593773],[88.35898155662909,27.166017942841073],[88.35884181868543,27.165961071631905],[88.35888341915734,27.165880162892392]]]}},{"type":"Feature","properties":{"source":"Microsoft Global ML Building Footprints"},"geometry":{"type":"Polygon","coordinates":[[[88.35904348521903,27.16142037714348],[88.35917066145845,27.161483138015576],[88.35909733275258,27.16160077822957],[88.35897015273794,27.161538023480098],[88.35904348521903,27.16142037714348]]]}},{"type":"Feature","properties":{"source":"Microsoft Global ML Building Footprints"},"geometry":{"type":"Polygon","coordinates":[[[88.36611450221767,27.16553483291173],[88.366068141515,27.165486538796422],[88.36614413613995,27.165428793365514],[88.36619049684262,27.1654770875058],[88.36611450221767,27.16553483291173]]]}},{"type":"Feature","properties":{"source":"Microsoft Global ML Building Footprints"},"geometry":{"type":"Polygon","coordinates":[[[88.36895918845565,27.167549366052263],[88.36900172572535,27.16745618660987],[88.36907310064277,27.16748197703521],[88.369047852536,27.167537283931566],[88.36902713078577,27.167529796393048],[88.36900984285887,27.167567666212598],[88.36895918845565,27.167549366052263]]]}},{"type":"Feature","properties":{"source":"Microsoft Global ML Building Footprints"},"geometry":{"type":"Polygon","coordinates":[[[88.35494310660191,27.166032174347038],[88.35483713223586,27.16591528662147],[88.3549613519429,27.16573869690027],[88.3549777547132,27.165726925579186],[88.355074727206,27.16578092016477],[88.3551009419943,27.165809834627645],[88.35515548615197,27.165840204964965],[88.35510149907547,27.16591695251664],[88.35517683105789,27.166000042282775],[88.35510613654121,27.165960679435848],[88.35505089972537,27.16600032306055],[88.35500446265539,27.16606633749808],[88.35494310660191,27.166032174347038]]]}},{"type":"Feature","properties":{"source":"Microsoft Global ML Building Footprints"},"geometry":{"type":"Polygon","coordinates":[[[88.35496927722977,27.16523883644865],[88.35501837503355,27.165133976118497],[88.35509837047222,27.16516362426089],[88.35504927465593,27.165268480318453],[88.35496927722977,27.16523883644865]]]}},{"type":"Feature","properties":{"source":"Microsoft Global ML Building Footprints"},"geometry":{"type":"Polygon","coordinates":[[[88.3576614663118,27.16242908080514],[88.35770808146681,27.162436918183268],[88.35768850623373,27.162529083128604],[88.35764189107871,27.162521245756935],[88.3576614663118,27.16242908080514]]]}},{"type":"Feature","properties":{"source":"Microsoft Global ML Building Footprints"},"geometry":{"type":"Polygon","coordinates":[[[88.35854147982457,27.16642703809508],[88.35867959576761,27.16644805696403],[88.35865998248075,27.16655007011211],[88.35852186653774,27.166529051262366],[88.35854147982457,27.16642703809508]]]}},{"type":"Feature","properties":{"source":"Microsoft Global ML Building Footprints"},"geometry":{"type":"Polygon","coordinates":[[[88.35978198583696,27.167098982990908],[88.35977916779153,27.16700942737757],[88.35981668931026,27.167008492827655],[88.35981413825513,27.166927421927276],[88.36009457604725,27.16692043704699],[88.36009993235648,27.167091083688483],[88.35978198583696,27.167098982990908]]]}},{"type":"Feature","properties":{"source":"Microsoft Global ML Building Footprints"},"geometry":{"type":"Polygon","coordinates":[[[88.36324758079553,27.163325469794287],[88.36337081479886,27.163329260620976],[88.36336738073626,27.163417451188472],[88.36324414673294,27.163413660364782],[88.36324758079553,27.163325469794287]]]}},{"type":"Feature","properties":{"source":"Microsoft Global ML Building Footprints"},"geometry":{"type":"Polygon","coordinates":[[[88.3550835480947,27.162843493792664],[88.35509438806038,27.16287760268896],[88.35514537968626,27.162864774704516],[88.3551643450895,27.16292443621203],[88.35505009968482,27.16295317695841],[88.35502029299079,27.16285941084704],[88.3550835480947,27.162843493792664]]]}},{"type":"Feature","properties":{"source":"Microsoft Global ML Building Footprints"},"geometry":{"type":"Polygon","coordinates":[[[88.35805486006652,27.1587360263745],[88.35809164707345,27.158709695821585],[88.35813161913582,27.158753909874868],[88.35809483298299,27.158780237515273],[88.35805486006652,27.1587360263745]]]}},{"type":"Feature","properties":{"source":"Microsoft Global ML Building Footprints"},"geometry":{"type":"Polygon","coordinates":[[[88.36172552477052,27.164211235739536],[88.36166213174344,27.164326919837734],[88.36160362014333,27.164301539462876],[88.36166701317035,27.16418585533838],[88.36172552477052,27.164211235739536]]]}},{"type":"Feature","properties":{"source":"Microsoft Global ML Building Footprints"},"geometry":{"type":"Polygon","coordinates":[[[88.36738379632433,27.167315558526262],[88.36738567707525,27.16726072468134],[88.36756789760955,27.167265671715626],[88.36756413610769,27.167375339373685],[88.36750250269166,27.167373666113747],[88.36750438344258,27.16731883229737],[88.36738379632433,27.167315558526262]]]}},{"type":"Feature","properties":{"source":"Microsoft Global ML Building Footprints"},"geometry":{"type":"Polygon","coordinates":[[[88.3544665827942,27.166992697999675],[88.35443645962258,27.167065330367933],[88.35432872583124,27.16702997080288],[88.35435884642203,27.166957330856057],[88.3544665827942,27.166992697999675]]]}},{"type":"Feature","properties":{"source":"Microsoft Global ML Building Footprints"},"geometry":{"type":"Polygon","coordinates":[[[88.35765579927352,27.164752380108617],[88.35770628124352,27.164700844068186],[88.35780599345608,27.16477816432254],[88.35775550918217,27.16482969854072],[88.35765579927352,27.164752380108617]]]}},{"type":"Feature","properties":{"source":"Microsoft Global ML Building Footprints"},"geometry":{"type":"Polygon","coordinates":[[[88.36044208804074,27.17053014979136],[88.36049464109237,27.170446521863617],[88.36057842437069,27.170488193836015],[88.3605258713191,27.17057182173253],[88.36044208804074,27.17053014979136]]]}},{"type":"Feature","properties":{"source":"Microsoft Global ML Building Footprints"},"geometry":{"type":"Polygon","coordinates":[[[88.36126723313731,27.165954010913097],[88.36115119618354,27.166068666546337],[88.36107861320308,27.166010521802193],[88.36119465015685,27.165895866109253],[88.36126723313731,27.165954010913097]]]}},{"type":"Feature","properties":{"source":"Microsoft Global ML Building Footprints"},"geometry":{"type":"Polygon","coordinates":[[[88.36300226214962,27.16649008226033],[88.36303830334276,27.166351960862926],[88.36348623108678,27.16644447709035],[88.36344191814435,27.166614298315793],[88.36334775151637,27.166594848917562],[88.36335956830101,27.16654956327482],[88.36324412094565,27.166525718490497],[88.36324057692437,27.16653930439761],[88.36300226214962,27.16649008226033]]]}},{"type":"Feature","properties":{"source":"Microsoft Global ML Building Footprints"},"geometry":{"type":"Polygon","coordinates":[[[88.3645291076242,27.17101186525789],[88.36465915029653,27.171014893593558],[88.36465471834777,27.171165122178678],[88.36452468748585,27.17116209412211],[88.3645291076242,27.17101186525789]]]}},{"type":"Feature","properties":{"source":"Microsoft Global ML Building Footprints"},"geometry":{"type":"Polygon","coordinates":[[[88.36457584940743,27.15979609718009],[88.36464166045948,27.159683313758613],[88.36476749251793,27.159741447350378],[88.36470167447811,27.159854227484864],[88.36457584940743,27.15979609718009]]]}},{"type":"Feature","properties":{"source":"Microsoft Global ML Building Footprints"},"geometry":{"type":"Polygon","coordinates":[[[88.35361146435619,27.16719638327036],[88.35365336371589,27.167195569272316],[88.35365517270888,27.167269509471353],[88.3536132791631,27.167270323355908],[88.35361146435619,27.16719638327036]]]}},{"type":"Feature","properties":{"source":"Microsoft Global ML Building Footprints"},"geometry":{"type":"Polygon","coordinates":[[[88.35419515027839,27.167017685369764],[88.35411485508314,27.166985536725377],[88.35416806223294,27.166880365539804],[88.35424835742819,27.16691251421451],[88.35419515027839,27.167017685369764]]]}},{"type":"Feature","properties":{"source":"Microsoft Global ML Building Footprints"},"geometry":{"type":"Polygon","coordinates":[[[88.36519289146105,27.16535258767697],[88.36529026254571,27.165356983463084],[88.36528434588767,27.16546072428276],[88.36518698259856,27.16545633491532],[88.36519289146105,27.16535258767697]]]}},{"type":"Feature","properties":{"source":"Microsoft Global ML Building Footprints"},"geometry":{"type":"Polygon","coordinates":[[[88.36558001439191,27.16324901998935],[88.36567655129582,27.163064728906093],[88.36579656172394,27.163114491768056],[88.36570001291008,27.163298777830718],[88.36558001439191,27.16324901998935]]]}},{"type":"Feature","properties":{"source":"Microsoft Global ML Building Footprints"},"geometry":{"type":"Polygon","coordinates":[[[88.36964269629081,27.164847337751787],[88.36958040317826,27.16499889155463],[88.36949899989831,27.164972411733473],[88.36956128249454,27.164820854473803],[88.36964269629081,27.164847337751787]]]}},{"type":"Feature","properties":{"source":"Microsoft Global ML Building Footprints"},"geometry":{"type":"Polygon","coordinates":[[[88.35472362716824,27.16677834235604],[88.35481341154181,27.166670416257972],[88.35496244790139,27.166768544669978],[88.35487266352777,27.166876470673195],[88.35472362716824,27.16677834235604]]]}},{"type":"Feature","properties":{"source":"Microsoft Global ML Building Footprints"},"geometry":{"type":"Polygon","coordinates":[[[88.35629569321969,27.166966808662274],[88.35636880786606,27.16706177282927],[88.35624283954677,27.167138539494204],[88.35616972901067,27.167043580731146],[88.35629569321969,27.166966808662274]]]}},{"type":"Feature","properties":{"source":"Microsoft Global ML Building Footprints"},"geometry":{"type":"Polygon","coordinates":[[[88.35740362003627,27.167367344846177],[88.35750809670493,27.167370617107707],[88.35750602191595,27.16742305067767],[88.35740154524728,27.167419778417674],[88.35740362003627,27.167367344846177]]]}},{"type":"Feature","properties":{"source":"Microsoft Global ML Building Footprints"},"geometry":{"type":"Polygon","coordinates":[[[88.35861513082556,27.158538876616745],[88.3585623051928,27.15858904518653],[88.35847088215797,27.158512842723326],[88.35852371098325,27.15846267108737],[88.35861513082556,27.158538876616745]]]}},{"type":"Feature","properties":{"source":"Microsoft Global ML Building Footprints"},"geometry":{"type":"Polygon","coordinates":[[[88.35878305309711,27.16073778716352],[88.35884594346751,27.160736099258827],[88.35884735861659,27.160777742809216],[88.35878446510603,27.16077943471401],[88.35878305309711,27.16073778716352]]]}},{"type":"Feature","properties":{"source":"Microsoft Global ML Building Footprints"},"geometry":{"type":"Polygon","coordinates":[[[88.36010191021784,27.169596456204268],[88.36016594719196,27.16954820544005],[88.3602313334203,27.169616890139473],[88.36014699495085,27.169680442940987],[88.36012261285492,27.169654830886337],[88.36009050717875,27.16967902194343],[88.36002436360339,27.169609547471502],[88.3600767768686,27.16957005497924],[88.36010191021784,27.169596456204268]]]}},{"type":"Feature","properties":{"source":"Microsoft Global ML Building Footprints"},"geometry":{"type":"Polygon","coordinates":[[[88.36169049589228,27.165806305662066],[88.36165108653961,27.16577503003795],[88.36168254032063,27.165743655528438],[88.3617348235788,27.16578514475635],[88.3616895225737,27.16583033157182],[88.36171399331933,27.165849750247908],[88.36172650608559,27.165837270005703],[88.36181705481302,27.165909130254086],[88.36170195228891,27.16602394247755],[88.36161381765372,27.165954003634063],[88.3617004225164,27.16586761715478],[88.36166066014452,27.165836063864603],[88.36169049589228,27.165806305662066]]]}},{"type":"Feature","properties":{"source":"Microsoft Global ML Building Footprints"},"geometry":{"type":"Polygon","coordinates":[[[88.36417195349847,27.167503884343674],[88.3640259699589,27.16785701347422],[88.36390547649066,27.167817586349365],[88.36405146003023,27.16746445709412],[88.36417195349847,27.167503884343674]]]}},{"type":"Feature","properties":{"source":"Microsoft Global ML Building Footprints"},"geometry":{"type":"Polygon","coordinates":[[[88.36422232082151,27.16439562672567],[88.36430229174663,27.16439002952712],[88.36430703740365,27.16444365348893],[88.36422706691654,27.164449255633812],[88.36422232082151,27.16439562672567]]]}},{"type":"Feature","properties":{"source":"Microsoft Global ML Building Footprints"},"geometry":{"type":"Polygon","coordinates":[[[88.36540217191809,27.16651715598175],[88.36541265382499,27.1666740979894],[88.36528073415612,27.16668108018277],[88.36527023994658,27.166524138836095],[88.36540217191809,27.16651715598175]]]}},{"type":"Feature","properties":{"source":"Microsoft Global ML Building Footprints"},"geometry":{"type":"Polygon","coordinates":[[[88.36561279702488,27.167920668090076],[88.36582950289225,27.16797410290512],[88.36580326923992,27.16805831309415],[88.36558656337256,27.16800487831943],[88.36561279702488,27.167920668090076]]]}},{"type":"Feature","properties":{"source":"Microsoft Global ML Building Footprints"},"geometry":{"type":"Polygon","coordinates":[[[88.36696812807307,27.167903368067805],[88.36710332853251,27.167928505826183],[88.36708023374366,27.168026822100252],[88.36694504069507,27.1680016857419],[88.36696812807307,27.167903368067805]]]}},{"type":"Feature","properties":{"source":"Microsoft Global ML Building Footprints"},"geometry":{"type":"Polygon","coordinates":[[[88.35709518050031,27.167763947639585],[88.35717820906177,27.16776114035452],[88.35718182347782,27.167845753961778],[88.35709879513686,27.167848566407216],[88.35709518050031,27.167763947639585]]]}},{"type":"Feature","properties":{"source":"Microsoft Global ML Building Footprints"},"geometry":{"type":"Polygon","coordinates":[[[88.3572691239486,27.166206795986724],[88.35728217688768,27.166159536861123],[88.35724170535876,27.166150688845775],[88.35726532496282,27.166065172275154],[88.35747527101897,27.16611107138229],[88.35744823434035,27.166208959685264],[88.35733946887052,27.166185174266005],[88.35732983124194,27.166220068002794],[88.3572691239486,27.166206795986724]]]}},{"type":"Feature","properties":{"source":"Microsoft Global ML Building Footprints"},"geometry":{"type":"Polygon","coordinates":[[[88.36261375902919,27.16471424946826],[88.36260994653514,27.16478328709362],[88.36253770128936,27.164780129057064],[88.36254151378344,27.16471109142976],[88.36261375902919,27.16471424946826]]]}},{"type":"Feature","properties":{"source":"Microsoft Global ML Building Footprints"},"geometry":{"type":"Polygon","coordinates":[[[88.36369795848464,27.161397458546844],[88.36379195189977,27.161406881938],[88.36378162483048,27.1614884739543],[88.36368762434545,27.161479055714715],[88.36369795848464,27.161397458546844]]]}},{"type":"Feature","properties":{"source":"Microsoft Global ML Building Footprints"},"geometry":{"type":"Polygon","coordinates":[[[88.36704502774874,27.16232568935053],[88.36718244855963,27.162376262524482],[88.36711708038064,27.16251686780778],[88.36697965956975,27.162466294697516],[88.36704502774874,27.16232568935053]]]}},{"type":"Feature","properties":{"source":"Microsoft Global ML Building Footprints"},"geometry":{"type":"Polygon","coordinates":[[[88.36799186372541,27.168006125187084],[88.36804215771238,27.16791946142078],[88.36816202783353,27.167974530529932],[88.3681117284641,27.168061191780758],[88.36799186372541,27.168006125187084]]]}},{"type":"Feature","properties":{"source":"Microsoft Global ML Building Footprints"},"geometry":{"type":"Polygon","coordinates":[[[88.35446827034264,27.159743774880106],[88.35436227761,27.15974690344226],[88.35435992463015,27.159683929924654],[88.35446592206513,27.159680794621302],[88.35446827034264,27.159743774880106]]]}},{"type":"Feature","properties":{"source":"Microsoft Global ML Building Footprints"},"geometry":{"type":"Polygon","coordinates":[[[88.3550486576624,27.161677040963347],[88.35514596291793,27.16174993982156],[88.35504420560778,27.16185745978939],[88.35494690035226,27.16178456100136],[88.3550486576624,27.161677040963347]]]}},{"type":"Feature","properties":{"source":"Microsoft Global ML Building Footprints"},"geometry":{"type":"Polygon","coordinates":[[[88.35615265697248,27.158598137711905],[88.35622505945042,27.158597145804976],[88.35622584395324,27.158642478281052],[88.3561534414753,27.1586434701876],[88.35615265697248,27.158598137711905]]]}},{"type":"Feature","properties":{"source":"Microsoft Global ML Building Footprints"},"geometry":{"type":"Polygon","coordinates":[[[88.35662208766723,27.1586916923807],[88.3566249729871,27.158729702909966],[88.35656623206035,27.158733229152077],[88.35656885146983,27.158767736627766],[88.3565170237147,27.15877085109568],[88.35651152442024,27.15869832954025],[88.35662208766723,27.1586916923807]]]}},{"type":"Feature","properties":{"source":"Microsoft Global ML Building Footprints"},"geometry":{"type":"Polygon","coordinates":[[[88.3581091489896,27.15978356132336],[88.35817258242035,27.15985729954273],[88.35810323681925,27.159904524029592],[88.3580398033885,27.159830785841386],[88.3581091489896,27.15978356132336]]]}},{"type":"Feature","properties":{"source":"Microsoft Global ML Building Footprints"},"geometry":{"type":"Polygon","coordinates":[[[88.35881565974054,27.16197664676836],[88.35889609577897,27.161978034201667],[88.35889370469089,27.162087767934054],[88.35881326865245,27.16208638050209],[88.35881565974054,27.16197664676836]]]}},{"type":"Feature","properties":{"source":"Microsoft Global ML Building Footprints"},"geometry":{"type":"Polygon","coordinates":[[[88.3593923213791,27.16349562566768],[88.35946124872314,27.16358896897802],[88.35939296690086,27.163628885575434],[88.35932403442813,27.163535545296632],[88.3593923213791,27.16349562566768]]]}},{"type":"Feature","properties":{"source":"Microsoft Global ML Building Footprints"},"geometry":{"type":"Polygon","coordinates":[[[88.36222024057864,27.167685608503923],[88.36220817985082,27.16777983827503],[88.36214889844535,27.167773832553884],[88.36215504701788,27.167725823626263],[88.36210209035943,27.167720455356893],[88.3621080094157,27.1676742385027],[88.36222024057864,27.167685608503923]]]}},{"type":"Feature","properties":{"source":"Microsoft Global ML Building Footprints"},"geometry":{"type":"Polygon","coordinates":[[[88.36296661320414,27.16752355579444],[88.36288359271234,27.167526455862976],[88.36287844029412,27.167409707325618],[88.36296146078588,27.167406807254068],[88.36296661320414,27.16752355579444]]]}},{"type":"Feature","properties":{"source":"Microsoft Global ML Building Footprints"},"geometry":{"type":"Polygon","coordinates":[[[88.36626723431264,27.164763784251704],[88.36634008662298,27.164740766405977],[88.36637006637879,27.164815875287204],[88.36629720721373,27.164838890746353],[88.36626723431264,27.164763784251704]]]}},{"type":"Feature","properties":{"source":"Microsoft Global ML Building Footprints"},"geometry":{"type":"Polygon","coordinates":[[[88.36734733384034,27.16699327059277],[88.36722054075778,27.16698825720311],[88.36722656224569,27.16686790556448],[88.36728813106082,27.16687034382756],[88.3672872969636,27.16688701495812],[88.36735251269728,27.166889597646914],[88.36734733384034,27.16699327059277]]]}}]}