{"type":"FeatureCollection","name":"swissimage_2019_2682-1247_0.5m","source":"Microsoft Global ML Building Footprints","licence":"ODbL 1.0 (c) Microsoft","features":[{"type":"Feature","properties":{"source":"Microsoft Global ML Building Footprints"},"geometry":{"type":"Polygon","coordinates":[[[8.524100576137986,47.371756424674444],[8.523967342637352,47.37187882260817],[8.52390304408711,47.37184672129918],[8.52403627758774,47.37172432329093],[8.524100576137986,47.371756424674444]]]}},{"type":"Feature","properties":{"source":"Microsoft Global ML Building Footprints"},"geometry":{"type":"Polygon","coordinates":[[[8.525119063805908,47.3695086683825],[8.524829020488266,47.369358893249604],[8.524886259635128,47.36930804933638],[8.524939340377689,47.36929778365669],[8.524990526971013,47.36932421590385],[8.525018679597324,47.369318771259955],[8.52485649333978,47.36923501983713],[8.524632344328547,47.36927835909491],[8.524704890431112,47.36935236464681],[8.524729615571726,47.369411007001155],[8.524639371797553,47.36942845987731],[8.524627424898323,47.36940011764737],[8.524582854565338,47.369377102005025],[8.52449384965206,47.369165950600944],[8.52493678104802,47.36908028851123],[8.525625015154246,47.36943568610879],[8.524775399608767,47.37019036867565],[8.524720793968319,47.37021492163093],[8.52458671532769,47.37014568589697],[8.524022252178426,47.369569873057756],[8.524182352773447,47.369497884293175],[8.524204430715084,47.369520406306],[8.524218600875928,47.36955401457359],[8.524655203374882,47.36999939654641],[8.524716212094079,47.370030900421],[8.525327919620311,47.36948754233453],[8.5252108845974,47.36942710678157],[8.525119063805908,47.3695086683825]]]}},{"type":"Feature","properties":{"source":"Microsoft Global ML Building Footprints"},"geometry":{"type":"Polygon","coordinates":[[[8.534783794661166,47.37355250032022],[8.535338766340978,47.3741480978814],[8.535497175720113,47.37422304394118],[8.535454265459169,47.374264638482636],[8.536374410004925,47.37525201433199],[8.536445232683247,47.37528552100745],[8.536527478433179,47.37527124610488],[8.536840326292317,47.37560698541327],[8.536776833537543,47.37576742800462],[8.536009462065216,47.37590061467488],[8.535958902423783,47.37576702733508],[8.536088865692331,47.375641052503966],[8.536066472034921,47.375617020362625],[8.535991964035912,47.37564886258695],[8.535974803700398,47.37560352182637],[8.536009435266973,47.37558872144393],[8.535948254699601,47.375427070776915],[8.535882014172977,47.3754150495356],[8.535874167510178,47.37539431712312],[8.535906556516654,47.37540019350382],[8.53593645944323,47.37538741393616],[8.535965801640423,47.37531324802432],[8.535794466037835,47.37512937483283],[8.535777842876708,47.37517139201957],[8.535798519835653,47.375181174442154],[8.535752640067948,47.375200782083205],[8.535732300049919,47.37514703955594],[8.535899043773188,47.375075786069246],[8.535182133388211,47.3743064929126],[8.534193838651522,47.37383891355986],[8.53418266314964,47.37380938482072],[8.534783794661166,47.37355250032022]]]}},{"type":"Feature","properties":{"source":"Microsoft Global ML Building Footprints"},"geometry":{"type":"Polygon","coordinates":[[[8.534999938422736,47.37013637768695],[8.534957941505112,47.370103782961074],[8.53515803478114,47.36998552004916],[8.535193911449298,47.37001336254621],[8.535478022726801,47.36984544135933],[8.535599762740311,47.369939926852624],[8.534835360433298,47.370391681088535],[8.53471975909108,47.37030196074533],[8.534999938422736,47.37013637768695]]]}},{"type":"Feature","properties":{"source":"Microsoft Global ML Building Footprints"},"geometry":{"type":"Polygon","coordinates":[[[8.536385000700605,47.375980210051125],[8.536515756837083,47.375933445729274],[8.536553755523443,47.37593983554186],[8.53660557191394,47.37592130364246],[8.536618135812422,47.375923416372814],[8.536657388304437,47.37590937603113],[8.536681569286655,47.37591344113139],[8.536740294529203,47.37589243551774],[8.537095051340252,47.37595207419131],[8.537158944678511,47.37603398846302],[8.537144264466946,47.376039238764214],[8.53727234114265,47.37620343870079],[8.537300939940739,47.37619320916554],[8.537319083671097,47.376216473272315],[8.53713409909692,47.37628263177448],[8.537136253014843,47.37628299397231],[8.536860488092426,47.3763816323771],[8.536884855106553,47.376412875938286],[8.536709476186765,47.37647560712256],[8.536512977263593,47.37622368794333],[8.53651866969576,47.376208164403366],[8.536409205394936,47.376067807797384],[8.536419769081022,47.376039000021855],[8.536366714211763,47.376030078396546],[8.536385000700605,47.375980210051125]]]}},{"type":"Feature","properties":{"source":"Microsoft Global ML Building Footprints"},"geometry":{"type":"Polygon","coordinates":[[[8.52265431288155,47.366839054286956],[8.522502112747334,47.36688496220659],[8.522195496860135,47.366418711234196],[8.522347693035158,47.36637279688825],[8.52265431288155,47.366839054286956]]]}},{"type":"Feature","properties":{"source":"Microsoft Global ML Building Footprints"},"geometry":{"type":"Polygon","coordinates":[[[8.523690143464936,47.378564197081445],[8.523794852670683,47.378522487384],[8.523855801346588,47.37859265479519],[8.523880620381735,47.378582768428785],[8.524017767025299,47.3787406399632],[8.524037693618034,47.37873270246523],[8.524139674455569,47.378850093830266],[8.524203439552412,47.378824693885306],[8.524253843874408,47.37888271483624],[8.52420203473319,47.378903352269745],[8.524271914049404,47.37898379095649],[8.524355608298976,47.378950456557504],[8.524507271000852,47.379125036496745],[8.52424423997633,47.379229810594055],[8.524137113945685,47.37910649741666],[8.524155048427744,47.37909935434957],[8.523690143464936,47.378564197081445]]]}},{"type":"Feature","properties":{"source":"Microsoft Global ML Building Footprints"},"geometry":{"type":"Polygon","coordinates":[[[8.52734137957951,47.37291435898413],[8.5273014489366,47.37302779863786],[8.5270413710409,47.37298581228592],[8.527081290590406,47.37287237075096],[8.52734137957951,47.37291435898413]]]}},{"type":"Feature","properties":{"source":"Microsoft Global ML Building Footprints"},"geometry":{"type":"Polygon","coordinates":[[[8.53213888502622,47.373658075705784],[8.532042055082396,47.3736822347725],[8.531942471339544,47.3734991495866],[8.532039303481449,47.37347499447719],[8.53213888502622,47.373658075705784]]]}},{"type":"Feature","properties":{"source":"Microsoft Global ML Building Footprints"},"geometry":{"type":"Polygon","coordinates":[[[8.538918990131492,47.3753786269165],[8.538712321734817,47.37542274460933],[8.538737121175558,47.37542289976082],[8.538452861579295,47.37548358085795],[8.538405947236285,47.37538279717776],[8.538480860288008,47.37536680541181],[8.53837405221702,47.3753661371931],[8.538321693515446,47.37525365741331],[8.538321464405275,47.37527045143891],[8.538291359749666,47.37520577890996],[8.538249930583488,47.37520551971767],[8.538249808462455,47.3752144713328],[8.538070005574436,47.374828206980986],[8.538071737332412,47.374701266036205],[8.538161800903016,47.37470182950412],[8.538252751804105,47.37468241818143],[8.538249398841238,47.37468239720416],[8.538478279719289,47.374633537104316],[8.538498366549527,47.37467668924963],[8.538592518058277,47.374677278293326],[8.538918990131492,47.3753786269165]]]}},{"type":"Feature","properties":{"source":"Microsoft Global ML Building Footprints"},"geometry":{"type":"Polygon","coordinates":[[[8.523063250508391,47.3789990595317],[8.523267186829022,47.37891530191484],[8.523353511761345,47.3790116896017],[8.523302526099052,47.37903262721354],[8.52332631102688,47.379059184669565],[8.52307922666347,47.37916065138889],[8.522918678400506,47.3789813886461],[8.52301280577704,47.3789427345494],[8.523063250508391,47.3789990595317]]]}},{"type":"Feature","properties":{"source":"Microsoft Global ML Building Footprints"},"geometry":{"type":"Polygon","coordinates":[[[8.524772218521374,47.37063128402271],[8.524949861405858,47.370708523354814],[8.525345753610477,47.37113540845071],[8.525398630241789,47.37107962941979],[8.525424380588845,47.37110739557304],[8.525442358813473,47.371115212460516],[8.525460316997172,47.37113457644745],[8.525407508126296,47.371157039476955],[8.52548549779514,47.37124114358971],[8.525505537400155,47.371249856738096],[8.525542925659483,47.37129017171562],[8.525373662752354,47.371362169935104],[8.524830437510605,47.370776419296604],[8.524629425158041,47.37098846612718],[8.524487526244542,47.37104882506149],[8.52526972859903,47.37138892401183],[8.52526972859903,47.37138892401183],[8.525386587059018,47.3714397334885],[8.525384224767736,47.371437186287395],[8.525400275889247,47.37142025422255],[8.525526547238824,47.371475156342015],[8.525680551389856,47.37140964878091],[8.525818271892298,47.371558149314154],[8.525600461333948,47.371650797431215],[8.524648694057637,47.371236973989305],[8.52464022524179,47.371227842235925],[8.524552993014506,47.37118991395],[8.52453398653292,47.37119799862896],[8.524232992242148,47.37106712711049],[8.52438907485594,47.370902476735],[8.524478344225077,47.37094129097471],[8.524772218521374,47.37063128402271]]]}},{"type":"Feature","properties":{"source":"Microsoft Global ML Building Footprints"},"geometry":{"type":"Polygon","coordinates":[[[8.532878217570286,47.376271509079736],[8.532756056155701,47.376323640852455],[8.532645293112925,47.37620462980631],[8.53276745947479,47.376152490014604],[8.532878217570286,47.376271509079736]]]}},{"type":"Feature","properties":{"source":"Microsoft Global ML Building Footprints"},"geometry":{"type":"Polygon","coordinates":[[[8.533308940462,47.37229596362544],[8.533458460014497,47.37226799113464],[8.533597159504552,47.37260793354037],[8.533447642638503,47.37263591243513],[8.533308940462,47.37229596362544]]]}},{"type":"Feature","properties":{"source":"Microsoft Global ML Building Footprints"},"geometry":{"type":"Polygon","coordinates":[[[8.535647895050928,47.372768364792],[8.53571679443121,47.37261563048497],[8.536702656757186,47.371828867493505],[8.53707620794121,47.372043552016585],[8.536801505893102,47.37217212995568],[8.536697245620605,47.372069967344565],[8.536653658332348,47.37206094930977],[8.5366222076118,47.37213066921567],[8.536396371879524,47.37231089641025],[8.536363683282694,47.372326196680675],[8.536390791097288,47.37226611811356],[8.536149803549051,47.37245843663101],[8.536130782938764,47.372500601182004],[8.535916575099499,47.372600863161836],[8.53588673465846,47.37266701272779],[8.536580341710135,47.372810515407444],[8.536806763467318,47.37262982224938],[8.536625036976542,47.3725253830395],[8.53650531898666,47.37258141815998],[8.536407828595621,47.372659219340456],[8.536361298373825,47.37264959032662],[8.53632409191567,47.372732068611626],[8.536218826838375,47.37271028996092],[8.536181029948317,47.37267325392507],[8.536584463058436,47.372351297718154],[8.536933744331861,47.372552032059],[8.537006522358986,47.37249395221324],[8.537146858584904,47.37257460427742],[8.536626063287258,47.372990218205814],[8.536634099675933,47.37297240345167],[8.535647895050928,47.372768364792]]]}},{"type":"Feature","properties":{"source":"Microsoft Global ML Building Footprints"},"geometry":{"type":"Polygon","coordinates":[[[8.535837107938127,47.377743273012456],[8.535622517444633,47.377839961467444],[8.535525567981814,47.37774128555826],[8.53559142442827,47.377711615575926],[8.535264079699507,47.37737847508605],[8.535280811723712,47.37737093604586],[8.53517937577891,47.37726770369771],[8.535134004172198,47.37728814706972],[8.534937331741578,47.377087970069084],[8.534852551042157,47.37712617036924],[8.534659078691336,47.376929270586096],[8.534670233734186,47.37692424488305],[8.534596009915333,47.3768487059602],[8.534843280031836,47.376737302593284],[8.534913792659733,47.37680906472418],[8.534917511007363,47.37680738948607],[8.535837107938127,47.377743273012456]]]}},{"type":"Feature","properties":{"source":"Microsoft Global ML Building Footprints"},"geometry":{"type":"Polygon","coordinates":[[[8.535922139684331,47.36743140789255],[8.536193957799947,47.367512493124096],[8.53612271978426,47.36762204045799],[8.536630413124229,47.36777348825863],[8.536686809886609,47.36768676355375],[8.536849428467171,47.367735273585765],[8.53674354677108,47.36789806812311],[8.53676964245945,47.3679058525847],[8.536651901850227,47.36808690851076],[8.535683690215201,47.367798086832835],[8.535922139684331,47.36743140789255]]]}},{"type":"Feature","properties":{"source":"Microsoft Global ML Building Footprints"},"geometry":{"type":"Polygon","coordinates":[[[8.539051043474872,47.373077596030676],[8.53904275498234,47.373113035989334],[8.538961641296453,47.373104335615636],[8.538969929788983,47.37306889565113],[8.539051043474872,47.373077596030676]]]}},{"type":"Feature","properties":{"source":"Microsoft Global ML Building Footprints"},"geometry":{"type":"Polygon","coordinates":[[[8.527831413882168,47.37747379448093],[8.527976731534359,47.37739377912522],[8.528071261236665,47.377472502445336],[8.527925943584474,47.37755251768157],[8.527831413882168,47.37747379448093]]]}},{"type":"Feature","properties":{"source":"Microsoft Global ML Building Footprints"},"geometry":{"type":"Polygon","coordinates":[[[8.530594816527639,47.36760911239582],[8.530407644263192,47.36765342164111],[8.530375847378465,47.36767729863604],[8.530299754212379,47.36769531213421],[8.530263319010722,47.36767305460813],[8.530222597314747,47.36768269463693],[8.530132233285368,47.36762749305286],[8.53011991128315,47.36760361603538],[8.529986730797749,47.36752225858971],[8.529976280045165,47.36750200755525],[8.530082154860361,47.36742250347243],[8.530208703962558,47.36749981008039],[8.530287999672677,47.367481034616965],[8.530316900189616,47.367498689421915],[8.530513779421373,47.36745208211084],[8.530594816527639,47.36760911239582]]]}},{"type":"Feature","properties":{"source":"Microsoft Global ML Building Footprints"},"geometry":{"type":"Polygon","coordinates":[[[8.523513081738416,47.3749487821917],[8.523268954959304,47.3750175005105],[8.523223618569542,47.3749836972068],[8.523226988106911,47.37503294635732],[8.522647465394053,47.37519607359585],[8.522019485568034,47.37472784468642],[8.522018218095027,47.37470934714371],[8.521812131077935,47.374715813425546],[8.521800885316813,47.37455169215666],[8.522189737510416,47.37453947288093],[8.5223173264645,47.37474734163474],[8.522529979993045,47.3748095593896],[8.522526815907652,47.374810450038886],[8.522669818332393,47.37485228936759],[8.522695202711713,47.374893652548074],[8.522683083326337,47.37491264896266],[8.522727457807346,47.37494573510161],[8.5231997300003,47.37481281911987],[8.523218185705144,47.37484288716908],[8.523366061013062,47.37480126218379],[8.523656976131978,47.37462233076277],[8.523902838466748,47.374614604805316],[8.523940812841634,47.37459124808562],[8.523897105317154,47.374520039383995],[8.5237645306099,47.37448125701384],[8.52374229562245,47.37451611494628],[8.523499490856157,47.37452374483722],[8.523491169858666,47.374402307340056],[8.524013255691072,47.37438590128868],[8.524090915613485,47.37451242580537],[8.524130480292499,47.37454192592384],[8.524142563024352,47.37456161122339],[8.523513081738416,47.3749487821917]]]}},{"type":"Feature","properties":{"source":"Microsoft Global ML Building Footprints"},"geometry":{"type":"Polygon","coordinates":[[[8.52493094648195,47.37701938827416],[8.524632900459729,47.37710476400662],[8.524655032478146,47.37714019941738],[8.524488945763483,47.377187775115274],[8.524477032481004,47.377168700867095],[8.524181254192541,47.37725341274624],[8.524096573039252,47.37711783054134],[8.524383250457298,47.37703572497246],[8.524372665313136,47.377018777145935],[8.524845910574633,47.37688323747086],[8.52493094648195,47.37701938827416]]]}},{"type":"Feature","properties":{"source":"Microsoft Global ML Building Footprints"},"geometry":{"type":"Polygon","coordinates":[[[8.52802735497308,47.377359613937834],[8.528353139177813,47.377193893511325],[8.528431709031796,47.37726472118528],[8.528395701303918,47.37728303765447],[8.528515488130495,47.377391020608904],[8.52822571165364,47.377538424041745],[8.52802735497308,47.377359613937834]]]}},{"type":"Feature","properties":{"source":"Microsoft Global ML Building Footprints"},"geometry":{"type":"Polygon","coordinates":[[[8.531547504703987,47.36708774090239],[8.53158379665507,47.367388945921896],[8.53158070120973,47.3673944849763],[8.531598060239425,47.36753843215252],[8.531385129586795,47.36755021130592],[8.531357219234405,47.36754305767208],[8.531346944770487,47.36745785826037],[8.531148992835803,47.367468808819886],[8.531032783625188,47.36743901796165],[8.53110827628679,47.36730392976724],[8.531325343038723,47.36729192175205],[8.531312295412782,47.36718363298965],[8.5313886423942,47.36704701539358],[8.531547504703987,47.36708774090239]]]}},{"type":"Feature","properties":{"source":"Microsoft Global ML Building Footprints"},"geometry":{"type":"Polygon","coordinates":[[[8.53230097019007,47.369393649088984],[8.532516524796513,47.36927483918923],[8.532921923847763,47.369396440844056],[8.532844470724129,47.36951490126838],[8.532744894369767,47.36948503289127],[8.53263910008723,47.369543344636135],[8.532712636066098,47.36960454106254],[8.532752974429867,47.369582307376696],[8.532981461221315,47.36977245304302],[8.5330479642707,47.36973579802618],[8.533090309545827,47.369748499624336],[8.533112158185205,47.36971508875053],[8.532945518106988,47.36966510448682],[8.5330726508281,47.36959503156479],[8.533098654335207,47.369555266961626],[8.532985718206078,47.36961751506784],[8.532893798232525,47.36954101954254],[8.533083302634097,47.369436568362616],[8.533178970768072,47.369465259943276],[8.533137777003832,47.36952825360469],[8.533210170696552,47.36948835160894],[8.53335046380716,47.36953043315342],[8.533418724774439,47.36958723974691],[8.53350589447178,47.3696133866415],[8.533467925739263,47.36967144841175],[8.532966733427209,47.36994769429061],[8.53230097019007,47.369393649088984]]]}},{"type":"Feature","properties":{"source":"Microsoft Global ML Building Footprints"},"geometry":{"type":"Polygon","coordinates":[[[8.53376154290952,47.370936482686005],[8.533663606331952,47.37087940240303],[8.533731235720161,47.37082617594061],[8.533829175457921,47.370883258123015],[8.53376154290952,47.370936482686005]]]}},{"type":"Feature","properties":{"source":"Microsoft Global ML Building Footprints"},"geometry":{"type":"Polygon","coordinates":[[[8.522316416002234,47.37114215646543],[8.522405537240862,47.37119787519311],[8.522326661128542,47.37125573611825],[8.52223754311825,47.37120001947005],[8.522316416002234,47.37114215646543]]]}},{"type":"Feature","properties":{"source":"Microsoft Global ML Building Footprints"},"geometry":{"type":"Polygon","coordinates":[[[8.523901415181538,47.372062788400626],[8.523974601437153,47.37209792879719],[8.523933607982324,47.372137090197434],[8.52386041931004,47.37210195213565],[8.523901415181538,47.372062788400626]]]}},{"type":"Feature","properties":{"source":"Microsoft Global ML Building Footprints"},"geometry":{"type":"Polygon","coordinates":[[[8.52507277750096,47.376281958491695],[8.52510756503937,47.376341690277286],[8.524923328342231,47.37639088577624],[8.524870239727846,47.376299714089114],[8.525153436191847,47.376224093872594],[8.525171742610587,47.3762555324483],[8.52507277750096,47.376281958491695]]]}},{"type":"Feature","properties":{"source":"Microsoft Global ML Building Footprints"},"geometry":{"type":"Polygon","coordinates":[[[8.531454645109973,47.37918459094902],[8.531577997479731,47.379185877062675],[8.531576552343001,47.379249430354996],[8.531453199973203,47.3792481442429],[8.531454645109973,47.37918459094902]]]}},{"type":"Feature","properties":{"source":"Microsoft Global ML Building Footprints"},"geometry":{"type":"Polygon","coordinates":[[[8.535954063634934,47.371571564071616],[8.536292532102108,47.37156785810003],[8.536378691339333,47.37176948120096],[8.536375929315163,47.37165378233478],[8.536562996763735,47.37173735234119],[8.536564286163163,47.371791364142496],[8.536380583104997,47.371827377767055],[8.536366746252613,47.37179500576481],[8.53552290038595,47.37266135125568],[8.53552520288694,47.37275779925681],[8.535034489724755,47.37253858334476],[8.53503383132454,47.372511003941014],[8.535115725874043,47.37249494933201],[8.535151850511404,47.37251108730781],[8.535150667051834,47.3724615139108],[8.535250374313442,47.37250605619766],[8.535294357261325,47.3724609007426],[8.535438040045795,47.372459334362595],[8.536011922586484,47.37187014957295],[8.535948583332562,47.37184185064969],[8.535947473525116,47.37179536184379],[8.535989282285769,47.37178716752465],[8.535976919199616,47.37175823645552],[8.535867944328327,47.371709548186104],[8.535679411637588,47.37190310930846],[8.535652844311251,47.371840938771285],[8.535115111106887,47.37239295225458],[8.534975878867508,47.372330752806086],[8.535642639874833,47.37164621071085],[8.53593768084357,47.37158838388726],[8.535954063634934,47.371571564071616]]]}},{"type":"Feature","properties":{"source":"Microsoft Global ML Building Footprints"},"geometry":{"type":"Polygon","coordinates":[[[8.524343451414435,47.37506900266341],[8.524441819358106,47.375137644369524],[8.524225811413535,47.3752796135784],[8.52412743226063,47.3752109691858],[8.524343451414435,47.37506900266341]]]}},{"type":"Feature","properties":{"source":"Microsoft Global ML Building Footprints"},"geometry":{"type":"Polygon","coordinates":[[[8.53022038561928,47.37837969270006],[8.52910022873595,47.37888912068344],[8.528663242569339,47.378448531576446],[8.52986842786294,47.37790042936116],[8.530281826708098,47.37831724109659],[8.530244857834056,47.37833405399977],[8.530224994826456,47.37831402709122],[8.530176935290225,47.37833588386565],[8.53022038561928,47.37837969270006]]]}},{"type":"Feature","properties":{"source":"Microsoft Global ML Building Footprints"},"geometry":{"type":"Polygon","coordinates":[[[8.538795456390215,47.36874307321359],[8.538903034499597,47.36879173676464],[8.538781629807456,47.36891484516535],[8.538674051698116,47.36886618172789],[8.538795456390215,47.36874307321359]]]}},{"type":"Feature","properties":{"source":"Microsoft Global ML Building Footprints"},"geometry":{"type":"Polygon","coordinates":[[[8.53963707942416,47.372165371372056],[8.539603498380256,47.3722402251917],[8.539560150351289,47.37224540288406],[8.539568148613181,47.372276126797644],[8.539531801013332,47.37228046660009],[8.539493915558598,47.37236491497389],[8.539425899302131,47.37237303591201],[8.539407331758548,47.37241442374175],[8.53936280653356,47.37241974202637],[8.539353118780241,47.372382543095554],[8.539275176069596,47.3723665058214],[8.53923530828936,47.3722133608538],[8.53963707942416,47.372165371372056]]]}},{"type":"Feature","properties":{"source":"Microsoft Global ML Building Footprints"},"geometry":{"type":"Polygon","coordinates":[[[8.527489353312419,47.372355433902555],[8.527752151804426,47.37191295578645],[8.527962243105263,47.3719701850418],[8.527908383343652,47.37206086980676],[8.527984570298877,47.37208162322195],[8.527926996070931,47.37217856189803],[8.527839265637613,47.3721546640692],[8.527687901135161,47.37240951824116],[8.527489353312419,47.372355433902555]]]}},{"type":"Feature","properties":{"source":"Microsoft Global ML Building Footprints"},"geometry":{"type":"Polygon","coordinates":[[[8.529502779839442,47.36694868080366],[8.529629603540823,47.36685415614238],[8.529885220110094,47.36701148470667],[8.529692982078561,47.367154763699695],[8.529612183737703,47.367105033592175],[8.529677598067856,47.367056278932566],[8.529502779839442,47.36694868080366]]]}},{"type":"Feature","properties":{"source":"Microsoft Global ML Building Footprints"},"geometry":{"type":"Polygon","coordinates":[[[8.522752910176878,47.37675202124037],[8.521980745016148,47.37699172769382],[8.521686086175059,47.37655646636013],[8.522458214162928,47.37631676946782],[8.522752910176878,47.37675202124037]]]}},{"type":"Feature","properties":{"source":"Microsoft Global ML Building Footprints"},"geometry":{"type":"Polygon","coordinates":[[[8.523909692444175,47.37203104417083],[8.524173201507622,47.37179765212712],[8.524306100883647,47.371866472039805],[8.524042572112123,47.372099859871824],[8.523909692444175,47.37203104417083]]]}},{"type":"Feature","properties":{"source":"Microsoft Global ML Building Footprints"},"geometry":{"type":"Polygon","coordinates":[[[8.528858450600278,47.37604445520924],[8.52884294833041,47.37603063089702],[8.528893984374722,47.37600438617335],[8.529037380371278,47.37613226098682],[8.528891077044225,47.37620749564393],[8.528763183317576,47.376093445312286],[8.528858450600278,47.37604445520924]]]}},{"type":"Feature","properties":{"source":"Microsoft Global ML Building Footprints"},"geometry":{"type":"Polygon","coordinates":[[[8.532760451058664,47.37174556853894],[8.532599624256028,47.3718053103619],[8.532652778762305,47.37187094042236],[8.53221978352452,47.372031783255345],[8.531453001498285,47.37108502970215],[8.532046823538666,47.37086444116063],[8.532760451058664,47.37174556853894]]]}},{"type":"Feature","properties":{"source":"Microsoft Global ML Building Footprints"},"geometry":{"type":"Polygon","coordinates":[[[8.534838205195246,47.37723805756643],[8.534676391943169,47.377325790965756],[8.534633209277324,47.377289266076446],[8.534795022529362,47.37720153261637],[8.534838205195246,47.37723805756643]]]}},{"type":"Feature","properties":{"source":"Microsoft Global ML Building Footprints"},"geometry":{"type":"Polygon","coordinates":[[[8.522492284369342,47.369499333498105],[8.52260698876876,47.36940059904553],[8.522734549202976,47.36946857401821],[8.522589865244603,47.369593113875396],[8.522488810874652,47.36953926370671],[8.522518790433606,47.369513458148525],[8.522492284369342,47.369499333498105]]]}},{"type":"Feature","properties":{"source":"Microsoft Global ML Building Footprints"},"geometry":{"type":"Polygon","coordinates":[[[8.529173684992228,47.37758338763896],[8.529080449746264,47.37748792928271],[8.529301743164375,47.377388828313144],[8.52951277146345,47.377604911416455],[8.52937094940879,47.377668422796006],[8.529253146932696,47.37754779882747],[8.529173684992228,47.37758338763896]]]}},{"type":"Feature","properties":{"source":"Microsoft Global ML Building Footprints"},"geometry":{"type":"Polygon","coordinates":[[[8.525682932439572,47.374828105372956],[8.525573196276216,47.37490747944435],[8.525398233543676,47.37479655770473],[8.525507965335208,47.37471718069474],[8.525682932439572,47.374828105372956]]]}},{"type":"Feature","properties":{"source":"Microsoft Global ML Building Footprints"},"geometry":{"type":"Polygon","coordinates":[[[8.527458681555284,47.3747972362793],[8.527274455369458,47.37492491616974],[8.527251129659135,47.37490948045181],[8.52686098646894,47.37517987234054],[8.526885684279858,47.37519621595793],[8.526709236418535,47.375318504079985],[8.52574792113284,47.3746824031773],[8.525731831601494,47.37469355343371],[8.525558380576669,47.37457878035426],[8.525881500158402,47.37435483726462],[8.525812892727904,47.374309439254],[8.525988530342875,47.3741877103488],[8.526058509921967,47.374234016426115],[8.526344917804497,47.374035515704996],[8.526516430380319,47.37414901540649],[8.526498177528609,47.374161665906115],[8.527458681555284,47.3747972362793]]]}},{"type":"Feature","properties":{"source":"Microsoft Global ML Building Footprints"},"geometry":{"type":"Polygon","coordinates":[[[8.52921966504863,47.36709522997268],[8.529115053587377,47.367112849049036],[8.52908677965646,47.3670358614887],[8.52919139860996,47.36701824112476],[8.52921966504863,47.36709522997268]]]}},{"type":"Feature","properties":{"source":"Microsoft Global ML Building Footprints"},"geometry":{"type":"Polygon","coordinates":[[[8.534279797405038,47.367206197704306],[8.534458779933276,47.36734252603319],[8.534501196887225,47.36731698215907],[8.534610525538756,47.367132340403444],[8.534767646093723,47.36717501759958],[8.534741188590775,47.36721970087569],[8.534750430964442,47.36722674121519],[8.534586505413667,47.3675035892366],[8.534540665748525,47.36753119420023],[8.534462367290288,47.36750992686561],[8.534171940435282,47.36728869616225],[8.53418273013014,47.367270473801504],[8.534149625183115,47.36726148183155],[8.53406889757184,47.367199987920095],[8.53412288607139,47.36710880830269],[8.534127054721337,47.36710629789334],[8.534197433984193,47.36698743614689],[8.534379971099536,47.36703701714008],[8.534279797405038,47.367206197704306]]]}},{"type":"Feature","properties":{"source":"Microsoft Global ML Building Footprints"},"geometry":{"type":"Polygon","coordinates":[[[8.535300032115751,47.375020833731824],[8.535174232775926,47.37504272769652],[8.535082389748982,47.37480078504915],[8.535208189088767,47.374778890984025],[8.535300032115751,47.375020833731824]]]}},{"type":"Feature","properties":{"source":"Microsoft Global ML Building Footprints"},"geometry":{"type":"Polygon","coordinates":[[[8.532928884156492,47.37663133771679],[8.532968339053761,47.376637435639225],[8.532954908128989,47.37667728560849],[8.533546269611492,47.377097287510416],[8.533460018731374,47.37715297561413],[8.533509954460644,47.37716069331732],[8.533599450950424,47.37710290968465],[8.533627303821515,47.377107215746165],[8.533715352234953,47.3771697499592],[8.533550970295254,47.37727588338691],[8.533402841323724,47.37717067860916],[8.533385745815636,47.377221400992376],[8.533441645768063,47.37726110247688],[8.533177510685457,47.37743164126022],[8.53282459846497,47.377180994861575],[8.53303479607193,47.377045290164546],[8.533180060029192,47.37714846796099],[8.533049183867885,47.37723296838778],[8.533160404355783,47.37725015778998],[8.533318103876946,47.37714833882959],[8.533322697653745,47.37713471325525],[8.532951457493612,47.37687104841383],[8.532934106748652,47.376882251019964],[8.53292081862497,47.3769216771111],[8.532980526118958,47.37696408304271],[8.532928540269573,47.37699764546875],[8.532869188484366,47.37695549219836],[8.532858451462136,47.376987349085695],[8.532854083944867,47.37698667407181],[8.532935139393341,47.37704424183836],[8.532774966776412,47.37714765016854],[8.532467466424269,47.37692925521674],[8.532928884156492,47.37663133771679]]]}},{"type":"Feature","properties":{"source":"Microsoft Global ML Building Footprints"},"geometry":{"type":"Polygon","coordinates":[[[8.528940763851773,47.3759026719535],[8.529115380369738,47.375802308563834],[8.529594404959454,47.376184501602026],[8.52955230990605,47.376208696189856],[8.529589361531777,47.37623825795334],[8.529456840067215,47.376314425985036],[8.528940763851773,47.3759026719535]]]}},{"type":"Feature","properties":{"source":"Microsoft Global ML Building Footprints"},"geometry":{"type":"Polygon","coordinates":[[[8.532884192838285,47.3687702431126],[8.533458988272734,47.36894475566385],[8.533441400725996,47.368971327551584],[8.533927427459375,47.36911891171943],[8.53385791560994,47.36922391586153],[8.533844515561707,47.36921984752642],[8.533680727525056,47.3694672638488],[8.532787414315571,47.36919600681409],[8.532839481321076,47.36911735471639],[8.53268538479242,47.369070562667055],[8.532884192838285,47.3687702431126]]]}},{"type":"Feature","properties":{"source":"Microsoft Global ML Building Footprints"},"geometry":{"type":"Polygon","coordinates":[[[8.535802184267052,47.373699165859655],[8.535308583421696,47.37388588411917],[8.53494271488107,47.37344231093549],[8.535398617943732,47.37326987309311],[8.535604171985721,47.37351908480948],[8.535641899786363,47.37350481493097],[8.535802184267052,47.373699165859655]]]}},{"type":"Feature","properties":{"source":"Microsoft Global ML Building Footprints"},"geometry":{"type":"Polygon","coordinates":[[[8.529657708124244,47.37555305939359],[8.529498666361444,47.37544481231598],[8.529892498876164,47.375179474284835],[8.529913822995393,47.37518700788595],[8.530530823476301,47.3756069518485],[8.530519523215855,47.37562162017367],[8.529929947150885,47.37601883330142],[8.529816846569943,47.3759418500196],[8.5298463411552,47.37590356473944],[8.53029204651374,47.37560325964085],[8.530216572818766,47.375551890776535],[8.530168475440005,47.3755348985628],[8.530108278376671,47.37549392433968],[8.530087057126114,47.37552147068112],[8.530176999857936,47.375582691789326],[8.53010236226751,47.37563298086573],[8.52997789926996,47.37554826895048],[8.53002126812223,47.375491973826435],[8.530003919539379,47.375485844778666],[8.529971733203583,47.375507529705025],[8.529980461205064,47.37549620028149],[8.530051769448335,47.375448157698024],[8.529888506693538,47.3753370296857],[8.52987318759383,47.375356914773846],[8.529724719131746,47.3754569497594],[8.529715833517741,47.37546848223406],[8.529720446317484,47.37547162180167],[8.529657708124244,47.37555305939359]]]}},{"type":"Feature","properties":{"source":"Microsoft Global ML Building Footprints"},"geometry":{"type":"Polygon","coordinates":[[[8.531380641911884,47.37768341621947],[8.531482541815759,47.377612898176466],[8.531814721074976,47.37783300421715],[8.531712824894605,47.377903524433016],[8.531380641911884,47.37768341621947]]]}},{"type":"Feature","properties":{"source":"Microsoft Global ML Building Footprints"},"geometry":{"type":"Polygon","coordinates":[[[8.52499053227421,47.379005222662514],[8.52531444703958,47.37935702816114],[8.524697358149913,47.379617573535455],[8.524373417201847,47.379265780830146],[8.52499053227421,47.379005222662514]]]}},{"type":"Feature","properties":{"source":"Microsoft Global ML Building Footprints"},"geometry":{"type":"Polygon","coordinates":[[[8.534338841400292,47.377553023702596],[8.534423292412153,47.37763808410272],[8.534297679664151,47.377695271189864],[8.534213228652288,47.37761021088202],[8.534338841400292,47.377553023702596]]]}},{"type":"Feature","properties":{"source":"Microsoft Global ML Building Footprints"},"geometry":{"type":"Polygon","coordinates":[[[8.536744936096694,47.36789480218023],[8.536862639305953,47.367739536791674],[8.536909337420768,47.36775577589455],[8.536791634211509,47.36791104123531],[8.536744936096694,47.36789480218023]]]}},{"type":"Feature","properties":{"source":"Microsoft Global ML Building Footprints"},"geometry":{"type":"Polygon","coordinates":[[[8.524973677247916,47.37050550432728],[8.525446461945108,47.37005702126416],[8.52558681426899,47.37012488635308],[8.525544091275648,47.370165413443914],[8.525576353086311,47.37019793970891],[8.525626371094447,47.37022212505056],[8.525632178257156,47.3702194833567],[8.526097486677951,47.37044447466551],[8.526001086593356,47.3705359193214],[8.52562074858287,47.37035201427853],[8.525582670796545,47.370313620473404],[8.525536287943027,47.3702911928871],[8.525498210156744,47.37025279903771],[8.525460476138672,47.370234553418356],[8.525383527808286,47.3703075465372],[8.525392629137695,47.37031672340483],[8.525313674629324,47.37039161946431],[8.525235226414441,47.370427305639616],[8.52524796128272,47.370440144835925],[8.525212105438907,47.37047415420404],[8.525144670310265,47.37050483046833],[8.525190605325816,47.37055114654075],[8.525238661748457,47.370529285677826],[8.525473041023846,47.37076560872631],[8.525562927620292,47.37080907135768],[8.525530639775933,47.37083969925724],[8.525499717873615,47.37085376554645],[8.525462923089435,47.37088866864934],[8.525422768422484,47.37090693488036],[8.525080645541738,47.370561975247696],[8.52498271733879,47.3705146194139],[8.524973677247916,47.37050550432728]]]}},{"type":"Feature","properties":{"source":"Microsoft Global ML Building Footprints"},"geometry":{"type":"Polygon","coordinates":[[[8.526574646205,47.368292797360574],[8.52650547216998,47.36834138899776],[8.526370635273693,47.368253345114255],[8.52643981402414,47.368204750083585],[8.526574646205,47.368292797360574]]]}},{"type":"Feature","properties":{"source":"Microsoft Global ML Building Footprints"},"geometry":{"type":"Polygon","coordinates":[[[8.529366125673539,47.368932332572136],[8.52930041310907,47.36897714539756],[8.529182934002545,47.36889812547603],[8.529248646567016,47.36885331258347],[8.529366125673539,47.368932332572136]]]}},{"type":"Feature","properties":{"source":"Microsoft Global ML Building Footprints"},"geometry":{"type":"Polygon","coordinates":[[[8.534245578728545,47.37490164764674],[8.534034301244958,47.374984211126005],[8.533519917944004,47.37438056093753],[8.533731195427553,47.37429799651313],[8.534245578728545,47.37490164764674]]]}},{"type":"Feature","properties":{"source":"Microsoft Global ML Building Footprints"},"geometry":{"type":"Polygon","coordinates":[[[8.539636081276036,47.36711733046634],[8.539153416239579,47.36771241751207],[8.538656869283944,47.36752764626366],[8.539395323715668,47.36661718562104],[8.539533371967178,47.36666854948628],[8.53948243753031,47.3667313483884],[8.5396390295768,47.3667896117474],[8.539566589488793,47.3668789255141],[8.539624281295403,47.366900390909585],[8.53966616072125,47.36684875642767],[8.53982893403276,47.36690931952],[8.539730460788121,47.36703073010912],[8.539406974586857,47.36691037075473],[8.539376413924735,47.36694804993224],[8.539291936636491,47.36691661848571],[8.539246661581505,47.366972439473216],[8.539636081276036,47.36711733046634]]]}},{"type":"Feature","properties":{"source":"Microsoft Global ML Building Footprints"},"geometry":{"type":"Polygon","coordinates":[[[8.523682643868113,47.37325655195718],[8.523828431778298,47.37315798038323],[8.523986687460336,47.373265319580696],[8.523840893994596,47.37336389471029],[8.523682643868113,47.37325655195718]]]}},{"type":"Feature","properties":{"source":"Microsoft Global ML Building Footprints"},"geometry":{"type":"Polygon","coordinates":[[[8.523991299179423,47.372928586617455],[8.523809562294522,47.3730432127037],[8.52369586075386,47.37296052864062],[8.523828757623008,47.37287670709044],[8.523729766415578,47.3728047256106],[8.523854727688068,47.37272590902077],[8.523952381176482,47.37279691788472],[8.52390354573663,47.372827719742936],[8.523965080811507,47.37287246497922],[8.523937790418682,47.37288967775991],[8.523991299179423,47.372928586617455]]]}},{"type":"Feature","properties":{"source":"Microsoft Global ML Building Footprints"},"geometry":{"type":"Polygon","coordinates":[[[8.530585418602561,47.36780545753001],[8.530632125721574,47.367930041182056],[8.530236518659944,47.36799805750833],[8.530189811540971,47.367873474016946],[8.530585418602561,47.36780545753001]]]}},{"type":"Feature","properties":{"source":"Microsoft Global ML Building Footprints"},"geometry":{"type":"Polygon","coordinates":[[[8.532956879961088,47.37257403903866],[8.532974210179827,47.3725730188294],[8.532970739098605,47.37254597614489],[8.533042615632489,47.372541744856875],[8.533044698281183,47.372557970470524],[8.533010091061172,47.372560007756775],[8.53301379354781,47.37258885327874],[8.532959192166034,47.372592067595804],[8.532956879961088,47.37257403903866]]]}},{"type":"Feature","properties":{"source":"Microsoft Global ML Building Footprints"},"geometry":{"type":"Polygon","coordinates":[[[8.539782852965718,47.37711034043189],[8.53891197903291,47.37731134673876],[8.538887411646826,47.3772625279652],[8.539758281059129,47.37706152251562],[8.539782852965718,47.37711034043189]]]}},{"type":"Feature","properties":{"source":"Microsoft Global ML Building Footprints"},"geometry":{"type":"Polygon","coordinates":[[[8.524838705277995,47.37268383835835],[8.525062862858213,47.372734826206646],[8.525048499027847,47.3727637879418],[8.524968473743609,47.37283320437661],[8.524974549225565,47.37282095442416],[8.524790846229191,47.372980303841025],[8.524678276482906,47.3729207800324],[8.524703484068446,47.37286995421687],[8.524742294698036,47.37283628869756],[8.524806044141759,47.37285078938361],[8.524821609296165,47.372837287693464],[8.52483587206613,47.372808529766154],[8.524782845541798,47.37279646814593],[8.524838705277995,47.37268383835835]]]}},{"type":"Feature","properties":{"source":"Microsoft Global ML Building Footprints"},"geometry":{"type":"Polygon","coordinates":[[[8.525339241547627,47.37650710381885],[8.5247943616316,47.37666075940768],[8.524604343062002,47.37635176316631],[8.52472548804029,47.376317594501025],[8.524866011442205,47.376546105137585],[8.524940015872588,47.37652523594346],[8.524918470593587,47.37649020625476],[8.52513247612924,47.37642984662413],[8.525095958469624,47.3763704637843],[8.525231662796319,47.37633219513171],[8.525339241547627,47.37650710381885]]]}},{"type":"Feature","properties":{"source":"Microsoft Global ML Building Footprints"},"geometry":{"type":"Polygon","coordinates":[[[8.526676770941627,47.371150701448],[8.526521194168364,47.371214098164636],[8.526308382297678,47.37097453605414],[8.526463963880815,47.370911144464074],[8.526676770941627,47.371150701448]]]}},{"type":"Feature","properties":{"source":"Microsoft Global ML Building Footprints"},"geometry":{"type":"Polygon","coordinates":[[[8.537616970458416,47.37484796316144],[8.537430338241695,47.37508091152661],[8.53717420550991,47.374986804466324],[8.537360856326274,47.37475386251925],[8.537616970458416,47.37484796316144]]]}},{"type":"Feature","properties":{"source":"Microsoft Global ML Building Footprints"},"geometry":{"type":"Polygon","coordinates":[[[8.5232656166695,47.3794528377205],[8.52299728769606,47.37959811313729],[8.522674696083756,47.379324934560096],[8.52299131862598,47.3791534966891],[8.52300123599199,47.37916189574411],[8.522952932143749,47.37918804800134],[8.5232656166695,47.3794528377205]]]}},{"type":"Feature","properties":{"source":"Microsoft Global ML Building Footprints"},"geometry":{"type":"Polygon","coordinates":[[[8.523531018758327,47.36867442061136],[8.52380884314866,47.368418640954054],[8.523920225918985,47.3684741366958],[8.523890779094208,47.368501247012304],[8.523930807277296,47.368521190769975],[8.5238603909572,47.368586019706676],[8.523853429534043,47.368582551231896],[8.523739483125095,47.36868745607666],[8.523882192299613,47.36875855962287],[8.523942366245878,47.36870316053586],[8.524022422612095,47.368743047890966],[8.523898233829318,47.368857382026576],[8.523531018758327,47.36867442061136]]]}},{"type":"Feature","properties":{"source":"Microsoft Global ML Building Footprints"},"geometry":{"type":"Polygon","coordinates":[[[8.526829824615444,47.372784042284934],[8.526565249935079,47.37288254675839],[8.526556292901804,47.37291238147318],[8.526507443530535,47.372905657647415],[8.52644902467726,47.37283369437464],[8.526505305687472,47.37276863032986],[8.52661212783656,47.37272885903955],[8.52661553406386,47.37272492124178],[8.526527743367826,47.372616775852514],[8.526468084782636,47.37263898757891],[8.526474231553527,47.37261850632865],[8.526371112497992,47.37273771809257],[8.52638111276049,47.372750036946734],[8.526347554921543,47.37286185243532],[8.526104031739843,47.37282833287536],[8.526075720615317,47.37279345777363],[8.526101868529391,47.372706332231914],[8.526126757376336,47.372709758046895],[8.52618657486202,47.372687487189495],[8.526246834276998,47.372617823686575],[8.526584721772142,47.37249202326818],[8.526598348505882,47.372508809479605],[8.526591461888327,47.372531755971416],[8.52664096551932,47.37255139528928],[8.526829824615444,47.372784042284934]]]}},{"type":"Feature","properties":{"source":"Microsoft Global ML Building Footprints"},"geometry":{"type":"Polygon","coordinates":[[[8.527284458444026,47.37030861155864],[8.527151397621786,47.37037678539185],[8.526805534330899,47.3700671541148],[8.52687547655799,47.370031318951796],[8.526908519058605,47.37006090007835],[8.526971635528335,47.370028559123256],[8.527284458444026,47.37030861155864]]]}},{"type":"Feature","properties":{"source":"Microsoft Global ML Building Footprints"},"geometry":{"type":"Polygon","coordinates":[[[8.531195954267584,47.36663925867173],[8.531290836688704,47.36669960535664],[8.531310229408735,47.36668561791654],[8.531412850702198,47.36675089144798],[8.531164585571904,47.36692995781426],[8.53096706920848,47.36680433482814],[8.531195954267584,47.36663925867173]]]}},{"type":"Feature","properties":{"source":"Microsoft Global ML Building Footprints"},"geometry":{"type":"Polygon","coordinates":[[[8.531698147185157,47.377472930778445],[8.531836167026793,47.3773799263366],[8.532312253385207,47.377703902319084],[8.532174216718351,47.37779691752703],[8.531698147185157,47.377472930778445]]]}},{"type":"Feature","properties":{"source":"Microsoft Global ML Building Footprints"},"geometry":{"type":"Polygon","coordinates":[[[8.526653803369664,47.37838656582741],[8.526501532186042,47.378448116291544],[8.526447684315478,47.37838703210506],[8.526599960189628,47.378325486890475],[8.526653803369664,47.37838656582741]]]}},{"type":"Feature","properties":{"source":"Microsoft Global ML Building Footprints"},"geometry":{"type":"Polygon","coordinates":[[[8.53640993718832,47.3685885034205],[8.536341695051899,47.368603157117086],[8.536350967674608,47.368622965248434],[8.536258353346602,47.368642852394096],[8.536235171789809,47.36859333207044],[8.536210799598262,47.368598565533496],[8.536166754640341,47.368504476799814],[8.536322736666438,47.36847098256754],[8.536359054438748,47.368548564567256],[8.536388301068625,47.368542284405585],[8.53640993718832,47.3685885034205]]]}},{"type":"Feature","properties":{"source":"Microsoft Global ML Building Footprints"},"geometry":{"type":"Polygon","coordinates":[[[8.53126929556482,47.37764580559805],[8.53045023653834,47.37821703058218],[8.530018101597268,47.37793290647507],[8.530195050519502,47.37780949929991],[8.530455988231541,47.37798106364256],[8.530488160762859,47.37795862601633],[8.530292112323137,47.37782972581966],[8.530857812665506,47.37743519503396],[8.53105662235086,47.37756591170215],[8.53110085958142,47.377535059720714],[8.53126929556482,47.37764580559805]]]}},{"type":"Feature","properties":{"source":"Microsoft Global ML Building Footprints"},"geometry":{"type":"Polygon","coordinates":[[[8.523192685786967,47.37297185248516],[8.523302458593292,47.37304067272478],[8.523031022794655,47.373239239971085],[8.522921249988329,47.373170419990586],[8.523192685786967,47.37297185248516]]]}},{"type":"Feature","properties":{"source":"Microsoft Global ML Building Footprints"},"geometry":{"type":"Polygon","coordinates":[[[8.530097706358251,47.37334994530868],[8.530212907784689,47.37334729161148],[8.53021217725665,47.37333277690892],[8.530517594991952,47.37332574152305],[8.530527365804872,47.37351987536528],[8.530128179466608,47.373529070703995],[8.530125622618394,47.37347826940262],[8.530104189794837,47.3734787631125],[8.530097706358251,47.37334994530868]]]}},{"type":"Feature","properties":{"source":"Microsoft Global ML Building Footprints"},"geometry":{"type":"Polygon","coordinates":[[[8.532382469053648,47.37212467176823],[8.53309183192637,47.37186624516546],[8.53311819445317,47.37189943452324],[8.533220129338064,47.371862303575334],[8.533422046629791,47.3721165087866],[8.532610751848635,47.37241206849723],[8.532382469053648,47.37212467176823]]]}},{"type":"Feature","properties":{"source":"Microsoft Global ML Building Footprints"},"geometry":{"type":"Polygon","coordinates":[[[8.537444145103468,47.368052064120924],[8.537363288577673,47.36816312915667],[8.537304223501723,47.36814340719383],[8.537289330579348,47.36816386709257],[8.53721380883233,47.36813865020894],[8.53726487028036,47.36806850191812],[8.537219557232127,47.368053371762045],[8.537254258214496,47.3680056994356],[8.537201135588797,47.36798795909962],[8.537218560349832,47.36796402427784],[8.537260893639345,47.36797815950806],[8.537253447178177,47.36798838949048],[8.537444145103468,47.368052064120924]]]}},{"type":"Feature","properties":{"source":"Microsoft Global ML Building Footprints"},"geometry":{"type":"Polygon","coordinates":[[[8.539384261421748,47.3721461973022],[8.539262514552682,47.37217936123336],[8.539243524424291,47.37217648448711],[8.53894177224129,47.372258696207204],[8.538890360186677,47.37225090555448],[8.538821810780446,47.37226958167468],[8.538736386765784,47.37225663706992],[8.538724291163344,47.37223627154976],[8.53873527371909,47.37220303084662],[8.53876848043103,47.372208061209314],[8.538785519547947,47.37215648918539],[8.538769882157844,47.372130164841245],[8.53884075163517,47.37214090061203],[8.538871194292206,47.37213260656421],[8.538914000607978,47.37200304508858],[8.539017423164337,47.3720187122492],[8.53899636294205,47.37208247499237],[8.539008273488399,47.37210252550086],[8.539139729155751,47.37206671060244],[8.539146983905312,47.37204475271475],[8.539299355296976,47.372003239311056],[8.539384261421748,47.3721461973022]]]}},{"type":"Feature","properties":{"source":"Microsoft Global ML Building Footprints"},"geometry":{"type":"Polygon","coordinates":[[[8.527053008125636,47.378168812494344],[8.527147470278855,47.37812557029983],[8.527217235634787,47.378109997070354],[8.527248371656707,47.378141188602186],[8.527305492394968,47.37812843794584],[8.527421670858178,47.37807526007787],[8.527468142243478,47.37806488658818],[8.527604346565338,47.37800254228957],[8.527614689912237,47.378000233902135],[8.527618770165892,47.37800861730328],[8.52769294874593,47.37808292054939],[8.527619833897075,47.378116390561026],[8.527607556399378,47.378119131180455],[8.52729220121673,47.37826347710606],[8.52730996968127,47.3782999844892],[8.527135775794953,47.378338868415945],[8.527053008125636,47.378168812494344]]]}},{"type":"Feature","properties":{"source":"Microsoft Global ML Building Footprints"},"geometry":{"type":"Polygon","coordinates":[[[8.532609990805046,47.37324378818458],[8.532938964616118,47.373179063129335],[8.532954770144565,47.37321591523372],[8.532956092760582,47.37321565501121],[8.53320512867663,47.37379616283946],[8.533264492371831,47.373784486072125],[8.533289643589818,47.37384311373483],[8.533158548762865,47.37386889989722],[8.533163895555074,47.37388136329222],[8.5331366877049,47.373886716323625],[8.53314714973958,47.37391110335924],[8.533364816622058,47.37386828862638],[8.533540156541722,47.374277005183025],[8.533291379378811,47.374325938876915],[8.533166369673864,47.37403447220061],[8.53314658140452,47.37403836451119],[8.533090542571266,47.37390770652231],[8.53300396889276,47.3739247354199],[8.532989599961155,47.37389123333014],[8.532895605681636,47.37390972185306],[8.532609990805046,47.37324378818458]]]}},{"type":"Feature","properties":{"source":"Microsoft Global ML Building Footprints"},"geometry":{"type":"Polygon","coordinates":[[[8.525466276528961,47.372671445317025],[8.525816652627455,47.3721580697187],[8.525998991327235,47.37221514561343],[8.525974472156662,47.37225106610436],[8.526015352917359,47.37226386263556],[8.525847826153058,47.372509325151846],[8.525759423617725,47.37248165343841],[8.525672595721572,47.37260887448178],[8.525702405725797,47.37261820557215],[8.525696275933164,47.372627185628566],[8.52584327176431,47.372673198048545],[8.525777895466057,47.37276898769121],[8.525466276528961,47.372671445317025]]]}},{"type":"Feature","properties":{"source":"Microsoft Global ML Building Footprints"},"geometry":{"type":"Polygon","coordinates":[[[8.53479026902865,47.37721253618196],[8.534314495622016,47.37743507091948],[8.534377945580506,47.37749728209578],[8.534002035968665,47.37767308859246],[8.533689018388412,47.37736618260551],[8.534540689104801,47.37696782725335],[8.53479026902865,47.37721253618196]]]}},{"type":"Feature","properties":{"source":"Microsoft Global ML Building Footprints"},"geometry":{"type":"Polygon","coordinates":[[[8.527962305885644,47.377571635212774],[8.528129589798205,47.377498187971796],[8.528194476311288,47.37756596280251],[8.528027197330461,47.37763940778379],[8.527962305885644,47.377571635212774]]]}},{"type":"Feature","properties":{"source":"Microsoft Global ML Building Footprints"},"geometry":{"type":"Polygon","coordinates":[[[8.534442383629962,47.378913534210454],[8.534090699011735,47.37901628790325],[8.53406825541747,47.378981071704416],[8.53377430380538,47.37906695712056],[8.533799674824984,47.379106766670056],[8.533566774701558,47.37917481419522],[8.533558429644831,47.37916172002552],[8.53312721775048,47.37887426368565],[8.53311374324337,47.378853117379876],[8.533424256069623,47.378762392813016],[8.533414800746456,47.37876889698699],[8.533433630863643,47.37878144876664],[8.533477201711651,47.378768718378616],[8.533497405900775,47.378782186087065],[8.533440791074707,47.37882113054406],[8.534000309878916,47.37865765205723],[8.533991130110369,47.37866396669388],[8.53423749187392,47.378591985317875],[8.534442383629962,47.378913534210454]]]}},{"type":"Feature","properties":{"source":"Microsoft Global ML Building Footprints"},"geometry":{"type":"Polygon","coordinates":[[[8.526030930729398,47.371003132039554],[8.525930050936438,47.37104389586733],[8.525946573787486,47.37106265054594],[8.525891188803087,47.371085030665306],[8.525801493325922,47.37098321951588],[8.525845010099387,47.370965635103225],[8.52581475880104,47.370931297536224],[8.525868167395029,47.370909718511015],[8.525890591954877,47.37093517213613],[8.525949934837085,47.37091119544268],[8.526030930729398,47.371003132039554]]]}},{"type":"Feature","properties":{"source":"Microsoft Global ML Building Footprints"},"geometry":{"type":"Polygon","coordinates":[[[8.538176071383292,47.375484883259205],[8.538197820790966,47.37554483787169],[8.538163987217743,47.37555046639039],[8.538142231966464,47.37549051275644],[8.538176071383292,47.375484883259205]]]}},{"type":"Feature","properties":{"source":"Microsoft Global ML Building Footprints"},"geometry":{"type":"Polygon","coordinates":[[[8.528016297678441,47.37836487805017],[8.528121893461877,47.378457663150414],[8.527995683449197,47.3785235252337],[8.527913434345628,47.37845125454209],[8.527948771953389,47.378432812091056],[8.527925429544222,47.37841230154376],[8.528016297678441,47.37836487805017]]]}},{"type":"Feature","properties":{"source":"Microsoft Global ML Building Footprints"},"geometry":{"type":"Polygon","coordinates":[[[8.528566836369315,47.371383529229526],[8.529238792302731,47.37195549584352],[8.5292395050414,47.37196295174499],[8.529283301870002,47.372000231236534],[8.529292026803938,47.37209150191205],[8.5289076182117,47.37229863233484],[8.528886617086862,47.37229955310274],[8.528821104835158,47.372243789932725],[8.528817356250995,47.37220457649505],[8.52903972991204,47.372084765586514],[8.528960234030322,47.3720882472295],[8.528563243153071,47.37175033154017],[8.528631443794445,47.3717135827473],[8.528781094582406,47.37184097593702],[8.528815484087131,47.371839468159315],[8.528992051888672,47.37198976137531],[8.529071127275909,47.37198629439395],[8.528488656482352,47.37149049787538],[8.528001450064103,47.37151185915121],[8.528162653329478,47.37164907505624],[8.52805753151027,47.37170571329389],[8.527810820232542,47.37149571321617],[8.527805334826493,47.37143833029287],[8.527862677609054,47.3714074346154],[8.527870462797708,47.37141406137415],[8.528566836369315,47.371383529229526]]]}},{"type":"Feature","properties":{"source":"Microsoft Global ML Building Footprints"},"geometry":{"type":"Polygon","coordinates":[[[8.53115595540892,47.37918826921478],[8.531273733361271,47.379384735133804],[8.531286771681653,47.37938115060517],[8.530888376877268,47.37976022723042],[8.53077798619843,47.37970703201238],[8.530800793679095,47.379685330518946],[8.530731354381142,47.37965186896955],[8.530780974220459,47.379604655249665],[8.530802530333514,47.37959873003369],[8.530738956669982,47.37949270132882],[8.53025885573713,47.37962466872152],[8.530309333233635,47.37970886984758],[8.530631787731537,47.37962023558133],[8.530659945880789,47.379633804497956],[8.530722501301074,47.379738134690356],[8.5307037142492,47.37975600893966],[8.53076902822275,47.37986493960153],[8.530265878993667,47.380003265238145],[8.530148827510043,47.37980801343765],[8.53018988602523,47.37976894601281],[8.530269239404298,47.37974713389324],[8.53024680164069,47.37970971212711],[8.53019395773288,47.37972423751399],[8.530141282845909,47.37977435802391],[8.530034877816481,47.37972308343095],[8.529972903919706,47.37961972307733],[8.529955427045879,47.379624527014485],[8.530112398802952,47.37947516676481],[8.53115595540892,47.37918826921478]]]}},{"type":"Feature","properties":{"source":"Microsoft Global ML Building Footprints"},"geometry":{"type":"Polygon","coordinates":[[[8.539218153944454,47.37241450939328],[8.539092111942459,47.372413386242464],[8.539091300361816,47.37245515787827],[8.538941122657263,47.37245381965705],[8.538941263801721,47.372446555026926],[8.538833994012789,47.37244559915447],[8.538836005321308,47.37234207806463],[8.538825278342404,47.372341982477174],[8.53882630163973,47.37228931377444],[8.539220518114155,47.37229282661604],[8.539218153944454,47.37241450939328]]]}},{"type":"Feature","properties":{"source":"Microsoft Global ML Building Footprints"},"geometry":{"type":"Polygon","coordinates":[[[8.52220734346815,47.37553050507645],[8.52233272094451,47.375499444363264],[8.52233272094451,47.375499444363264],[8.522574013446128,47.37543966709019],[8.522663151251585,47.37560467002186],[8.522544870613501,47.375633972523474],[8.522607180535765,47.375749314007926],[8.52250545918702,47.37577451409116],[8.522625751953568,47.37599718641465],[8.522751129429928,47.37596612597636],[8.522678434520635,47.37583156143994],[8.522789618320402,47.37580401719209],[8.522852793658245,47.375920960262704],[8.522968708683543,47.37589224396757],[8.522877840046927,47.37572403800771],[8.523008823744815,47.375691588541414],[8.523068527344439,47.375802126511076],[8.523105512228476,47.37579296401434],[8.523192053787154,47.37595315996936],[8.522524950988473,47.37611842477321],[8.52220734346815,47.37553050507645]]]}},{"type":"Feature","properties":{"source":"Microsoft Global ML Building Footprints"},"geometry":{"type":"Polygon","coordinates":[[[8.526851883153558,47.37246066659829],[8.526900509058501,47.37243154320423],[8.526932851584679,47.37245631011818],[8.526962260322005,47.37245829089269],[8.526983461879354,47.3724745263877],[8.527041570187599,47.372495282378765],[8.527066266773694,47.3724804897541],[8.52729586626991,47.37256250146513],[8.527496902438983,47.37257604187892],[8.527522910893971,47.372595958301865],[8.527715762911129,47.37260894747931],[8.527740831367318,47.37261790178206],[8.52809796203212,47.372641955619926],[8.528113567105112,47.372653905459664],[8.528227865088631,47.37266160377287],[8.52825714652051,47.372654994637806],[8.52836053543722,47.372734166320896],[8.5280525273031,47.372918639547606],[8.528045632317518,47.37296559032165],[8.52793824623653,47.3730299112211],[8.527279490221794,47.37279460884243],[8.527300195671907,47.37265361638988],[8.527238084724242,47.372649433030126],[8.527178561064762,47.37272586134793],[8.527120222724802,47.37270502328182],[8.52707988621475,47.37272918180481],[8.527082335650444,47.37271250252643],[8.526911402084743,47.37258160735201],[8.526851883153558,47.37246066659829]]]}},{"type":"Feature","properties":{"source":"Microsoft Global ML Building Footprints"},"geometry":{"type":"Polygon","coordinates":[[[8.527118371382642,47.37880612747091],[8.527003350421847,47.37886637370584],[8.52697129530065,47.37887154347496],[8.526710796356195,47.379008000949334],[8.526725825141451,47.37900557715108],[8.526500393362607,47.37912366507043],[8.526475345387192,47.379127704725065],[8.526072898505653,47.37933851778462],[8.525924066235024,47.37920824063029],[8.52591578827251,47.379184705670205],[8.526011992730949,47.379134310983446],[8.526000122164458,47.3791005718049],[8.526094616160687,47.3790510730293],[8.52611273471798,47.37904815092408],[8.526200199541844,47.37912471859132],[8.526144712111513,47.37915378452851],[8.5261196641361,47.379157824180844],[8.52607960012719,47.379178810867664],[8.52611513418025,47.37920991770421],[8.52693953737704,47.37877810910419],[8.52691127243489,47.37869774874148],[8.526733483556711,47.378790880447916],[8.5266889042832,47.37875185502918],[8.526677761686713,47.378720175391514],[8.526951256920295,47.378576909264105],[8.52699503277016,47.37856984916586],[8.526999384090782,47.37858222049058],[8.52705751673696,47.37863311090947],[8.527118371382642,47.37880612747091]]]}},{"type":"Feature","properties":{"source":"Microsoft Global ML Building Footprints"},"geometry":{"type":"Polygon","coordinates":[[[8.528553994282122,47.377766476709276],[8.52868000151393,47.37788837995801],[8.52849277953801,47.37797712002195],[8.5283667723062,47.377855216978375],[8.528553994282122,47.377766476709276]]]}},{"type":"Feature","properties":{"source":"Microsoft Global ML Building Footprints"},"geometry":{"type":"Polygon","coordinates":[[[8.531954309453234,47.37729252968996],[8.532426238761346,47.37699310596805],[8.532553373896686,47.37708499254141],[8.532534237625757,47.377097133891795],[8.532862099405483,47.37733411201012],[8.53267556843949,47.37745245924946],[8.532559139420822,47.37736831108541],[8.532589134461634,47.3773492802903],[8.532522947604718,47.37730144417918],[8.532457241887492,47.37734312905334],[8.532503357070166,47.37737645847346],[8.532272803753527,47.37752273616658],[8.531954309453234,47.37729252968996]]]}},{"type":"Feature","properties":{"source":"Microsoft Global ML Building Footprints"},"geometry":{"type":"Polygon","coordinates":[[[8.539520960684616,47.37699562925723],[8.53920674900646,47.377060394003344],[8.539008743990317,47.37661988158802],[8.539509518852334,47.37651666187393],[8.539698557603629,47.37693722746006],[8.539511994419726,47.37697568158026],[8.539520960684616,47.37699562925723]]]}},{"type":"Feature","properties":{"source":"Microsoft Global ML Building Footprints"},"geometry":{"type":"Polygon","coordinates":[[[8.528658655327511,47.3702525197429],[8.528590649595866,47.370329531805105],[8.528561015615516,47.37031752895986],[8.528629022260752,47.37024051584552],[8.528658655327511,47.3702525197429]]]}},{"type":"Feature","properties":{"source":"Microsoft Global ML Building Footprints"},"geometry":{"type":"Polygon","coordinates":[[[8.531952294223611,47.366669522459745],[8.53211109067544,47.366724315390066],[8.532018875875401,47.36684691330259],[8.531975060111625,47.36683179465491],[8.53195119014838,47.36686352494376],[8.531799998612168,47.36681135623884],[8.53189330846837,47.36668731942391],[8.531929509258735,47.36669981055635],[8.531952294223611,47.366669522459745]]]}},{"type":"Feature","properties":{"source":"Microsoft Global ML Building Footprints"},"geometry":{"type":"Polygon","coordinates":[[[8.53232612806985,47.36735387471704],[8.532532874894269,47.367460679773934],[8.532514595523452,47.367455656691696],[8.532383231258148,47.367572305043495],[8.532339143009096,47.36754952919556],[8.532312377963077,47.36757329590023],[8.532318474322853,47.36756311901182],[8.532230264296569,47.367641447291795],[8.53222635524213,47.36764797394351],[8.532365067816038,47.367686084758226],[8.532373600289564,47.367678508148266],[8.532390129423625,47.36768305025479],[8.532442719860192,47.36771021823557],[8.532623365493883,47.36775985851704],[8.53260837129696,47.36778489312965],[8.532686210977541,47.36782510467269],[8.532636652288428,47.36790784870862],[8.532108154917442,47.36776264629053],[8.531961615397163,47.36768694467995],[8.531973630201595,47.367666884484656],[8.53232612806985,47.36735387471704]]]}},{"type":"Feature","properties":{"source":"Microsoft Global ML Building Footprints"},"geometry":{"type":"Polygon","coordinates":[[[8.523032874867589,47.37456997707877],[8.52312784159427,47.374569076858776],[8.52312844219528,47.37459813354115],[8.523033478470996,47.374599033732174],[8.523032874867589,47.37456997707877]]]}},{"type":"Feature","properties":{"source":"Microsoft Global ML Building Footprints"},"geometry":{"type":"Polygon","coordinates":[[[8.524174699900993,47.37570313129396],[8.524743306019262,47.37556730605623],[8.524788743454916,47.37565453583456],[8.524654278366013,47.37568665603136],[8.524645337486657,47.37566949495691],[8.524552311027001,47.3756917209526],[8.524569983870709,47.37572564209159],[8.524449210378622,47.37575449740969],[8.524458145374405,47.37577165056636],[8.524374656423692,47.37579159385352],[8.524491615748836,47.37601612851705],[8.524607645248086,47.37598841227532],[8.524636259051972,47.37604333310072],[8.524676809937702,47.37603364662112],[8.524603592263059,47.37589311378092],[8.524738038375341,47.375860998242906],[8.524832278982618,47.37604191809627],[8.524404451914487,47.37614411398701],[8.524174699900993,47.37570313129396]]]}},{"type":"Feature","properties":{"source":"Microsoft Global ML Building Footprints"},"geometry":{"type":"Polygon","coordinates":[[[8.526443179994523,47.37315624549809],[8.526516475655184,47.37314071992975],[8.526537872707753,47.373187048110246],[8.526308212971045,47.37323569483302],[8.526267711407263,47.37314800225217],[8.526424075483309,47.37311488102902],[8.526443179994523,47.37315624549809]]]}},{"type":"Feature","properties":{"source":"Microsoft Global ML Building Footprints"},"geometry":{"type":"Polygon","coordinates":[[[8.53045780587166,47.36934329816781],[8.530576135963702,47.369240417548895],[8.530660629630127,47.369284994484204],[8.530615774807512,47.3693239894359],[8.530717594188037,47.36937771176024],[8.530760506043787,47.36934040598318],[8.530877347955851,47.369402054528265],[8.530760961633872,47.36950323576123],[8.53045780587166,47.36934329816781]]]}},{"type":"Feature","properties":{"source":"Microsoft Global ML Building Footprints"},"geometry":{"type":"Polygon","coordinates":[[[8.534359831389079,47.37811375900247],[8.53396210545657,47.37828953113431],[8.53332255925845,47.377625892257214],[8.533698771887819,47.37745962569817],[8.53384116605092,47.377607385254976],[8.53385135594429,47.377602881853505],[8.53388766720105,47.37764055720999],[8.53384816487496,47.37765801329127],[8.533869553409744,47.37768020530611],[8.533920340487807,47.3776577600934],[8.534359831389079,47.37811375900247]]]}},{"type":"Feature","properties":{"source":"Microsoft Global ML Building Footprints"},"geometry":{"type":"Polygon","coordinates":[[[8.530950945191758,47.37833221831456],[8.531453028844371,47.37805350252811],[8.531478653279025,47.37807466714247],[8.531521962523216,47.37805062327971],[8.531512756996156,47.37804301993172],[8.531639476636617,47.37797266929722],[8.531785449994217,47.378093236704366],[8.531825551146257,47.37807097387669],[8.531973534511659,47.37819320122975],[8.531405682712876,47.37850842516852],[8.531440514299252,47.37853719422002],[8.53132181488923,47.378603091579954],[8.531279732479833,47.37856833377291],[8.53122767250774,47.37859723546581],[8.531253327846873,47.37861842719646],[8.531146584903869,47.37867768163802],[8.530621203306081,47.378243743663724],[8.530781607914237,47.37815469255085],[8.530902594841274,47.37825462196829],[8.530875326057883,47.37826976063939],[8.530950945191758,47.37833221831456]]]}},{"type":"Feature","properties":{"source":"Microsoft Global ML Building Footprints"},"geometry":{"type":"Polygon","coordinates":[[[8.52293793228883,47.36937609776754],[8.522839098472978,47.36946199651462],[8.522653858301496,47.36936423317247],[8.522752692117347,47.36927833426618],[8.52293793228883,47.36937609776754]]]}},{"type":"Feature","properties":{"source":"Microsoft Global ML Building Footprints"},"geometry":{"type":"Polygon","coordinates":[[[8.532952925740576,47.36965824312569],[8.532916232969434,47.36968908101701],[8.532860942966298,47.369658905109496],[8.53289763573744,47.36962806720052],[8.532952925740576,47.36965824312569]]]}},{"type":"Feature","properties":{"source":"Microsoft Global ML Building Footprints"},"geometry":{"type":"Polygon","coordinates":[[[8.525075273250767,47.37883262262764],[8.52475916241454,47.3789621363905],[8.524678380158734,47.37887172872792],[8.524994490994962,47.378742214743],[8.525075273250767,47.37883262262764]]]}},{"type":"Feature","properties":{"source":"Microsoft Global ML Building Footprints"},"geometry":{"type":"Polygon","coordinates":[[[8.525949186686702,47.376975291339626],[8.525954344229497,47.37698018171983],[8.525972500382238,47.37702283005419],[8.525969777586887,47.37702024830277],[8.526004065404273,47.377100769862295],[8.525911508668319,47.377118838528155],[8.525862642798048,47.377142470620754],[8.52582158270684,47.37710353756445],[8.525757249031853,47.37713465311983],[8.525764112356962,47.37715077485026],[8.525822584072671,47.3772062174988],[8.52583192610226,47.377228161595546],[8.525681922509115,47.377300704861234],[8.525651017754639,47.37727140402713],[8.525577495757988,47.37728575673873],[8.525587209101676,47.377308573004505],[8.52564368870787,47.377362126583385],[8.525512467627866,47.377425592497715],[8.525497537861725,47.377428507027155],[8.525470000314442,47.37740239871018],[8.525467111161484,47.37739561386278],[8.5253753145895,47.377308573004505],[8.52535947998723,47.37727137813579],[8.525382475668831,47.37726025719022],[8.525344687597439,47.377267634049744],[8.525949186686702,47.376975291339626]]]}},{"type":"Feature","properties":{"source":"Microsoft Global ML Building Footprints"},"geometry":{"type":"Polygon","coordinates":[[[8.532980152693227,47.36752549330844],[8.53291153159898,47.36756556504102],[8.532761637606043,47.367447816102],[8.532830251721112,47.36740774835548],[8.532980152693227,47.36752549330844]]]}},{"type":"Feature","properties":{"source":"Microsoft Global ML Building Footprints"},"geometry":{"type":"Polygon","coordinates":[[[8.538590195517957,47.37058229926763],[8.538654625464934,47.370610423465976],[8.538638747558425,47.37062710758853],[8.538574317611447,47.37059898339909],[8.538590195517957,47.37058229926763]]]}},{"type":"Feature","properties":{"source":"Microsoft Global ML Building Footprints"},"geometry":{"type":"Polygon","coordinates":[[[8.526973530485446,47.37352827003823],[8.526344691783256,47.37373264530258],[8.526182502713722,47.37350381053708],[8.526329559329927,47.37345601637219],[8.526433138780703,47.373602179588744],[8.526481100901897,47.37358659168381],[8.526446574418305,47.373537870642245],[8.526543688810673,47.37350630798503],[8.526505615442254,47.37345258961004],[8.526613431682112,47.37341754363149],[8.526595005599331,47.37339154212379],[8.526629887142025,47.37338020542084],[8.526600185760831,47.373338293020595],[8.526558765059683,47.37335175696149],[8.52649220965889,47.373257838787914],[8.526727660072018,47.37318131580167],[8.526973530485446,47.37352827003823]]]}},{"type":"Feature","properties":{"source":"Microsoft Global ML Building Footprints"},"geometry":{"type":"Polygon","coordinates":[[[8.527623254089566,47.37195614928435],[8.527416338260775,47.37205812853487],[8.527399748755645,47.37204269041413],[8.527042029865214,47.37221899311167],[8.526916970518737,47.372102613675914],[8.527059005960545,47.372032611050315],[8.526778260488875,47.371771349810274],[8.527307824728613,47.37151035025466],[8.527349180793946,47.37154883640778],[8.527536814106952,47.37145636862725],[8.527888495454036,47.371783644417455],[8.527713143056754,47.37187006780655],[8.527394114111694,47.371573179018455],[8.527274874481563,47.37163194717299],[8.527623254089566,47.37195614928435]]]}},{"type":"Feature","properties":{"source":"Microsoft Global ML Building Footprints"},"geometry":{"type":"Polygon","coordinates":[[[8.539086882585751,47.36969103609047],[8.539051442792772,47.36977302086705],[8.538774750733268,47.3697181588878],[8.538810190526247,47.36963617402595],[8.539086882585751,47.36969103609047]]]}},{"type":"Feature","properties":{"source":"Microsoft Global ML Building Footprints"},"geometry":{"type":"Polygon","coordinates":[[[8.533802670243137,47.3736086859434],[8.534517509553803,47.37333773433219],[8.534611246303365,47.37345115247723],[8.53389640699274,47.37372210350572],[8.533802670243137,47.3736086859434]]]}},{"type":"Feature","properties":{"source":"Microsoft Global ML Building Footprints"},"geometry":{"type":"Polygon","coordinates":[[[8.525673466940468,47.375670241433035],[8.525587521095268,47.37549117490346],[8.525951410054194,47.37541108071329],[8.526033413429444,47.375581933454676],[8.525912117109815,47.37560863144508],[8.525947599339489,47.375682557903026],[8.525850562283779,47.375703916255674],[8.525819022524054,47.37563820388036],[8.525673466940468,47.375670241433035]]]}},{"type":"Feature","properties":{"source":"Microsoft Global ML Building Footprints"},"geometry":{"type":"Polygon","coordinates":[[[8.531796519468315,47.37518319728323],[8.531584548618362,47.375315339792344],[8.53156648173961,47.375302049262615],[8.531367584522393,47.375426050833404],[8.53125733818953,47.375344950492284],[8.531733546674335,47.37504808209265],[8.531832449428084,47.37512083818935],[8.531767115946938,47.37516156712837],[8.531796519468315,47.37518319728323]]]}},{"type":"Feature","properties":{"source":"Microsoft Global ML Building Footprints"},"geometry":{"type":"Polygon","coordinates":[[[8.533055219806274,47.37162987862004],[8.533031111738932,47.37166026146525],[8.532841726713709,47.371591329329924],[8.532865829254273,47.37156095341035],[8.533055219806274,47.37162987862004]]]}},{"type":"Feature","properties":{"source":"Microsoft Global ML Building Footprints"},"geometry":{"type":"Polygon","coordinates":[[[8.53269617440802,47.36675512122159],[8.532226340321385,47.36715249148088],[8.532112899257402,47.36709096773178],[8.532124677200583,47.36708100548807],[8.532085453763925,47.36705973298635],[8.532246418987356,47.3669235820787],[8.532205561240808,47.366901423156435],[8.532307636748374,47.36681508333811],[8.532345919495867,47.366835845761315],[8.53238910758737,47.366799318595795],[8.532364593776549,47.36678602366622],[8.532516406461932,47.366657624911895],[8.53269617440802,47.36675512122159]]]}},{"type":"Feature","properties":{"source":"Microsoft Global ML Building Footprints"},"geometry":{"type":"Polygon","coordinates":[[[8.538932408029565,47.373238804904176],[8.538994332854394,47.37314491705252],[8.539034582331624,47.37315709224715],[8.538972657506797,47.37325098007712],[8.538932408029565,47.373238804904176]]]}},{"type":"Feature","properties":{"source":"Microsoft Global ML Building Footprints"},"geometry":{"type":"Polygon","coordinates":[[[8.524097131769395,47.37523769570935],[8.524193948668692,47.375308305141004],[8.524008143185494,47.37542513984844],[8.523911319801623,47.37535452584402],[8.524097131769395,47.37523769570935]]]}},{"type":"Feature","properties":{"source":"Microsoft Global ML Building Footprints"},"geometry":{"type":"Polygon","coordinates":[[[8.524137799752257,47.376752462582836],[8.524448322405366,47.376666764789704],[8.524310521458114,47.37643779449044],[8.524071304006867,47.376503813830084],[8.524006621929573,47.376396337767005],[8.524402250791283,47.37628715166884],[8.524662853943221,47.37672017072928],[8.524494941693757,47.37676651098778],[8.5245005662222,47.376775856675465],[8.524040532662074,47.37690281605666],[8.523783679195818,47.37647602898984],[8.523944690941834,47.37643159288154],[8.524137799752257,47.376752462582836]]]}},{"type":"Feature","properties":{"source":"Microsoft Global ML Building Footprints"},"geometry":{"type":"Polygon","coordinates":[[[8.528154377319122,47.366933363646254],[8.52806709499835,47.36699890168454],[8.5279659068385,47.36693708225299],[8.528050513913804,47.36687354798437],[8.528101424336562,47.36690464859835],[8.528104092439502,47.366902645186464],[8.528154377319122,47.366933363646254]]]}},{"type":"Feature","properties":{"source":"Microsoft Global ML Building Footprints"},"geometry":{"type":"Polygon","coordinates":[[[8.53297245225702,47.36868703666816],[8.533194649127601,47.36833989505556],[8.534127985207984,47.36861388617861],[8.534049118393266,47.36873712054204],[8.534049118393266,47.36873712054204],[8.533905818536724,47.368961034853186],[8.53297245225702,47.36868703666816]]]}},{"type":"Feature","properties":{"source":"Microsoft Global ML Building Footprints"},"geometry":{"type":"Polygon","coordinates":[[[8.522476327432532,47.37358264269372],[8.522285354951581,47.37369972521186],[8.522222636334163,47.37365280488328],[8.522413606150163,47.37353572389482],[8.522476327432532,47.37358264269372]]]}},{"type":"Feature","properties":{"source":"Microsoft Global ML Building Footprints"},"geometry":{"type":"Polygon","coordinates":[[[8.528324541175607,47.37866116669145],[8.528521726700195,47.37886051779326],[8.5283060769479,47.37895832533471],[8.528257714176073,47.37890942647273],[8.52834745446971,47.37886872491484],[8.52828916692468,47.378809797318304],[8.527863308497636,47.37900294462187],[8.527887394663498,47.37902729519506],[8.527891097900095,47.379025615778254],[8.527938225525379,47.37907326071882],[8.527794769065107,47.379138318086746],[8.52763303974481,47.378974796414816],[8.528324541175607,47.37866116669145]]]}},{"type":"Feature","properties":{"source":"Microsoft Global ML Building Footprints"},"geometry":{"type":"Polygon","coordinates":[[[8.528479843028105,47.37041675641093],[8.528498274848694,47.370386618186345],[8.528524772831183,47.37039405127601],[8.528506337696523,47.37042418982254],[8.528479843028105,47.37041675641093]]]}},{"type":"Feature","properties":{"source":"Microsoft Global ML Building Footprints"},"geometry":{"type":"Polygon","coordinates":[[[8.530771210739356,47.36982754371851],[8.53098220627572,47.36995060043417],[8.530930482265525,47.369991279765415],[8.530891979430404,47.3699688241991],[8.530784552640021,47.37005331197663],[8.530635161639811,47.369966184428385],[8.53073662536811,47.369886386282616],[8.530713524466478,47.36987291228843],[8.530771210739356,47.36982754371851]]]}},{"type":"Feature","properties":{"source":"Microsoft Global ML Building Footprints"},"geometry":{"type":"Polygon","coordinates":[[[8.539530217208085,47.37238088631263],[8.539552258523898,47.37229550682826],[8.539640749865832,47.37230598016803],[8.53961870749934,47.37239136370541],[8.539530217208085,47.37238088631263]]]}},{"type":"Feature","properties":{"source":"Microsoft Global ML Building Footprints"},"geometry":{"type":"Polygon","coordinates":[[[8.52891370943147,47.378112672533256],[8.529001932778616,47.378211937513335],[8.528585380511299,47.378381696955145],[8.528494792337655,47.378279783355104],[8.52858055402141,47.37824482841828],[8.528582923995508,47.37824749500334],[8.52891370943147,47.378112672533256]]]}},{"type":"Feature","properties":{"source":"Microsoft Global ML Building Footprints"},"geometry":{"type":"Polygon","coordinates":[[[8.529474600087031,47.37550589086043],[8.529573418498003,47.37556997147411],[8.529406562384638,47.375687977890976],[8.529422471761734,47.37569829383438],[8.529378977856057,47.3757290519318],[8.529866796766242,47.376045384969],[8.529753544580775,47.376125480139926],[8.529150966691187,47.37573475890488],[8.529474600087031,47.37550589086043]]]}},{"type":"Feature","properties":{"source":"Microsoft Global ML Building Footprints"},"geometry":{"type":"Polygon","coordinates":[[[8.529587112080712,47.3728916795097],[8.52960953396558,47.372895882705215],[8.529589535224718,47.372944810970246],[8.529567113339809,47.372940607778624],[8.529587112080712,47.3728916795097]]]}},{"type":"Feature","properties":{"source":"Microsoft Global ML Building Footprints"},"geometry":{"type":"Polygon","coordinates":[[[8.523433170460981,47.372507711726506],[8.523744047649453,47.372699414999815],[8.523605182844358,47.372802695881624],[8.523294305655886,47.37261099298375],[8.523433170460981,47.372507711726506]]]}},{"type":"Feature","properties":{"source":"Microsoft Global ML Building Footprints"},"geometry":{"type":"Polygon","coordinates":[[[8.530560996533193,47.36898963367769],[8.530551282497019,47.36899824978201],[8.530677722215634,47.36906363823563],[8.53055676045203,47.36917091817567],[8.530219611792038,47.368996545531],[8.530350283885703,47.368880653190786],[8.530560996533193,47.36898963367769]]]}},{"type":"Feature","properties":{"source":"Microsoft Global ML Building Footprints"},"geometry":{"type":"Polygon","coordinates":[[[8.527353818902483,47.374520999561376],[8.527507327963026,47.37438093947613],[8.527597980069089,47.37442650937579],[8.527966941312046,47.374089903448905],[8.52790912319727,47.37406084142504],[8.527983574795597,47.37399291200753],[8.527894399520154,47.37394808835411],[8.5277891339644,47.374044123335445],[8.527743418915215,47.37402114484622],[8.527576013613514,47.374173884742504],[8.527426302739816,47.37409862621414],[8.527792690779483,47.37376436576777],[8.528331509559237,47.37403520158527],[8.527929727658048,47.374401784868425],[8.527925265112636,47.37439954180321],[8.527616638380305,47.37468110262705],[8.527422240004029,47.37458338094692],[8.527442020606744,47.37456533337104],[8.527353818902483,47.374520999561376]]]}},{"type":"Feature","properties":{"source":"Microsoft Global ML Building Footprints"},"geometry":{"type":"Polygon","coordinates":[[[8.528425986306424,47.37556144780266],[8.528385355882477,47.37560403551647],[8.527831253273561,47.37591539763183],[8.527802255214368,47.37589173245124],[8.52774189328699,47.37592565101432],[8.527759687569638,47.37594017283714],[8.527822387661118,47.375967604536335],[8.52784067943961,47.37595732603403],[8.52792733332048,47.376028049707024],[8.527973583548928,47.37604828445144],[8.528037678199833,47.376100596039294],[8.527980985065767,47.37616001963531],[8.527936883528305,47.37618480103913],[8.527807910592813,47.37612837475511],[8.52755724658734,47.37592380950685],[8.527597823104287,47.37588127855481],[8.528445754049185,47.37540480695445],[8.528501485604796,47.37542919012199],[8.528535069495945,47.37545659801807],[8.528668051863422,47.375514779188244],[8.528965667328974,47.375757663010425],[8.528904578688469,47.37582169422341],[8.528737064914456,47.37574840561947],[8.52866989713216,47.37569359011641],[8.528622704810228,47.37567294306163],[8.528639820913323,47.375655002451914],[8.528425986306424,47.37556144780266]]]}},{"type":"Feature","properties":{"source":"Microsoft Global ML Building Footprints"},"geometry":{"type":"Polygon","coordinates":[[[8.536798117973436,47.370661629795514],[8.536800998477553,47.370663441358005],[8.536702877370832,47.370735002772555],[8.536537254164642,47.37063083375355],[8.536904193827496,47.370363217306135],[8.537066942309629,47.370465571069],[8.536798117973436,47.370661629795514]]]}},{"type":"Feature","properties":{"source":"Microsoft Global ML Building Footprints"},"geometry":{"type":"Polygon","coordinates":[[[8.523680109457752,47.375052322694714],[8.523734090383401,47.37501497497393],[8.523717569068046,47.37501898261117],[8.524206740436057,47.3746805390007],[8.524313990822549,47.37465452270104],[8.524371108618244,47.37469238266876],[8.524519058107302,47.374972088224915],[8.52456862205337,47.3750049410016],[8.524591093636724,47.37504742444401],[8.5244894460935,47.37511775114725],[8.524360438794778,47.375032240582414],[8.524225758641348,47.374777621688324],[8.52417470400583,47.37481294243419],[8.524193816261008,47.374849075063814],[8.523931281497958,47.375030715010496],[8.523935411826798,47.37502971310143],[8.523860722491602,47.375081388304174],[8.52389012117209,47.375136967618054],[8.523956682585151,47.375120821601485],[8.524005219056313,47.37521258153002],[8.52387483116515,47.37524421008147],[8.52382911959654,47.37527583635597],[8.523781687181064,47.37524439659684],[8.523680109457752,47.375052322694714]]]}},{"type":"Feature","properties":{"source":"Microsoft Global ML Building Footprints"},"geometry":{"type":"Polygon","coordinates":[[[8.524212778165733,47.375579079061886],[8.524059419511797,47.375614956561016],[8.524013889819702,47.37552570796592],[8.524167248473677,47.37548983040607],[8.524212778165733,47.375579079061886]]]}},{"type":"Feature","properties":{"source":"Microsoft Global ML Building Footprints"},"geometry":{"type":"Polygon","coordinates":[[[8.526074169631057,47.378562537826916],[8.52574975886169,47.37870939774109],[8.525699404409801,47.378658388929004],[8.525666035365994,47.37867349341858],[8.525617705758517,47.37862453573155],[8.525975496061783,47.37846258166179],[8.526074169631057,47.378562537826916]]]}},{"type":"Feature","properties":{"source":"Microsoft Global ML Building Footprints"},"geometry":{"type":"Polygon","coordinates":[[[8.529399428615942,47.37767470822226],[8.529540547996643,47.377610996534116],[8.529723768436185,47.37779708848809],[8.529686631757052,47.3778138546701],[8.52971386722777,47.377841516922715],[8.529537468001905,47.377921156172675],[8.529452047661863,47.377834397371885],[8.52952446418616,47.377801703324764],[8.529399428615942,47.37767470822226]]]}},{"type":"Feature","properties":{"source":"Microsoft Global ML Building Footprints"},"geometry":{"type":"Polygon","coordinates":[[[8.531136453917698,47.369327548901445],[8.531567148723639,47.369552404721915],[8.531480877469178,47.36962819485755],[8.53141593087068,47.3695942847686],[8.531303101399633,47.36969341545466],[8.53132598295652,47.369705362413406],[8.531293558848322,47.369733847237775],[8.531256547266084,47.36971452269441],[8.531211153514606,47.36975440143731],[8.5313548328934,47.36982941943577],[8.531593460740243,47.36961976405284],[8.531684310425899,47.369667198700846],[8.531340634450778,47.36996914749373],[8.53095199968453,47.36976623347327],[8.531119298555407,47.369619246730174],[8.531207796361011,47.36966545341012],[8.53130377172123,47.369581138175995],[8.53114899601354,47.36950032616808],[8.530960936186109,47.3696655385776],[8.530986171355824,47.36967871441564],[8.530914838317827,47.36974138104064],[8.530758380265514,47.36965969088884],[8.531136453917698,47.369327548901445]]]}},{"type":"Feature","properties":{"source":"Microsoft Global ML Building Footprints"},"geometry":{"type":"Polygon","coordinates":[[[8.52288188955178,47.37021172832803],[8.52311707115505,47.37001134273157],[8.523277197433007,47.37009753580375],[8.52320534026543,47.37015876680409],[8.523333557990028,47.370227783898834],[8.523410641133417,47.370162099818025],[8.523510913969332,47.37021607472973],[8.523270519081375,47.37042091951883],[8.52288188955178,47.37021172832803]]]}},{"type":"Feature","properties":{"source":"Microsoft Global ML Building Footprints"},"geometry":{"type":"Polygon","coordinates":[[[8.527328555422415,47.377728170721014],[8.527490622075153,47.3776495638391],[8.52768415252454,47.377832528763314],[8.527390877070298,47.37797476112313],[8.527319256703102,47.377907044409824],[8.527450443289414,47.377843415452986],[8.527328555422415,47.377728170721014]]]}},{"type":"Feature","properties":{"source":"Microsoft Global ML Building Footprints"},"geometry":{"type":"Polygon","coordinates":[[[8.527578009429547,47.3732081543399],[8.52767208987638,47.37318975564287],[8.527708126695547,47.373274288117216],[8.527614044493998,47.373292682668634],[8.527578009429547,47.3732081543399]]]}},{"type":"Feature","properties":{"source":"Microsoft Global ML Building Footprints"},"geometry":{"type":"Polygon","coordinates":[[[8.532279863356589,47.37478172811888],[8.532441933872516,47.374958981928806],[8.531889359778276,47.37519068381647],[8.531727289262307,47.375013430785394],[8.532279863356589,47.37478172811888]]]}},{"type":"Feature","properties":{"source":"Microsoft Global ML Building Footprints"},"geometry":{"type":"Polygon","coordinates":[[[8.534030949542402,47.37851218045349],[8.533707734253628,47.378570833656475],[8.533523758753073,47.37837966285239],[8.533412680027016,47.378428679411336],[8.53359469339939,47.37861781117604],[8.53312657114611,47.378702737965995],[8.53309734525828,47.37867236917251],[8.532909070203573,47.378755441334796],[8.532779550717597,47.37862085686987],[8.532785135153391,47.37863497132168],[8.532658546509065,47.37857315937737],[8.5325233535962,47.3784326791274],[8.532341187993918,47.378343729156974],[8.532314653085207,47.378276680282696],[8.532673426241551,47.37811837809122],[8.532617500079729,47.37812852432487],[8.532782597153261,47.37805567806997],[8.532972900374842,47.37787696984845],[8.533039389907682,47.377864907129606],[8.533161060621467,47.37775064935682],[8.533227177470222,47.377721476233184],[8.533455899208292,47.37795917169586],[8.533315685753244,47.37802104524536],[8.533292398671941,47.37804291343902],[8.533328733429343,47.37808067360456],[8.53353018773786,47.37799177570084],[8.534030949542402,47.37851218045349]]]}},{"type":"Feature","properties":{"source":"Microsoft Global ML Building Footprints"},"geometry":{"type":"Polygon","coordinates":[[[8.536011214407369,47.36694433734292],[8.535931528962205,47.367079719467256],[8.535867688077987,47.367062481827254],[8.53568589925883,47.367371277755055],[8.535629419375699,47.36735602773924],[8.535465188366507,47.36763504656196],[8.535482299681751,47.36763966672863],[8.535432469244014,47.3677243105513],[8.534839082265142,47.36756409221914],[8.535314599666556,47.36675621099255],[8.536011214407369,47.36694433734292]]]}},{"type":"Feature","properties":{"source":"Microsoft Global ML Building Footprints"},"geometry":{"type":"Polygon","coordinates":[[[8.523475277409268,47.37300261734686],[8.523580158191209,47.372942620622354],[8.523665567699915,47.37301110225527],[8.523685918404475,47.37299946166993],[8.523774506376554,47.373070491727255],[8.52366649109847,47.37313227625996],[8.523573936500766,47.37305806583701],[8.523556716673841,47.3730679155523],[8.523475277409268,47.37300261734686]]]}},{"type":"Feature","properties":{"source":"Microsoft Global ML Building Footprints"},"geometry":{"type":"Polygon","coordinates":[[[8.524803068069211,47.37243950271636],[8.524760197016462,47.37256005809457],[8.524332764885415,47.37249034475943],[8.524270909964947,47.372551839003606],[8.5242919923581,47.372492571590506],[8.524198942988011,47.37244964958509],[8.524131922729428,47.37243871552004],[8.524101458975547,47.372424663126296],[8.523968482040445,47.37240296850247],[8.523972758407744,47.37239094313689],[8.524329009446774,47.3720367309427],[8.52435359968478,47.372040742764426],[8.524487044338267,47.372102305181],[8.524208739114002,47.37237898907775],[8.524214235313256,47.37238152464075],[8.52423893360275,47.37235697029641],[8.524278900532757,47.372363488844044],[8.524291471533797,47.37232814877627],[8.524329232555585,47.37234556909247],[8.524420609290004,47.3723604768369],[8.524441208266488,47.37236997977072],[8.524599569433429,47.372395808233506],[8.524609454541082,47.3724003685312],[8.52477775431208,47.37242782592597],[8.524803068069211,47.37243950271636]]]}},{"type":"Feature","properties":{"source":"Microsoft Global ML Building Footprints"},"geometry":{"type":"Polygon","coordinates":[[[8.52891425433635,47.37639648407345],[8.528769528670859,47.37645470549773],[8.528704751897074,47.37638086599049],[8.528849477562567,47.376322644484674],[8.52891425433635,47.37639648407345]]]}},{"type":"Feature","properties":{"source":"Microsoft Global ML Building Footprints"},"geometry":{"type":"Polygon","coordinates":[[[8.53324134206292,47.37290666835972],[8.532986895541708,47.37299176562811],[8.532596568557015,47.37245649270997],[8.532744280496694,47.37240708434193],[8.533023895672187,47.372790479760994],[8.532974301541906,47.37280706610315],[8.533006725158696,47.37285152367523],[8.533163009875903,47.37279924817728],[8.53324134206292,47.37290666835972]]]}},{"type":"Feature","properties":{"source":"Microsoft Global ML Building Footprints"},"geometry":{"type":"Polygon","coordinates":[[[8.535873242557503,47.37439688755515],[8.536292702925262,47.374224498600164],[8.536328391727057,47.37426432357658],[8.53628330582081,47.37428285290218],[8.536358759263344,47.374367050937174],[8.536357878398242,47.374360081869035],[8.536498695799342,47.37451721880675],[8.536578630452238,47.37454293605147],[8.53660664973897,47.374502996269065],[8.536652282256254,47.37455391711947],[8.536716475331868,47.374574569838984],[8.536721136595204,47.37461141768431],[8.536742472731941,47.37461017990262],[8.537175816610482,47.37474959852163],[8.53717962727211,47.374779722160405],[8.537081770038712,47.374919210807825],[8.537004429397301,47.3749509957284],[8.536411322063735,47.37498540366381],[8.53611742307347,47.37465744666602],[8.536126799783318,47.37464408077107],[8.536097844076247,47.37464576058879],[8.536095504435686,47.37462726546523],[8.536058148192467,47.37461524692318],[8.535875013743182,47.37441088904045],[8.535873242557503,47.37439688755515]]]}},{"type":"Feature","properties":{"source":"Microsoft Global ML Building Footprints"},"geometry":{"type":"Polygon","coordinates":[[[8.52633771439271,47.37343396461236],[8.526190435020574,47.373459311498046],[8.526084521840867,47.37317714558961],[8.526229306690496,47.37315222101731],[8.526253636839073,47.37321705758052],[8.526256156292638,47.37321662385945],[8.52633771439271,47.37343396461236]]]}},{"type":"Feature","properties":{"source":"Microsoft Global ML Building Footprints"},"geometry":{"type":"Polygon","coordinates":[[[8.528547723822651,47.375797343623915],[8.528564874790217,47.37581126999718],[8.528392444833624,47.37590865223971],[8.528375293866057,47.375894725892174],[8.528547723822651,47.375797343623915]]]}},{"type":"Feature","properties":{"source":"Microsoft Global ML Building Footprints"},"geometry":{"type":"Polygon","coordinates":[[[8.524487050254974,47.37846076936938],[8.524679543362627,47.37865793193019],[8.524645947438545,47.37867297193525],[8.524757001154528,47.37878671919869],[8.524645014740987,47.3788368524098],[8.524471030585943,47.37865864842428],[8.524472897026186,47.37865781286832],[8.524343334357551,47.37852510737936],[8.524487050254974,47.37846076936938]]]}},{"type":"Feature","properties":{"source":"Microsoft Global ML Building Footprints"},"geometry":{"type":"Polygon","coordinates":[[[8.52494380801395,47.374569961170536],[8.525113798734289,47.374492597972086],[8.525382012706482,47.37476287509416],[8.525212021986182,47.3748402378961],[8.52494380801395,47.374569961170536]]]}},{"type":"Feature","properties":{"source":"Microsoft Global ML Building Footprints"},"geometry":{"type":"Polygon","coordinates":[[[8.532548088477224,47.375049971367666],[8.532952272959706,47.37547977522923],[8.53297920876753,47.37549308040782],[8.533055749297805,47.375574481018276],[8.533110842551203,47.37560169476164],[8.533454253017666,47.37596690896497],[8.533147359553826,47.37625182307458],[8.533113806695013,47.37623524958359],[8.533059590486051,47.37617759155334],[8.533014830162365,47.37615548208394],[8.532928833612722,47.376192567970286],[8.532782466663962,47.37603690890095],[8.533039647014338,47.37592601203482],[8.5330542967018,47.37591241149197],[8.533022482368553,47.37589669815543],[8.532867728921696,47.37573213732055],[8.532772473135918,47.37577321656719],[8.532736995691653,47.3757556939462],[8.532562258332593,47.375569882198825],[8.532570089477044,47.375562611837005],[8.532647435307386,47.3755292561634],[8.532462716073837,47.37533282905365],[8.532096322763945,47.375490837916956],[8.531931688518828,47.37531576873048],[8.532548088477224,47.375049971367666]]]}},{"type":"Feature","properties":{"source":"Microsoft Global ML Building Footprints"},"geometry":{"type":"Polygon","coordinates":[[[8.524712954638174,47.377288611534986],[8.52500820696596,47.3771927158097],[8.525345018701064,47.37766817103048],[8.525095518445966,47.377749206108945],[8.525039423799598,47.37767000980942],[8.525096117138142,47.37765159370121],[8.525041733116696,47.377574812378896],[8.52497413721306,47.3775967700776],[8.524860139937402,47.37743582431772],[8.524903750197804,47.37742165801829],[8.524857345380976,47.37735614174604],[8.524778844769966,47.37738163808939],[8.524712954638174,47.377288611534986]]]}},{"type":"Feature","properties":{"source":"Microsoft Global ML Building Footprints"},"geometry":{"type":"Polygon","coordinates":[[[8.528547391151239,47.37535540506656],[8.529270457379052,47.37476866989477],[8.529784300272008,47.37505906993443],[8.529602214251145,47.375206824213315],[8.529445689800665,47.37511836431079],[8.529523538171935,47.37505519394784],[8.529320532562492,47.37494046482739],[8.529211022471257,47.37502933484062],[8.529233782390286,47.37504219765571],[8.528913152657921,47.37530237347444],[8.52906651499827,47.37538904600725],[8.528973427018745,47.37546458212239],[8.529068293588264,47.37551819119989],[8.529291290668386,47.3753372405238],[8.529409873880315,47.37540425202397],[8.529174400317189,47.375595326464015],[8.52919811614301,47.375608729367855],[8.52911498991611,47.37567618175646],[8.528547391151239,47.37535540506656]]]}},{"type":"Feature","properties":{"source":"Microsoft Global ML Building Footprints"},"geometry":{"type":"Polygon","coordinates":[[[8.530131443489338,47.36905716628191],[8.530300679150065,47.36913060794571],[8.530152034729493,47.36928772541484],[8.529982799068808,47.369214283969825],[8.530131443489338,47.36905716628191]]]}},{"type":"Feature","properties":{"source":"Microsoft Global ML Building Footprints"},"geometry":{"type":"Polygon","coordinates":[[[8.531473673108149,47.37791584251736],[8.53130586685194,47.37799891092309],[8.531183812163302,47.377885861920504],[8.53135161282395,47.37780278815394],[8.531473673108149,47.37791584251736]]]}},{"type":"Feature","properties":{"source":"Microsoft Global ML Building Footprints"},"geometry":{"type":"Polygon","coordinates":[[[8.523347506781311,47.37048837834219],[8.52344166260301,47.370365155302835],[8.523524172363995,47.37039407318378],[8.523519793023464,47.37039980449118],[8.52356210572141,47.370414634165954],[8.523554884806583,47.370424084279406],[8.523694512720814,47.37047302738818],[8.523724072425019,47.37043434221004],[8.523846775743644,47.37047735281483],[8.523734667967421,47.370624069483014],[8.523347506781311,47.37048837834219]]]}},{"type":"Feature","properties":{"source":"Microsoft Global ML Building Footprints"},"geometry":{"type":"Polygon","coordinates":[[[8.52390485997363,47.37311417499077],[8.523878191091327,47.37313937781567],[8.52390748878124,47.373153596186164],[8.523895557544323,47.37316487262655],[8.523841447251916,47.373138615096714],[8.523880049934247,47.3731021344992],[8.52390485997363,47.37311417499077]]]}},{"type":"Feature","properties":{"source":"Microsoft Global ML Building Footprints"},"geometry":{"type":"Polygon","coordinates":[[[8.529442693112728,47.37532594938615],[8.529465710197446,47.375339429832245],[8.52942589747121,47.37537060382792],[8.529303139685872,47.375298708118095],[8.529453100954715,47.37518128581163],[8.529552841655335,47.375239701213395],[8.529442693112728,47.37532594938615]]]}},{"type":"Feature","properties":{"source":"Microsoft Global ML Building Footprints"},"geometry":{"type":"Polygon","coordinates":[[[8.538486430287907,47.367638624729494],[8.538962517037092,47.367815014818056],[8.538699883906089,47.36814022555866],[8.53860981843333,47.36810686083115],[8.538420754361251,47.36834094216341],[8.538453029847775,47.36835290008703],[8.53845754666018,47.368347307093046],[8.538483075866088,47.36835676554893],[8.53852984397867,47.36829886178957],[8.538597214573493,47.368323819117464],[8.538520426500433,47.36841890277885],[8.538465435332254,47.36839853142714],[8.538390898391475,47.368490815662724],[8.538366124412446,47.36848163821271],[8.5380747527349,47.36884238419262],[8.53764327260044,47.368682544441775],[8.538486430287907,47.367638624729494]]]}},{"type":"Feature","properties":{"source":"Microsoft Global ML Building Footprints"},"geometry":{"type":"Polygon","coordinates":[[[8.52778130705532,47.37343191148833],[8.527792290262862,47.373449866273525],[8.527758994053034,47.373459207405496],[8.527822526703854,47.373563084740866],[8.527682874276351,47.373602263632186],[8.527726493708258,47.37367358222829],[8.527588109272909,47.37371240530863],[8.527538236253594,47.37363087580756],[8.527511791574387,47.3736382934885],[8.5274435159916,47.37352666150204],[8.52778130705532,47.37343191148833]]]}},{"type":"Feature","properties":{"source":"Microsoft Global ML Building Footprints"},"geometry":{"type":"Polygon","coordinates":[[[8.52591656661334,47.37712291843446],[8.52600472897783,47.37709933139527],[8.525985479833352,47.377066338771485],[8.526015640642282,47.37705826951376],[8.526063305190469,47.37713996550935],[8.526107386372734,47.377128171994904],[8.526143134783887,47.37718944392225],[8.526124574286108,47.377194409607085],[8.52617315546027,47.377277676463315],[8.526154594962453,47.377282642139846],[8.526205009388486,47.37736905099441],[8.526232850135154,47.37736160249163],[8.526262182164839,47.37741187667623],[8.526109058058084,47.377452843389435],[8.52591656661334,47.37712291843446]]]}},{"type":"Feature","properties":{"source":"Microsoft Global ML Building Footprints"},"geometry":{"type":"Polygon","coordinates":[[[8.526176906144553,47.379420076755466],[8.527166211816578,47.37887287427616],[8.527196540983075,47.3789687060483],[8.527084390299295,47.37903073874938],[8.527093293401272,47.37902944676585],[8.527044583302278,47.379056389236744],[8.5270553865909,47.37909052454006],[8.527072818749017,47.37908799402975],[8.527131425909982,47.37905557732566],[8.527126043433357,47.379038575782374],[8.527218643228629,47.37898735706677],[8.527243952604945,47.37900833810476],[8.527274643970632,47.379105314075964],[8.527244646134658,47.37912190642041],[8.527164518216956,47.379133534250734],[8.526857361199216,47.37930342800236],[8.52678286594369,47.37931423840702],[8.526757036034919,47.37923262358996],[8.526701556914823,47.379240674472605],[8.526388987771295,47.37941356140647],[8.526472829656209,47.37948306429424],[8.526483724313065,47.3795174767778],[8.526545752630469,47.379508475552],[8.526470527321845,47.37955008369969],[8.526496987148136,47.37957201820663],[8.526513553216493,47.37962436172518],[8.526492334018654,47.37963609833141],[8.526445664699285,47.3796428707233],[8.526176906144553,47.379420076755466]]]}},{"type":"Feature","properties":{"source":"Microsoft Global ML Building Footprints"},"geometry":{"type":"Polygon","coordinates":[[[8.523984457383452,47.37358792534479],[8.523955147597174,47.373565654020034],[8.52384004442522,47.37363512562059],[8.52374625368109,47.37356385784666],[8.524010850690352,47.37340417002535],[8.52413394202236,47.37349770238843],[8.523984457383452,47.37358792534479]]]}},{"type":"Feature","properties":{"source":"Microsoft Global ML Building Footprints"},"geometry":{"type":"Polygon","coordinates":[[[8.523817273561027,47.36817150075582],[8.523663428635109,47.36823401298041],[8.523154172761798,47.36765903771946],[8.523308022437597,47.36759653017629],[8.523817273561027,47.36817150075582]]]}},{"type":"Feature","properties":{"source":"Microsoft Global ML Building Footprints"},"geometry":{"type":"Polygon","coordinates":[[[8.53349102044465,47.37667507541213],[8.533648132441062,47.376544513135315],[8.533669761298249,47.37656888938986],[8.53359155099897,47.37663388325796],[8.533594821070105,47.376632552718725],[8.533609030495061,47.37664856706501],[8.533585448733717,47.37665816209999],[8.53355705165399,47.37664249211334],[8.5335143943278,47.37667794091697],[8.533521531912683,47.376685985131765],[8.533485036417737,47.37670083454356],[8.533461945296041,47.376688092484535],[8.533414032720096,47.376727908434304],[8.533311563059339,47.376769601596536],[8.533144736562441,47.376677536148264],[8.533198284167591,47.37663303737429],[8.53317763693267,47.37660976746079],[8.533088954231566,47.37664585102638],[8.5330115598294,47.37655862570511],[8.533031429092155,47.37654211404995],[8.5330524505096,47.376533560758475],[8.533119870523134,47.37647753366905],[8.533183818652086,47.37651282142698],[8.533258412527402,47.3765968807724],[8.53328989550179,47.37658407084711],[8.53337180012903,47.37662926723667],[8.53339196490528,47.37661251002777],[8.533405707573763,47.376627998334826],[8.53349102044465,47.37667507541213]]]}},{"type":"Feature","properties":{"source":"Microsoft Global ML Building Footprints"},"geometry":{"type":"Polygon","coordinates":[[[8.522866975484638,47.373436594751254],[8.522991166833203,47.37352884749434],[8.522811000402989,47.37364008218356],[8.522836372829028,47.37365892945856],[8.522461392291326,47.37389044147258],[8.522411982830086,47.37385373903933],[8.522434772800915,47.37383966858951],[8.522378684034123,47.37379800777761],[8.522698652062317,47.373600460062],[8.522654584164426,47.3735677252806],[8.522866975484638,47.373436594751254]]]}},{"type":"Feature","properties":{"source":"Microsoft Global ML Building Footprints"},"geometry":{"type":"Polygon","coordinates":[[[8.525849138438456,47.375009108356494],[8.525857692901395,47.37501454664465],[8.525796125076317,47.37505896005355],[8.52562646156196,47.37495110065796],[8.52573937931307,47.37486964456838],[8.525900493991427,47.374972061779545],[8.525849138438456,47.375009108356494]]]}},{"type":"Feature","properties":{"source":"Microsoft Global ML Building Footprints"},"geometry":{"type":"Polygon","coordinates":[[[8.527395804857637,47.37357045519127],[8.527454274571028,47.373663860444786],[8.527437266627654,47.3736773630269],[8.527042320196735,47.37379074652028],[8.527006479920827,47.373819199991985],[8.526718749767923,47.37390180302143],[8.526943726319391,47.37403177731994],[8.527048879843,47.37394830344115],[8.527089243956173,47.37397162083814],[8.527393902165352,47.37372977378678],[8.527497226354278,47.3737001108735],[8.527536772486727,47.373763275177716],[8.527516066606635,47.3737797121665],[8.527527247415435,47.37379757342874],[8.526983912427152,47.37422892350302],[8.526951891150523,47.37423811626823],[8.526470050239872,47.37395974602465],[8.526429083272852,47.373894301758995],[8.526520385535923,47.37382181727943],[8.527395804857637,47.37357045519127]]]}},{"type":"Feature","properties":{"source":"Microsoft Global ML Building Footprints"},"geometry":{"type":"Polygon","coordinates":[[[8.525060048518412,47.37572733250706],[8.524919806250733,47.37576827050609],[8.524767359896632,47.375528741263985],[8.524907605731936,47.37548780868461],[8.525060048518412,47.37572733250706]]]}},{"type":"Feature","properties":{"source":"Microsoft Global ML Building Footprints"},"geometry":{"type":"Polygon","coordinates":[[[8.525761516896475,47.37742214892853],[8.525705356830278,47.377445137613435],[8.525678797923764,47.37741538922127],[8.525734958501632,47.37739239765228],[8.525761516896475,47.37742214892853]]]}},{"type":"Feature","properties":{"source":"Microsoft Global ML Building Footprints"},"geometry":{"type":"Polygon","coordinates":[[[8.524284588643859,47.37621125264029],[8.523675369274745,47.3763827063374],[8.523418725013943,47.37596452155852],[8.524027907528815,47.37579307687372],[8.524284588643859,47.37621125264029]]]}},{"type":"Feature","properties":{"source":"Microsoft Global ML Building Footprints"},"geometry":{"type":"Polygon","coordinates":[[[8.527364088203932,47.36662709725798],[8.527347311204663,47.36674224360668],[8.527437627384199,47.36674827597938],[8.527412724025861,47.3669191958577],[8.527135342014503,47.36690066909471],[8.527176993096287,47.366614600824995],[8.527364088203932,47.36662709725798]]]}},{"type":"Feature","properties":{"source":"Microsoft Global ML Building Footprints"},"geometry":{"type":"Polygon","coordinates":[[[8.527440976617967,47.37705459585134],[8.528093293531732,47.3769644133746],[8.528131217157613,47.37699886987999],[8.528127169561275,47.3769854443673],[8.52828067236642,47.37712491317433],[8.528147200856537,47.37719227013431],[8.528053385375514,47.37710702388379],[8.528096620414022,47.377085205113524],[8.528092316737808,47.37707093512209],[8.527700944628446,47.377125060572276],[8.527706209700305,47.377142518309924],[8.527808917466357,47.37723584454241],[8.528030336772048,47.37712410440194],[8.52811718198251,47.37720300962453],[8.527767138529928,47.377379676673385],[8.52765242316532,47.37727544970248],[8.527654857715682,47.37728352207561],[8.52745534300341,47.37710223145048],[8.527440976617967,47.37705459585134]]]}},{"type":"Feature","properties":{"source":"Microsoft Global ML Building Footprints"},"geometry":{"type":"Polygon","coordinates":[[[8.529745454156403,47.37408661980754],[8.529983344702824,47.37383289131859],[8.530132446924714,47.37389700343965],[8.529894556378252,47.374150731620134],[8.529745454156403,47.37408661980754]]]}},{"type":"Feature","properties":{"source":"Microsoft Global ML Building Footprints"},"geometry":{"type":"Polygon","coordinates":[[[8.528850899297096,47.37623953846315],[8.52881522332208,47.376262196067444],[8.528712170491772,47.37618778602362],[8.528747846466747,47.376165128387356],[8.528850899297096,47.37623953846315]]]}},{"type":"Feature","properties":{"source":"Microsoft Global ML Building Footprints"},"geometry":{"type":"Polygon","coordinates":[[[8.530841919231298,47.37888671239294],[8.529979672957836,47.37928950923011],[8.52989884052365,47.379210169189086],[8.530649359292424,47.37885952973694],[8.530558457242616,47.378770305257596],[8.53049205918964,47.37880132316964],[8.530349125788046,47.37866104157056],[8.529592298496368,47.3790145937933],[8.529726446065062,47.37914626504519],[8.529533812670227,47.3792362532223],[8.529260502670514,47.37896798853909],[8.530388042991145,47.37844125622114],[8.530841919231298,47.37888671239294]]]}},{"type":"Feature","properties":{"source":"Microsoft Global ML Building Footprints"},"geometry":{"type":"Polygon","coordinates":[[[8.527621094982031,47.379029078084876],[8.527709005214565,47.379278209344875],[8.527542853112768,47.37930509233973],[8.52745496723979,47.37905595726543],[8.527621094982031,47.379029078084876]]]}},{"type":"Feature","properties":{"source":"Microsoft Global ML Building Footprints"},"geometry":{"type":"Polygon","coordinates":[[[8.532987673710037,47.36830650363699],[8.532523275212661,47.36900519204398],[8.531037930835247,47.36855232776648],[8.531526386706716,47.367817438433256],[8.531715105371212,47.36787496863735],[8.531691012198674,47.36791122302124],[8.532987673710037,47.36830650363699]]]}},{"type":"Feature","properties":{"source":"Microsoft Global ML Building Footprints"},"geometry":{"type":"Polygon","coordinates":[[[8.536576434965006,47.369112577521804],[8.536517596805663,47.369110432767485],[8.536521051443597,47.36906696058937],[8.536579889602942,47.36906910534543],[8.536576434965006,47.369112577521804]]]}},{"type":"Feature","properties":{"source":"Microsoft Global ML Building Footprints"},"geometry":{"type":"Polygon","coordinates":[[[8.523658337636967,47.368839165586564],[8.523820978927121,47.36892446322379],[8.52367736756296,47.36905005853536],[8.523514731783317,47.36896475628202],[8.523658337636967,47.368839165586564]]]}},{"type":"Feature","properties":{"source":"Microsoft Global ML Building Footprints"},"geometry":{"type":"Polygon","coordinates":[[[8.526501088005588,47.3723225838216],[8.526001767134979,47.372632054172215],[8.525957383560364,47.372646689665395],[8.525881159218764,47.37259028371693],[8.525915419837226,47.37254277527391],[8.52589834344133,47.372519024319296],[8.525929385802211,47.372508788069815],[8.52596821833548,47.372521631788715],[8.525986548902145,47.37249621316896],[8.52596318283938,47.37246371410798],[8.526017615488328,47.372467831828516],[8.526083186358902,47.37242719212574],[8.526119697411803,47.372415152548456],[8.526125890900564,47.37237760250601],[8.526176899703625,47.372394473523116],[8.52619806189914,47.37238749525177],[8.526168843417947,47.37234685617435],[8.526249588861479,47.372296811411815],[8.526330908353419,47.37232370764204],[8.526340389281263,47.372320581285265],[8.52630174635696,47.37226683396798],[8.526213770575861,47.37223773615383],[8.52617778793955,47.372187688876714],[8.526116396305493,47.37216738368742],[8.526091644915358,47.37217554553599],[8.525970438866718,47.372135456803555],[8.526047901899148,47.37202803953972],[8.526133237694298,47.37203449102953],[8.526185183691242,47.37207293143511],[8.526253894150324,47.37207812602495],[8.526455978344703,47.372227669478534],[8.52650540212641,47.372296411617505],[8.526501088005588,47.3723225838216]]]}},{"type":"Feature","properties":{"source":"Microsoft Global ML Building Footprints"},"geometry":{"type":"Polygon","coordinates":[[[8.523293066617974,47.369588690086154],[8.523250129990561,47.369660288953014],[8.523111937974171,47.36977623893373],[8.523133661480324,47.36974000780306],[8.52219754176614,47.3705254526694],[8.522204338318979,47.37051411928689],[8.521617222062808,47.37035262471727],[8.521646647251092,47.370303557471914],[8.521606247440797,47.3702814721352],[8.521631066243689,47.370240086101134],[8.52181557507594,47.37008527531082],[8.521939278244211,47.3701529002598],[8.521937021377557,47.370156664302996],[8.521797940271046,47.370273359175485],[8.522114167153685,47.37036034201167],[8.522103965158196,47.37037735408393],[8.522140324987424,47.37039723085126],[8.522134057202253,47.37040768252675],[8.522751691234891,47.36988946105662],[8.522724536852229,47.36993474983773],[8.522832489797851,47.36984417223664],[8.522843351550907,47.36982605669774],[8.522918918612877,47.36976265226265],[8.52292163405111,47.369758123371504],[8.522989648174883,47.36970105614831],[8.522986931794602,47.369705585834744],[8.523192060458818,47.369533472352266],[8.523293066617974,47.369588690086154]]]}},{"type":"Feature","properties":{"source":"Microsoft Global ML Building Footprints"},"geometry":{"type":"Polygon","coordinates":[[[8.526749191777796,47.37091753392608],[8.52664225327658,47.37098198966738],[8.52650823648224,47.37087999842225],[8.526615172818865,47.37081554892979],[8.526749191777796,47.37091753392608]]]}},{"type":"Feature","properties":{"source":"Microsoft Global ML Building Footprints"},"geometry":{"type":"Polygon","coordinates":[[[8.531267279701105,47.37565721462998],[8.53150771695569,47.375522506204454],[8.531864724077437,47.37581472199433],[8.531652374109946,47.37593369347228],[8.531380982374461,47.375711574624646],[8.531352908715544,47.37572730325664],[8.531267279701105,47.37565721462998]]]}},{"type":"Feature","properties":{"source":"Microsoft Global ML Building Footprints"},"geometry":{"type":"Polygon","coordinates":[[[8.533483432416965,47.376186050530116],[8.533827413905456,47.37644566131636],[8.53346689861036,47.376664710960384],[8.533276817368453,47.3765212641935],[8.533467938039824,47.37640512972089],[8.533471361095701,47.37640771317587],[8.533393160786273,47.37645522791483],[8.533407827297438,47.37646629617628],[8.533387955495794,47.37647837033227],[8.533407954419552,47.37649346393396],[8.533517913348634,47.376426652600124],[8.533517913348634,47.376426652600124],[8.533565463155846,47.3763977611863],[8.533373473487842,47.3762528621688],[8.533483432416965,47.376186050530116]]]}},{"type":"Feature","properties":{"source":"Microsoft Global ML Building Footprints"},"geometry":{"type":"Polygon","coordinates":[[[8.538468580040309,47.3723680164983],[8.538641022831396,47.37237470245616],[8.538614939604976,47.37268324487598],[8.538442465721282,47.37267654957673],[8.538468580040309,47.3723680164983]]]}},{"type":"Feature","properties":{"source":"Microsoft Global ML Building Footprints"},"geometry":{"type":"Polygon","coordinates":[[[8.53894420655704,47.37913982951763],[8.538985155651755,47.37921071582113],[8.538759502783805,47.37927047518531],[8.538718553689089,47.379199588962166],[8.53894420655704,47.37913982951763]]]}},{"type":"Feature","properties":{"source":"Microsoft Global ML Building Footprints"},"geometry":{"type":"Polygon","coordinates":[[[8.523549979262054,47.37646671107571],[8.52288126947367,47.376649645235496],[8.522630689220723,47.376229600846514],[8.523273210021888,47.376053829632646],[8.523356103407561,47.37619280763853],[8.52337224507069,47.37618839184829],[8.523451964990434,47.376322048926816],[8.523462036783712,47.37631929412322],[8.523549979262054,47.37646671107571]]]}},{"type":"Feature","properties":{"source":"Microsoft Global ML Building Footprints"},"geometry":{"type":"Polygon","coordinates":[[[8.524801577838392,47.37268062702713],[8.524753327819132,47.372778731093035],[8.52460247034514,47.372744702451634],[8.52465071123798,47.372646596263785],[8.524801577838392,47.37268062702713]]]}},{"type":"Feature","properties":{"source":"Microsoft Global ML Building Footprints"},"geometry":{"type":"Polygon","coordinates":[[[8.524290904300695,47.375386081113604],[8.524375895610685,47.37552501524654],[8.52424311133535,47.37556225962849],[8.52415812331133,47.375423330965255],[8.524290904300695,47.375386081113604]]]}},{"type":"Feature","properties":{"source":"Microsoft Global ML Building Footprints"},"geometry":{"type":"Polygon","coordinates":[[[8.52742677349621,47.36899311772732],[8.526838137735236,47.36908452552947],[8.526788815035031,47.368938876954445],[8.526931512437287,47.368916711014435],[8.526907782358943,47.36884663657403],[8.52695619828733,47.368839118155435],[8.526945446214537,47.36880736746728],[8.527184047885278,47.368770304113866],[8.5272123285845,47.36885384204792],[8.527371251730624,47.36882916317039],[8.52742677349621,47.36899311772732]]]}},{"type":"Feature","properties":{"source":"Microsoft Global ML Building Footprints"},"geometry":{"type":"Polygon","coordinates":[[[8.535862670912543,47.3709583215285],[8.536031500000213,47.37096173058173],[8.53602865283619,47.37102640349158],[8.535859824100518,47.37102298644719],[8.535862670912543,47.3709583215285]]]}},{"type":"Feature","properties":{"source":"Microsoft Global ML Building Footprints"},"geometry":{"type":"Polygon","coordinates":[[[8.524482192850055,47.36872578622923],[8.52443797615383,47.368743107184315],[8.5243391660395,47.36862740285259],[8.524383382735724,47.368610081859515],[8.524482192850055,47.36872578622923]]]}},{"type":"Feature","properties":{"source":"Microsoft Global ML Building Footprints"},"geometry":{"type":"Polygon","coordinates":[[[8.52480250413931,47.372003255825845],[8.524967379001712,47.37186067045736],[8.525062956436598,47.37191135518463],[8.524988744199442,47.371975540364346],[8.525008696863843,47.37198612124608],[8.524918039448108,47.372064529520934],[8.52480250413931,47.372003255825845]]]}},{"type":"Feature","properties":{"source":"Microsoft Global ML Building Footprints"},"geometry":{"type":"Polygon","coordinates":[[[8.534017497946206,47.37188203596612],[8.534177677742832,47.372460375344524],[8.534193224236484,47.37245840124187],[8.5342357075396,47.37261178886064],[8.533799080508388,47.37266725251661],[8.533762436992728,47.37253490045796],[8.533880353227822,47.37251992740636],[8.533848968025906,47.37240660975942],[8.533828239630585,47.37240924284797],[8.533693616769087,47.37192317836891],[8.534017497946206,47.37188203596612]]]}},{"type":"Feature","properties":{"source":"Microsoft Global ML Building Footprints"},"geometry":{"type":"Polygon","coordinates":[[[8.537919723189379,47.367572759131214],[8.53810376288838,47.36763550219717],[8.538081141951137,47.367665939625745],[8.538019082052637,47.367644782100804],[8.537549428307862,47.36827671737969],[8.537427448507401,47.368235132373115],[8.537919723189379,47.367572759131214]]]}},{"type":"Feature","properties":{"source":"Microsoft Global ML Building Footprints"},"geometry":{"type":"Polygon","coordinates":[[[8.525830569193676,47.37831858595811],[8.5258501693666,47.378311224302244],[8.525884297188329,47.37835289427172],[8.525727272001156,47.37841187150194],[8.525308596986378,47.37790073334714],[8.525446025294192,47.37784911602953],[8.525830569193676,47.37831858595811]]]}},{"type":"Feature","properties":{"source":"Microsoft Global ML Building Footprints"},"geometry":{"type":"Polygon","coordinates":[[[8.52993232275188,47.37430482328512],[8.530188872087056,47.374074292438706],[8.530691795138821,47.37433096934522],[8.530435245803645,47.374561499069564],[8.52993232275188,47.37430482328512]]]}},{"type":"Feature","properties":{"source":"Microsoft Global ML Building Footprints"},"geometry":{"type":"Polygon","coordinates":[[[8.539119166250693,47.37257002407742],[8.539078981444291,47.37257096880633],[8.539075215787424,47.37249735786425],[8.539115400691148,47.37249641503642],[8.539119166250693,47.37257002407742]]]}},{"type":"Feature","properties":{"source":"Microsoft Global ML Building Footprints"},"geometry":{"type":"Polygon","coordinates":[[[8.539656427170925,47.37367452875625],[8.53963540757718,47.37371492324507],[8.53950656777899,47.373684176166236],[8.539527587372735,47.37364378165388],[8.539656427170925,47.37367452875625]]]}},{"type":"Feature","properties":{"source":"Microsoft Global ML Building Footprints"},"geometry":{"type":"Polygon","coordinates":[[[8.524965976274856,47.37682111051194],[8.525682167266368,47.37659942460119],[8.525714411717718,47.376621659728826],[8.525908106349092,47.376908656088325],[8.525850648879988,47.3769468648427],[8.525751643469079,47.37697751029914],[8.525749970102673,47.37697748904453],[8.525619039712744,47.37706455654582],[8.52559873320319,47.37703446865513],[8.525664708050575,47.37699059598327],[8.525607050054838,47.376950836456224],[8.5257093260641,47.3768828237193],[8.525625819201634,47.37675911109805],[8.525592653466557,47.37675869140669],[8.525591815855854,47.376789044493776],[8.525499910620912,47.37681749229613],[8.525465116756322,47.376840628330264],[8.525471834618749,47.376840713340414],[8.525415565802103,47.37685813044158],[8.525414512658212,47.37689629388178],[8.525390381203856,47.37689598851429],[8.52539191658568,47.37684034990539],[8.525264863743152,47.37683873611297],[8.525130168914782,47.37692830716465],[8.52507022108476,47.3769468630138],[8.525047668819386,47.376913447540396],[8.525010850875772,47.376912981634],[8.524965303115689,47.376845504226786],[8.524965976274856,47.37682111051194]]]}},{"type":"Feature","properties":{"source":"Microsoft Global ML Building Footprints"},"geometry":{"type":"Polygon","coordinates":[[[8.527738953632632,47.37853220575442],[8.527856683266272,47.37847960716903],[8.52804655837227,47.37867448013004],[8.527736350131336,47.3788130726028],[8.52753414547296,47.378605546074],[8.527635056587503,47.37856046163817],[8.52774972142425,47.378678144565754],[8.527841288917077,47.37863723467266],[8.527738953632632,47.37853220575442]]]}},{"type":"Feature","properties":{"source":"Microsoft Global ML Building Footprints"},"geometry":{"type":"Polygon","coordinates":[[[8.534593719966065,47.37286607248309],[8.534707517302458,47.372822868279364],[8.534904623515649,47.37278960906246],[8.534979942529436,47.37288060681866],[8.534973500524266,47.37286310218025],[8.53504111414117,47.3729447904431],[8.535034672136042,47.372927285826],[8.535160240281723,47.37307899231453],[8.535148369365672,47.37304673600058],[8.535189270973213,47.373096145478804],[8.535208900898578,47.37314949992713],[8.535126152668791,47.37318091193927],[8.535177836286337,47.37317219103419],[8.534855706443016,47.37329447441718],[8.534813425784522,47.37330161068881],[8.534706435601809,47.3731723499367],[8.534593719966065,47.37286607248309]]]}},{"type":"Feature","properties":{"source":"Microsoft Global ML Building Footprints"},"geometry":{"type":"Polygon","coordinates":[[[8.53844669888774,47.37276348668312],[8.538572107886843,47.372763213251595],[8.539142584820816,47.372936509718656],[8.539142709884334,47.37296281701459],[8.539181068041067,47.37296273156381],[8.539223506199054,47.37297562317391],[8.53916872181966,47.37305833532763],[8.539168848203724,47.37308435470116],[8.539100501816176,47.373063592885124],[8.539082690784845,47.373063631718615],[8.538857084388042,47.3729950984334],[8.538609106324957,47.372995639102115],[8.53860935674696,47.37304831567187],[8.538673729096091,47.37304817532043],[8.538675426640996,47.37340525452542],[8.538816353802577,47.37340494058348],[8.538816164355477,47.37336593831637],[8.539134318439515,47.37346258444765],[8.539097259223581,47.373518535068456],[8.538892929027577,47.37345646547225],[8.538893365070779,47.37354818684268],[8.539071313811801,47.37360225086128],[8.539029758782304,47.37366498892345],[8.538949176140305,47.373665164616256],[8.53885760625515,47.37380341277172],[8.538841489726758,47.3738034479102],[8.538793295050349,47.37387620995166],[8.538524611803297,47.37387679575428],[8.53843495759644,47.373849561596636],[8.538429806057405,47.37278899119324],[8.53844669888774,47.37276348668312]]]}},{"type":"Feature","properties":{"source":"Microsoft Global ML Building Footprints"},"geometry":{"type":"Polygon","coordinates":[[[8.524519604409146,47.37283678484115],[8.52454358028715,47.37278562822869],[8.524592314838504,47.372796103760926],[8.52456833896046,47.37284726036323],[8.524519604409146,47.37283678484115]]]}},{"type":"Feature","properties":{"source":"Microsoft Global ML Building Footprints"},"geometry":{"type":"Polygon","coordinates":[[[8.524877172323425,47.37577248279202],[8.524776874337547,47.37580311546509],[8.524725607802651,47.37572613887677],[8.524825905788527,47.37569550615899],[8.524877172323425,47.37577248279202]]]}},{"type":"Feature","properties":{"source":"Microsoft Global ML Building Footprints"},"geometry":{"type":"Polygon","coordinates":[[[8.528441262522954,47.374986323175996],[8.528481333198252,47.375006739558565],[8.528435667614897,47.37504783810357],[8.528395600999033,47.37502742190623],[8.528441262522954,47.374986323175996]]]}},{"type":"Feature","properties":{"source":"Microsoft Global ML Building Footprints"},"geometry":{"type":"Polygon","coordinates":[[[8.530530126890913,47.37716413765731],[8.5305782500863,47.37712881324529],[8.530627516840896,47.37715959038778],[8.530579393645507,47.377194914779174],[8.530530126890913,47.37716413765731]]]}},{"type":"Feature","properties":{"source":"Microsoft Global ML Building Footprints"},"geometry":{"type":"Polygon","coordinates":[[[8.53153357154576,47.373053325970794],[8.531549088548962,47.373049559606585],[8.531523527049645,47.37300127045944],[8.531626858286693,47.37297618935777],[8.531649007753312,47.373018040904725],[8.531682284022292,47.37300996391747],[8.531741917201728,47.37312264101144],[8.53171814843817,47.37312841027587],[8.531785854639615,47.37325634106645],[8.531657506169484,47.373287500398774],[8.53153357154576,47.373053325970794]]]}},{"type":"Feature","properties":{"source":"Microsoft Global ML Building Footprints"},"geometry":{"type":"Polygon","coordinates":[[[8.525167466245005,47.37809686634304],[8.525325760274129,47.378301643341985],[8.525160377096977,47.37836026405139],[8.525110780172888,47.378296111747574],[8.525048790619918,47.37831808419529],[8.52510058641589,47.378385089609644],[8.524982686746064,47.37842687954602],[8.524935299102934,47.378365576772026],[8.524874243916788,47.3783872180012],[8.524931549903823,47.37846135154892],[8.524758911101568,47.378522543855965],[8.52458851130066,47.37830210712171],[8.525167466245005,47.37809686634304]]]}},{"type":"Feature","properties":{"source":"Microsoft Global ML Building Footprints"},"geometry":{"type":"Polygon","coordinates":[[[8.526539050010967,47.37754345916235],[8.526451371253113,47.37741783773279],[8.526776744167645,47.377313701394456],[8.526927640598956,47.37752986595283],[8.526761023261148,47.377583199912934],[8.52670920698268,47.37750897140769],[8.526817920119374,47.37747417245271],[8.526806521917711,47.37745784171515],[8.526539050010967,47.37754345916235]]]}},{"type":"Feature","properties":{"source":"Microsoft Global ML Building Footprints"},"geometry":{"type":"Polygon","coordinates":[[[8.53683935236246,47.36619045995781],[8.537854744118336,47.3664965416693],[8.537420322287987,47.36715765610565],[8.53735539821363,47.367138085561926],[8.537312553858808,47.36720328679034],[8.536362023533837,47.36691676092982],[8.53683935236246,47.36619045995781]]]}},{"type":"Feature","properties":{"source":"Microsoft Global ML Building Footprints"},"geometry":{"type":"Polygon","coordinates":[[[8.538268749559546,47.37549075915673],[8.538213885145694,47.37550285334242],[8.538197306592043,47.375468364166004],[8.538252167782993,47.375456270682875],[8.538268749559546,47.37549075915673]]]}},{"type":"Feature","properties":{"source":"Microsoft Global ML Building Footprints"},"geometry":{"type":"Polygon","coordinates":[[[8.52253023146413,47.37995846718771],[8.523603986986625,47.37945096710239],[8.523350056138796,47.379204623934726],[8.523335425573396,47.37920083878353],[8.523266951783839,47.37913441085009],[8.523309682311236,47.37911421446033],[8.523322259549285,47.37909192369829],[8.523399904247956,47.37905522524871],[8.52381378904703,47.37945674334776],[8.523791118842198,47.37949692168877],[8.52271397893205,47.38000602092047],[8.522691624982839,47.38004564560858],[8.522656487639924,47.38006225282134],[8.522619237054387,47.38005261568101],[8.522569569606993,47.38007609035595],[8.522475201456938,47.38005167627011],[8.522487618318797,47.38004580759963],[8.521920017183904,47.37989896264323],[8.521760583595931,47.37974429452175],[8.52185811324237,47.37957144359416],[8.522906340458118,47.379076005634175],[8.522947750863462,47.37911617883623],[8.522897308039745,47.37920559542778],[8.521871407661816,47.37969047960589],[8.521961348294678,47.37977773206001],[8.521949835206115,47.379783174146944],[8.522542608420709,47.379936531737854],[8.52253023146413,47.37995846718771]]]}},{"type":"Feature","properties":{"source":"Microsoft Global ML Building Footprints"},"geometry":{"type":"Polygon","coordinates":[[[8.525732081309787,47.377353408818365],[8.525891157192852,47.37728677681487],[8.52594995608265,47.37735114667318],[8.525790880199583,47.37741777859533],[8.525732081309787,47.377353408818365]]]}},{"type":"Feature","properties":{"source":"Microsoft Global ML Building Footprints"},"geometry":{"type":"Polygon","coordinates":[[[8.527548863392083,47.376251281450706],[8.526927525430201,47.37651837746698],[8.526800096020297,47.376382440691785],[8.527421433982138,47.37611534398694],[8.527548863392083,47.376251281450706]]]}},{"type":"Feature","properties":{"source":"Microsoft Global ML Building Footprints"},"geometry":{"type":"Polygon","coordinates":[[[8.531809167724198,47.372066264582635],[8.531981727201785,47.372020968592615],[8.532186897488145,47.37237945368009],[8.532280172881435,47.37235496951141],[8.532309095565003,47.37240550468162],[8.532358065146472,47.37239265050082],[8.532470140545193,47.372588473875766],[8.532155336092808,47.37267110753368],[8.531809167724198,47.372066264582635]]]}},{"type":"Feature","properties":{"source":"Microsoft Global ML Building Footprints"},"geometry":{"type":"Polygon","coordinates":[[[8.523432278890084,47.369916088179174],[8.523293550132681,47.37002030669331],[8.523181097763306,47.3699516468003],[8.523319826520709,47.3698474281505],[8.523432278890084,47.369916088179174]]]}},{"type":"Feature","properties":{"source":"Microsoft Global ML Building Footprints"},"geometry":{"type":"Polygon","coordinates":[[[8.528115861506102,47.376049907809964],[8.527988794414894,47.37594081716785],[8.528436886344895,47.375701470207645],[8.528546440686213,47.37579552610585],[8.528360196555216,47.37589500780422],[8.528377717258063,47.375910051177634],[8.528115861506102,47.376049907809964]]]}},{"type":"Feature","properties":{"source":"Microsoft Global ML Building Footprints"},"geometry":{"type":"Polygon","coordinates":[[[8.528613113184974,47.374625890995965],[8.528783206875508,47.37472461636693],[8.528591036546018,47.37487645428702],[8.528578666095793,47.37486927428695],[8.528506354340891,47.37492640925792],[8.528480066225086,47.374911152489354],[8.528385389499306,47.37498595840143],[8.52825395346569,47.37490967100908],[8.528613113184974,47.374625890995965]]]}},{"type":"Feature","properties":{"source":"Microsoft Global ML Building Footprints"},"geometry":{"type":"Polygon","coordinates":[[[8.524400576705853,47.37420201610623],[8.524379620474463,47.3741654147931],[8.524372946531184,47.37406209195796],[8.524541744948229,47.374017768903485],[8.524537245475955,47.37394811002775],[8.52470943096474,47.37390289749857],[8.524859735888128,47.3741654147931],[8.524860095590437,47.37417098352837],[8.524785331830053,47.374190618472696],[8.524400576705853,47.37420201610623]]]}},{"type":"Feature","properties":{"source":"Microsoft Global ML Building Footprints"},"geometry":{"type":"Polygon","coordinates":[[[8.526861765355616,47.37283334969268],[8.526938664058221,47.372844564916534],[8.526938444807204,47.37284525416723],[8.52707429722432,47.37286507387695],[8.527035643912168,47.37298658658627],[8.526822893900441,47.37295554824113],[8.526861765355616,47.37283334969268]]]}},{"type":"Feature","properties":{"source":"Microsoft Global ML Building Footprints"},"geometry":{"type":"Polygon","coordinates":[[[8.531544214598439,47.37757629273678],[8.531640700326406,47.37750835017315],[8.531972359678068,47.37772432397429],[8.531875873950101,47.377792266259625],[8.531544214598439,47.37757629273678]]]}},{"type":"Feature","properties":{"source":"Microsoft Global ML Building Footprints"},"geometry":{"type":"Polygon","coordinates":[[[8.536071217098344,47.36928911314357],[8.536342016289016,47.36950514570979],[8.535695133761113,47.36987708630482],[8.535438408612613,47.369672282902435],[8.535583372648986,47.36958893226382],[8.535702471944692,47.36968394440057],[8.5360397723481,47.369490005076116],[8.53590659831478,47.36938377309361],[8.536071217098344,47.36928911314357]]]}},{"type":"Feature","properties":{"source":"Microsoft Global ML Building Footprints"},"geometry":{"type":"Polygon","coordinates":[[[8.536480583809034,47.36860617111125],[8.536529100752137,47.36859879565801],[8.536537493777733,47.36862411330386],[8.536488977560408,47.36863149094295],[8.536480583809034,47.36860617111125]]]}},{"type":"Feature","properties":{"source":"Microsoft Global ML Building Footprints"},"geometry":{"type":"Polygon","coordinates":[[[8.523520944208851,47.37124464804804],[8.523845399862356,47.37145186515342],[8.523719169358944,47.37154251835393],[8.52373120486134,47.371527074689965],[8.523688561264846,47.37155770169385],[8.523673120626757,47.37157751473279],[8.523648074108937,47.37159550201079],[8.523575995476037,47.371569734951734],[8.52363151917871,47.37149849773252],[8.523585638050214,47.37153144997732],[8.523625525401277,47.37148026747039],[8.523586785043435,47.37146641832932],[8.52355837098385,47.371502873759944],[8.52354765587313,47.37151056945136],[8.523460389468308,47.371454835962034],[8.523382739034027,47.371510601107],[8.523445873067788,47.3715509221996],[8.52343109941193,47.371561532765654],[8.523354093716629,47.37153400433552],[8.52268368791204,47.37201549352519],[8.522547584822679,47.3719668390345],[8.522602572517076,47.371927346694626],[8.522620267001235,47.37190464473749],[8.52258787987977,47.37188396056694],[8.522637144115501,47.37184857877935],[8.522640766225674,47.37184393161938],[8.522711645714672,47.37186926987036],[8.523351576738403,47.37140970076996],[8.52331958217988,47.371389268636165],[8.523520944208851,47.37124464804804]]]}},{"type":"Feature","properties":{"source":"Microsoft Global ML Building Footprints"},"geometry":{"type":"Polygon","coordinates":[[[8.530671791314424,47.368350742808786],[8.530529202186399,47.36826142882121],[8.530693662387536,47.36814099841249],[8.530836244807807,47.36823030840245],[8.530671791314424,47.368350742808786]]]}},{"type":"Feature","properties":{"source":"Microsoft Global ML Building Footprints"},"geometry":{"type":"Polygon","coordinates":[[[8.536372864262113,47.37103213018011],[8.536024066865027,47.37102999743345],[8.536024423628605,47.371003441810565],[8.536046102356059,47.37098698759554],[8.536047499352218,47.37088300231706],[8.536126470131652,47.370883485190895],[8.53612690599264,47.37085079037923],[8.536216903879703,47.37085134067963],[8.53621631783325,47.37089496304208],[8.536242811858067,47.37091097341474],[8.536336261548811,47.37084004467602],[8.536336480886359,47.370823591713844],[8.536508013471217,47.37069339741582],[8.536589686215144,47.37074275253112],[8.536589518054537,47.37075536662505],[8.536640072753885,47.37078591697036],[8.536639784478561,47.37080754111183],[8.536651438630765,47.37081458374299],[8.536448682395562,47.37096847659751],[8.536448599499792,47.37097464693092],[8.536372864262113,47.37103213018011]]]}},{"type":"Feature","properties":{"source":"Microsoft Global ML Building Footprints"},"geometry":{"type":"Polygon","coordinates":[[[8.526821507100045,47.37935732105141],[8.527062662692062,47.379240403098194],[8.52719469978692,47.37936527692179],[8.527096310355478,47.37941297837109],[8.527030296074557,47.379350539484264],[8.52698419127222,47.379372892159765],[8.526996886326227,47.37938489963865],[8.526900221521947,47.37943176493214],[8.526821507100045,47.37935732105141]]]}},{"type":"Feature","properties":{"source":"Microsoft Global ML Building Footprints"},"geometry":{"type":"Polygon","coordinates":[[[8.52804585448688,47.366755065026624],[8.528110433665926,47.36683602783479],[8.527973402277489,47.36688616869273],[8.527908819087614,47.36680520093315],[8.52804585448688,47.366755065026624]]]}},{"type":"Feature","properties":{"source":"Microsoft Global ML Building Footprints"},"geometry":{"type":"Polygon","coordinates":[[[8.53363041602333,47.369766239239084],[8.533787066547323,47.369886708649084],[8.533821625783634,47.36987821982899],[8.533948737715576,47.36997597290275],[8.533975998114315,47.36996927691494],[8.534089425260149,47.37005649888414],[8.534095686847039,47.37006819156748],[8.533878047203931,47.37019801121771],[8.533829593405438,47.370160748900865],[8.533796491920604,47.37018049198894],[8.533474043178618,47.3702596948918],[8.533425899708845,47.37016979360471],[8.533749888674862,47.37009021224153],[8.533805426212751,47.37005708730699],[8.533792740597033,47.370033398593826],[8.533633372259146,47.369910839433935],[8.533039659747232,47.37026495456992],[8.533047119470352,47.370278884558545],[8.533161125131903,47.37036655784048],[8.533163061842973,47.37037017437067],[8.53302327400331,47.370453555836825],[8.53277256625583,47.370260770586604],[8.532859248867597,47.370209069571956],[8.532908167654817,47.370197053673905],[8.53363041602333,47.369766239239084]]]}},{"type":"Feature","properties":{"source":"Microsoft Global ML Building Footprints"},"geometry":{"type":"Polygon","coordinates":[[[8.525786574039195,47.371260165018214],[8.526040254833966,47.37114449053255],[8.526060594254034,47.37114043367551],[8.526106358943792,47.37118646713022],[8.526104496550513,47.37125551472066],[8.526067186574483,47.37125505314812],[8.52600220645452,47.37128468611137],[8.526005885685638,47.371293146657955],[8.52604402737185,47.37133151223278],[8.526049319144748,47.37134368087581],[8.52615896763124,47.371453961345516],[8.526153684719691,47.371441813104944],[8.526206232263966,47.37149466894277],[8.527050093149215,47.371326355117965],[8.526729500014817,47.37100387922766],[8.526838385140131,47.370954223937524],[8.526998923517365,47.371115705511336],[8.526994997746336,47.37110667800534],[8.527039222832009,47.371107225128235],[8.527038927539579,47.37111817301595],[8.527229556838524,47.3713099216508],[8.5272284070252,47.37135255049545],[8.527222813629534,47.3713536661377],[8.52705994625051,47.37142793085683],[8.52613650874465,47.371612116400364],[8.525786574039195,47.371260165018214]]]}},{"type":"Feature","properties":{"source":"Microsoft Global ML Building Footprints"},"geometry":{"type":"Polygon","coordinates":[[[8.527401854290272,47.37304519934859],[8.527440584068376,47.372977210340885],[8.527580668552988,47.37301380851291],[8.527541938774842,47.37308179747341],[8.527401854290272,47.37304519934859]]]}},{"type":"Feature","properties":{"source":"Microsoft Global ML Building Footprints"},"geometry":{"type":"Polygon","coordinates":[[[8.53577962080867,47.37525418386079],[8.535825944524653,47.375231391767066],[8.535856553929065,47.37525992441163],[8.535810232143138,47.37528271554339],[8.53577962080867,47.37525418386079]]]}},{"type":"Feature","properties":{"source":"Microsoft Global ML Building Footprints"},"geometry":{"type":"Polygon","coordinates":[[[8.537529937076393,47.36732148849693],[8.537612543092262,47.36719783869923],[8.53799325533835,47.367314512349246],[8.537910649322482,47.367438161873444],[8.537529937076393,47.36732148849693]]]}},{"type":"Feature","properties":{"source":"Microsoft Global ML Building Footprints"},"geometry":{"type":"Polygon","coordinates":[[[8.53859559211173,47.369149587391995],[8.538472222001122,47.36923449138157],[8.538300530852903,47.369120065355276],[8.538423900963469,47.3690351611815],[8.53859559211173,47.369149587391995]]]}},{"type":"Feature","properties":{"source":"Microsoft Global ML Building Footprints"},"geometry":{"type":"Polygon","coordinates":[[[8.523063811181139,47.37722642051721],[8.52286938661865,47.377284509316425],[8.52289117944971,47.37731795692082],[8.52277892173091,47.377351496439694],[8.522786846396752,47.37736365919193],[8.522506202099711,47.37744750787647],[8.522496296267438,47.37743230445991],[8.522428941636164,47.37745242813015],[8.522433894552321,47.37746002983608],[8.522343161953327,47.37748713816978],[8.522078711350671,47.37708119525594],[8.5228241218709,47.37685848555283],[8.523063811181139,47.37722642051721]]]}},{"type":"Feature","properties":{"source":"Microsoft Global ML Building Footprints"},"geometry":{"type":"Polygon","coordinates":[[[8.531874260587578,47.375832720470214],[8.531769930989576,47.37589789717626],[8.53175388992446,47.375886122092105],[8.531858219522462,47.37582094537151],[8.531874260587578,47.375832720470214]]]}},{"type":"Feature","properties":{"source":"Microsoft Global ML Building Footprints"},"geometry":{"type":"Polygon","coordinates":[[[8.535861587213013,47.37375468885481],[8.536083947755714,47.374007694500044],[8.53606810300568,47.374014080963484],[8.53620880810849,47.37417417700004],[8.53577423642465,47.37434935737967],[8.53541113974277,47.37393627036298],[8.535861587213013,47.37375468885481]]]}},{"type":"Feature","properties":{"source":"Microsoft Global ML Building Footprints"},"geometry":{"type":"Polygon","coordinates":[[[8.522464604885558,47.37362135017085],[8.522533496748093,47.373665800663886],[8.522374675196222,47.373778689926816],[8.522305785741601,47.37373423781741],[8.522464604885558,47.37362135017085]]]}},{"type":"Feature","properties":{"source":"Microsoft Global ML Building Footprints"},"geometry":{"type":"Polygon","coordinates":[[[8.52398794518454,47.378443201594465],[8.524109128749565,47.37839620441978],[8.524430700862823,47.37877641378843],[8.524309517297798,47.37882341062423],[8.52398794518454,47.378443201594465]]]}},{"type":"Feature","properties":{"source":"Microsoft Global ML Building Footprints"},"geometry":{"type":"Polygon","coordinates":[[[8.525415599951508,47.37969068541223],[8.525010036575903,47.379895728860696],[8.524821019411103,47.37972430741899],[8.525226571410847,47.37951926905525],[8.525415599951508,47.37969068541223]]]}},{"type":"Feature","properties":{"source":"Microsoft Global ML Building Footprints"},"geometry":{"type":"Polygon","coordinates":[[[8.537106394081837,47.37208075848175],[8.537502774956241,47.372369859310474],[8.537238482546204,47.37253605587298],[8.536842094852254,47.37224697277117],[8.537106394081837,47.37208075848175]]]}},{"type":"Feature","properties":{"source":"Microsoft Global ML Building Footprints"},"geometry":{"type":"Polygon","coordinates":[[[8.524102695479488,47.372804457148],[8.524261025917568,47.37276039026183],[8.524440203440747,47.37305564796307],[8.524281873002666,47.37309971460251],[8.524102695479488,47.372804457148]]]}},{"type":"Feature","properties":{"source":"Microsoft Global ML Building Footprints"},"geometry":{"type":"Polygon","coordinates":[[[8.526606756928281,47.36955493279494],[8.526647122564995,47.369707574165574],[8.52659165740253,47.36965905020916],[8.526544545338801,47.36966476486414],[8.526457110511343,47.36958827201463],[8.52661060798983,47.369507792717314],[8.526682729189364,47.369499044448226],[8.526745835238989,47.36946595767126],[8.526849509463315,47.36945338202403],[8.526890077638054,47.36943211193709],[8.52717046362876,47.36939810118554],[8.527192346602032,47.36941724570697],[8.527315623787413,47.36940229221327],[8.527374229155171,47.36937156788569],[8.52802136840172,47.36929306993144],[8.528116178319799,47.369376015379515],[8.528179908576629,47.369342601249926],[8.528331884865864,47.36947555910764],[8.528335921429546,47.36949082328755],[8.528463819528419,47.36960271582633],[8.528580418252254,47.3695885724783],[8.528294473239786,47.369738494180595],[8.528268506643911,47.369715777201826],[8.527800607782217,47.369961096959706],[8.527795874956245,47.369961671044386],[8.527847873027653,47.37000716154027],[8.527395052781714,47.37024457427366],[8.526606756928281,47.36955493279494]]]}},{"type":"Feature","properties":{"source":"Microsoft Global ML Building Footprints"},"geometry":{"type":"Polygon","coordinates":[[[8.526808294165459,47.37800048990101],[8.526855337594373,47.37798076503758],[8.526773624582855,47.37799686371746],[8.527143387067287,47.37784182560602],[8.527224756591366,47.3779308130023],[8.527230855573444,47.3779450047276],[8.527111929346178,47.377994869386],[8.527212686692085,47.37797501391198],[8.527272323900895,47.37804022687708],[8.527124990532391,47.378102002266466],[8.52716584703817,47.37809395294319],[8.527079237170971,47.37813026755518],[8.526956641513866,47.37818167058996],[8.526989333689112,47.37817522821845],[8.526919721084152,47.37820441601304],[8.52687480848735,47.3781552989407],[8.526808294165459,47.37800048990101]]]}},{"type":"Feature","properties":{"source":"Microsoft Global ML Building Footprints"},"geometry":{"type":"Polygon","coordinates":[[[8.524556516898771,47.379079434653875],[8.524440957905437,47.37892222993685],[8.524565635289534,47.37888020656093],[8.524681194282909,47.37903741140325],[8.524556516898771,47.379079434653875]]]}},{"type":"Feature","properties":{"source":"Microsoft Global ML Building Footprints"},"geometry":{"type":"Polygon","coordinates":[[[8.530193953057662,47.37678308312028],[8.530154266078318,47.37681757116111],[8.52996235058534,47.37671629893866],[8.530002044076795,47.37668180517251],[8.530193953057662,47.37678308312028]]]}},{"type":"Feature","properties":{"source":"Microsoft Global ML Building Footprints"},"geometry":{"type":"Polygon","coordinates":[[[8.531385484045417,47.36882146204327],[8.532291758943785,47.369187428754444],[8.531927198008823,47.369601537303396],[8.531699639901147,47.36950964705886],[8.531707898563102,47.369500265978694],[8.531559491101582,47.36944033746142],[8.531561850719282,47.36943765714944],[8.531383761765458,47.36936574283519],[8.531469887811593,47.36926791122166],[8.531665022550321,47.369346708955796],[8.531680361393557,47.36932928743096],[8.53186119089585,47.36940230845909],[8.53199804872256,47.36924685002755],[8.531522403991199,47.36905477844388],[8.531529483457291,47.36904673769633],[8.53127694163112,47.36894475769338],[8.531385484045417,47.36882146204327]]]}},{"type":"Feature","properties":{"source":"Microsoft Global ML Building Footprints"},"geometry":{"type":"Polygon","coordinates":[[[8.522879156505589,47.37964735934459],[8.522557998171262,47.37982761360827],[8.522299704249452,47.3796166050418],[8.522620862583778,47.37943635005671],[8.522879156505589,47.37964735934459]]]}},{"type":"Feature","properties":{"source":"Microsoft Global ML Building Footprints"},"geometry":{"type":"Polygon","coordinates":[[[8.523659529742261,47.373271839686105],[8.523814364041002,47.37338741416144],[8.523677541374086,47.373471480115754],[8.523522707075305,47.373355905824646],[8.523659529742261,47.373271839686105]]]}},{"type":"Feature","properties":{"source":"Microsoft Global ML Building Footprints"},"geometry":{"type":"Polygon","coordinates":[[[8.524058453161278,47.37420649802314],[8.523843240744352,47.37421443393919],[8.523821709445567,47.37423411421815],[8.523793870218523,47.37423514210327],[8.523750509682081,47.37421338622774],[8.52372677976605,47.3742350761115],[8.523232716567417,47.374253294584285],[8.5231438783916,47.3742087205959],[8.523147281922299,47.37425099573804],[8.5229386888805,47.37425868755943],[8.52293510511078,47.37421417367959],[8.522362813558072,47.374235303938505],[8.52234971002857,47.3740725451962],[8.522880925292867,47.37382673147228],[8.522950892097576,47.37389607479571],[8.522768043275892,47.373980685992684],[8.522844634525555,47.37405659450361],[8.522845533964878,47.37406776644547],[8.52296414656658,47.374063392616826],[8.522975490215119,47.37407463513667],[8.523092502357535,47.374070314779345],[8.523098626127506,47.37414637809944],[8.52354466808979,47.374129909225175],[8.52356331010764,47.37412128287565],[8.523558639377997,47.37406326774557],[8.523762019660811,47.37405576811569],[8.52372474535597,47.37408983809132],[8.523913207555655,47.374082888568],[8.524190220628176,47.373954704138434],[8.524256401050078,47.37402029466302],[8.524256795959463,47.37402520614367],[8.524058453161278,47.37420649802314]]]}},{"type":"Feature","properties":{"source":"Microsoft Global ML Building Footprints"},"geometry":{"type":"Polygon","coordinates":[[[8.530226532289573,47.37831956771842],[8.530246802604239,47.37834342357014],[8.530206500747507,47.378359125959484],[8.530186231652106,47.37833527154979],[8.530226532289573,47.37831956771842]]]}},{"type":"Feature","properties":{"source":"Microsoft Global ML Building Footprints"},"geometry":{"type":"Polygon","coordinates":[[[8.525472220735807,47.37223560413353],[8.525276620663389,47.372504603565204],[8.525065065867707,47.372434050938516],[8.525118218061314,47.37236095330485],[8.525154916342208,47.37237319204953],[8.525297364221021,47.37217728993711],[8.525472220735807,47.37223560413353]]]}},{"type":"Feature","properties":{"source":"Microsoft Global ML Building Footprints"},"geometry":{"type":"Polygon","coordinates":[[[8.52916213099519,47.37934903114448],[8.529064517034794,47.37924319057225],[8.528997978663302,47.379271325315884],[8.52903774410728,47.37931444690749],[8.528476186768291,47.379551892139474],[8.528346045315276,47.379410767434955],[8.529135313190373,47.37907703737139],[8.52932329528918,47.37928088533583],[8.52916213099519,47.37934903114448]]]}},{"type":"Feature","properties":{"source":"Microsoft Global ML Building Footprints"},"geometry":{"type":"Polygon","coordinates":[[[8.533425282764352,47.37277507950498],[8.533350760492638,47.37281539980908],[8.53317810365381,47.372669042981585],[8.53325261669331,47.372628727560695],[8.533425282764352,47.37277507950498]]]}},{"type":"Feature","properties":{"source":"Microsoft Global ML Building Footprints"},"geometry":{"type":"Polygon","coordinates":[[[8.528677489774674,47.367169552313534],[8.528706777986969,47.3671007922666],[8.52878353784364,47.367115790868176],[8.52879925346976,47.36707889520678],[8.528863632704384,47.36709147468458],[8.528868633130857,47.36707973515334],[8.528931562699015,47.36709203137121],[8.528913700033428,47.36713395746523],[8.528969628436457,47.36714488566879],[8.52895962758347,47.36716836469966],[8.529016578444857,47.367179492680535],[8.529000862818737,47.36721638827157],[8.529057813680163,47.367227516242316],[8.529034954587624,47.36728118249917],[8.528797246644416,47.36723473534863],[8.528813676617158,47.36719616269808],[8.528677489774674,47.367169552313534]]]}},{"type":"Feature","properties":{"source":"Microsoft Global ML Building Footprints"},"geometry":{"type":"Polygon","coordinates":[[[8.532874197333342,47.367381648298334],[8.53299791253946,47.36730277099261],[8.53317521175601,47.367430327208496],[8.533051500871354,47.36750920743251],[8.532874197333342,47.367381648298334]]]}},{"type":"Feature","properties":{"source":"Microsoft Global ML Building Footprints"},"geometry":{"type":"Polygon","coordinates":[[[8.538884667817022,47.3735515541863],[8.538913173028654,47.3734777270269],[8.539068830411715,47.37350528304078],[8.539040322533777,47.373579117067216],[8.538884667817022,47.3735515541863]]]}},{"type":"Feature","properties":{"source":"Microsoft Global ML Building Footprints"},"geometry":{"type":"Polygon","coordinates":[[[8.53971995226335,47.37360783877382],[8.539693122038031,47.373670592068066],[8.539637568689589,47.37365969899553],[8.539664391892408,47.37359694694475],[8.53971995226335,47.37360783877382]]]}},{"type":"Feature","properties":{"source":"Microsoft Global ML Building Footprints"},"geometry":{"type":"Polygon","coordinates":[[[8.523433048632274,47.37376152075862],[8.523561771346401,47.37385052478946],[8.52322909662579,47.37407116407048],[8.523100373911664,47.373982160412034],[8.523433048632274,47.37376152075862]]]}},{"type":"Feature","properties":{"source":"Microsoft Global ML Building Footprints"},"geometry":{"type":"Polygon","coordinates":[[[8.528562115822403,47.37802929186535],[8.528724912464408,47.37794763093932],[8.528835242670581,47.37804848802839],[8.528672446028573,47.37813014879821],[8.528562115822403,47.37802929186535]]]}},{"type":"Feature","properties":{"source":"Microsoft Global ML Building Footprints"},"geometry":{"type":"Polygon","coordinates":[[[8.534401530311793,47.378595744244386],[8.535766726739498,47.37827049268107],[8.535881262340741,47.3784908887836],[8.53500903712285,47.37869873299822],[8.53502130377986,47.37872234176484],[8.534528353856977,47.378839783967116],[8.534401530311793,47.378595744244386]]]}},{"type":"Feature","properties":{"source":"Microsoft Global ML Building Footprints"},"geometry":{"type":"Polygon","coordinates":[[[8.538964280313696,47.37333360748935],[8.539111886672032,47.37314753973631],[8.539064013142653,47.37313012209348],[8.539116569952077,47.3730638705162],[8.539155138135882,47.37307790264885],[8.53922781573658,47.37298627534072],[8.539445274210449,47.373065392593865],[8.539172426093508,47.37340933603709],[8.538964280313696,47.37333360748935]]]}},{"type":"Feature","properties":{"source":"Microsoft Global ML Building Footprints"},"geometry":{"type":"Polygon","coordinates":[[[8.524859699530491,47.372573275838974],[8.5249573361261,47.37243156950417],[8.525072958102133,47.372468112203165],[8.525041745731246,47.3725134059612],[8.525061568874492,47.37251967018213],[8.52502082909798,47.37257878954673],[8.524983386387328,47.372566955684675],[8.524957689381726,47.37260424576642],[8.524859699530491,47.372573275838974]]]}},{"type":"Feature","properties":{"source":"Microsoft Global ML Building Footprints"},"geometry":{"type":"Polygon","coordinates":[[[8.528228522615983,47.367311560419914],[8.528013833396022,47.36752493074822],[8.527802104673988,47.367427204653424],[8.527969374284229,47.367260979461655],[8.527904521314715,47.367231045615014],[8.52795195265401,47.36718390547041],[8.528228522615983,47.367311560419914]]]}},{"type":"Feature","properties":{"source":"Microsoft Global ML Building Footprints"},"geometry":{"type":"Polygon","coordinates":[[[8.536431559205496,47.3695787793706],[8.536690944017646,47.36970870176034],[8.536592200331619,47.36979911796147],[8.536332821559437,47.36966919881981],[8.536431559205496,47.3695787793706]]]}},{"type":"Feature","properties":{"source":"Microsoft Global ML Building Footprints"},"geometry":{"type":"Polygon","coordinates":[[[8.52359983078776,47.37069748482802],[8.523535973584476,47.370778565913504],[8.523448543605339,47.37083706100457],[8.523470177289463,47.37085189200158],[8.523386403353715,47.37095826152269],[8.522666803055046,47.37069831662815],[8.52256598324978,47.370629199258],[8.522446918500162,47.37058618870992],[8.522409498869807,47.37056053550749],[8.522482318723835,47.37046807392833],[8.52275549531818,47.37028530343538],[8.522765391077712,47.37028887816788],[8.522821410469398,47.37032727999616],[8.522870037481214,47.37034484594417],[8.522858835280648,47.37033716618936],[8.52293254203039,47.370363791896594],[8.523128580540696,47.37049818737615],[8.523128580540696,47.37049818737615],[8.523156586042173,47.37051738670242],[8.523252971791834,47.37055220481328],[8.523269775092746,47.37056372439807],[8.523354821342469,47.37059444623477],[8.523399630144816,47.37062516509737],[8.52359983078776,47.37069748482802]]]}},{"type":"Feature","properties":{"source":"Microsoft Global ML Building Footprints"},"geometry":{"type":"Polygon","coordinates":[[[8.525894572017116,47.376513129868705],[8.52644244632172,47.3763494892234],[8.526501120855032,47.37643957293748],[8.52650149410978,47.37645314976487],[8.52654707586467,47.37645257511363],[8.526550669920443,47.37658330569633],[8.526596251675373,47.376582731046504],[8.526599995483476,47.376718908393634],[8.526565138847339,47.3767193478306],[8.526567849025103,47.376817927667766],[8.526570649436165,47.37682222713774],[8.526572312696775,47.376882726378845],[8.526593762934361,47.376882455956924],[8.526594440789733,47.37690711216732],[8.52656783715268,47.376915058144505],[8.526568946835024,47.37695542153326],[8.526598440911727,47.37695504970364],[8.52659913180339,47.37698018006026],[8.526572528166337,47.37698812602644],[8.526577282858936,47.377161071915374],[8.526477486665387,47.37719087890348],[8.52633716864914,47.37719264787427],[8.525894572017116,47.376513129868705]]]}},{"type":"Feature","properties":{"source":"Microsoft Global ML Building Footprints"},"geometry":{"type":"Polygon","coordinates":[[[8.52918220058414,47.37338961167634],[8.529420219814426,47.37280757791244],[8.529461275588925,47.37281527811172],[8.529479217480219,47.372771415233366],[8.531155926426383,47.37308588900614],[8.531272847455483,47.37338220682787],[8.531052547698765,47.37342208364399],[8.53105288512709,47.373422938799536],[8.53068487797338,47.37348953486009],[8.530633037561458,47.373358154023194],[8.530958480383868,47.37329924500823],[8.530902097573607,47.37315635169276],[8.529573864147281,47.37290723644785],[8.529569873952987,47.37291699132878],[8.529595178161715,47.37298110439058],[8.529555750365287,47.37298824133643],[8.52953681782643,47.372984689566145],[8.529478367375113,47.37312758376942],[8.529424870467448,47.37313726738095],[8.529375211720772,47.37325869879943],[8.529429833337243,47.373268943246835],[8.529439482058706,47.37329338997763],[8.5295446326985,47.37331311626356],[8.529609130386211,47.37315543887421],[8.530046406370474,47.37323745139674],[8.529941008692008,47.37349518139612],[8.529861010155892,47.37350965824157],[8.529435563755662,47.37342986480927],[8.529422763031661,47.373397423513055],[8.529322072381165,47.37337853395256],[8.5293078977688,47.3734131864975],[8.52918220058414,47.37338961167634]]]}},{"type":"Feature","properties":{"source":"Microsoft Global ML Building Footprints"},"geometry":{"type":"Polygon","coordinates":[[[8.52521354974594,47.37265005323],[8.525155676783719,47.372627872668616],[8.525132682486891,47.372655389114726],[8.525022978704513,47.37261334371736],[8.52511652389035,47.37250140138663],[8.525284102215407,47.3725656360188],[8.52521354974594,47.37265005323]]]}},{"type":"Feature","properties":{"source":"Microsoft Global ML Building Footprints"},"geometry":{"type":"Polygon","coordinates":[[[8.526722684587273,47.36904228227199],[8.526798377570074,47.36902940864834],[8.52682220473056,47.36909367080284],[8.526746512999157,47.36910654778588],[8.526722684587273,47.36904228227199]]]}},{"type":"Feature","properties":{"source":"Microsoft Global ML Building Footprints"},"geometry":{"type":"Polygon","coordinates":[[[8.529548750416227,47.36783736923295],[8.52932601354496,47.36804641239877],[8.529165516842752,47.367967966882574],[8.529063694273017,47.368063529338855],[8.528934944171237,47.368000600547845],[8.529048221780048,47.36789428717755],[8.528877142877684,47.36781066918425],[8.528784229782786,47.36789787019258],[8.528678407781346,47.36784614774164],[8.5287840486974,47.36774700128126],[8.528591805394763,47.36765303852235],[8.528529693976076,47.36771133166193],[8.528555427134279,47.36775152259229],[8.528386888337241,47.3676691459007],[8.528482346996377,47.36757955543314],[8.528344778394468,47.36751231583125],[8.528487329992075,47.367378526945835],[8.528644299294271,47.36745524924339],[8.528576841841806,47.36751856000546],[8.528705591943586,47.36758148937156],[8.528787049999366,47.36750503872171],[8.528947546701616,47.36758348492639],[8.528825006855424,47.367698491765495],[8.528908165984607,47.367674067292086],[8.528969276299456,47.36776951149827],[8.529106170706946,47.36764103268587],[8.529252557808986,47.367712582341106],[8.529127825161055,47.367829646893],[8.529267157462993,47.367897748130794],[8.529405890714239,47.36776754383212],[8.529548750416227,47.36783736923295]]]}},{"type":"Feature","properties":{"source":"Microsoft Global ML Building Footprints"},"geometry":{"type":"Polygon","coordinates":[[[8.532233007446397,47.378366328266296],[8.532382800187488,47.378481431855896],[8.532418520580372,47.378482562712776],[8.532417213713558,47.37850151943592],[8.532434898909745,47.37850207848574],[8.532445188963194,47.37853030581142],[8.532496057568281,47.37856939722583],[8.532534989939048,47.37857062792221],[8.53254534252352,47.37859902674381],[8.532584304250243,47.378628967945254],[8.532588818365605,47.37864134737564],[8.532645667097407,47.37864314442604],[8.532770833346452,47.37873933170268],[8.532781540822878,47.378768703956425],[8.532646685071953,47.378791252087744],[8.5326437024524,47.37883451613481],[8.53225268410554,47.378899876487004],[8.532199810791973,47.37875483706214],[8.532086813224948,47.37882225993588],[8.532065971953159,47.378825743644484],[8.532044175438287,47.37876596944875],[8.531994612505049,47.378795542438425],[8.531992138443734,47.378831429652045],[8.532028132028247,47.37885908978235],[8.53194727087919,47.37890733755792],[8.531893840054025,47.37891626873629],[8.531887877438784,47.37900262905465],[8.531453726612854,47.37907519894479],[8.531330105445871,47.37898019963308],[8.531335507135287,47.37890184623388],[8.532233007446397,47.378366328266296]]]}},{"type":"Feature","properties":{"source":"Microsoft Global ML Building Footprints"},"geometry":{"type":"Polygon","coordinates":[[[8.537494017870785,47.36877053765964],[8.537883840026858,47.36900809384599],[8.537659785112197,47.36917674285101],[8.537504152692446,47.36908190145913],[8.537605510868138,47.36900560779122],[8.537481004932337,47.36892973444519],[8.537407653620992,47.368984947058465],[8.537295005393407,47.3689162997232],[8.537343017160808,47.36888016051763],[8.537325230598585,47.36886932144909],[8.537421254133427,47.36879704294884],[8.537442005122715,47.3688096885459],[8.537494017870785,47.36877053765964]]]}},{"type":"Feature","properties":{"source":"Microsoft Global ML Building Footprints"},"geometry":{"type":"Polygon","coordinates":[[[8.537578162592414,47.36919133760825],[8.536894552180655,47.369616704689676],[8.536851261451094,47.36958479222068],[8.53690364980583,47.36950721743129],[8.53686617578778,47.369518100890936],[8.536774121040477,47.36957538052356],[8.536430984692899,47.36932243122702],[8.536361869035623,47.36921327153793],[8.536368790626202,47.36920302223022],[8.536339266250978,47.369156392029026],[8.536514778785126,47.36910540979456],[8.536569641426395,47.36914585305181],[8.536683924314987,47.36932631948791],[8.536634807511003,47.36935688177299],[8.536884290986162,47.36943416356257],[8.536894864910138,47.36941850364482],[8.537297238003143,47.36916813205231],[8.537238440683211,47.369124788273325],[8.53720220740751,47.36914733404028],[8.536849952519173,47.36924965561168],[8.53675861794111,47.369105427159916],[8.537089745496008,47.36900924231322],[8.53713271960384,47.369040921725144],[8.53715307477447,47.369010780224166],[8.537255131895222,47.368947276086914],[8.537524507835696,47.36914585305181],[8.537531553089398,47.369156978373205],[8.537578162592414,47.36919133760825]]]}},{"type":"Feature","properties":{"source":"Microsoft Global ML Building Footprints"},"geometry":{"type":"Polygon","coordinates":[[[8.530817371309162,47.36928480673106],[8.530926132487387,47.369203428443015],[8.531045554039952,47.36927663323028],[8.530936788703297,47.36935801451684],[8.530817371309162,47.36928480673106]]]}},{"type":"Feature","properties":{"source":"Microsoft Global ML Building Footprints"},"geometry":{"type":"Polygon","coordinates":[[[8.52323981217304,47.374490923786425],[8.523196907753983,47.3744913874305],[8.523197549608671,47.374518626512106],[8.523151963663413,47.37451911913366],[8.523152434356858,47.374539094451045],[8.52303712873065,47.37454034049332],[8.52303417619915,47.37441504065299],[8.523237972189634,47.374412838340476],[8.52323981217304,47.374490923786425]]]}},{"type":"Feature","properties":{"source":"Microsoft Global ML Building Footprints"},"geometry":{"type":"Polygon","coordinates":[[[8.525660996397871,47.370849389302855],[8.525733722373353,47.370920754916995],[8.525633797240584,47.37096746092341],[8.525698999839303,47.371031443749025],[8.525713534404096,47.37102465015891],[8.52581384609441,47.3711230851364],[8.525692119114513,47.37117998132043],[8.525437578200247,47.37093020247615],[8.525488449176919,47.37090642486127],[8.525504749826629,47.37092242059346],[8.525660996397871,47.370849389302855]]]}},{"type":"Feature","properties":{"source":"Microsoft Global ML Building Footprints"},"geometry":{"type":"Polygon","coordinates":[[[8.529686346138003,47.36931953857071],[8.529825937673813,47.369250247156785],[8.530112405141361,47.36951496210012],[8.530199649851259,47.36947165513754],[8.530310848895791,47.369574410157696],[8.530265485644515,47.369616054249256],[8.53032221851116,47.36964440107297],[8.53040075818888,47.369716976535074],[8.530458339697402,47.36968839405325],[8.530577274851368,47.369798297273555],[8.53051096887186,47.36983121036451],[8.530882481325182,47.37017450847909],[8.531046506853382,47.37009309743607],[8.530948667667747,47.37000268867862],[8.530999600039149,47.36997740685316],[8.531749371688914,47.37035202972424],[8.531864328489952,47.37045826551951],[8.53189508333906,47.3704429995518],[8.532004511033566,47.37049767470462],[8.531927849338935,47.370535727679126],[8.531957263409273,47.370562907630074],[8.53148931778886,47.37079518358007],[8.531471078971805,47.37078607154077],[8.531403557481765,47.370819587361325],[8.531316594143394,47.37073922959603],[8.531349747133149,47.370722773336425],[8.530150779588102,47.369614864304765],[8.530056552157044,47.369661632790184],[8.529686346138003,47.36931953857071]]]}},{"type":"Feature","properties":{"source":"Microsoft Global ML Building Footprints"},"geometry":{"type":"Polygon","coordinates":[[[8.539049138943259,47.372664209112685],[8.539062027236973,47.37263805897554],[8.539134427612147,47.372654424546596],[8.539121539318435,47.37268057467562],[8.539049138943259,47.372664209112685]]]}},{"type":"Feature","properties":{"source":"Microsoft Global ML Building Footprints"},"geometry":{"type":"Polygon","coordinates":[[[8.52477174491482,47.37615237755265],[8.524841944146608,47.37625815821607],[8.52458308645129,47.376336934720165],[8.524512887219542,47.37623115421478],[8.52477174491482,47.37615237755265]]]}},{"type":"Feature","properties":{"source":"Microsoft Global ML Building Footprints"},"geometry":{"type":"Polygon","coordinates":[[[8.531785966339104,47.374124615328185],[8.531850630264838,47.37425319821323],[8.531730457980435,47.37428091392896],[8.531665794054701,47.37415233111151],[8.531785966339104,47.374124615328185]]]}},{"type":"Feature","properties":{"source":"Microsoft Global ML Building Footprints"},"geometry":{"type":"Polygon","coordinates":[[[8.53474833428665,47.37213863569605],[8.534705254269657,47.37214320964244],[8.534699778006893,47.37215046358444],[8.534618489482861,47.372209198121],[8.534631277849467,47.37226441635353],[8.534343318745146,47.37229500348247],[8.534240514505104,47.3718511089471],[8.534277461393494,47.37180217493132],[8.534274615445735,47.371789886456746],[8.53448148495322,47.37151586135441],[8.534513399952344,47.37152691199222],[8.534771533597564,47.371690767718334],[8.53475264576986,47.37168422778755],[8.535079970818007,47.37189200349637],[8.53506832859562,47.3719074250357],[8.53474833428665,47.37213863569605]]]}},{"type":"Feature","properties":{"source":"Microsoft Global ML Building Footprints"},"geometry":{"type":"Polygon","coordinates":[[[8.535538621510511,47.36796945239772],[8.536362553979565,47.3682439016027],[8.53636289314386,47.36824616668437],[8.536336599739727,47.36824797267068],[8.536684519264398,47.36836386308625],[8.536612288704504,47.36846333301106],[8.536008193524665,47.36826211186344],[8.536012714393184,47.36826180112926],[8.535837982683203,47.36820359870842],[8.53579443190442,47.36826357342658],[8.535740539086971,47.36824562195607],[8.535733493228474,47.368198566729454],[8.535624295771239,47.368206067062175],[8.535299412835924,47.36865346870608],[8.535783221765243,47.368620238096696],[8.535793553158864,47.36868923495232],[8.535981111505318,47.36867634355305],[8.535998525431419,47.3687925597916],[8.535776440128151,47.36880781376205],[8.535768093569347,47.36875207249754],[8.535278591697871,47.36878569404478],[8.535278591697871,47.36878569404478],[8.535168085269461,47.36879328420096],[8.535145304226091,47.368641144174525],[8.535218698386998,47.36863609958845],[8.5352121278831,47.36859224956939],[8.535079774183219,47.36860134034299],[8.535538621510511,47.36796945239772]]]}},{"type":"Feature","properties":{"source":"Microsoft Global ML Building Footprints"},"geometry":{"type":"Polygon","coordinates":[[[8.524067229923036,47.3702278892891],[8.523900449475024,47.37042460746882],[8.523852038963025,47.37040577966526],[8.523862462741064,47.37039348479613],[8.523667967325533,47.370317841605065],[8.523824338327799,47.37013342353385],[8.524067229923036,47.3702278892891]]]}},{"type":"Feature","properties":{"source":"Microsoft Global ML Building Footprints"},"geometry":{"type":"Polygon","coordinates":[[[8.528951273670708,47.37808372946021],[8.529328607636462,47.3778987278966],[8.529301265431641,47.377873158303764],[8.529397294509572,47.37782607191291],[8.529420815882421,47.37784807052734],[8.52944444204037,47.37783648691995],[8.529542553723548,47.37792823796851],[8.52904555684162,47.3781719083136],[8.528951273670708,47.37808372946021]]]}},{"type":"Feature","properties":{"source":"Microsoft Global ML Building Footprints"},"geometry":{"type":"Polygon","coordinates":[[[8.52460371413545,47.372623764284114],[8.52456482661049,47.37272475306498],[8.524137885350264,47.372649352662],[8.52410604963528,47.372732028251306],[8.523920207792086,47.372699198669494],[8.523990938328033,47.37251551509311],[8.52460371413545,47.372623764284114]]]}},{"type":"Feature","properties":{"source":"Microsoft Global ML Building Footprints"},"geometry":{"type":"Polygon","coordinates":[[[8.527742195597448,47.374914927193025],[8.527875702198022,47.375031556188404],[8.5279932127408,47.37508266236687],[8.528088447062547,47.37516585714084],[8.528145123523391,47.37519050608388],[8.528237341554203,47.37527105845178],[8.528187987018665,47.37532310657489],[8.528234556617402,47.37536378866372],[8.528189928842087,47.37538721631402],[8.528130453564824,47.37536135306351],[8.528069760545014,47.37539321714732],[8.52812041084217,47.37543746397648],[8.527934218874048,47.37553521531964],[8.52792247672947,47.37554759690005],[8.527500507053109,47.37576911152678],[8.52746418248108,47.37580741402779],[8.52741986729528,47.3758306794868],[8.52739259405833,47.37580685445336],[8.527355719947604,47.37582621335114],[8.52727565135325,47.37579139144114],[8.527124924748893,47.37565972123483],[8.527032140629585,47.37561937359865],[8.527025631702747,47.37561368809843],[8.527634861993683,47.374971278238284],[8.527742195597448,47.374914927193025]]]}},{"type":"Feature","properties":{"source":"Microsoft Global ML Building Footprints"},"geometry":{"type":"Polygon","coordinates":[[[8.524165792616243,47.378327626893615],[8.524344064167204,47.37826052597974],[8.52445568552656,47.37839650644828],[8.524424949052275,47.378408075547625],[8.5244602578496,47.37845108969501],[8.524312722772965,47.37850662129121],[8.524165792616243,47.378327626893615]]]}},{"type":"Feature","properties":{"source":"Microsoft Global ML Building Footprints"},"geometry":{"type":"Polygon","coordinates":[[[8.528116525659595,47.37782983389903],[8.528053669231014,47.377770152502166],[8.528153231943687,47.377722069461036],[8.528087297130519,47.37765946504661],[8.528794903552775,47.37731773033539],[8.528849426571355,47.37736949971127],[8.528900985833294,47.37734459938124],[8.528912397627884,47.377355434830676],[8.52905818588571,47.37728502695179],[8.529012538707352,47.37724168508278],[8.528903028990499,47.37729457243197],[8.528772418846078,47.377170570559294],[8.528554802430829,47.37727566776434],[8.528429272690348,47.37715647751768],[8.528824665616387,47.37696552308468],[8.529189288835365,47.37731169866496],[8.528116525659595,47.37782983389903]]]}},{"type":"Feature","properties":{"source":"Microsoft Global ML Building Footprints"},"geometry":{"type":"Polygon","coordinates":[[[8.52415690257362,47.36840662240548],[8.524004965237308,47.368478960797496],[8.523870711160534,47.36834959937695],[8.52402264455296,47.36827726988723],[8.52415690257362,47.36840662240548]]]}},{"type":"Feature","properties":{"source":"Microsoft Global ML Building Footprints"},"geometry":{"type":"Polygon","coordinates":[[[8.533645669708246,47.3682958061005],[8.533634798911024,47.36828342561833],[8.533356948652022,47.36819914606724],[8.53335393125709,47.36819570962476],[8.533877559222635,47.36740395852654],[8.533985723953489,47.36736039152575],[8.534202481741847,47.36760725538285],[8.534217105439698,47.36761169120183],[8.534296348142778,47.36770193983981],[8.534262933789334,47.36775247194199],[8.534356263175074,47.36785876344716],[8.534174931454794,47.36813298770693],[8.534266529545466,47.368160771952326],[8.53416088488261,47.36832053547843],[8.534143833363213,47.36831536248744],[8.534109394667837,47.3683674349448],[8.53416889901013,47.36838548418623],[8.534130877721733,47.36844298254864],[8.533645669708246,47.3682958061005]]]}},{"type":"Feature","properties":{"source":"Microsoft Global ML Building Footprints"},"geometry":{"type":"Polygon","coordinates":[[[8.524545899468116,47.37036034007812],[8.524159857187495,47.37071103300198],[8.524089238390964,47.370739903764736],[8.524167645755046,47.370779492039134],[8.52400491989306,47.37092731642885],[8.523950859500818,47.37090001858079],[8.523906338924192,47.370918219663125],[8.523851884999502,47.3708907256768],[8.523785942450122,47.37081674346712],[8.523701505180746,47.370774106689616],[8.523830803548439,47.37065664839452],[8.523944587881513,47.370714098760324],[8.524345233062425,47.37035014007892],[8.524207069264463,47.37019511178438],[8.524125323168171,47.370228528121395],[8.523949110662423,47.370030829220674],[8.523924723468879,47.370018514675834],[8.523745707248631,47.36981766938516],[8.52391673672761,47.36974774692796],[8.52408712415298,47.369938911507546],[8.52407674929001,47.36994833646447],[8.524130575688389,47.37000872633428],[8.524184223392549,47.370035813710004],[8.524195999617943,47.37004902588615],[8.524230139066052,47.3700662632955],[8.524274299911273,47.37011580891045],[8.524313316423413,47.37013550878144],[8.524343300785286,47.37016914925895],[8.524328114812647,47.37018294476717],[8.524436610431296,47.370237725324],[8.524545899468116,47.37036034007812]]]}},{"type":"Feature","properties":{"source":"Microsoft Global ML Building Footprints"},"geometry":{"type":"Polygon","coordinates":[[[8.5256357019678,47.37887363757887],[8.525747027096795,47.37897628492613],[8.525646790693337,47.37902613631017],[8.525676223296532,47.37905327199999],[8.525601302967392,47.37909053268539],[8.5255731500426,47.37906457682678],[8.52548254871432,47.37910963624728],[8.525369937015114,47.379005812773826],[8.5256357019678,47.37887363757887]]]}},{"type":"Feature","properties":{"source":"Microsoft Global ML Building Footprints"},"geometry":{"type":"Polygon","coordinates":[[[8.530621342880833,47.373322578788596],[8.530537575729497,47.373327450434836],[8.530530827151,47.37327427458318],[8.530614599257852,47.37326939867322],[8.530621342880833,47.373322578788596]]]}},{"type":"Feature","properties":{"source":"Microsoft Global ML Building Footprints"},"geometry":{"type":"Polygon","coordinates":[[[8.531607646942575,47.3748769580598],[8.530866753040666,47.37538664290645],[8.530884461629263,47.37539844785482],[8.530637728927672,47.37556818211848],[8.53044974544881,47.37544286831952],[8.530498019238255,47.37540965940591],[8.530295051569023,47.37527435640632],[8.530450600446123,47.37516734949013],[8.530323915927767,47.375082898277256],[8.530569307690756,47.374914084930346],[8.530681008018783,47.374988547535516],[8.53048254910664,47.375125074025725],[8.53051796628379,47.375148684036965],[8.530492488450466,47.37516621105293],[8.530685920725825,47.375295157808],[8.530838787725724,47.37518999588194],[8.530772039968761,47.37514550011759],[8.531305733529786,47.37477835389543],[8.531383378879735,47.374830114631195],[8.531459162042761,47.37477798062148],[8.531607646942575,47.3748769580598]]]}},{"type":"Feature","properties":{"source":"Microsoft Global ML Building Footprints"},"geometry":{"type":"Polygon","coordinates":[[[8.532651699068449,47.3727243115467],[8.532275866968329,47.37282488809164],[8.532214871621315,47.37272035333811],[8.532590694731269,47.37261976118628],[8.532651699068449,47.3727243115467]]]}},{"type":"Feature","properties":{"source":"Microsoft Global ML Building Footprints"},"geometry":{"type":"Polygon","coordinates":[[[8.53682883756115,47.3765474219474],[8.537415254392645,47.37628652727229],[8.537924098584785,47.37681101070204],[8.537337662917919,47.37707188336806],[8.53682883756115,47.3765474219474]]]}},{"type":"Feature","properties":{"source":"Microsoft Global ML Building Footprints"},"geometry":{"type":"Polygon","coordinates":[[[8.524378875809333,47.37439972616481],[8.524457260535883,47.37435329009119],[8.524965999800958,47.37434991432566],[8.52505231171853,47.37441673134525],[8.52494719480076,47.37447900381264],[8.524734923593549,47.37448041234571],[8.52471863859356,47.37446780558968],[8.524622489643278,47.37446844358957],[8.524622787617403,47.3744890376193],[8.524655955616431,47.374541787390584],[8.524705146687888,47.37457986776017],[8.524732116033004,47.37462276628832],[8.52472820734591,47.37462508183165],[8.524886706170975,47.37487719573934],[8.524913545572597,47.37487701764688],[8.524973829271229,47.37485963428303],[8.52502581028852,47.37494230332568],[8.52505012709329,47.374961127596436],[8.525029444722435,47.3749733799494],[8.525029825499324,47.37499969651382],[8.525000212385322,47.375008235708044],[8.525093026840764,47.37515584451275],[8.525184454124307,47.37512948074438],[8.525224866991561,47.37516076528084],[8.525267407761268,47.37522842046167],[8.52504993472461,47.37529112005679],[8.524923352412856,47.37519312993797],[8.524824010220104,47.37503513974845],[8.524851369809298,47.37501893179211],[8.524796886535245,47.37493228335838],[8.52471408353383,47.37493283279589],[8.524378875809333,47.37439972616481]]]}},{"type":"Feature","properties":{"source":"Microsoft Global ML Building Footprints"},"geometry":{"type":"Polygon","coordinates":[[[8.52258494317429,47.37887978341133],[8.522307017557651,47.378952293308245],[8.522021766830292,47.37845096125475],[8.522299692446932,47.37837845066839],[8.52258494317429,47.37887978341133]]]}},{"type":"Feature","properties":{"source":"Microsoft Global ML Building Footprints"},"geometry":{"type":"Polygon","coordinates":[[[8.522784484046358,47.3746548614091],[8.522784901351388,47.3745840230638],[8.522904023152131,47.37458435052985],[8.522904116553057,47.37456876889226],[8.523027496169702,47.37456910221539],[8.523027321964092,47.374598164120385],[8.523207027057897,47.374598649612516],[8.523206683150475,47.37465602203372],[8.522784484046358,47.3746548614091]]]}},{"type":"Feature","properties":{"source":"Microsoft Global ML Building Footprints"},"geometry":{"type":"Polygon","coordinates":[[[8.526785295278225,47.37071285932899],[8.52737868496789,47.37041389967648],[8.527468570438357,47.370438768800874],[8.52800126381097,47.37092368435943],[8.527884647059473,47.37111701048317],[8.527810111853547,47.37109638866981],[8.52775119988844,47.37104276097406],[8.527809727830412,47.37094575048933],[8.527376904614027,47.37055171106607],[8.527380788966546,47.37054527266939],[8.527335809731289,47.37053282803513],[8.527292644117805,47.37060438818501],[8.527046037528617,47.37072863246718],[8.527031061557672,47.37075345961857],[8.527286573992443,47.37098605404996],[8.527291624635946,47.37098745142539],[8.52740254268657,47.37093156421816],[8.527328045009504,47.37086374221209],[8.52729773386387,47.37087901482192],[8.527163376771618,47.37075670867175],[8.527331830346867,47.370671839185306],[8.527457841456014,47.37078655891676],[8.527452135959098,47.37079601585529],[8.527623324504358,47.37095186441639],[8.527252876410838,47.37113850065815],[8.526785295278225,47.37071285932899]]]}},{"type":"Feature","properties":{"source":"Microsoft Global ML Building Footprints"},"geometry":{"type":"Polygon","coordinates":[[[8.529357652540783,47.377791197488406],[8.529170503356873,47.37788810766533],[8.529013899101589,47.37774943027193],[8.529120526541746,47.37769421599334],[8.529094641540883,47.377671294051005],[8.529133569019045,47.37765113643407],[8.529162042520003,47.37767635057972],[8.529203645680798,47.377654807429494],[8.529357652540783,47.377791197488406]]]}},{"type":"Feature","properties":{"source":"Microsoft Global ML Building Footprints"},"geometry":{"type":"Polygon","coordinates":[[[8.532057644488283,47.3746833503037],[8.531645926142826,47.37484640909812],[8.531430857145054,47.374597369622066],[8.53161473135759,47.37452454696624],[8.531655641221288,47.37457191876171],[8.531569700013257,47.37460595541974],[8.531643337767951,47.37469122448931],[8.531947129945166,47.37457090895705],[8.53189570040222,47.37451135583472],[8.532007623835941,47.37446702894041],[8.53210463865556,47.37457936782302],[8.532002708385576,47.37461973687442],[8.532057644488283,47.3746833503037]]]}},{"type":"Feature","properties":{"source":"Microsoft Global ML Building Footprints"},"geometry":{"type":"Polygon","coordinates":[[[8.532303708294574,47.37954675889281],[8.53227500930175,47.379479674641104],[8.532208584169275,47.37941151666264],[8.53220766952196,47.379378862789245],[8.532314640986364,47.37933105623909],[8.532251066604326,47.379331869732205],[8.532187598188404,47.37934431648475],[8.532181531613322,47.379330135742954],[8.532088290090979,47.379234471659395],[8.532087580396954,47.379209134751704],[8.532723196509737,47.378925070401976],[8.532972826227914,47.37887611526316],[8.533010054070203,47.378914310623735],[8.533076280270006,47.378913460052814],[8.53331880440618,47.3791622865006],[8.533319547039934,47.379188897614526],[8.533021343508587,47.37932216781927],[8.532876136047891,47.37917318754281],[8.532836620539506,47.379080818875174],[8.53274492179455,47.3790988019451],[8.532364509534776,47.37926881230172],[8.532379900074499,47.379304788033664],[8.532433526045601,47.379294271469305],[8.532473656162832,47.37927633692007],[8.532714489608137,47.37922909572905],[8.532716774507087,47.37931097134575],[8.532749791380564,47.37934484961277],[8.53279494521987,47.37945042301064],[8.532303708294574,47.37954675889281]]]}},{"type":"Feature","properties":{"source":"Microsoft Global ML Building Footprints"},"geometry":{"type":"Polygon","coordinates":[[[8.524387289925297,47.377712006624876],[8.524534440861213,47.37771700701014],[8.524520477775845,47.377905426405846],[8.524373326839969,47.37790042603846],[8.524387289925297,47.377712006624876]]]}},{"type":"Feature","properties":{"source":"Microsoft Global ML Building Footprints"},"geometry":{"type":"Polygon","coordinates":[[[8.537225819287922,47.37557583551263],[8.537391865646464,47.375320614484814],[8.537387750960953,47.37534342972271],[8.537452272476283,47.37524425684225],[8.537437859656505,47.37532412780138],[8.537740561235028,47.3748588581542],[8.537880748609377,47.374834460027756],[8.537938527569233,47.37483924147032],[8.5380274142606,47.375073459838774],[8.538025720219693,47.375076063677405],[8.538108709482554,47.375294741243266],[8.538169203281285,47.37531279001824],[8.538209044366237,47.375417771330966],[8.537746354987066,47.37549831850855],[8.537798653631281,47.37550264389962],[8.537754013818954,47.37551041288854],[8.537711303358186,47.37549766995317],[8.537704841148939,47.375533501690136],[8.537385614211374,47.37558905900172],[8.537225819287922,47.37557583551263]]]}},{"type":"Feature","properties":{"source":"Microsoft Global ML Building Footprints"},"geometry":{"type":"Polygon","coordinates":[[[8.538797447715641,47.37658797358076],[8.538074203680459,47.37673211235649],[8.537816023945108,47.376138051611655],[8.538539254270656,47.375993879666574],[8.538797447715641,47.37658797358076]]]}},{"type":"Feature","properties":{"source":"Microsoft Global ML Building Footprints"},"geometry":{"type":"Polygon","coordinates":[[[8.526477828118772,47.36889841462585],[8.526649180166164,47.36876821985145],[8.52667309438273,47.36878265708918],[8.526501743166715,47.36891285119625],[8.526477828118772,47.36889841462585]]]}},{"type":"Feature","properties":{"source":"Microsoft Global ML Building Footprints"},"geometry":{"type":"Polygon","coordinates":[[[8.529130537455725,47.3707397560781],[8.52882450185978,47.37081713155894],[8.528800916829372,47.37077434527432],[8.528943071916434,47.370589629861385],[8.529073080441298,47.37063552143567],[8.529130537455725,47.3707397560781]]]}},{"type":"Feature","properties":{"source":"Microsoft Global ML Building Footprints"},"geometry":{"type":"Polygon","coordinates":[[[8.532666776825412,47.3704874736241],[8.532561438240718,47.37054787983746],[8.532435061707439,47.37044679722414],[8.532740338486175,47.37027172183316],[8.532865408823142,47.37037175174662],[8.532770117856504,47.3704263962952],[8.532829644644124,47.37047400506525],[8.532724980795535,47.37053402436803],[8.532666776825412,47.3704874736241]]]}},{"type":"Feature","properties":{"source":"Microsoft Global ML Building Footprints"},"geometry":{"type":"Polygon","coordinates":[[[8.52384281915203,47.370012021027854],[8.523655481529175,47.37017903857466],[8.523442888686006,47.37006966252107],[8.523630226308821,47.3699026446279],[8.52384281915203,47.370012021027854]]]}},{"type":"Feature","properties":{"source":"Microsoft Global ML Building Footprints"},"geometry":{"type":"Polygon","coordinates":[[[8.523958126059892,47.373573287328476],[8.52398215967379,47.37359375832279],[8.523869504081855,47.37365441603932],[8.523845467923472,47.37363394109889],[8.523958126059892,47.373573287328476]]]}},{"type":"Feature","properties":{"source":"Microsoft Global ML Building Footprints"},"geometry":{"type":"Polygon","coordinates":[[[8.538886754076387,47.373105999806086],[8.538992386740203,47.37313946503298],[8.538928567929926,47.37323186646631],[8.538845966854346,47.373205697868435],[8.538864497170628,47.37317887236983],[8.538841463307811,47.37317157507513],[8.538886754076387,47.373105999806086]]]}},{"type":"Feature","properties":{"source":"Microsoft Global ML Building Footprints"},"geometry":{"type":"Polygon","coordinates":[[[8.524533577958504,47.37309837229701],[8.52458737116823,47.37318025215761],[8.524397056678584,47.37323759542791],[8.524343263468857,47.37315571565633],[8.524533577958504,47.37309837229701]]]}},{"type":"Feature","properties":{"source":"Microsoft Global ML Building Footprints"},"geometry":{"type":"Polygon","coordinates":[[[8.526615701814112,47.370258002101394],[8.526784801301126,47.37017593239824],[8.527029138321542,47.37040684999566],[8.526981288802794,47.37043007062948],[8.527000338635705,47.370448074161324],[8.52694185589054,47.37047645491243],[8.526959635734578,47.37049325819422],[8.526896844763755,47.37052372963238],[8.526615701814112,47.370258002101394]]]}},{"type":"Feature","properties":{"source":"Microsoft Global ML Building Footprints"},"geometry":{"type":"Polygon","coordinates":[[[8.52741544352185,47.37113768171375],[8.52761804994473,47.37103240825598],[8.527801990995641,47.371194778855745],[8.52761211390507,47.37129343790766],[8.527569369495897,47.37125570273472],[8.527485725460838,47.371299163670194],[8.52729401225281,47.3711299326648],[8.527364924500805,47.371093086973076],[8.52741544352185,47.37113768171375]]]}},{"type":"Feature","properties":{"source":"Microsoft Global ML Building Footprints"},"geometry":{"type":"Polygon","coordinates":[[[8.53243482155638,47.36759658178505],[8.532431233157322,47.367614417157995],[8.532378566444091,47.36760955886692],[8.53238215484311,47.36759172349233],[8.53243482155638,47.36759658178505]]]}},{"type":"Feature","properties":{"source":"Microsoft Global ML Building Footprints"},"geometry":{"type":"Polygon","coordinates":[[[8.532494610690943,47.372789781971306],[8.532673401921524,47.3727376814427],[8.532733779157734,47.372832707811455],[8.532602514709943,47.37287095876858],[8.532643415418363,47.372935331326026],[8.532779206226401,47.37289576141819],[8.532838609636233,47.37298925482469],[8.532460658553802,47.3730993907992],[8.532406124275948,47.37301356097216],[8.532494388301197,47.3729878405736],[8.532441801676104,47.37290507592487],[8.532548171142418,47.372874079481804],[8.532494610690943,47.372789781971306]]]}},{"type":"Feature","properties":{"source":"Microsoft Global ML Building Footprints"},"geometry":{"type":"Polygon","coordinates":[[[8.53490950061853,47.37557596831903],[8.534699583511433,47.37566059586735],[8.534176129087786,47.37506515720418],[8.534314753592461,47.37500927047152],[8.534233405945525,47.37491673538298],[8.534253209446202,47.37490875154518],[8.534296830648174,47.37495837183776],[8.534348319749917,47.37493761387337],[8.53490950061853,47.37557596831903]]]}},{"type":"Feature","properties":{"source":"Microsoft Global ML Building Footprints"},"geometry":{"type":"Polygon","coordinates":[[[8.536886887247967,47.371740832254694],[8.537834985436525,47.37104412596447],[8.538601828451014,47.37114317466512],[8.538462634515236,47.37163745127435],[8.538035602844452,47.37158229458998],[8.538095327901992,47.37137021170962],[8.538121208609288,47.371373554554054],[8.538142433216521,47.37129818605711],[8.538253720258023,47.37131256030634],[8.538269497020359,47.371256537030696],[8.538329795022829,47.37125195835457],[8.538348171073391,47.37118670492689],[8.538128185061144,47.371158290641716],[8.538109922027019,47.371223142782696],[8.53791983059898,47.37119858982107],[8.537877813517367,47.371229466015606],[8.537911437090173,47.371432687334504],[8.537888754926545,47.37151323139907],[8.53779556837563,47.37152030298618],[8.537778562830777,47.37158068936343],[8.5376731954713,47.371567074797355],[8.537772830026027,47.37149385892136],[8.537529953166043,47.37146248814332],[8.537221610889132,47.371689054280715],[8.53723707712886,47.37178253172102],[8.53746597211131,47.37192539665335],[8.537528991834588,47.37193353940653],[8.537611914813393,47.37163908274926],[8.538367621733872,47.37173672778476],[8.538224480877625,47.37224501409065],[8.537556303194682,47.37215867956601],[8.536886887247967,47.371740832254694]]]}},{"type":"Feature","properties":{"source":"Microsoft Global ML Building Footprints"},"geometry":{"type":"Polygon","coordinates":[[[8.540257403218732,47.374080115323736],[8.54024206120599,47.374201396813106],[8.540283042845953,47.374289281453784],[8.540275005461995,47.37435276639802],[8.54006086975415,47.37434034359689],[8.54006315076353,47.374322311854996],[8.540047441196922,47.37432140048475],[8.540009127640914,47.37423925577879],[8.539950704455904,47.37423586642763],[8.53994147784723,47.37430880431844],[8.539643260755447,47.37429148949675],[8.539647239267607,47.37426003869229],[8.53953274452412,47.37425339641917],[8.539538080942307,47.37421121110535],[8.539673164339415,47.37418231644704],[8.53967647422806,47.37415615117034],[8.539665267936606,47.37413211936513],[8.539516238725074,47.37412347359577],[8.539500504098552,47.37414780593858],[8.539490875688083,47.37422392026488],[8.53947433496585,47.37422745757859],[8.539472236821553,47.374244043773075],[8.539488969775256,47.37427991943123],[8.539545070919864,47.374283174069284],[8.539536859030417,47.374348090380714],[8.539560640588778,47.374399078225935],[8.539523137425205,47.374457073550445],[8.538826990455775,47.3744166545747],[8.53873853342967,47.37422695980682],[8.538885018208898,47.37400043270494],[8.540257403218732,47.374080115323736]]]}},{"type":"Feature","properties":{"source":"Microsoft Global ML Building Footprints"},"geometry":{"type":"Polygon","coordinates":[[[8.52364111175049,47.372068652743124],[8.523695426954742,47.372020404136435],[8.523826040070546,47.37208784175015],[8.523771724866291,47.37213609029516],[8.52364111175049,47.372068652743124]]]}},{"type":"Feature","properties":{"source":"Microsoft Global ML Building Footprints"},"geometry":{"type":"Polygon","coordinates":[[[8.523371125387623,47.373458528042775],[8.523466360388149,47.37339778431698],[8.523621104274852,47.37350905910691],[8.523525865947668,47.37356980031232],[8.523371125387623,47.373458528042775]]]}},{"type":"Feature","properties":{"source":"Microsoft Global ML Building Footprints"},"geometry":{"type":"Polygon","coordinates":[[[8.525722335666813,47.375067386968],[8.52561279914732,47.375096200393145],[8.525553050709242,47.37499203589314],[8.525662587228776,47.37496322241107],[8.525722335666813,47.375067386968]]]}},{"type":"Feature","properties":{"source":"Microsoft Global ML Building Footprints"},"geometry":{"type":"Polygon","coordinates":[[[8.526253616030157,47.371378090382194],[8.526202415021764,47.37140178178015],[8.526147443150428,47.371347291618235],[8.526198644158821,47.3713236001958],[8.526253616030157,47.371378090382194]]]}},{"type":"Feature","properties":{"source":"Microsoft Global ML Building Footprints"},"geometry":{"type":"Polygon","coordinates":[[[8.534840266154848,47.3708564885323],[8.534638940466808,47.371139606293156],[8.5344778204247,47.37108706343984],[8.534588343335244,47.37093163870219],[8.534553507522528,47.3709202767045],[8.534532536670474,47.37094976736627],[8.534069746376108,47.370798824213516],[8.534136845186055,47.370704451185645],[8.53434490651654,47.37077231240596],[8.53436378028337,47.370745770721804],[8.534517148172199,47.370795793115064],[8.534497228212995,47.37082381007682],[8.534663912003285,47.370878175495115],[8.534709628282888,47.3708138859941],[8.534840266154848,47.3708564885323]]]}},{"type":"Feature","properties":{"source":"Microsoft Global ML Building Footprints"},"geometry":{"type":"Polygon","coordinates":[[[8.52312145878567,47.37233843342792],[8.52326916179813,47.372426238852576],[8.522806393688578,47.372783267345135],[8.522684465998353,47.372710785149934],[8.522740314806692,47.372667694078075],[8.522719105233474,47.37265508563023],[8.522747029637623,47.37263354007595],[8.522785641404527,47.37265649360712],[8.523044951121065,47.37245643435483],[8.523001782767814,47.37243077197241],[8.52312145878567,47.37233843342792]]]}},{"type":"Feature","properties":{"source":"Microsoft Global ML Building Footprints"},"geometry":{"type":"Polygon","coordinates":[[[8.527734537506086,47.377516972728195],[8.527829637347008,47.37759609575405],[8.527654703044085,47.377692501265614],[8.527607429914834,47.377653166747116],[8.527567769029979,47.377675023675074],[8.52751995211699,47.37763524009887],[8.527734537506086,47.377516972728195]]]}},{"type":"Feature","properties":{"source":"Microsoft Global ML Building Footprints"},"geometry":{"type":"Polygon","coordinates":[[[8.528287382141958,47.37810147057443],[8.528418338780611,47.37804037391405],[8.52857999220042,47.37819925570239],[8.528449035561767,47.37826035217869],[8.528287382141958,47.37810147057443]]]}},{"type":"Feature","properties":{"source":"Microsoft Global ML Building Footprints"},"geometry":{"type":"Polygon","coordinates":[[[8.529783268727478,47.3712858777527],[8.52978517295825,47.371314182259475],[8.529875547573003,47.37148307096026],[8.52986058966441,47.37149701366765],[8.529862644298273,47.371527600628795],[8.529482576011391,47.37188187203695],[8.529455781955658,47.371882697544656],[8.529312478560946,47.37181219197352],[8.529281863610532,47.37178524619629],[8.529239283864044,47.37176429482448],[8.529092067931998,47.37163472234051],[8.529062797095923,47.37162032096763],[8.529060971693095,47.37159318831861],[8.529018355024501,47.371555679058375],[8.528980272574746,47.371536940501045],[8.528963115137195,47.37150488358862],[8.528914929188044,47.37148117355713],[8.528868124503477,47.37143997810611],[8.528838987763056,47.37142564127487],[8.528833139569286,47.37141471239353],[8.528828724763446,47.37134898981819],[8.528898624966192,47.37134683290265],[8.528907090484758,47.37134475517153],[8.528966349114482,47.37134292662362],[8.528971004401837,47.371341784054984],[8.529072568189138,47.37133865490755],[8.52910179741102,47.371331481043825],[8.529417828600678,47.37132172924291],[8.52943179049464,47.371328599253864],[8.52946708832022,47.37131993594276],[8.529516683930321,47.37129409115185],[8.529783268727478,47.3712858777527]]]}},{"type":"Feature","properties":{"source":"Microsoft Global ML Building Footprints"},"geometry":{"type":"Polygon","coordinates":[[[8.529828194022521,47.3743492444243],[8.530324492628134,47.37463523585237],[8.529904166835642,47.374969775637695],[8.529913501928142,47.37497515448119],[8.529887025929828,47.37499622681169],[8.529381375088189,47.37470487211559],[8.529828194022521,47.3743492444243]]]}},{"type":"Feature","properties":{"source":"Microsoft Global ML Building Footprints"},"geometry":{"type":"Polygon","coordinates":[[[8.5392918757928,47.369241217886824],[8.539222842175178,47.369537197502694],[8.539031181055083,47.369516683676515],[8.538941765743848,47.369470781916924],[8.538852350432574,47.36946121162812],[8.538512915593618,47.369286960803485],[8.538694612540624,47.36912461038502],[8.538738711217055,47.36912933037957],[8.538868348295088,47.369195886730154],[8.5392918757928,47.369241217886824]]]}},{"type":"Feature","properties":{"source":"Microsoft Global ML Building Footprints"},"geometry":{"type":"Polygon","coordinates":[[[8.524439007140208,47.371594769414195],[8.524525854399712,47.37147223058986],[8.524680632793613,47.37152254360013],[8.524593785534108,47.371645082307566],[8.524439007140208,47.371594769414195]]]}},{"type":"Feature","properties":{"source":"Microsoft Global ML Building Footprints"},"geometry":{"type":"Polygon","coordinates":[[[8.52444622891143,47.371965061634725],[8.524881836647591,47.371564994397744],[8.525168515918153,47.37170816155187],[8.52507626957403,47.37179288169594],[8.524999821768544,47.37175470388751],[8.52501263376077,47.37174293720046],[8.52495703535677,47.37171517149804],[8.524600861972505,47.37204228459245],[8.52444622891143,47.371965061634725]]]}},{"type":"Feature","properties":{"source":"Microsoft Global ML Building Footprints"},"geometry":{"type":"Polygon","coordinates":[[[8.525029803794805,47.37618669170126],[8.524968940195725,47.376083232310904],[8.525100785469544,47.376047663911386],[8.525099988276551,47.37603268658791],[8.525194040891249,47.37600731809314],[8.525279786042987,47.37600522923933],[8.525374331797533,47.376165943614254],[8.525374694429617,47.37617276983005],[8.525392385507299,47.376202847379126],[8.525388923556214,47.37613767933445],[8.525421357198585,47.37619282153135],[8.525423390633247,47.37623109903845],[8.525435184479306,47.376251146845085],[8.525434119469306,47.37623109903845],[8.525546161006794,47.37642155289372],[8.525546636939648,47.37643051184823],[8.525406390625804,47.37646834635265],[8.525221808547222,47.37615452920606],[8.525222245793064,47.37616274397654],[8.525208046173823,47.37613860666737],[8.525029803794805,47.37618669170126]]]}},{"type":"Feature","properties":{"source":"Microsoft Global ML Building Footprints"},"geometry":{"type":"Polygon","coordinates":[[[8.525438021272826,47.37281220138631],[8.525735373999868,47.37287603297326],[8.525716197242925,47.372917003985094],[8.52562379887081,47.37299739802007],[8.525622460303953,47.37299711067581],[8.525405100182253,47.372882537139844],[8.525438021272826,47.37281220138631]]]}},{"type":"Feature","properties":{"source":"Microsoft Global ML Building Footprints"},"geometry":{"type":"Polygon","coordinates":[[[8.536209348551061,47.36703378478378],[8.537217874128471,47.36733884364549],[8.53712999002024,47.36747212538985],[8.536700639885275,47.36734225608569],[8.536668682027756,47.367390722210374],[8.536366795214128,47.36729940774832],[8.53638412920617,47.367273119606295],[8.536305860214842,47.367249448542154],[8.536279540115022,47.367289364721984],[8.536315319292921,47.36730018718707],[8.536215450988095,47.36745164379966],[8.535998539722026,47.36738603275943],[8.53614235008093,47.36716793482823],[8.536124460491997,47.367162523582415],[8.536209348551061,47.36703378478378]]]}},{"type":"Feature","properties":{"source":"Microsoft Global ML Building Footprints"},"geometry":{"type":"Polygon","coordinates":[[[8.538725764807872,47.370768691236236],[8.538625862464793,47.37104262417539],[8.537990247248693,47.37093630230403],[8.537912753175373,47.37089609167387],[8.537799095201102,47.37087707961788],[8.537654439597526,47.37080201966583],[8.537613109425081,47.370795106179365],[8.537380627205046,47.370674473873976],[8.53731346567483,47.37066323943087],[8.537240561681267,47.370625410336245],[8.537678743422079,47.37023807840407],[8.537824228247226,47.37031356253948],[8.537818437890072,47.370329439915956],[8.538024346451515,47.3704362841736],[8.538008849725891,47.37043369268232],[8.538119404037596,47.37049105831816],[8.538111147894067,47.37048967726732],[8.538162817575081,47.37051648572921],[8.538134902852267,47.370511816281024],[8.538543038305221,47.3707235934651],[8.538568869662996,47.370727914400106],[8.538610199835478,47.370749360141716],[8.538725764807872,47.370768691236236]]]}},{"type":"Feature","properties":{"source":"Microsoft Global ML Building Footprints"},"geometry":{"type":"Polygon","coordinates":[[[8.523641661015082,47.36956910382566],[8.523793478975845,47.36963797992606],[8.523617868883537,47.369815530509605],[8.523618972801934,47.36981603138073],[8.523538355957134,47.369897530325424],[8.523385444804275,47.3698281513634],[8.523641661015082,47.36956910382566]]]}},{"type":"Feature","properties":{"source":"Microsoft Global ML Building Footprints"},"geometry":{"type":"Polygon","coordinates":[[[8.524866199570678,47.37224755362743],[8.525050486516141,47.371976176392494],[8.525207672681745,47.37202514076757],[8.525023385736281,47.37229651775054],[8.524866199570678,47.37224755362743]]]}},{"type":"Feature","properties":{"source":"Microsoft Global ML Building Footprints"},"geometry":{"type":"Polygon","coordinates":[[[8.525313979286263,47.3733967517112],[8.525339161113088,47.37335344178825],[8.525410915778938,47.37329793733022],[8.525452067850608,47.373285892896874],[8.525815443555533,47.37300478709293],[8.525847108468106,47.37301323089528],[8.525936425728894,47.37315321253601],[8.525799764392605,47.37319321081545],[8.525760790517278,47.37313213935799],[8.525712306606792,47.3731696462882],[8.525728676934685,47.37319529832818],[8.525694843928807,47.373221469265076],[8.525670937208805,47.37326258625079],[8.525677226419637,47.37327244292311],[8.525631008289514,47.37330819410323],[8.525603148181693,47.37335611040867],[8.525443858553725,47.37340273139385],[8.52546670744986,47.37343854088325],[8.525475659208794,47.37342314487634],[8.525659266459439,47.37371089898106],[8.525789345510688,47.37367283375621],[8.525817313010924,47.37371665795266],[8.525779266936272,47.37372779322854],[8.525753351774497,47.3737124295229],[8.525698747971138,47.37372840830587],[8.525759927616448,47.37382427474458],[8.526142888134265,47.37371219045368],[8.526187208800003,47.373781650727906],[8.526166850910988,47.37381666373626],[8.525673947552859,47.373960902235254],[8.525313979286263,47.3733967517112]]]}},{"type":"Feature","properties":{"source":"Microsoft Global ML Building Footprints"},"geometry":{"type":"Polygon","coordinates":[[[8.525942623653187,47.373196009559784],[8.526057454978876,47.37350328798752],[8.525892463625855,47.37353156577695],[8.525907778448545,47.37357253539473],[8.525767754287559,47.37359653403848],[8.52575052958873,47.37355044246995],[8.52581354850086,47.37353964169426],[8.525767615970562,47.37341673062276],[8.52583819715218,47.373404633723155],[8.525771212212184,47.37322538785592],[8.525942623653187,47.373196009559784]]]}},{"type":"Feature","properties":{"source":"Microsoft Global ML Building Footprints"},"geometry":{"type":"Polygon","coordinates":[[[8.526841174535527,47.376953239455254],[8.526809997660205,47.376786857622626],[8.527483950140828,47.37650931534999],[8.527645383650588,47.37638338176792],[8.52773650916848,47.376436944628495],[8.527766142999749,47.37642474239103],[8.527734102700254,47.37638906429204],[8.527988506691727,47.37653861285662],[8.527914358056616,47.37654498421313],[8.527824699477375,47.37644514612279],[8.527791515668834,47.37647103474969],[8.527798412464529,47.376507841189586],[8.527934309732927,47.37658772032345],[8.527590494906798,47.37685594900571],[8.527195352362234,47.37701867287933],[8.527151842577538,47.376993096397904],[8.52712366524775,47.37701507895074],[8.527128162095522,47.37703907723583],[8.526877814906104,47.37714217255302],[8.526842355511404,47.37710268315181],[8.526817122125943,47.37696802040214],[8.526970804081625,47.37695481510527],[8.526988748077752,47.37697479621986],[8.527458091234813,47.37678151553341],[8.527452253305793,47.376750360158105],[8.527618947357434,47.37662031295431],[8.527601288164286,47.376609933060216],[8.527038072416286,47.376841872184244],[8.527000953233358,47.376845061699406],[8.526942152625615,47.37689093513072],[8.52695204223387,47.37694371301983],[8.526841174535527,47.376953239455254]]]}},{"type":"Feature","properties":{"source":"Microsoft Global ML Building Footprints"},"geometry":{"type":"Polygon","coordinates":[[[8.527323057635389,47.37315254981813],[8.527395173908022,47.37328953560405],[8.527193993265797,47.37333810946867],[8.527136310296356,47.37322851854315],[8.527202944082886,47.373212430184836],[8.527188523340525,47.373185032409516],[8.527323057635389,47.37315254981813]]]}},{"type":"Feature","properties":{"source":"Microsoft Global ML Building Footprints"},"geometry":{"type":"Polygon","coordinates":[[[8.535137020957979,47.366664324489],[8.534877165664136,47.367066997602926],[8.534621380982582,47.366991276618315],[8.534697576548997,47.36687322262538],[8.534750670439042,47.36688894278758],[8.534861503546214,47.36671719502482],[8.5348309425239,47.36670814786621],[8.53490379054264,47.36659527981326],[8.535137020957979,47.366664324489]]]}},{"type":"Feature","properties":{"source":"Microsoft Global ML Building Footprints"},"geometry":{"type":"Polygon","coordinates":[[[8.539842817154174,47.37720734986797],[8.538976583000405,47.37742399401753],[8.538946078028538,47.37736805270769],[8.539812312182345,47.37715140832828],[8.539842817154174,47.37720734986797]]]}},{"type":"Feature","properties":{"source":"Microsoft Global ML Building Footprints"},"geometry":{"type":"Polygon","coordinates":[[[8.540054335394016,47.37226807417104],[8.539509896005285,47.37299331081278],[8.538607271058257,47.37268253685807],[8.5386034750147,47.372657768583764],[8.538644149692045,47.37265490949124],[8.538725833113991,47.37254608562185],[8.538736230186995,47.37261392414663],[8.538811828337295,47.37260861021902],[8.538800880338385,47.37253712881833],[8.538915687273745,47.37260935602922],[8.53890079242471,47.37262919715912],[8.539298691479456,47.37276619424968],[8.539309272039603,47.37283522969727],[8.539375433872497,47.37285800922619],[8.53942235454892,47.37279550737935],[8.539189541095764,47.372649040453794],[8.539169194106272,47.37251628100468],[8.53928064620382,47.37250844682506],[8.539286369887229,47.37254579258838],[8.539466658474687,47.37260786629341],[8.539509115077522,47.37255131066109],[8.53956574554308,47.372547332685095],[8.539582360870192,47.37252519970599],[8.539518419260785,47.37250318749233],[8.539536364553197,47.37247928286989],[8.539626318320552,47.372510254171985],[8.539682357663159,47.37246940049663],[8.539668577263178,47.37237948627144],[8.539637968931348,47.37236894772382],[8.5397008156224,47.37228523044234],[8.539589986633093,47.372247071584844],[8.53967281712456,47.37213673385299],[8.540054335394016,47.37226807417104]]]}},{"type":"Feature","properties":{"source":"Microsoft Global ML Building Footprints"},"geometry":{"type":"Polygon","coordinates":[[[8.528304027996171,47.378267997732394],[8.52846843600382,47.37842888340743],[8.528390448138374,47.37846543032386],[8.528413585168346,47.37848807160321],[8.528332788293715,47.37852593101408],[8.528145233076199,47.37834241290275],[8.528304027996171,47.378267997732394]]]}},{"type":"Feature","properties":{"source":"Microsoft Global ML Building Footprints"},"geometry":{"type":"Polygon","coordinates":[[[8.53034840915857,47.3747864274141],[8.530470584612683,47.37485407406262],[8.530183419785168,47.375091922766835],[8.530387574397462,47.37520496897266],[8.530286371729776,47.37528879121008],[8.529960045853414,47.3751080954776],[8.53034840915857,47.3747864274141]]]}},{"type":"Feature","properties":{"source":"Microsoft Global ML Building Footprints"},"geometry":{"type":"Polygon","coordinates":[[[8.536911505203761,47.37548227187844],[8.536540913676616,47.37512200402081],[8.536661574965416,47.37506508402835],[8.537141966822709,47.3750393325923],[8.53736349485311,47.375112262637295],[8.53736651552718,47.375138127544076],[8.537343441664959,47.37517027401477],[8.53728418874567,47.37519822556369],[8.537261167714068,47.37523029377676],[8.537277933450426,47.3752465924851],[8.537077001099869,47.37552652990441],[8.536990134598238,47.37549793250557],[8.536963430945988,47.375499363944435],[8.536911505203761,47.37548227187844]]]}},{"type":"Feature","properties":{"source":"Microsoft Global ML Building Footprints"},"geometry":{"type":"Polygon","coordinates":[[[8.5369560338642,47.37303865228533],[8.536960895389782,47.37292045903759],[8.537081092679824,47.37283138414883],[8.53706973554463,47.372855702310275],[8.537615281716269,47.37245141141963],[8.53759824601346,47.37248788892043],[8.537775104279731,47.3723568230214],[8.538144900202536,47.3724360135838],[8.53814406480003,47.37245632406681],[8.538139670046148,47.372465734284134],[8.538138006274107,47.3725062861213],[8.538091081005996,47.37254105870938],[8.538055686060503,47.37261684756833],[8.538055686060503,47.37261684756833],[8.538020399590236,47.37269240404805],[8.5380097225284,47.37295263904919],[8.53804080407202,47.3729718746788],[8.538086122820975,47.372972727442594],[8.53813313881795,47.37298279787886],[8.538130082149591,47.37305711144098],[8.537604898073084,47.373047229056674],[8.537583708198149,47.37303411516552],[8.53750423799633,47.373032619774875],[8.537482724187235,47.37304856301426],[8.5369560338642,47.37303865228533]]]}},{"type":"Feature","properties":{"source":"Microsoft Global ML Building Footprints"},"geometry":{"type":"Polygon","coordinates":[[[8.538104903436237,47.373174614297106],[8.53811759087006,47.37377936560837],[8.537334543903192,47.37378689981474],[8.537333515192355,47.373737866189984],[8.537151161789097,47.37373962073268],[8.537142474897452,47.373325557208375],[8.537062024866614,47.373326331277376],[8.537059053035275,47.37318467722214],[8.538104903436237,47.373174614297106]]]}},{"type":"Feature","properties":{"source":"Microsoft Global ML Building Footprints"},"geometry":{"type":"Polygon","coordinates":[[[8.523988818736573,47.37921811526585],[8.524105651523497,47.379168908024596],[8.524108653046486,47.379177813211314],[8.524174242496478,47.379249218540906],[8.524186508965998,47.3792856005772],[8.523964128416303,47.37937926182434],[8.52394503520921,47.37938221260712],[8.523371725893107,47.37875806570531],[8.52338105403061,47.37878574146795],[8.52333868504461,47.37873961518881],[8.523313922471779,47.37866614671941],[8.523391424752651,47.37863350790522],[8.523465415954576,47.37871406080281],[8.52343457932169,47.37862259909554],[8.523512280186072,47.3785898766241],[8.523534300437973,47.37861384971101],[8.523587127155734,47.37860568542264],[8.523586335659026,47.378603337833994],[8.523675137179922,47.37870001450131],[8.523526190017279,47.37876274811747],[8.523537049323613,47.37879496671894],[8.523642971788572,47.37891028222004],[8.523650851399335,47.378933660264856],[8.523686243466372,47.37892819050838],[8.523813848431088,47.3790671108968],[8.523810739051893,47.37905788569344],[8.523867833614332,47.379120043032486],[8.523849904812767,47.379066866488],[8.523988818736573,47.37921811526585]]]}},{"type":"Feature","properties":{"source":"Microsoft Global ML Building Footprints"},"geometry":{"type":"Polygon","coordinates":[[[8.525460345985145,47.372033970075016],[8.525611449071748,47.37207635546556],[8.525541883260757,47.37219010012748],[8.525390783912963,47.3721477087152],[8.525460345985145,47.372033970075016]]]}},{"type":"Feature","properties":{"source":"Microsoft Global ML Building Footprints"},"geometry":{"type":"Polygon","coordinates":[[[8.525667958450565,47.37740699520383],[8.525726988332147,47.377476705249826],[8.526013616301586,47.37736540779776],[8.526102016704225,47.377469802365425],[8.52571243312035,47.377621058594144],[8.5255650146024,47.37744696822791],[8.525667958450565,47.37740699520383]]]}},{"type":"Feature","properties":{"source":"Microsoft Global ML Building Footprints"},"geometry":{"type":"Polygon","coordinates":[[[8.52998538966926,47.37931023964922],[8.529696913140716,47.37942802015619],[8.529673854400519,47.37943182421089],[8.529551486630922,47.37929441623539],[8.529549350858083,47.37928848182654],[8.52970369697557,47.37922546455879],[8.529721244559836,47.379274221908396],[8.529779476935797,47.37926461238711],[8.529774705301868,47.37925135402717],[8.529747695096557,47.37922102040754],[8.529734669278692,47.37918482711102],[8.529730279288202,47.379185551549504],[8.529804940115003,47.37915506857317],[8.529808882567327,47.37915441798729],[8.529858578986866,47.37913412526568],[8.529878935223083,47.37919068677048],[8.52998538966926,47.37931023964922]]]}},{"type":"Feature","properties":{"source":"Microsoft Global ML Building Footprints"},"geometry":{"type":"Polygon","coordinates":[[[8.533046290090308,47.367815946224404],[8.532866998383145,47.367760065890906],[8.533030991407507,47.367518699523316],[8.533210283114666,47.36757458011253],[8.533046290090308,47.367815946224404]]]}},{"type":"Feature","properties":{"source":"Microsoft Global ML Building Footprints"},"geometry":{"type":"Polygon","coordinates":[[[8.535653141911794,47.37113920413608],[8.535663577079564,47.371457739151666],[8.53548687854608,47.37158824911159],[8.535487194405817,47.37159792123397],[8.535329880115384,47.3717141136525],[8.535013736884629,47.371517795778146],[8.535034848410836,47.371517478564975],[8.534720362832896,47.37132217442322],[8.534718374731094,47.37126148731828],[8.535001210163768,47.37105259888535],[8.535000668461885,47.37103606327612],[8.53515652736423,47.37092094432912],[8.535238659194167,47.370919714128846],[8.535266533217856,47.37089912606868],[8.535653141911794,47.37113920413608]]]}},{"type":"Feature","properties":{"source":"Microsoft Global ML Building Footprints"},"geometry":{"type":"Polygon","coordinates":[[[8.53438464744209,47.368550015610545],[8.534617636386788,47.36794441764175],[8.53464430657121,47.36794912438793],[8.534657784128559,47.367914083141166],[8.534638652038048,47.367910707620275],[8.534670721288782,47.36782735082249],[8.535276045689667,47.36793414973138],[8.535227614576346,47.36806003520199],[8.535159798149671,47.368048070218315],[8.534956256578795,47.36857712626116],[8.53496379173729,47.368578455690574],[8.534921905369037,47.3686873282987],[8.534542635723628,47.3686204137806],[8.534557953128331,47.36858060018752],[8.53438464744209,47.368550015610545]]]}},{"type":"Feature","properties":{"source":"Microsoft Global ML Building Footprints"},"geometry":{"type":"Polygon","coordinates":[[[8.5371034693246,47.37069017866243],[8.537498314000276,47.37093849761023],[8.537567412082012,47.37093765259839],[8.53761659343836,47.37096858048173],[8.537617581495676,47.37100578267896],[8.5375756742514,47.37103634847183],[8.537478972723216,47.3710375264649],[8.537269652409773,47.37119018617755],[8.537269931601962,47.371200657496054],[8.537204087988641,47.37124868151935],[8.53724585821356,47.37127494873069],[8.537018253374505,47.371440955301736],[8.536993703465999,47.37144125436009],[8.536943987409128,47.371477515347735],[8.536943987409128,47.371477515347735],[8.536875062583281,47.371527786434456],[8.536875572290278,47.37154697765053],[8.536837017217302,47.37157509818981],[8.536790503573886,47.371575667005935],[8.53679127072271,47.37160455125685],[8.53672415873774,47.371653500010694],[8.53651277272101,47.3715205707064],[8.536502566343946,47.371136284102214],[8.53661307835325,47.371055680320104],[8.53661287447046,47.371048003763],[8.5371034693246,47.37069017866243]]]}},{"type":"Feature","properties":{"source":"Microsoft Global ML Building Footprints"},"geometry":{"type":"Polygon","coordinates":[[[8.539642847829194,47.37497279208225],[8.53907594263025,47.37507723245542],[8.5389203592639,47.374689942613884],[8.539214024744233,47.374635840547015],[8.539214704310357,47.37463753174697],[8.539562865258148,47.37457338989628],[8.53962944678608,47.374739130368305],[8.539559520153635,47.374752012949564],[8.539595528530995,47.374841647863846],[8.53959053377151,47.374842568046546],[8.539642847829194,47.37497279208225]]]}},{"type":"Feature","properties":{"source":"Microsoft Global ML Building Footprints"},"geometry":{"type":"Polygon","coordinates":[[[8.525609362609266,47.375929362594064],[8.525544457375558,47.375952664864876],[8.525517816992739,47.375918636847835],[8.525582722226407,47.37589533456197],[8.525609362609266,47.375929362594064]]]}},{"type":"Feature","properties":{"source":"Microsoft Global ML Building Footprints"},"geometry":{"type":"Polygon","coordinates":[[[8.534039887158889,47.36687753723137],[8.534020297330809,47.36694012428438],[8.53378049789574,47.36690569265447],[8.533791377695042,47.36687092156221],[8.53376057507175,47.36686649875941],[8.533769278911159,47.36683868186677],[8.534039887158889,47.36687753723137]]]}},{"type":"Feature","properties":{"source":"Microsoft Global ML Building Footprints"},"geometry":{"type":"Polygon","coordinates":[[[8.539267126225806,47.368526000319015],[8.539172346444662,47.36864861809516],[8.539061522076338,47.368609318233226],[8.539013493951941,47.368671444444104],[8.538958759541817,47.36865203746781],[8.538924590169486,47.36869623682597],[8.538959636488972,47.36870866305959],[8.538905166708846,47.368779131079215],[8.53877464619237,47.36873284680077],[8.538921690481516,47.36854261396557],[8.538848007425859,47.36851648837298],[8.538950037703845,47.36838449019694],[8.539039220119417,47.36841611565861],[8.539021584821555,47.36843892768114],[8.539267126225806,47.368526000319015]]]}},{"type":"Feature","properties":{"source":"Microsoft Global ML Building Footprints"},"geometry":{"type":"Polygon","coordinates":[[[8.527159796414686,47.37781420166927],[8.52730224785773,47.37774630381576],[8.52739188889628,47.37783253389745],[8.527249431493527,47.377900434480516],[8.527159796414686,47.37781420166927]]]}},{"type":"Feature","properties":{"source":"Microsoft Global ML Building Footprints"},"geometry":{"type":"Polygon","coordinates":[[[8.530667984145243,47.36858712149965],[8.531290943495469,47.36878626810158],[8.531212256840956,47.36889917507029],[8.53076557503841,47.36875638096158],[8.530734518283523,47.36880095076009],[8.530657743049993,47.36877640742945],[8.530584242063416,47.368881889185],[8.530484727068291,47.36885007650613],[8.530667984145243,47.36858712149965]]]}},{"type":"Feature","properties":{"source":"Microsoft Global ML Building Footprints"},"geometry":{"type":"Polygon","coordinates":[[[8.534518168229518,47.376577814807035],[8.534420800093283,47.37664075524677],[8.534448386604359,47.37666032651736],[8.534370327677196,47.376710781379316],[8.53434408249317,47.37669216309736],[8.533746232753415,47.37707862143919],[8.533365770239403,47.37680872331935],[8.533747495894808,47.37656196963911],[8.533718023446566,47.37654106188278],[8.533847136535865,47.37645760078475],[8.534014593628338,47.37657639493257],[8.534122655670494,47.376506541678076],[8.534052993520046,47.37645712327962],[8.53400334928564,47.376489214250334],[8.533937708623736,47.376442645271396],[8.533977526517758,47.37641690621149],[8.533611225741486,47.37615705111818],[8.533775429649477,47.37605091365013],[8.534518168229518,47.376577814807035]]]}},{"type":"Feature","properties":{"source":"Microsoft Global ML Building Footprints"},"geometry":{"type":"Polygon","coordinates":[[[8.535954336978723,47.370215765956644],[8.535500255807298,47.37046107077101],[8.53545710900013,47.3704244337396],[8.535200450706952,47.37056308588703],[8.535035187383645,47.37042276911872],[8.535258129763804,47.37030234127658],[8.535258129763804,47.37030234127658],[8.535612214720597,47.37011107296208],[8.535629705305459,47.37012592344264],[8.535763445043901,47.370053673901324],[8.535954336978723,47.370215765956644]]]}},{"type":"Feature","properties":{"source":"Microsoft Global ML Building Footprints"},"geometry":{"type":"Polygon","coordinates":[[[8.52621745327209,47.37105272587858],[8.526434971354595,47.371264498998094],[8.526304831442108,47.37132581460704],[8.526087313359604,47.37111404173374],[8.52621745327209,47.37105272587858]]]}},{"type":"Feature","properties":{"source":"Microsoft Global ML Building Footprints"},"geometry":{"type":"Polygon","coordinates":[[[8.527748958084459,47.37637750328079],[8.527886934908345,47.3762909018286],[8.528102222716765,47.37644820631066],[8.527964254638082,47.37653480201559],[8.527748958084459,47.37637750328079]]]}},{"type":"Feature","properties":{"source":"Microsoft Global ML Building Footprints"},"geometry":{"type":"Polygon","coordinates":[[[8.52802767767075,47.377783246911385],[8.528118711374205,47.377866630040366],[8.52794874848704,47.377951716618746],[8.527857714783584,47.37786833362432],[8.52802767767075,47.377783246911385]]]}},{"type":"Feature","properties":{"source":"Microsoft Global ML Building Footprints"},"geometry":{"type":"Polygon","coordinates":[[[8.528140340565923,47.377963764221654],[8.528321871097768,47.377887736131974],[8.528401065600445,47.37797444281314],[8.528219541550492,47.37805046806307],[8.528140340565923,47.377963764221654]]]}},{"type":"Feature","properties":{"source":"Microsoft Global ML Building Footprints"},"geometry":{"type":"Polygon","coordinates":[[[8.528790536354052,47.37779061281139],[8.528780688857953,47.37778046397344],[8.528678726919182,47.37782583010197],[8.528585182666557,47.377729413030096],[8.52906853948225,47.37751435137988],[8.529146642374483,47.377594853215264],[8.529030483129901,47.37764653085296],[8.52905577498447,47.37767259949908],[8.528790536354052,47.37779061281139]]]}},{"type":"Feature","properties":{"source":"Microsoft Global ML Building Footprints"},"geometry":{"type":"Polygon","coordinates":[[[8.523203903673306,47.37297355054375],[8.523226535344165,47.372956244728165],[8.523321235753837,47.3730130436283],[8.523298604082981,47.37303034942524],[8.523203903673306,47.37297355054375]]]}},{"type":"Feature","properties":{"source":"Microsoft Global ML Building Footprints"},"geometry":{"type":"Polygon","coordinates":[[[8.525347341067802,47.37316610808712],[8.525371341881938,47.373180537241865],[8.525308754232634,47.37322828288178],[8.525284753418498,47.3732138537401],[8.525347341067802,47.37316610808712]]]}},{"type":"Feature","properties":{"source":"Microsoft Global ML Building Footprints"},"geometry":{"type":"Polygon","coordinates":[[[8.523464797365797,47.36871137509887],[8.523584037804879,47.36877870994281],[8.52341835129041,47.36891329697656],[8.523299106752248,47.36884595433728],[8.523464797365797,47.36871137509887]]]}},{"type":"Feature","properties":{"source":"Microsoft Global ML Building Footprints"},"geometry":{"type":"Polygon","coordinates":[[[8.52630575493539,47.37826762188436],[8.526385895910526,47.37822900994513],[8.526383308331894,47.378229561797745],[8.526681675549867,47.37808579401948],[8.526760199930067,47.37816052750057],[8.526868143254784,47.37839261022467],[8.526846231368278,47.378403167346406],[8.526852671287116,47.37841701340982],[8.526905608227668,47.37846739442396],[8.526917262195859,47.37849245085291],[8.526667017466242,47.37861301812198],[8.526552505304647,47.378504035131265],[8.526543106305628,47.37848382696824],[8.52663513622887,47.3784394871106],[8.52664385568199,47.37845823424315],[8.526667124399783,47.378480379478304],[8.526741986120406,47.37844431123141],[8.526718638471792,47.37839411293294],[8.526699388675194,47.37837579254427],[8.526653168141074,47.37827641652985],[8.52668165359351,47.378262692238195],[8.52666346792522,47.378223592255615],[8.526548782636674,47.378248056607454],[8.526553995177633,47.37825926379639],[8.526587680072506,47.37829131924949],[8.526554989638026,47.3782982911264],[8.526401708212955,47.37837214202862],[8.526316776579828,47.378291318885786],[8.52630575493539,47.37826762188436]]]}},{"type":"Feature","properties":{"source":"Microsoft Global ML Building Footprints"},"geometry":{"type":"Polygon","coordinates":[[[8.535884596619034,47.36859386286114],[8.535825654819833,47.36859520675465],[8.53582394114687,47.3685607303257],[8.535936466399946,47.368558164709114],[8.535938991812703,47.368608972072714],[8.535885408358869,47.368610193793735],[8.535884596619034,47.36859386286114]]]}},{"type":"Feature","properties":{"source":"Microsoft Global ML Building Footprints"},"geometry":{"type":"Polygon","coordinates":[[[8.534863978548177,47.372312341069964],[8.535067575639843,47.37235872967102],[8.534945957407718,47.37260349026301],[8.534742383039035,47.37255710705456],[8.534863978548177,47.372312341069964]]]}},{"type":"Feature","properties":{"source":"Microsoft Global ML Building Footprints"},"geometry":{"type":"Polygon","coordinates":[[[8.522812147822588,47.369067458337575],[8.522687160375915,47.369179989719676],[8.522622069211296,47.36914682766702],[8.522595010073367,47.36917119011489],[8.522476173211695,47.36911064616905],[8.522506367751404,47.369083463287986],[8.522426506159624,47.36904277226992],[8.522548357313271,47.368933064339984],[8.522812147822588,47.369067458337575]]]}},{"type":"Feature","properties":{"source":"Microsoft Global ML Building Footprints"},"geometry":{"type":"Polygon","coordinates":[[[8.530645507815727,47.36894613228288],[8.530759767147602,47.36885111015843],[8.531069395973061,47.36902189081194],[8.531047069436962,47.36904045830683],[8.531097061591058,47.36906803220496],[8.5311167614759,47.369051649130135],[8.531350595745128,47.36918062366356],[8.53136372900165,47.36916970163755],[8.531418559106188,47.36919994390256],[8.531401485872681,47.36921414252779],[8.531449865376644,47.36924082685768],[8.531342172673009,47.369330387283355],[8.530645507815727,47.36894613228288]]]}},{"type":"Feature","properties":{"source":"Microsoft Global ML Building Footprints"},"geometry":{"type":"Polygon","coordinates":[[[8.523097378141472,47.37549501908178],[8.523559238963777,47.37538370705162],[8.52353602366945,47.37533952435711],[8.523692238695407,47.37530188264692],[8.523798996456037,47.375505020893264],[8.523321357695455,47.375620112621604],[8.523345924637017,47.37566686748308],[8.52320545870465,47.375700714044726],[8.523097378141472,47.37549501908178]]]}},{"type":"Feature","properties":{"source":"Microsoft Global ML Building Footprints"},"geometry":{"type":"Polygon","coordinates":[[[8.523154694356045,47.37359490099524],[8.523263204930412,47.373678522601686],[8.522992956582751,47.373839340219945],[8.522884460263263,47.37375572319419],[8.523154694356045,47.37359490099524]]]}},{"type":"Feature","properties":{"source":"Microsoft Global ML Building Footprints"},"geometry":{"type":"Polygon","coordinates":[[[8.525586301399164,47.37449622658121],[8.525632379815367,47.37452520994996],[8.5255601571466,47.37457786743344],[8.525514078730438,47.37454888409361],[8.525586301399164,47.37449622658121]]]}},{"type":"Feature","properties":{"source":"Microsoft Global ML Building Footprints"},"geometry":{"type":"Polygon","coordinates":[[[8.525897526823996,47.378350838124724],[8.525865169786705,47.378305262319984],[8.525895190841828,47.378287100337054],[8.525851892697759,47.37822611359045],[8.52595746213439,47.37816224661417],[8.525921085513275,47.378134675003984],[8.52590201453172,47.378107812880245],[8.525885367005284,47.378113232405596],[8.525813393683421,47.37815677458735],[8.525641461584105,47.377914602006264],[8.525571776920465,47.377861784350145],[8.525532654730895,47.37780667912048],[8.52555387217446,47.37779977183949],[8.52563187095817,47.377752584072624],[8.525629512168447,47.377753351970945],[8.525681502539694,47.37772189630736],[8.525729573473807,47.37770624691911],[8.525746252433262,47.37772973997834],[8.52586820059463,47.377822171073326],[8.526153437324506,47.378223937421275],[8.526129919491666,47.378231593526095],[8.52597394837796,47.378325959548356],[8.525897526823996,47.378350838124724]]]}},{"type":"Feature","properties":{"source":"Microsoft Global ML Building Footprints"},"geometry":{"type":"Polygon","coordinates":[[[8.52834399378413,47.37948589367686],[8.528398897865813,47.37959076924491],[8.52796284980743,47.37969543851709],[8.527999529736885,47.379765502787365],[8.528016209538425,47.37976149975611],[8.528172960544559,47.38006091710421],[8.528022845639214,47.38009695049023],[8.527774510254279,47.37962259312066],[8.52834399378413,47.37948589367686]]]}},{"type":"Feature","properties":{"source":"Microsoft Global ML Building Footprints"},"geometry":{"type":"Polygon","coordinates":[[[8.535610751220958,47.37627663715492],[8.535667088102755,47.3762466280027],[8.535793515690756,47.37635546836767],[8.535737178808954,47.37638547745795],[8.535610751220958,47.37627663715492]]]}},{"type":"Feature","properties":{"source":"Microsoft Global ML Building Footprints"},"geometry":{"type":"Polygon","coordinates":[[[8.536440669539346,47.37310003813146],[8.53640366089028,47.37317490759373],[8.536381751427955,47.37318414263084],[8.536255479899442,47.373439645800374],[8.536177554430605,47.373472495613605],[8.536123537287686,47.3735817957469],[8.536051115330014,47.37361232201732],[8.53599907408682,47.37360052415942],[8.535803737518698,47.37338798733602],[8.535766469918933,47.37337954042448],[8.535525516311866,47.37311736855656],[8.535613472353436,47.3729394308225],[8.535658802055908,47.37292032385127],[8.53614639141088,47.37303086269284],[8.536142572580786,47.37303247236888],[8.536440669539346,47.37310003813146]]]}},{"type":"Feature","properties":{"source":"Microsoft Global ML Building Footprints"},"geometry":{"type":"Polygon","coordinates":[[[8.526205072885894,47.37856722213974],[8.526323387000957,47.37852391724049],[8.52637388161321,47.37858716716554],[8.526255567498144,47.378630472012865],[8.526205072885894,47.37856722213974]]]}},{"type":"Feature","properties":{"source":"Microsoft Global ML Building Footprints"},"geometry":{"type":"Polygon","coordinates":[[[8.525577730670438,47.36997822265416],[8.525959106130049,47.3696347630882],[8.526253788735886,47.36978485183349],[8.526341402017156,47.36970594886884],[8.52683996386768,47.369959877490565],[8.526733024127338,47.370056185041385],[8.526296140031477,47.369833670742345],[8.526214968903258,47.36990677184543],[8.52598367732313,47.36978896994092],[8.525804585468784,47.36995025650353],[8.526160945829325,47.37013175803249],[8.526182849149603,47.37011203243213],[8.526285645407468,47.37016438854592],[8.526161956069217,47.37027577996406],[8.525577730670438,47.36997822265416]]]}},{"type":"Feature","properties":{"source":"Microsoft Global ML Building Footprints"},"geometry":{"type":"Polygon","coordinates":[[[8.526486188822222,47.37336251550678],[8.526407689022601,47.37338029677083],[8.526352832332371,47.3732692045175],[8.526431321806092,47.37325142555493],[8.526486188822222,47.37336251550678]]]}},{"type":"Feature","properties":{"source":"Microsoft Global ML Building Footprints"},"geometry":{"type":"Polygon","coordinates":[[[8.533877058555689,47.373889348345784],[8.533979290980813,47.373784147718155],[8.534018594810684,47.37380166452291],[8.533916362385519,47.37390686511558],[8.533877058555689,47.373889348345784]]]}},{"type":"Feature","properties":{"source":"Microsoft Global ML Building Footprints"},"geometry":{"type":"Polygon","coordinates":[[[8.522742787790708,47.36961180264851],[8.522935059392228,47.36945412697989],[8.523017978585061,47.36950050649384],[8.522825706983541,47.36965818202382],[8.522742787790708,47.36961180264851]]]}},{"type":"Feature","properties":{"source":"Microsoft Global ML Building Footprints"},"geometry":{"type":"Polygon","coordinates":[[[8.529276917764758,47.374326891018384],[8.529097697366637,47.3744624856074],[8.528948156874048,47.37437184061124],[8.529127364290314,47.37423624500844],[8.529276917764758,47.374326891018384]]]}},{"type":"Feature","properties":{"source":"Microsoft Global ML Building Footprints"},"geometry":{"type":"Polygon","coordinates":[[[8.531461840543383,47.374466950754965],[8.531176814934827,47.374558827226636],[8.530647863926234,47.374904748634364],[8.53045620269187,47.374770346550704],[8.531017453225559,47.374403301011014],[8.531013079925117,47.374397079039724],[8.531130682803152,47.37432016900396],[8.531104077445676,47.37428231702395],[8.531080392306345,47.37427699140367],[8.531090678192488,47.37425601217111],[8.531135036683848,47.37428711881442],[8.531326849866225,47.374225288565924],[8.53124982458651,47.37411570287138],[8.531864695551095,47.373917500658216],[8.531867309198233,47.37391808834264],[8.532272151560427,47.37449406679629],[8.532228497840148,47.37458310305538],[8.532030831635584,47.37464681956978],[8.532018241050011,47.374628906803494],[8.532106445221617,47.374571227404815],[8.532063121642452,47.3745095903523],[8.532107360102508,47.374480659319346],[8.532056151000429,47.374469144959285],[8.531760877370882,47.37404905286065],[8.531406622976903,47.374163245739695],[8.531438890323816,47.3742091532467],[8.53138422143588,47.374226775567216],[8.531394630257445,47.37424158442696],[8.531506154788895,47.37420563489699],[8.53169767710602,47.374478117360006],[8.531511802886964,47.374538032920135],[8.531461840543383,47.374466950754965]]]}},{"type":"Feature","properties":{"source":"Microsoft Global ML Building Footprints"},"geometry":{"type":"Polygon","coordinates":[[[8.536965877991634,47.36990173039319],[8.537041551825473,47.36997818419701],[8.53714072871773,47.369933157456536],[8.537395024101443,47.37019010009571],[8.536976775007723,47.3703799858177],[8.536755186392227,47.37015609130565],[8.53667637944202,47.37019186612025],[8.536640402192441,47.37015551821439],[8.536589661361663,47.3701785522748],[8.53651726506203,47.37010540242963],[8.536965877991634,47.36990173039319]]]}},{"type":"Feature","properties":{"source":"Microsoft Global ML Building Footprints"},"geometry":{"type":"Polygon","coordinates":[[[8.538586558976169,47.37751838195552],[8.538058024904021,47.377741420602014],[8.537543899318036,47.37718281982066],[8.537487098679364,47.37720678959438],[8.537425697545746,47.37714006900699],[8.538011073841382,47.37689304036249],[8.538586558976169,47.37751838195552]]]}},{"type":"Feature","properties":{"source":"Microsoft Global ML Building Footprints"},"geometry":{"type":"Polygon","coordinates":[[[8.529184025405435,47.37419472795505],[8.529285504369026,47.37411184578155],[8.529418338531416,47.3741864337568],[8.529359642120124,47.37423437760036],[8.529412097756559,47.37426382952724],[8.529439773404812,47.374241223785916],[8.52951197811878,47.37428176409011],[8.529536406603615,47.374261812355314],[8.5296333633841,47.374316254605915],[8.529538473963578,47.374393754523645],[8.529184025405435,47.37419472795505]]]}},{"type":"Feature","properties":{"source":"Microsoft Global ML Building Footprints"},"geometry":{"type":"Polygon","coordinates":[[[8.52245640067065,47.367457033850584],[8.52280155637191,47.367139076447195],[8.522939556986406,47.36709491353715],[8.523132032164282,47.367370816970784],[8.522678039664928,47.367789032588654],[8.522485015628135,47.36769291322924],[8.522475305886443,47.36767899492511],[8.522304890382934,47.36759413367297],[8.522407296696883,47.36749979743021],[8.522670195784823,47.367630712608054],[8.522695965381,47.36760697380256],[8.522689669277721,47.36759794872014],[8.522908633897917,47.367396239291324],[8.522965425292783,47.36737806232931],[8.522869675150728,47.367240809542146],[8.52281705061288,47.36725765038676],[8.52283723414029,47.36728658243101],[8.522651088275047,47.36745805974517],[8.522675223337677,47.36749265597782],[8.522623541812656,47.367540264797235],[8.52245640067065,47.367457033850584]]]}},{"type":"Feature","properties":{"source":"Microsoft Global ML Building Footprints"},"geometry":{"type":"Polygon","coordinates":[[[8.522865485134234,47.373212598725424],[8.522964639062502,47.37327412220008],[8.5228751279003,47.37334028362313],[8.522775973972072,47.37327876022569],[8.522865485134234,47.373212598725424]]]}},{"type":"Feature","properties":{"source":"Microsoft Global ML Building Footprints"},"geometry":{"type":"Polygon","coordinates":[[[8.523878714150403,47.37365264069691],[8.524084861808747,47.373811504174355],[8.524036431546506,47.37384032599674],[8.524013821803349,47.37382290229338],[8.523927555398728,47.37387424114246],[8.523894305776395,47.37384861806379],[8.523609777985746,47.37401794592558],[8.523472789541756,47.37391237904914],[8.523568803503977,47.37385523927332],[8.523447780317825,47.373761967936616],[8.523478890354932,47.3737434537026],[8.523619868753567,47.37385209568729],[8.523811236619121,47.37373820875803],[8.52377798849107,47.373712584724],[8.523878714150403,47.37365264069691]]]}},{"type":"Feature","properties":{"source":"Microsoft Global ML Building Footprints"},"geometry":{"type":"Polygon","coordinates":[[[8.538367407550922,47.36665982953413],[8.537943125185361,47.367245465587644],[8.537712717753468,47.367168880149215],[8.538137048889496,47.366583259456455],[8.538367407550922,47.36665982953413]]]}},{"type":"Feature","properties":{"source":"Microsoft Global ML Building Footprints"},"geometry":{"type":"Polygon","coordinates":[[[8.52307937925325,47.36849326497266],[8.523346061905093,47.36826661032728],[8.523474618972124,47.36833599538253],[8.523207921995741,47.36856264199853],[8.52307937925325,47.36849326497266]]]}},{"type":"Feature","properties":{"source":"Microsoft Global ML Building Footprints"},"geometry":{"type":"Polygon","coordinates":[[[8.52542108861359,47.374933640064114],[8.525529638534284,47.375007113781635],[8.525540236955344,47.375024545038954],[8.525602256739454,47.37506652698288],[8.5256099091474,47.37507911077034],[8.525550404241319,47.37509570543033],[8.525545847357726,47.37509879262935],[8.525343479815364,47.37515522861521],[8.525314206983046,47.37517506174664],[8.525266585530025,47.3750967520787],[8.525228499498256,47.37510737346464],[8.525171843224024,47.375014190786956],[8.525354178746545,47.374963341170314],[8.525381863109228,47.374944585508054],[8.525393403647271,47.374952397452596],[8.52542108861359,47.374933640064114]]]}},{"type":"Feature","properties":{"source":"Microsoft Global ML Building Footprints"},"geometry":{"type":"Polygon","coordinates":[[[8.529340700076112,47.37407013241137],[8.529467141940291,47.373973264012726],[8.529822484624727,47.37418598089054],[8.529696042760548,47.37428284889841],[8.529340700076112,47.37407013241137]]]}},{"type":"Feature","properties":{"source":"Microsoft Global ML Building Footprints"},"geometry":{"type":"Polygon","coordinates":[[[8.529703100454618,47.376728366360325],[8.52977911193209,47.376683763317516],[8.529832207872854,47.37672525997924],[8.529756198844902,47.376769861549555],[8.529703100454618,47.376728366360325]]]}},{"type":"Feature","properties":{"source":"Microsoft Global ML Building Footprints"},"geometry":{"type":"Polygon","coordinates":[[[8.537000285972539,47.37386697565917],[8.53713570260069,47.37380623213997],[8.537910336341241,47.3739831640147],[8.53786693800108,47.37407030264567],[8.537822186669079,47.37407398908441],[8.53768629434169,47.37434684353169],[8.537828378516634,47.37437930301735],[8.537711749884483,47.374613477153616],[8.537346231476821,47.37464358680486],[8.537330883187423,47.37455808998302],[8.537259315882938,47.37454174031096],[8.537252314055262,47.37455579899702],[8.536792612633333,47.37445080112326],[8.536519548599548,47.37417162262544],[8.536616881265594,47.3741279625991],[8.536545474337306,47.3741116494322],[8.536566708661804,47.374069013522],[8.536570220197785,47.37407260370486],[8.536698349482169,47.37401512927828],[8.536755646004215,47.37402821618131],[8.536746596343953,47.37397780496321],[8.536837339126961,47.37393710508018],[8.53681167553483,47.373910866634894],[8.536940707851262,47.37390024354231],[8.53691624397114,47.37376404523528],[8.536365238304246,47.37363816503031],[8.536378507138757,47.37371203712941],[8.536265075038724,47.373686122955725],[8.536522080453114,47.373170188296974],[8.536890300138257,47.373254293389394],[8.537000285972539,47.37386697565917]]]}},{"type":"Feature","properties":{"source":"Microsoft Global ML Building Footprints"},"geometry":{"type":"Polygon","coordinates":[[[8.531858229370144,47.36709934807595],[8.532021667269838,47.36709570675177],[8.53202572148868,47.36717918255316],[8.53205251458698,47.3671785856157],[8.532058907090905,47.36731020611482],[8.531901915255574,47.36731369636741],[8.53189738360368,47.36722019156784],[8.531864134428027,47.36722093234306],[8.531858229370144,47.36709934807595]]]}},{"type":"Feature","properties":{"source":"Microsoft Global ML Building Footprints"},"geometry":{"type":"Polygon","coordinates":[[[8.538265661204374,47.36980114217829],[8.538785550652467,47.369866298812056],[8.538921509508,47.36994146813156],[8.539056563356944,47.369958394104614],[8.5390404818222,47.37001725052456],[8.538974583208434,47.37007191672231],[8.538820325607102,47.37063647646383],[8.538671544585998,47.37061783738909],[8.538603580227937,47.37058025833487],[8.538612075772685,47.37058132264556],[8.538382696064218,47.370454493142475],[8.53837420051947,47.370453428829215],[8.538188716336057,47.37035086998212],[8.538191045768704,47.370342341380244],[8.537844336168794,47.370150652833836],[8.538265661204374,47.36980114217829]]]}},{"type":"Feature","properties":{"source":"Microsoft Global ML Building Footprints"},"geometry":{"type":"Polygon","coordinates":[[[8.539432610122791,47.376435497909455],[8.538933915777971,47.37653479088687],[8.538679858080211,47.37594965603099],[8.539178552425032,47.375850361951734],[8.539432610122791,47.376435497909455]]]}},{"type":"Feature","properties":{"source":"Microsoft Global ML Building Footprints"},"geometry":{"type":"Polygon","coordinates":[[[8.531030379552046,47.36789142474689],[8.531288361742217,47.36766438547242],[8.531428175996872,47.36773726237912],[8.531170193806702,47.36796430133991],[8.531030379552046,47.36789142474689]]]}},{"type":"Feature","properties":{"source":"Microsoft Global ML Building Footprints"},"geometry":{"type":"Polygon","coordinates":[[[8.526236106031426,47.3730603044114],[8.526173902183235,47.37305247658068],[8.526122357593596,47.37306052173656],[8.526196140953019,47.37306980674977],[8.526206428702432,47.373100036248246],[8.526193386779891,47.37314756747969],[8.526148129888416,47.37314187229034],[8.526061645532458,47.37315537087312],[8.52601311484599,47.37301276841687],[8.526037337874811,47.37292448743112],[8.52626549421843,47.37295319905055],[8.526236106031426,47.3730603044114]]]}},{"type":"Feature","properties":{"source":"Microsoft Global ML Building Footprints"},"geometry":{"type":"Polygon","coordinates":[[[8.527846246029078,47.378125221979865],[8.528042176703963,47.37802833362847],[8.528250941569837,47.3782219352487],[8.528098740347492,47.37829719177038],[8.528016984913629,47.37822137468247],[8.528001239959568,47.37822915984495],[8.527948865384772,47.378180589472905],[8.527920874355356,47.37819442977166],[8.527846246029078,47.378125221979865]]]}},{"type":"Feature","properties":{"source":"Microsoft Global ML Building Footprints"},"geometry":{"type":"Polygon","coordinates":[[[8.537104050812419,47.368568534775854],[8.537006677623546,47.36866975689658],[8.536976551686042,47.368656461965934],[8.536943870872626,47.3686904345396],[8.536510903509026,47.36874773603271],[8.536495763246062,47.36869524177397],[8.536421771595295,47.36870503427555],[8.536413984277624,47.368678043774274],[8.536440807919332,47.36865015988123],[8.536431629904865,47.36861834925131],[8.536477210682897,47.368612316806384],[8.536483771463494,47.36863506436068],[8.536544118786393,47.36862707762135],[8.53654108968878,47.368616578888066],[8.536826730828562,47.36857877534246],[8.536791197399442,47.3685630956791],[8.53678759385614,47.3685506059243],[8.53668669488416,47.36850608268995],[8.536768889029052,47.368420639352536],[8.537104050812419,47.368568534775854]]]}},{"type":"Feature","properties":{"source":"Microsoft Global ML Building Footprints"},"geometry":{"type":"Polygon","coordinates":[[[8.522929421650357,47.37340662164154],[8.523229558780745,47.37321578228141],[8.52324160477275,47.37322447094689],[8.523501725782321,47.373059074927944],[8.523612812196308,47.37313920671417],[8.523052553579129,47.37349544182394],[8.522929421650357,47.37340662164154]]]}},{"type":"Feature","properties":{"source":"Microsoft Global ML Building Footprints"},"geometry":{"type":"Polygon","coordinates":[[[8.523162349131098,47.372855007927214],[8.522527759518761,47.373334275719],[8.522660081051932,47.37341462916051],[8.522519522678191,47.37352078378947],[8.522369354815487,47.37342960029558],[8.522032050703565,47.37368434379671],[8.521998674773865,47.37366407766026],[8.521925946980598,47.37371900830273],[8.522003261127722,47.373765957686516],[8.522039996286516,47.3737382119862],[8.522129208021155,47.37379238198477],[8.522146539103087,47.37377929199922],[8.522223855939739,47.373826239297955],[8.522093206245156,47.37392491748266],[8.521771219517035,47.37372940508494],[8.52322442695574,47.37263188572639],[8.523359006164597,47.372713604870356],[8.52326756745815,47.372782668931315],[8.523463049428162,47.37290137831483],[8.52336306156905,47.37297689342067],[8.523162349131098,47.372855007927214]]]}},{"type":"Feature","properties":{"source":"Microsoft Global ML Building Footprints"},"geometry":{"type":"Polygon","coordinates":[[[8.530691801178229,47.36690241186892],[8.530566256825836,47.366995538228856],[8.530488732274017,47.366947595098125],[8.530614276626412,47.36685446865357],[8.530691801178229,47.36690241186892]]]}},{"type":"Feature","properties":{"source":"Microsoft Global ML Building Footprints"},"geometry":{"type":"Polygon","coordinates":[[[8.53072114019013,47.36908932571829],[8.530828786486286,47.36915728208278],[8.53072109247102,47.36923553841442],[8.530613442417149,47.36916758488132],[8.53072114019013,47.36908932571829]]]}},{"type":"Feature","properties":{"source":"Microsoft Global ML Building Footprints"},"geometry":{"type":"Polygon","coordinates":[[[8.527968451505776,47.366606809779114],[8.52804586547749,47.3667253102315],[8.527877635665288,47.366775726305534],[8.527800221693616,47.366657225966414],[8.527968451505776,47.366606809779114]]]}},{"type":"Feature","properties":{"source":"Microsoft Global ML Building Footprints"},"geometry":{"type":"Polygon","coordinates":[[[8.52870662865806,47.37891243370614],[8.52861943705792,47.37882878612454],[8.528660613510809,47.37880910558407],[8.528514030530815,47.37866848031268],[8.52843704846665,47.3787052744588],[8.528356175098368,47.37862768799577],[8.528566617732407,47.37852710517579],[8.528891353357476,47.378838673492844],[8.528824154662829,47.37887079150299],[8.528917664494905,47.37896050042692],[8.528529173612963,47.379146181222495],[8.52851400985639,47.37913163389102],[8.528478204245156,47.37914874730021],[8.528530567976587,47.37919898234921],[8.527757141271426,47.379568605814256],[8.527558220062401,47.379377772203355],[8.527726506435197,47.37929733948124],[8.527830125438296,47.379396745853875],[8.527960815919332,47.379334282177275],[8.527981570389077,47.37935419287511],[8.528010215822581,47.37934050310769],[8.52786815035591,47.37920421311936],[8.52800958252029,47.37913661519182],[8.528085401303063,47.37920935180216],[8.52870662865806,47.37891243370614]]]}},{"type":"Feature","properties":{"source":"Microsoft Global ML Building Footprints"},"geometry":{"type":"Polygon","coordinates":[[[8.541066201665428,47.37859989747071],[8.536282744881593,47.37938722853307],[8.536441745989034,47.379830295116435],[8.536121377459128,47.37988300999415],[8.536035359420197,47.37964338503871],[8.536049857611125,47.3796289777723],[8.535688876455918,47.37968839256455],[8.53617151313518,47.37991108475997],[8.53486231628577,47.38012650523088],[8.534813683427029,47.379991026889094],[8.535225614499202,47.379923246028355],[8.535014778014212,47.37982596462589],[8.53506385811951,47.379777192476425],[8.534977011833309,47.379737125029955],[8.535273665747983,47.379688312128344],[8.534735506024397,47.37961646600167],[8.535066479282438,47.379561990212586],[8.533993984637306,47.37941885897112],[8.535062270379491,47.37924302605274],[8.535355074849203,47.37895205491559],[8.535200269368687,47.37897752773596],[8.535278182785566,47.37870983630726],[8.536018599434797,47.378587966942874],[8.535867162838935,47.378166090996366],[8.539357051785084,47.37759166204555],[8.539424629218253,47.37777992345736],[8.539534995746848,47.37740072206663],[8.540831939309674,47.377187245303986],[8.54087996343659,47.37732103499564],[8.541417535696375,47.37739278034074],[8.541066201665428,47.37859989747071]]]}},{"type":"Feature","properties":{"source":"Microsoft Global ML Building Footprints"},"geometry":{"type":"Polygon","coordinates":[[[8.527307953897889,47.379113799737844],[8.527365700942315,47.379172321209445],[8.527436273243119,47.37939067345097],[8.527394152387394,47.37940972919955],[8.527398419714407,47.379422932368854],[8.527440866700973,47.379465948352475],[8.52666019993646,47.379819162438835],[8.5265204938494,47.37967758442355],[8.526518319941108,47.379670858353855],[8.526707861258988,47.37958510001884],[8.5267232336113,47.3796326621177],[8.526741041201301,47.37963002312295],[8.526771561683685,47.37961621407054],[8.526759782826595,47.37957977024795],[8.527069356953966,47.37943970252251],[8.527094196137636,47.37943602146769],[8.527097698503315,47.37944685783078],[8.527219933228576,47.379391552274484],[8.52723592029025,47.37940775365467],[8.527281366550007,47.37940101871994],[8.527237445451007,47.37926512601235],[8.527191765568372,47.379271897751295],[8.527143287926112,47.37922276494162],[8.52713357094621,47.379192700351254],[8.527307953897889,47.379113799737844]]]}},{"type":"Feature","properties":{"source":"Microsoft Global ML Building Footprints"},"geometry":{"type":"Polygon","coordinates":[[[8.530125286921404,47.37774236005288],[8.529924406450146,47.377833375747905],[8.529302093841341,47.37720355568759],[8.529502929348848,47.377112559278025],[8.530125286921404,47.37774236005288]]]}},{"type":"Feature","properties":{"source":"Microsoft Global ML Building Footprints"},"geometry":{"type":"Polygon","coordinates":[[[8.53312926164973,47.377484162131175],[8.53205349350976,47.37815282529625],[8.53190651163645,47.378044393541536],[8.531966195660452,47.37800729600168],[8.531839256769892,47.37791365015],[8.531971726189047,47.37783131146837],[8.532081294494557,47.3779121427606],[8.532964909191406,47.37736291416221],[8.53312926164973,47.377484162131175]]]}},{"type":"Feature","properties":{"source":"Microsoft Global ML Building Footprints"},"geometry":{"type":"Polygon","coordinates":[[[8.528503646330755,47.37181947392947],[8.528751085142634,47.37203057480084],[8.528563504674075,47.372131408719795],[8.52822464320575,47.37184231152115],[8.528373585714476,47.3717622399625],[8.528465009818724,47.37184024492458],[8.528503646330755,47.37181947392947]]]}},{"type":"Feature","properties":{"source":"Microsoft Global ML Building Footprints"},"geometry":{"type":"Polygon","coordinates":[[[8.528744884623496,47.37750807642263],[8.528759746323008,47.37752315526628],[8.528678098406699,47.37756005591962],[8.528663236707148,47.37754497708652],[8.528744884623496,47.37750807642263]]]}},{"type":"Feature","properties":{"source":"Microsoft Global ML Building Footprints"},"geometry":{"type":"Polygon","coordinates":[[[8.538874710749731,47.37666950274046],[8.53901949641411,47.37699206026625],[8.539000820636783,47.37699590526074],[8.53905264578092,47.37711133569025],[8.538586137833688,47.377207358571184],[8.538389505595077,47.37676939795906],[8.538874710749731,47.37666950274046]]]}},{"type":"Feature","properties":{"source":"Microsoft Global ML Building Footprints"},"geometry":{"type":"Polygon","coordinates":[[[8.524872340145965,47.36972186110267],[8.524767909156111,47.36982334259482],[8.52471375000151,47.36979777850265],[8.524818180991405,47.36969629696133],[8.524872340145965,47.36972186110267]]]}},{"type":"Feature","properties":{"source":"Microsoft Global ML Building Footprints"},"geometry":{"type":"Polygon","coordinates":[[[8.525647097389726,47.377004788985204],[8.525584089476999,47.37702724836287],[8.525610622652335,47.377061382059544],[8.525427899705363,47.37712651415851],[8.525448905135837,47.37715353661934],[8.525264081925101,47.37721941724752],[8.52508608854047,47.37699043729553],[8.525348621510274,47.37689685642681],[8.525374049136637,47.376929567967444],[8.52554207023731,47.37686967616147],[8.525647097389726,47.377004788985204]]]}},{"type":"Feature","properties":{"source":"Microsoft Global ML Building Footprints"},"geometry":{"type":"Polygon","coordinates":[[[8.528771660291138,47.37787073133495],[8.528975154899342,47.37778596708631],[8.529107355589499,47.377931515223864],[8.528903865539249,47.37801626769582],[8.528771660291138,47.37787073133495]]]}},{"type":"Feature","properties":{"source":"Microsoft Global ML Building Footprints"},"geometry":{"type":"Polygon","coordinates":[[[8.528868755500532,47.3744468703066],[8.529185813337957,47.37466878953472],[8.52906667625228,47.37474685485735],[8.528925203241533,47.37464783349728],[8.528860091161645,47.374690495541195],[8.52868450216814,47.37456759518459],[8.528868755500532,47.3744468703066]]]}},{"type":"Feature","properties":{"source":"Microsoft Global ML Building Footprints"},"geometry":{"type":"Polygon","coordinates":[[[8.523627080047689,47.37359295546083],[8.52369609212614,47.373625230392484],[8.523664737963554,47.37365597774996],[8.523595725885063,47.37362370283712],[8.523627080047689,47.37359295546083]]]}},{"type":"Feature","properties":{"source":"Microsoft Global ML Building Footprints"},"geometry":{"type":"Polygon","coordinates":[[[8.52418901505953,47.37497600373822],[8.524266533448719,47.37502333688628],[8.524090451819522,47.375155582972454],[8.524012940969303,47.37510825454644],[8.52418901505953,47.37497600373822]]]}},{"type":"Feature","properties":{"source":"Microsoft Global ML Building Footprints"},"geometry":{"type":"Polygon","coordinates":[[[8.52442306617506,47.36918676892822],[8.52448614706509,47.369353871005075],[8.52428879626503,47.36938804364727],[8.524225731584032,47.36922093887198],[8.52442306617506,47.36918676892822]]]}},{"type":"Feature","properties":{"source":"Microsoft Global ML Building Footprints"},"geometry":{"type":"Polygon","coordinates":[[[8.526303993732288,47.372966097180154],[8.526465064378028,47.372990267789625],[8.526429591027412,47.37309868392683],[8.526268518000574,47.37307452064426],[8.526303993732288,47.372966097180154]]]}},{"type":"Feature","properties":{"source":"Microsoft Global ML Building Footprints"},"geometry":{"type":"Polygon","coordinates":[[[8.529527665979991,47.37249765578225],[8.529654868381362,47.37215181526044],[8.529687700029402,47.37215735370414],[8.529705648148592,47.37210855580871],[8.529771310366776,47.372119635635094],[8.529784324448428,47.372084252531074],[8.52975470785577,47.37207122112888],[8.52999177410856,47.37182408295587],[8.530089506540467,47.37186708111753],[8.530079155509874,47.3718952239504],[8.530118726857472,47.3719126336606],[8.530093578305792,47.37193885067639],[8.530101815676176,47.37195542881625],[8.52992991159081,47.37213463603216],[8.529890664862304,47.372128015411356],[8.529865922339512,47.37215380904249],[8.529897194235105,47.37216756727976],[8.529788440009959,47.37246316751356],[8.529976780494927,47.37249493889321],[8.530146374801685,47.37245629776295],[8.530155854698753,47.372430523680684],[8.530636210032343,47.372321077152044],[8.53051989135929,47.37208693216352],[8.530328324547277,47.372130588991936],[8.530104129854426,47.37167938505433],[8.530549874503057,47.37157782295596],[8.531151639163959,47.372788900469885],[8.531076974249427,47.37286672789002],[8.531012022244532,47.37285576806015],[8.531073871672712,47.372841673176175],[8.529572772083881,47.37258845204057],[8.529527665979991,47.37249765578225]]]}},{"type":"Feature","properties":{"source":"Microsoft Global ML Building Footprints"},"geometry":{"type":"Polygon","coordinates":[[[8.538831297373717,47.37234159247159],[8.538822691680839,47.37253214382477],[8.538802571497598,47.37253172707311],[8.53879908686038,47.372608709216244],[8.538744183445246,47.37260756939484],[8.538746430632003,47.37255781125178],[8.538724993013682,47.37255736721216],[8.538734828091235,47.37233959428504],[8.538831297373717,47.37234159247159]]]}},{"type":"Feature","properties":{"source":"Microsoft Global ML Building Footprints"},"geometry":{"type":"Polygon","coordinates":[[[8.524835060322058,47.37377120898442],[8.525136679686224,47.37350579596339],[8.525207947847395,47.37350443127696],[8.525248249394416,47.37358463698426],[8.525097808712424,47.37371701875846],[8.525097713658699,47.37371474216823],[8.524983254673927,47.37381546127187],[8.525032060194594,47.37384089774956],[8.52503337425745,47.37387229250174],[8.525044618443474,47.37389466985853],[8.525090123092763,47.37391838595174],[8.525091465437239,47.37395053572465],[8.525128632728443,47.37402450320384],[8.525300261251516,47.373984952314174],[8.525340906795966,47.37394918607763],[8.525308879269375,47.37393249399617],[8.52524583292707,47.373806997931766],[8.525178815619805,47.37377206980337],[8.525169495593016,47.373753521725135],[8.525228258052074,47.373739980159534],[8.525208629729505,47.37370090915053],[8.525318030466696,47.373675698175276],[8.525332721763395,47.37368335501181],[8.525385066846823,47.37378752866151],[8.525391521665862,47.37394212477765],[8.525459426248378,47.37392647650317],[8.525468211908178,47.3739263082713],[8.52552708973759,47.37404348239654],[8.525029491491424,47.37415815108398],[8.524835060322058,47.37377120898442]]]}},{"type":"Feature","properties":{"source":"Microsoft Global ML Building Footprints"},"geometry":{"type":"Polygon","coordinates":[[[8.525682140693466,47.375969046134536],[8.525837284750345,47.37596355336437],[8.52584189973486,47.37602332952124],[8.525719809204775,47.37602765204885],[8.525717625627456,47.375999331092004],[8.525684569061012,47.37600049986987],[8.525682140693466,47.375969046134536]]]}},{"type":"Feature","properties":{"source":"Microsoft Global ML Building Footprints"},"geometry":{"type":"Polygon","coordinates":[[[8.52685444864266,47.36861980067901],[8.526128563937876,47.36915247101286],[8.52592379671222,47.36902447431246],[8.526275390625205,47.368766486492156],[8.52625853583804,47.368755950770314],[8.526433657194094,47.36862744235231],[8.526462106074387,47.368645225442414],[8.526760225627989,47.36842647382187],[8.526863570377667,47.36849107373448],[8.526764646863567,47.36856366650211],[8.52685444864266,47.36861980067901]]]}},{"type":"Feature","properties":{"source":"Microsoft Global ML Building Footprints"},"geometry":{"type":"Polygon","coordinates":[[[8.528203115410044,47.37892556904923],[8.528273633097495,47.37900046894998],[8.52803333996842,47.379104203235194],[8.52796282228093,47.379029303481786],[8.528203115410044,47.37892556904923]]]}},{"type":"Feature","properties":{"source":"Microsoft Global ML Building Footprints"},"geometry":{"type":"Polygon","coordinates":[[[8.529297189058722,47.373887442754324],[8.528926725613681,47.37420997216775],[8.528747918279702,47.37411578185151],[8.528803233397827,47.37406762396092],[8.528740458661698,47.374034553075816],[8.529055622525306,47.37376019196451],[8.529297189058722,47.373887442754324]]]}},{"type":"Feature","properties":{"source":"Microsoft Global ML Building Footprints"},"geometry":{"type":"Polygon","coordinates":[[[8.539400335855852,47.369260844547405],[8.539364075769358,47.36944096910498],[8.539286687551403,47.369433819597354],[8.539311112586198,47.369312548805866],[8.539282147250509,47.369309872838],[8.53929400057623,47.369251020732754],[8.539400335855852,47.369260844547405]]]}},{"type":"Feature","properties":{"source":"Microsoft Global ML Building Footprints"},"geometry":{"type":"Polygon","coordinates":[[[8.522380462060571,47.378943035151714],[8.522441861038192,47.37892155746033],[8.52246264175414,47.37894879697798],[8.522401242776517,47.37897027465826],[8.522380462060571,47.378943035151714]]]}},{"type":"Feature","properties":{"source":"Microsoft Global ML Building Footprints"},"geometry":{"type":"Polygon","coordinates":[[[8.52290473695119,47.3684910013299],[8.523194186445764,47.36863483316802],[8.523102830854592,47.36871917238599],[8.522813371698188,47.3685753496977],[8.52290473695119,47.3684910013299]]]}},{"type":"Feature","properties":{"source":"Microsoft Global ML Building Footprints"},"geometry":{"type":"Polygon","coordinates":[[[8.527240158037642,47.37877223921989],[8.527456915111134,47.37870765453037],[8.527473458936123,47.37873310989227],[8.527517062332377,47.37876316170903],[8.527493861151601,47.37877859746516],[8.527517556702362,47.37879492862029],[8.527489515323502,47.37880328378808],[8.527458717947894,47.378823773279485],[8.52747766982664,47.378852938396165],[8.527430183517435,47.378884531000644],[8.527489515323502,47.37886685260913],[8.52753895849522,47.37883395809412],[8.527578513032626,47.37882217248912],[8.527638342376545,47.37878236802311],[8.527678981844335,47.37884490828053],[8.527623011887187,47.37886158498906],[8.527558735763922,47.37890434783217],[8.527568624398274,47.378901401435115],[8.527474682371995,47.37896390091614],[8.527421107247859,47.37897986402859],[8.527389829524648,47.37895830725666],[8.527351074442663,47.378969854627435],[8.52738014381849,47.37895051482792],[8.5273681591665,47.37893207163837],[8.527347935027457,47.3789380975774],[8.527240158037642,47.37877223921989]]]}},{"type":"Feature","properties":{"source":"Microsoft Global ML Building Footprints"},"geometry":{"type":"Polygon","coordinates":[[[8.533767270114708,47.37296172535665],[8.534118549816355,47.372890413482544],[8.534101524759752,47.37289023675929],[8.534178137514452,47.37287468390037],[8.53413557487296,47.37287424209212],[8.534280287854038,47.37284486445698],[8.53429294385197,47.372844995828714],[8.534341425776004,47.372954526460404],[8.534340642918906,47.37298911574696],[8.53439422930839,47.373110178071265],[8.534394359784581,47.373104413204985],[8.534417325380046,47.37315629697884],[8.534417455856236,47.373150532117606],[8.534442973184566,47.37320818070166],[8.534442444353708,47.37323154613525],[8.53425975641497,47.37326863264831],[8.534305825438926,47.373269108666356],[8.534190171881555,47.3732925923519],[8.534156129330018,47.37329223898659],[8.53397083254466,47.37332986384699],[8.533968685883174,47.373424709916144],[8.533759522719464,47.37342253878559],[8.53376267811341,47.37328312376673],[8.533760126380585,47.37327735891935],[8.533767270114708,47.37296172535665]]]}},{"type":"Feature","properties":{"source":"Microsoft Global ML Building Footprints"},"geometry":{"type":"Polygon","coordinates":[[[8.536509320983793,47.37378421462617],[8.53670079660635,47.37378784479748],[8.536695305658576,47.37392033961838],[8.536510378535361,47.37391683360838],[8.536511855812181,47.37388118741916],[8.536297447974217,47.37387711232261],[8.536302788474618,47.373748247648535],[8.536510644519835,47.3737521982295],[8.536509320983793,47.37378421462617]]]}},{"type":"Feature","properties":{"source":"Microsoft Global ML Building Footprints"},"geometry":{"type":"Polygon","coordinates":[[[8.522648687014138,47.37459882255755],[8.522402987236015,47.37460976916432],[8.522398846802858,47.37456714971474],[8.522298930143833,47.37457160601775],[8.522287244696503,47.3744514497955],[8.522632873956354,47.37443605100621],[8.522648687014138,47.37459882255755]]]}},{"type":"Feature","properties":{"source":"Microsoft Global ML Building Footprints"},"geometry":{"type":"Polygon","coordinates":[[[8.523025625955597,47.37449285198677],[8.52292380056296,47.37449499963879],[8.522920386528625,47.37442059913074],[8.523022211921303,47.37441845147571],[8.523025625955597,47.37449285198677]]]}},{"type":"Feature","properties":{"source":"Microsoft Global ML Building Footprints"},"geometry":{"type":"Polygon","coordinates":[[[8.526030419117646,47.378415118906915],[8.526268192001027,47.378299388159725],[8.52640802137091,47.378431118788065],[8.52635850318288,47.378455220643104],[8.52637932817669,47.3784748394423],[8.526310354126938,47.37850840769704],[8.526283658543555,47.37848325835063],[8.52616436305295,47.37854131699533],[8.526030419117646,47.378415118906915]]]}},{"type":"Feature","properties":{"source":"Microsoft Global ML Building Footprints"},"geometry":{"type":"Polygon","coordinates":[[[8.525535899459182,47.371819840206854],[8.525675795707928,47.37186685363726],[8.525595696398902,47.3719761723252],[8.525455800150157,47.37192915899225],[8.525535899459182,47.371819840206854]]]}},{"type":"Feature","properties":{"source":"Microsoft Global ML Building Footprints"},"geometry":{"type":"Polygon","coordinates":[[[8.528297944621489,47.370930740844315],[8.528675177929358,47.37044648382168],[8.528830444985092,47.370501961255236],[8.528485780343225,47.37094440936461],[8.528513565455395,47.370941048354055],[8.52871094687908,47.37113878776995],[8.529673924540173,47.37102230201978],[8.529661142516654,47.37097383588086],[8.529743156305734,47.37096391902106],[8.529629730227445,47.37053366593774],[8.52930804361054,47.3706809463444],[8.529143442630573,47.37051604544619],[8.52914099054328,47.37050674767742],[8.529355371417054,47.37040859565557],[8.529132607331075,47.37018542439705],[8.529048624680321,47.37022387515234],[8.529124501063778,47.37025098615732],[8.529127389812858,47.37026193970323],[8.528951894076275,47.370487226143005],[8.528771448579091,47.37042275234536],[8.529025763206528,47.37009628423211],[8.529142221406572,47.3700429646813],[8.529248117161096,47.37008080188115],[8.52976850658357,47.370602142042074],[8.529790045717247,47.370599536555915],[8.530254377427049,47.37106471226053],[8.528711243356284,47.37125137584885],[8.528566350997133,47.371199606066234],[8.528297944621489,47.370930740844315]]]}},{"type":"Feature","properties":{"source":"Microsoft Global ML Building Footprints"},"geometry":{"type":"Polygon","coordinates":[[[8.529890606190754,47.37380243550074],[8.529759023238102,47.373927246468995],[8.52975756120189,47.37393992267359],[8.529673904194528,47.37401926627929],[8.529516790749195,47.37394330222593],[8.529640808061894,47.37382566757191],[8.52964197912402,47.37381550505458],[8.529722584811905,47.373739055147304],[8.529768314210493,47.37374147402383],[8.52984268813843,47.373670934491116],[8.53021096763337,47.373690414817965],[8.530245739526015,47.37370722705228],[8.530239335002703,47.37376275601464],[8.530219074103984,47.373761684306025],[8.530172694301426,47.37380567290365],[8.530167066857675,47.373854464286616],[8.53002987795164,47.373788133509045],[8.530030725578808,47.37378078435766],[8.529950113891523,47.373776520370335],[8.529921092614302,47.373804048091515],[8.529890606190754,47.37380243550074]]]}},{"type":"Feature","properties":{"source":"Microsoft Global ML Building Footprints"},"geometry":{"type":"Polygon","coordinates":[[[8.524201403766192,47.37312471276157],[8.524020115786843,47.37324078240947],[8.52387684342283,47.37313815276859],[8.524058131402219,47.37302208289482],[8.524201403766192,47.37312471276157]]]}},{"type":"Feature","properties":{"source":"Microsoft Global ML Building Footprints"},"geometry":{"type":"Polygon","coordinates":[[[8.526873470229447,47.37944985028149],[8.52683816705666,47.379475569953755],[8.526850413555955,47.37948327809181],[8.526785400278275,47.37953063907257],[8.526676739881754,47.379462251692495],[8.526777054133339,47.379389168984126],[8.526873470229447,47.37944985028149]]]}},{"type":"Feature","properties":{"source":"Microsoft Global ML Building Footprints"},"geometry":{"type":"Polygon","coordinates":[[[8.527083493589789,47.374357942582925],[8.52735660498225,47.37412544152485],[8.527525802717232,47.374216590683545],[8.527443477273572,47.37428667472132],[8.527407337951516,47.37426720600809],[8.527296263940247,47.37436176372414],[8.527334045958721,47.37438211734222],[8.52725433402123,47.374449976278356],[8.527083493589789,47.374357942582925]]]}},{"type":"Feature","properties":{"source":"Microsoft Global ML Building Footprints"},"geometry":{"type":"Polygon","coordinates":[[[8.528178343181537,47.373147956761926],[8.528210703110872,47.37307869793707],[8.528783526156989,47.37264654907588],[8.52915829825806,47.37272685811918],[8.528999029074779,47.37306773777799],[8.528964896317719,47.373060421983254],[8.5289139226159,47.37316951921102],[8.52893101482227,47.373324811352575],[8.528688609152493,47.373272867407444],[8.52873035844096,47.37318351306021],[8.528785298396064,47.37318073976232],[8.528797932807981,47.373153698800024],[8.528814502109752,47.37314119866361],[8.528848603193907,47.37306821329401],[8.528814671315722,47.373047585215794],[8.52881070510528,47.3730115498532],[8.528839008854344,47.372950972177364],[8.528888454813952,47.372948476198275],[8.528959729615654,47.37279592853559],[8.528850037200701,47.372772417646935],[8.528638744591092,47.37293182093807],[8.528577897802805,47.37306204947826],[8.528712667950966,47.3730909288469],[8.528724267514555,47.37309798052078],[8.528693986392986,47.37312082508167],[8.528700253676597,47.37317776692261],[8.52864318432827,47.37318064770966],[8.528612009063782,47.373247370910455],[8.528489153154934,47.37322104467635],[8.528456162074587,47.37320098702832],[8.528431557747012,47.37320222902249],[8.528178343181537,47.373147956761926]]]}},{"type":"Feature","properties":{"source":"Microsoft Global ML Building Footprints"},"geometry":{"type":"Polygon","coordinates":[[[8.530210942647397,47.36875550535399],[8.529960912845894,47.36896395870452],[8.52976863234609,47.36885815852016],[8.530018655561582,47.36864971024238],[8.530210942647397,47.36875550535399]]]}},{"type":"Feature","properties":{"source":"Microsoft Global ML Building Footprints"},"geometry":{"type":"Polygon","coordinates":[[[8.534331487345884,47.36688949280974],[8.534582989482121,47.36647871372256],[8.53485304987709,47.36655456497407],[8.534775226574567,47.36668167413364],[8.53467910338312,47.36665467630811],[8.534586095045968,47.36680658693089],[8.534650177173573,47.366824585430926],[8.53456950667705,47.366956344245324],[8.534331487345884,47.36688949280974]]]}},{"type":"Feature","properties":{"source":"Microsoft Global ML Building Footprints"},"geometry":{"type":"Polygon","coordinates":[[[8.536118550837791,47.36852438353088],[8.536178697490652,47.36867771259278],[8.536056840275092,47.36869964505862],[8.535996676705405,47.36854631332817],[8.536118550837791,47.36852438353088]]]}},{"type":"Feature","properties":{"source":"Microsoft Global ML Building Footprints"},"geometry":{"type":"Polygon","coordinates":[[[8.523883165837463,47.37698398279871],[8.523537096992522,47.37707384783086],[8.523551809162285,47.3770998234259],[8.52322211615375,47.37718545152234],[8.522976014247217,47.376750936562765],[8.523651783816,47.37657545565453],[8.523883165837463,47.37698398279871]]]}},{"type":"Feature","properties":{"source":"Microsoft Global ML Building Footprints"},"geometry":{"type":"Polygon","coordinates":[[[8.524343660159058,47.369040694527015],[8.523835560595433,47.36914548702404],[8.52381238889999,47.369093951858396],[8.523751024218376,47.369106607955345],[8.523730094945062,47.36906006003168],[8.523825823848345,47.36904031650168],[8.523809379419326,47.36900374309058],[8.52386828951365,47.36899159321387],[8.523880249098411,47.36901819206696],[8.524103616539435,47.36897212378222],[8.524074465051573,47.36890728899771],[8.524234013223726,47.36887438301498],[8.524257184919207,47.36892591839517],[8.524289094553623,47.368919337202584],[8.524343660159058,47.369040694527015]]]}},{"type":"Feature","properties":{"source":"Microsoft Global ML Building Footprints"},"geometry":{"type":"Polygon","coordinates":[[[8.526509047376912,47.37869875979819],[8.52632494374545,47.378504514784694],[8.526387634204994,47.378477269855864],[8.526364468847403,47.37845282836702],[8.526423359885209,47.37842723462131],[8.526630628874301,47.37864592133019],[8.526509047376912,47.37869875979819]]]}},{"type":"Feature","properties":{"source":"Microsoft Global ML Building Footprints"},"geometry":{"type":"Polygon","coordinates":[[[8.52807448075164,47.37335375243388],[8.528756172677067,47.37344364051382],[8.528843101141295,47.373479111317344],[8.528815230139948,47.373576049326466],[8.528783860558375,47.373596239116324],[8.52864566113647,47.37357801616865],[8.528618177770326,47.37359570474949],[8.528584602151321,47.37357178137462],[8.528335953821715,47.37353899463669],[8.528307802492407,47.37351893469079],[8.52819826978758,47.37350449170993],[8.528131424489604,47.373547514089914],[8.528107120747986,47.373632044728836],[8.528352880184546,47.37380716623462],[8.528403874674058,47.373749851389384],[8.528377610591708,47.37373113632439],[8.528450310356437,47.37364942587336],[8.528503570754648,47.373671158478565],[8.528509935030595,47.3736490229735],[8.528541688212439,47.373628586314915],[8.528657482892644,47.373675835688566],[8.528498812410291,47.37385417214332],[8.52843880734885,47.3738927918162],[8.52837705273143,47.373962192163006],[8.528352904666123,47.373959008026574],[8.527977389208674,47.373691446141294],[8.52807448075164,47.37335375243388]]]}},{"type":"Feature","properties":{"source":"Microsoft Global ML Building Footprints"},"geometry":{"type":"Polygon","coordinates":[[[8.528865572667815,47.36998579050329],[8.528239881810489,47.370679567335124],[8.528252368422034,47.37069081549579],[8.528177963845934,47.37077332540496],[8.528071802103337,47.37077460858224],[8.527646505231177,47.3703914928919],[8.527606827167062,47.370375079546434],[8.52753630070779,47.37031154765208],[8.527673111575226,47.370241886880244],[8.527719653132833,47.37026113724077],[8.527718552855642,47.3702193842444],[8.5277606296907,47.37021887565622],[8.527797832119198,47.370177620128345],[8.52825717742483,47.36994370992062],[8.528288653227873,47.36997206427197],[8.52832978002592,47.36995112337987],[8.528302725080756,47.369926751461655],[8.528323288479779,47.36991628100763],[8.52838861947867,47.369975133152685],[8.528393395923711,47.36997507541891],[8.528394448723319,47.37001502693708],[8.528454541562942,47.370014300584316],[8.528455922861617,47.37006651314522],[8.52806181970259,47.370503552010085],[8.528007905790457,47.37053100353984],[8.528126113917383,47.37063748771614],[8.52826594292116,47.37048242580114],[8.5282299421187,47.37046753362851],[8.528720855227622,47.36992319927532],[8.528859961494648,47.36998073626243],[8.528865572667815,47.36998579050329]]]}},{"type":"Feature","properties":{"source":"Microsoft Global ML Building Footprints"},"geometry":{"type":"Polygon","coordinates":[[[8.534217104164558,47.36942763131526],[8.534569453237037,47.36948700609648],[8.534644683837147,47.36953832730777],[8.534589932299244,47.36968740401312],[8.534547190936754,47.36971614257121],[8.534533015609922,47.36975473885889],[8.534488840578929,47.36978444135285],[8.534486181711962,47.36979167881737],[8.534436952365603,47.36982477971758],[8.534489254072529,47.369860458951244],[8.534393346763434,47.36992494514527],[8.534329667076591,47.369881504119164],[8.534291904415753,47.36987514252691],[8.5343044737309,47.36984092876109],[8.534147092030707,47.369814415820954],[8.53393199274057,47.36966766853223],[8.533941389658533,47.369642082758595],[8.533964910157362,47.36962626795886],[8.533975545625228,47.369597318004004],[8.534155042625411,47.369476626926726],[8.534158586457119,47.369466977806574],[8.534217104164558,47.36942763131526]]]}},{"type":"Feature","properties":{"source":"Microsoft Global ML Building Footprints"},"geometry":{"type":"Polygon","coordinates":[[[8.538653134438432,47.36888253676805],[8.538801538384284,47.36894914736231],[8.538616981769014,47.369137735865436],[8.538468596146584,47.369071126700035],[8.538653134438432,47.36888253676805]]]}},{"type":"Feature","properties":{"source":"Microsoft Global ML Building Footprints"},"geometry":{"type":"Polygon","coordinates":[[[8.539385463189554,47.368450907162476],[8.539336412197805,47.368433264149274],[8.539343199027742,47.36841106126023],[8.539254524280398,47.368379161858094],[8.53911228504117,47.36835921095173],[8.53913038869203,47.36829998535436],[8.539166290951874,47.3683050211204],[8.539207658246983,47.3682522651428],[8.539216587930497,47.36822306174987],[8.539466062463887,47.36825805388863],[8.539519026763514,47.368084840673006],[8.539290124267996,47.3680527447836],[8.539313862290822,47.36797511227309],[8.53925985234027,47.36796753661677],[8.539274996310668,47.367918009912955],[8.539763664559574,47.367986529378804],[8.53970786021307,47.36816903094188],[8.539753772561834,47.36818554510832],[8.539739027019326,47.368233768553154],[8.53965929693663,47.368222589119824],[8.539371972200826,47.369162239982685],[8.538981376919828,47.36910745470122],[8.538867759427333,47.3690665830591],[8.53886727296766,47.369067203353225],[8.538901934053582,47.36895385034588],[8.539007383517824,47.36896863584251],[8.539083856129785,47.36871854477515],[8.539198688338526,47.3687346513793],[8.539124371974864,47.36897777289747],[8.539181833935334,47.36898582986863],[8.539319798704344,47.36853463812834],[8.539385463189554,47.368450907162476]]]}},{"type":"Feature","properties":{"source":"Microsoft Global ML Building Footprints"},"geometry":{"type":"Polygon","coordinates":[[[8.524370686057136,47.3718373839982],[8.524215150279,47.371757911094655],[8.524377647921103,47.371612062636764],[8.524392130209112,47.37161946256403],[8.524419704168306,47.37159471144528],[8.524560754541808,47.371666789768355],[8.524370686057136,47.3718373839982]]]}},{"type":"Feature","properties":{"source":"Microsoft Global ML Building Footprints"},"geometry":{"type":"Polygon","coordinates":[[[8.524665670335342,47.372301614212034],[8.52451324579583,47.37222639764451],[8.524731545302542,47.372023503035095],[8.524883969842051,47.372098719892],[8.524665670335342,47.372301614212034]]]}},{"type":"Feature","properties":{"source":"Microsoft Global ML Building Footprints"},"geometry":{"type":"Polygon","coordinates":[[[8.53248708838041,47.3725900287391],[8.53223809739374,47.372689293325685],[8.532224026196493,47.37267310548067],[8.532473017183161,47.37257384086361],[8.53248708838041,47.3725900287391]]]}},{"type":"Feature","properties":{"source":"Microsoft Global ML Building Footprints"},"geometry":{"type":"Polygon","coordinates":[[[8.536001138915687,47.36851201669128],[8.535813185613407,47.36854903511351],[8.53574845965877,47.368398288451786],[8.535936412961092,47.36836126992375],[8.536001138915687,47.36851201669128]]]}},{"type":"Feature","properties":{"source":"Microsoft Global ML Building Footprints"},"geometry":{"type":"Polygon","coordinates":[[[8.522309027432717,47.36791704835167],[8.522421423737821,47.36782141216756],[8.522549492905851,47.36789045555612],[8.522437096600788,47.367986091615045],[8.522309027432717,47.36791704835167]]]}},{"type":"Feature","properties":{"source":"Microsoft Global ML Building Footprints"},"geometry":{"type":"Polygon","coordinates":[[[8.528517449525381,47.36688082831977],[8.528612692487819,47.36690749753618],[8.52864341097745,47.36685716372848],[8.528737333766315,47.36688345883947],[8.528771422559384,47.3668276025898],[8.528815919625096,47.36684006022766],[8.528853378190586,47.36677869276858],[8.52892668015928,47.36679921827424],[8.528883117034773,47.366870586649625],[8.528921090515134,47.36688121970104],[8.528874169929516,47.36695810141275],[8.528810990551268,47.36694041341289],[8.528787839674091,47.36697834082544],[8.528725991138039,47.366961022489384],[8.528695158759469,47.36701153425774],[8.528633308695,47.36699421843651],[8.528601638988583,47.36704610194086],[8.528546662512092,47.3670307078844],[8.528529084371828,47.367059505596416],[8.528458071334857,47.36703962448595],[8.528486482770301,47.36699307890321],[8.52845441236649,47.366984100326796],[8.528517449525381,47.36688082831977]]]}},{"type":"Feature","properties":{"source":"Microsoft Global ML Building Footprints"},"geometry":{"type":"Polygon","coordinates":[[[8.537533633828858,47.367631598603545],[8.537325538960921,47.36794634664682],[8.537236170303846,47.36791924277685],[8.537065467111145,47.368177433823156],[8.537151773308572,47.36820360468643],[8.537192787738546,47.36814156021688],[8.53733214863205,47.36818381902242],[8.537213091248578,47.36836389426585],[8.53683243788427,47.36824846796268],[8.537354621602816,47.367458531157],[8.53744265297157,47.36748522551238],[8.537464663580305,47.36745193378263],[8.537806507617622,47.36755559343068],[8.537719073792282,47.36768783942492],[8.537533633828858,47.367631598603545]]]}},{"type":"Feature","properties":{"source":"Microsoft Global ML Building Footprints"},"geometry":{"type":"Polygon","coordinates":[[[8.538504160638777,47.37223478158294],[8.538714599542278,47.37166946210949],[8.539048806825207,47.3717265377778],[8.538992208785432,47.37187854001631],[8.538771501225444,47.371840847860845],[8.538746336603737,47.37190844976977],[8.538837126072561,47.37192395035946],[8.538708433554717,47.37226966679121],[8.538504160638777,47.37223478158294]]]}},{"type":"Feature","properties":{"source":"Microsoft Global ML Building Footprints"},"geometry":{"type":"Polygon","coordinates":[[[8.524793814582674,47.37868351561181],[8.524941833811788,47.37863914533352],[8.524981545951004,47.37869989152469],[8.524833526721851,47.37874426175184],[8.524793814582674,47.37868351561181]]]}},{"type":"Feature","properties":{"source":"Microsoft Global ML Building Footprints"},"geometry":{"type":"Polygon","coordinates":[[[8.526305078192769,47.37746088496376],[8.52661665794265,47.37789056396491],[8.52654534306085,47.37791428050756],[8.526628526963655,47.37802899327595],[8.526265459330258,47.37814971774678],[8.526023506203725,47.37781605815521],[8.526246101240886,47.37774204212143],[8.526370261397922,47.37791326267909],[8.52631716218002,47.37793091888065],[8.526353247052828,47.377980673783355],[8.526463460961068,47.377944026209796],[8.526259687561634,47.37766305653613],[8.52604142080217,47.37773563346539],[8.526063708517722,47.37776636455408],[8.525969865492291,47.37779756870061],[8.525865868095796,47.37765415291391],[8.526177068924422,47.3775506738404],[8.526149477778414,47.37751262461399],[8.526305078192769,47.37746088496376]]]}},{"type":"Feature","properties":{"source":"Microsoft Global ML Building Footprints"},"geometry":{"type":"Polygon","coordinates":[[[8.52654724080577,47.370728730843446],[8.526109690656817,47.370954712306215],[8.525843268092888,47.370718106868964],[8.525941632079883,47.37066730469115],[8.5260709634216,47.37078216194274],[8.526167631477758,47.37073223572561],[8.526210310820499,47.3707701385996],[8.526325634115572,47.37071057747944],[8.526200182714106,47.37059916579783],[8.526118778035228,47.370641209037274],[8.526041179230205,47.37057229453216],[8.526249778719848,47.37046455852322],[8.52654724080577,47.370728730843446]]]}},{"type":"Feature","properties":{"source":"Microsoft Global ML Building Footprints"},"geometry":{"type":"Polygon","coordinates":[[[8.528925635831897,47.3746999912586],[8.529039202512756,47.374766493995715],[8.52843937144434,47.37523625041009],[8.528090997977387,47.3750322503219],[8.528201143947932,47.37494598972135],[8.528435950734025,47.37508348788976],[8.528925635831897,47.3746999912586]]]}},{"type":"Feature","properties":{"source":"Microsoft Global ML Building Footprints"},"geometry":{"type":"Polygon","coordinates":[[[8.53185118219466,47.37322851552929],[8.531791890088517,47.37324536898976],[8.5317220171518,47.37313262941657],[8.531749382739235,47.373124850880394],[8.531789583606951,47.37318971478343],[8.53182151012566,47.373180639834274],[8.53185118219466,47.37322851552929]]]}},{"type":"Feature","properties":{"source":"Microsoft Global ML Building Footprints"},"geometry":{"type":"Polygon","coordinates":[[[8.532479533616435,47.37024998082858],[8.532096424567111,47.37046001380713],[8.531752777330563,47.37017247774957],[8.531702543180003,47.370200017850856],[8.531429723999878,47.36997174395315],[8.53186303499696,47.36973418635481],[8.532479533616435,47.37024998082858]]]}},{"type":"Feature","properties":{"source":"Microsoft Global ML Building Footprints"},"geometry":{"type":"Polygon","coordinates":[[[8.538915980291954,47.372624879979334],[8.538919259940227,47.37258216849041],[8.539006224532194,47.37258523112242],[8.53900294960139,47.372627938652805],[8.538915980291954,47.372624879979334]]]}},{"type":"Feature","properties":{"source":"Microsoft Global ML Building Footprints"},"geometry":{"type":"Polygon","coordinates":[[[8.528780816217196,47.37663090416029],[8.528785030860192,47.37662997671203],[8.52887611118983,47.37656530273405],[8.528951682928216,47.376614107062885],[8.528911600517347,47.37653057970863],[8.529138346748336,47.37636957214695],[8.529071252403977,47.37632624233172],[8.528951675332772,47.37635255019992],[8.528917307772694,47.37633035547958],[8.529109477890753,47.3761938991765],[8.529370757356936,47.37636262241541],[8.528807509795303,47.376762571391836],[8.528294801883497,47.37643146398861],[8.528385894465135,47.37636678106725],[8.52830723242937,47.376315980781015],[8.52823769508209,47.37636535783974],[8.528201843144592,47.37637324723432],[8.52802146753974,47.37625675982273],[8.52867039987193,47.3757959295801],[8.52883054449725,47.37589934505676],[8.52832225882402,47.376260296670594],[8.528415859119814,47.376320744208684],[8.52870450517579,47.37611578202799],[8.528791077733153,47.37629619100923],[8.52874830701027,47.37632656164817],[8.528685096445807,47.37628573996233],[8.52855760849669,47.37637626658363],[8.528558140456246,47.37637737537198],[8.528478479988383,47.3763949012673],[8.528704698200666,47.376540982904444],[8.52873304425473,47.37660005297868],[8.528780816217196,47.37663090416029]]]}},{"type":"Feature","properties":{"source":"Microsoft Global ML Building Footprints"},"geometry":{"type":"Polygon","coordinates":[[[8.523461777502117,47.373612341125956],[8.523346082344663,47.373685750785725],[8.523185490594765,47.37356967602627],[8.523301185752219,47.37349626620491],[8.523461777502117,47.373612341125956]]]}},{"type":"Feature","properties":{"source":"Microsoft Global ML Building Footprints"},"geometry":{"type":"Polygon","coordinates":[[[8.524068753821524,47.369238081751625],[8.524190679611468,47.36930118177178],[8.5239629353736,47.369503035572045],[8.523841009583656,47.36943993579337],[8.524068753821524,47.369238081751625]]]}},{"type":"Feature","properties":{"source":"Microsoft Global ML Building Footprints"},"geometry":{"type":"Polygon","coordinates":[[[8.538324659281876,47.37558233424278],[8.538439681981922,47.37583316155471],[8.538405433111024,47.375840362251864],[8.53842335414344,47.375879442115355],[8.538382653379362,47.37588800122034],[8.538401641340204,47.37592941699886],[8.538307799539634,47.375949151296105],[8.538291846373207,47.375914362746975],[8.537716966007377,47.376035256126116],[8.537694472834252,47.375986206071346],[8.537679794746706,47.375989292075566],[8.5375663064589,47.37574181156112],[8.538324659281876,47.37558233424278]]]}},{"type":"Feature","properties":{"source":"Microsoft Global ML Building Footprints"},"geometry":{"type":"Polygon","coordinates":[[[8.524558696944995,47.37569710147463],[8.524643607517767,47.3756721261269],[8.52465671907369,47.37569256483261],[8.52457180889536,47.37571754407902],[8.524558696944995,47.37569710147463]]]}},{"type":"Feature","properties":{"source":"Microsoft Global ML Building Footprints"},"geometry":{"type":"Polygon","coordinates":[[[8.526101460068007,47.3752127208206],[8.526290339232876,47.375346803418985],[8.526215914652177,47.375394885659944],[8.52602703548731,47.37526080318383],[8.526101460068007,47.3752127208206]]]}},{"type":"Feature","properties":{"source":"Microsoft Global ML Building Footprints"},"geometry":{"type":"Polygon","coordinates":[[[8.526489639970949,47.378696330801155],[8.526087198656516,47.378888947233214],[8.526098576749582,47.37889984771156],[8.526019877114734,47.378937514834895],[8.525773351765519,47.3787013374683],[8.525746522344555,47.378714178584445],[8.525746522344555,47.378714178584445],[8.525880669449379,47.37864997297246],[8.526031113124017,47.378794101990586],[8.526238593979475,47.3786947974282],[8.526251236305061,47.37870690911526],[8.526417578715026,47.37862729413379],[8.526489639970949,47.378696330801155]]]}},{"type":"Feature","properties":{"source":"Microsoft Global ML Building Footprints"},"geometry":{"type":"Polygon","coordinates":[[[8.527661488393449,47.37844517450423],[8.527766732786288,47.378397974366436],[8.527791946522747,47.37842375340992],[8.527686696886821,47.37847095088795],[8.527661488393449,47.37844517450423]]]}},{"type":"Feature","properties":{"source":"Microsoft Global ML Building Footprints"},"geometry":{"type":"Polygon","coordinates":[[[8.53713939884592,47.369705943506965],[8.538006873931362,47.36914618539391],[8.538324343860708,47.36937185992635],[8.538342621293594,47.369360065981844],[8.538397542251857,47.36939910663451],[8.538363799298786,47.369420880052346],[8.538403985365779,47.36944944635345],[8.538360400718048,47.369477570322964],[8.538353703040196,47.36947280927639],[8.538066887939046,47.3696578827829],[8.538132525181808,47.36970454085705],[8.537610915365427,47.37004111865417],[8.53713939884592,47.369705943506965]]]}},{"type":"Feature","properties":{"source":"Microsoft Global ML Building Footprints"},"geometry":{"type":"Polygon","coordinates":[[[8.538805364965057,47.37327860653749],[8.53881048874078,47.37325924760914],[8.538883252867265,47.3732680801334],[8.53887812909158,47.37328743905851],[8.538805364965057,47.37327860653749]]]}},{"type":"Feature","properties":{"source":"Microsoft Global ML Building Footprints"},"geometry":{"type":"Polygon","coordinates":[[[8.527668186377735,47.377411149135696],[8.52702767142182,47.37774755984846],[8.527037080942502,47.3777680458528],[8.526786990206663,47.377899397659725],[8.526732536967824,47.37791086902728],[8.526570053272607,47.3775571163439],[8.526689888661858,47.377531876781276],[8.52676565625194,47.37769683517345],[8.526804312823405,47.37768869157108],[8.527073387497705,47.377547368506356],[8.527047985342367,47.37755271867233],[8.527108621455938,47.37752086852555],[8.527089988564587,47.37748030159674],[8.527145564096204,47.3774685963402],[8.527172191735737,47.377491841976145],[8.52725236090452,47.37744973550777],[8.52726733905396,47.37744658082506],[8.52733229244311,47.377412462886674],[8.527237181169172,47.37732942412788],[8.527223494225993,47.377332306864446],[8.526994615804856,47.37745251861762],[8.526883597418493,47.37735559190396],[8.526858181976822,47.377300270493215],[8.527079160833395,47.377253727998394],[8.527353795684816,47.37710948343051],[8.527390267775722,47.37714132337829],[8.527399963214135,47.37716243211301],[8.527657033422894,47.37738687269888],[8.527668186377735,47.377411149135696]]]}},{"type":"Feature","properties":{"source":"Microsoft Global ML Building Footprints"},"geometry":{"type":"Polygon","coordinates":[[[8.531117566055064,47.367611920135076],[8.53095572377265,47.367738972115276],[8.531011674877877,47.36777166886588],[8.530899574532311,47.36785966427418],[8.530722749376354,47.3677563395366],[8.53099670565166,47.36754129139881],[8.531117566055064,47.367611920135076]]]}},{"type":"Feature","properties":{"source":"Microsoft Global ML Building Footprints"},"geometry":{"type":"Polygon","coordinates":[[[8.534043904324369,47.36926689544466],[8.53432130093613,47.36874818299779],[8.535020791295405,47.368919770836776],[8.534743394683604,47.36943848159614],[8.534043904324369,47.36926689544466]]]}},{"type":"Feature","properties":{"source":"Microsoft Global ML Building Footprints"},"geometry":{"type":"Polygon","coordinates":[[[8.53940473641265,47.37375755027214],[8.539889484859033,47.37378509822737],[8.539884467513016,47.37382558854937],[8.540169455322166,47.37384179771927],[8.540151006006091,47.37399068463635],[8.540023160261981,47.37398341927128],[8.540025741358917,47.37396258971038],[8.539397170116342,47.37392683871932],[8.53940486671454,47.37386472675714],[8.5393462707485,47.373861396790325],[8.539348952842687,47.37383975212713],[8.539394231543756,47.37384232528438],[8.53940473641265,47.37375755027214]]]}},{"type":"Feature","properties":{"source":"Microsoft Global ML Building Footprints"},"geometry":{"type":"Polygon","coordinates":[[[8.533991205147267,47.37419138001782],[8.534193965124155,47.37411110593631],[8.534333021759162,47.374272205517386],[8.53443412196173,47.37423217932245],[8.53447619326901,47.37428091378401],[8.534404229323286,47.37430940473165],[8.534649645282562,47.37459368803963],[8.534925507074531,47.37448447324562],[8.535148718732728,47.37474303488755],[8.534974805863861,47.37481188738123],[8.53494558967823,47.37477804435066],[8.534893615717415,47.37479862095373],[8.535366917924563,47.37534687516056],[8.535143030093408,47.37543551182195],[8.534674402475936,47.37489267341179],[8.534616431519662,47.374915624187885],[8.533991205147267,47.37419138001782]]]}},{"type":"Feature","properties":{"source":"Microsoft Global ML Building Footprints"},"geometry":{"type":"Polygon","coordinates":[[[8.539858120432218,47.36758688475801],[8.539788484013986,47.36755905760347],[8.539858050490006,47.36747919921235],[8.539770501305423,47.36740459291544],[8.539723443005967,47.36739663598507],[8.539717591565715,47.36740335312365],[8.539551647893191,47.36749268987427],[8.539599264865355,47.36736350622666],[8.539681125525846,47.36731943597033],[8.539708827882016,47.36732412138919],[8.539812275217393,47.3672053691096],[8.540063028122113,47.36724778010548],[8.539841786519556,47.36784800164458],[8.539779602648942,47.36783748432244],[8.539752311595684,47.36781422802814],[8.539722801969063,47.36789428625596],[8.539622511790341,47.36787732868127],[8.53959442913338,47.36785339783333],[8.539577967266032,47.36785061359474],[8.539600008396672,47.36779081700682],[8.539557464682122,47.36781371849489],[8.539510552992947,47.36779497236849],[8.53947663949414,47.367833902934514],[8.539284924556934,47.36767054563951],[8.539293493070431,47.367647299579666],[8.53934955031352,47.36765677806613],[8.539359218619595,47.367651573555435],[8.539417108441612,47.367700900637075],[8.539694845189011,47.36774786192596],[8.539646968959271,47.36770706732141],[8.539739758902801,47.367722756768956],[8.539858120432218,47.36758688475801]]]}},{"type":"Feature","properties":{"source":"Microsoft Global ML Building Footprints"},"geometry":{"type":"Polygon","coordinates":[[[8.525193888802507,47.37592110132802],[8.524905217480661,47.37599584433879],[8.524844365630223,47.37588808823897],[8.52499646905188,47.37584870543146],[8.524958884085422,47.37578215003361],[8.525095467703396,47.37574678556332],[8.525193888802507,47.37592110132802]]]}},{"type":"Feature","properties":{"source":"Microsoft Global ML Building Footprints"},"geometry":{"type":"Polygon","coordinates":[[[8.534085221049011,47.37501776964021],[8.534107059390227,47.375046479303066],[8.533870478140514,47.37512900725239],[8.533848642144303,47.37510029681644],[8.534085221049011,47.37501776964021]]]}},{"type":"Feature","properties":{"source":"Microsoft Global ML Building Footprints"},"geometry":{"type":"Polygon","coordinates":[[[8.526239868219827,47.370270486166],[8.52658089708925,47.37008630267197],[8.526641040827121,47.37013738150641],[8.526670552940793,47.37012144253539],[8.526745078876857,47.370184735824225],[8.526607355679609,47.3702591175585],[8.526578084443894,47.3702342581661],[8.526478074581703,47.3702882763306],[8.526738765048956,47.3705096741551],[8.52674766831484,47.370504865692986],[8.526801277565719,47.37055039056813],[8.526659566912347,47.370626925321005],[8.526239868219827,47.370270486166]]]}},{"type":"Feature","properties":{"source":"Microsoft Global ML Building Footprints"},"geometry":{"type":"Polygon","coordinates":[[[8.531658265300281,47.37970969857633],[8.531641582473682,47.37970940920495],[8.531542515263126,47.3795706815491],[8.531545756728063,47.37948499562699],[8.531632663746365,47.37945654354863],[8.531634369544548,47.37941145185409],[8.53189780692202,47.37932519368253],[8.531898920024869,47.37929576944473],[8.531968333109031,47.3792730412529],[8.532048423019894,47.379385194921596],[8.532046263979867,47.37944226779956],[8.532071736670023,47.37947793831692],[8.532071400711363,47.379486819163716],[8.532122111930187,47.37955784248793],[8.531658265300281,47.37970969857633]]]}},{"type":"Feature","properties":{"source":"Microsoft Global ML Building Footprints"},"geometry":{"type":"Polygon","coordinates":[[[8.534710344881947,47.378017568313915],[8.534375781317497,47.37769937387989],[8.534492220373092,47.3776432342742],[8.534407823800603,47.37756297445816],[8.53490616457285,47.377322681150766],[8.535256725093143,47.377656059423515],[8.534848380543249,47.3778529372299],[8.53492745221586,47.37792814013151],[8.534830328493555,47.377974971449724],[8.534849338398285,47.377993049440214],[8.535047912178545,47.37789730071067],[8.535020032803455,47.377870785397505],[8.535350054380961,47.377711654423656],[8.53553888610126,47.377891229750944],[8.535145552848892,47.37808088787172],[8.535096900084596,47.37803462025531],[8.535025706191375,47.3780689452353],[8.535032539519598,47.378075443565386],[8.53419959851459,47.378477070316535],[8.534050792324699,47.37833556012078],[8.534710344881947,47.378017568313915]]]}},{"type":"Feature","properties":{"source":"Microsoft Global ML Building Footprints"},"geometry":{"type":"Polygon","coordinates":[[[8.537029886666673,47.3675058299533],[8.536946819099569,47.36762595215959],[8.53698114914074,47.367636840700165],[8.536945741248122,47.36768805084409],[8.536647446742665,47.3675934259452],[8.536686596284513,47.367536812641404],[8.536734116255712,47.36755188694082],[8.53681343586851,47.36743716727186],[8.537029886666673,47.3675058299533]]]}},{"type":"Feature","properties":{"source":"Microsoft Global ML Building Footprints"},"geometry":{"type":"Polygon","coordinates":[[[8.529291956328153,47.375111243903646],[8.529327157073073,47.37508097422139],[8.529391721665625,47.37511540659562],[8.529356520920706,47.37514567625813],[8.529291956328153,47.375111243903646]]]}},{"type":"Feature","properties":{"source":"Microsoft Global ML Building Footprints"},"geometry":{"type":"Polygon","coordinates":[[[8.532724018445975,47.369877459184345],[8.532390550071822,47.37005082649217],[8.532266170819085,47.36994110072165],[8.532368431137218,47.36988793642149],[8.532249241190865,47.36978277868309],[8.532134477446519,47.3698424435272],[8.532018487998311,47.36974010940738],[8.532102870251856,47.369696235603186],[8.53213914422668,47.369728239125074],[8.532296765536923,47.36964628527499],[8.532255307187611,47.36960971099945],[8.532345772080948,47.36956267446293],[8.532580257418015,47.369769554553265],[8.532593758578603,47.36976253475096],[8.532724018445975,47.369877459184345]]]}},{"type":"Feature","properties":{"source":"Microsoft Global ML Building Footprints"},"geometry":{"type":"Polygon","coordinates":[[[8.538987173684255,47.370989621241485],[8.539223970855447,47.37027266567441],[8.53951517685864,47.37031676719617],[8.539474358366054,47.370440354760646],[8.539745124823188,47.37048137353263],[8.539738839653443,47.370500403318346],[8.53996728335364,47.37053501052208],[8.539924442693302,47.37066476072733],[8.539829928464178,47.370650442694036],[8.539772236374912,47.37082517251353],[8.539926924198383,47.37084860621129],[8.539837789063789,47.37111848065127],[8.538987173684255,47.370989621241485]]]}},{"type":"Feature","properties":{"source":"Microsoft Global ML Building Footprints"},"geometry":{"type":"Polygon","coordinates":[[[8.539611849489098,47.36705210208331],[8.539652005451215,47.36700268709391],[8.539735207288434,47.367033703094],[8.539695044947383,47.367083119620155],[8.539611849489098,47.36705210208331]]]}},{"type":"Feature","properties":{"source":"Microsoft Global ML Building Footprints"},"geometry":{"type":"Polygon","coordinates":[[[8.523196355670963,47.36941664513912],[8.523156926040883,47.3694493179576],[8.522975834651119,47.36934908308446],[8.523015262256859,47.3693164090834],[8.523196355670963,47.36941664513912]]]}},{"type":"Feature","properties":{"source":"Microsoft Global ML Building Footprints"},"geometry":{"type":"Polygon","coordinates":[[[8.52437288928038,47.368823863439225],[8.524581850275048,47.36878428256612],[8.524659771900161,47.36897298150353],[8.524420959334837,47.369018216622834],[8.524375041234315,47.368907019211775],[8.524330263878333,47.3689155008102],[8.524312870658427,47.368873380524285],[8.524387499585107,47.36885924451487],[8.52437288928038,47.368823863439225]]]}},{"type":"Feature","properties":{"source":"Microsoft Global ML Building Footprints"},"geometry":{"type":"Polygon","coordinates":[[[8.526146669861475,47.373672059036686],[8.525927046168484,47.37372686551755],[8.525851887417701,47.373588738461706],[8.525906201721355,47.37357518187395],[8.525919576922703,47.37359976290575],[8.526084885078706,47.37355851062174],[8.526146669861475,47.373672059036686]]]}},{"type":"Feature","properties":{"source":"Microsoft Global ML Building Footprints"},"geometry":{"type":"Polygon","coordinates":[[[8.526541767701561,47.37171220984638],[8.526679234954702,47.371826212763594],[8.526511886881941,47.371918764917964],[8.526374413890473,47.37180475744199],[8.526541767701561,47.37171220984638]]]}},{"type":"Feature","properties":{"source":"Microsoft Global ML Building Footprints"},"geometry":{"type":"Polygon","coordinates":[[[8.527282920148217,47.37674818440545],[8.527298865428193,47.376765985036755],[8.527247884512384,47.37678692400735],[8.52723194081458,47.37676912514943],[8.527282920148217,47.37674818440545]]]}},{"type":"Feature","properties":{"source":"Microsoft Global ML Building Footprints"},"geometry":{"type":"Polygon","coordinates":[[[8.528295338907284,47.36677204209708],[8.528365254592284,47.36663384845757],[8.52844823333648,47.36665310294703],[8.528468433652261,47.36661316728537],[8.52853908342973,47.36662956430221],[8.528559185273199,47.36658983141794],[8.528711773378031,47.36662523817283],[8.528660421894806,47.366726759050714],[8.528591840280857,47.3667108420607],[8.528569632245766,47.366754737896876],[8.528501394455787,47.36673890071279],[8.528464747104994,47.36681135167234],[8.528295338907284,47.36677204209708]]]}},{"type":"Feature","properties":{"source":"Microsoft Global ML Building Footprints"},"geometry":{"type":"Polygon","coordinates":[[[8.53377232423803,47.367262920139225],[8.533652277021421,47.36733905486511],[8.533683055904584,47.36736131761058],[8.53361928246018,47.36740176308223],[8.533480882499607,47.3676652010898],[8.533441344499174,47.36765567259451],[8.533278434434294,47.36796570185578],[8.533240699150756,47.36798963529987],[8.533186867017285,47.36809210132298],[8.532749602922753,47.3679867232339],[8.53270230236976,47.36795251311985],[8.532756429589385,47.36784948514586],[8.533108777020818,47.367934415755414],[8.533280502401691,47.36760754580331],[8.533288276928994,47.36761316918697],[8.533335244473408,47.36752376866937],[8.533339266895963,47.367521217633524],[8.533399014244951,47.367407491132916],[8.533434669779316,47.3674160840104],[8.533491080658484,47.36738030525567],[8.533513504328404,47.367337622682314],[8.533410019140707,47.367262770499906],[8.533242239200085,47.36736918555299],[8.533104402656146,47.36726949407529],[8.5334651143754,47.367040710624245],[8.53377232423803,47.367262920139225]]]}},{"type":"Feature","properties":{"source":"Microsoft Global ML Building Footprints"},"geometry":{"type":"Polygon","coordinates":[[[8.535445605310091,47.369825959977135],[8.535315731860017,47.36990940603129],[8.535077345922225,47.36973922535038],[8.53520721937234,47.369655779026985],[8.535445605310091,47.369825959977135]]]}},{"type":"Feature","properties":{"source":"Microsoft Global ML Building Footprints"},"geometry":{"type":"Polygon","coordinates":[[[8.522458105488738,47.37388843832052],[8.52224761607292,47.37403454247507],[8.522136308606596,47.37396099987749],[8.522346798022413,47.373814895519175],[8.522458105488738,47.37388843832052]]]}},{"type":"Feature","properties":{"source":"Microsoft Global ML Building Footprints"},"geometry":{"type":"Polygon","coordinates":[[[8.524633654542043,47.37294321520955],[8.524762284516477,47.37299953142662],[8.524679126966511,47.3730866425033],[8.524550496992077,47.37303032637926],[8.524633654542043,47.37294321520955]]]}},{"type":"Feature","properties":{"source":"Microsoft Global ML Building Footprints"},"geometry":{"type":"Polygon","coordinates":[[[8.526316725320191,47.375405644289785],[8.526490563705158,47.375355401516316],[8.526646490839322,47.37560277072595],[8.526472630827655,47.375653019514246],[8.526316725320191,47.375405644289785]]]}},{"type":"Feature","properties":{"source":"Microsoft Global ML Building Footprints"},"geometry":{"type":"Polygon","coordinates":[[[8.533460597634818,47.3763841059402],[8.533278516279825,47.37653510727316],[8.533142332348213,47.37645980356313],[8.533324399669873,47.37630880070978],[8.533460597634818,47.3763841059402]]]}},{"type":"Feature","properties":{"source":"Microsoft Global ML Building Footprints"},"geometry":{"type":"Polygon","coordinates":[[[8.534404593984867,47.37761010225095],[8.534441036837084,47.37759603792262],[8.534484198157362,47.37764732113447],[8.53435547923716,47.37769700344499],[8.534339324196253,47.37767781080636],[8.534431602858724,47.377642193523286],[8.534404593984867,47.37761010225095]]]}},{"type":"Feature","properties":{"source":"Microsoft Global ML Building Footprints"},"geometry":{"type":"Polygon","coordinates":[[[8.525262825543422,47.37172516160505],[8.525435871067092,47.371778738425284],[8.5253172050508,47.37195452775696],[8.52514415952713,47.3719009511153],[8.525262825543422,47.37172516160505]]]}},{"type":"Feature","properties":{"source":"Microsoft Global ML Building Footprints"},"geometry":{"type":"Polygon","coordinates":[[[8.527945033131616,47.372452052226706],[8.527952720426057,47.37230328350435],[8.52801299733732,47.37230471202604],[8.52801459422822,47.37227386975371],[8.528078843106318,47.37227539240914],[8.528106096582672,47.37229783602931],[8.528410554545314,47.37230505147573],[8.528455495365899,47.3722800245307],[8.528457054942447,47.3722498426887],[8.52848564325932,47.372250520213],[8.52867058769081,47.37214752693728],[8.528793472605415,47.37224873317172],[8.528812804355894,47.37224919132151],[8.528857517119825,47.372286016057224],[8.528856695914762,47.372301908491224],[8.528879006362612,47.37232028144954],[8.52870698488291,47.37241607778532],[8.528660930513512,47.37237814821735],[8.528504415437812,47.37246530916694],[8.527945033131616,47.372452052226706]]]}},{"type":"Feature","properties":{"source":"Microsoft Global ML Building Footprints"},"geometry":{"type":"Polygon","coordinates":[[[8.531587046583358,47.3734910333388],[8.531652625391102,47.37361990098402],[8.531644862819036,47.37362965312521],[8.531705132492608,47.37365165487335],[8.531802149912266,47.37384226252377],[8.531345129408585,47.37394892372365],[8.531337980279217,47.37395790513908],[8.531366882010225,47.37401468737532],[8.530929186626688,47.37411683807482],[8.530967604416237,47.37419233127141],[8.53084281607346,47.37422146059663],[8.530835325478954,47.3742187261474],[8.530814039495738,47.37424546748017],[8.530744166338717,47.37421996021835],[8.530730495452893,47.374223150762454],[8.53070025938964,47.374212114489026],[8.530676975451064,47.374166369512274],[8.530291606778091,47.37402568995041],[8.530518723464828,47.373740364013344],[8.531587046583358,47.3734910333388]]]}},{"type":"Feature","properties":{"source":"Microsoft Global ML Building Footprints"},"geometry":{"type":"Polygon","coordinates":[[[8.538318299827715,47.368820533588334],[8.538503051547558,47.3685881664681],[8.538519686202331,47.36859423251748],[8.538643973722966,47.368437912260404],[8.538693877687287,47.36845611045829],[8.538741556659657,47.36839614303847],[8.538787300623794,47.36841282641428],[8.538798497370564,47.368398743890246],[8.538901110581891,47.36843616815769],[8.538586513698387,47.368831896932456],[8.538517137123304,47.36880659465716],[8.538290962838122,47.36909105871388],[8.538124621150418,47.36903039264751],[8.538192921305829,47.36894449019823],[8.538251140896538,47.36896572336397],[8.538355727800955,47.368834182138336],[8.538318299827715,47.368820533588334]]]}},{"type":"Feature","properties":{"source":"Microsoft Global ML Building Footprints"},"geometry":{"type":"Polygon","coordinates":[[[8.524931356278866,47.37609316964703],[8.525011065326789,47.37620607132371],[8.524876507969212,47.37624964145167],[8.524796785758578,47.37613673775244],[8.524931356278866,47.37609316964703]]]}},{"type":"Feature","properties":{"source":"Microsoft Global ML Building Footprints"},"geometry":{"type":"Polygon","coordinates":[[[8.529523659545646,47.36848276668369],[8.52977815389476,47.36863161872821],[8.52969722220601,47.36869509516533],[8.52944272409954,47.36854624110229],[8.529523659545646,47.36848276668369]]]}},{"type":"Feature","properties":{"source":"Microsoft Global ML Building Footprints"},"geometry":{"type":"Polygon","coordinates":[[[8.529567414926685,47.376384933938],[8.529729580002133,47.376271136721414],[8.531547529320097,47.377459208888595],[8.531385364244649,47.377573003541166],[8.529567414926685,47.376384933938]]]}},{"type":"Feature","properties":{"source":"Microsoft Global ML Building Footprints"},"geometry":{"type":"Polygon","coordinates":[[[8.522764217297837,47.36691675608725],[8.52215195601952,47.3674933972967],[8.521444787955774,47.36714895907098],[8.5215363268229,47.36706274557974],[8.522071289506412,47.367323308880955],[8.522024251717388,47.36736761430474],[8.522093202891039,47.36740119810563],[8.522376147495784,47.367134689000785],[8.52233621397929,47.367115240523404],[8.522358382104226,47.3670943620535],[8.522401848831525,47.36711553334866],[8.52260271290358,47.36692633605056],[8.52259210503072,47.366921169266845],[8.52265385411017,47.36686300661283],[8.522764217297837,47.36691675608725]]]}},{"type":"Feature","properties":{"source":"Microsoft Global ML Building Footprints"},"geometry":{"type":"Polygon","coordinates":[[[8.526612774861473,47.373130419261194],[8.526503861969768,47.37310909403682],[8.526548948925736,47.37300348568823],[8.526709842970345,47.373034988920665],[8.526668334344167,47.37313221560391],[8.526616353191304,47.373122037657346],[8.526612774861473,47.373130419261194]]]}},{"type":"Feature","properties":{"source":"Microsoft Global ML Building Footprints"},"geometry":{"type":"Polygon","coordinates":[[[8.528903896975141,47.371015459248966],[8.528738446516089,47.37102347409703],[8.528731574910204,47.37095841217551],[8.528651518236474,47.370962290332145],[8.528636248001199,47.37081770800759],[8.528783018569737,47.37081059803407],[8.528794556279284,47.37091983994297],[8.528893293335337,47.37091506153554],[8.528903896975141,47.371015459248966]]]}},{"type":"Feature","properties":{"source":"Microsoft Global ML Building Footprints"},"geometry":{"type":"Polygon","coordinates":[[[8.529241756795942,47.379454937720965],[8.529247052125317,47.37946226392907],[8.529291437017,47.37944755416726],[8.529323205327742,47.379491512621556],[8.529389181400827,47.37946964725678],[8.529319283053116,47.37937294124137],[8.529470753856057,47.37932274163805],[8.529596782695101,47.379497105551884],[8.52947454219358,47.37953761768254],[8.529466070644078,47.379525895441894],[8.529216124766643,47.3796087307569],[8.529244719545229,47.37964829215316],[8.528764340713115,47.37980749546186],[8.528764340713115,47.37980749546186],[8.52867562209994,47.379836897822145],[8.52869468528569,47.37986327197548],[8.528242436745511,47.38001315197002],[8.528171479331967,47.379914981722614],[8.528296983711536,47.37987338819657],[8.528275802394036,47.37984408358656],[8.528658807138555,47.37971715134574],[8.528618562635346,47.37966147240778],[8.529241756795942,47.379454937720965]]]}},{"type":"Feature","properties":{"source":"Microsoft Global ML Building Footprints"},"geometry":{"type":"Polygon","coordinates":[[[8.522854410669648,47.37335547053597],[8.522780832219476,47.3734089323983],[8.522681794169916,47.37334642009804],[8.522755372620088,47.37329295817232],[8.522854410669648,47.37335547053597]]]}},{"type":"Feature","properties":{"source":"Microsoft Global ML Building Footprints"},"geometry":{"type":"Polygon","coordinates":[[[8.527782755054641,47.378315452598095],[8.527576736995748,47.37841382341411],[8.527675268625563,47.37850844465261],[8.527487165180503,47.37859826116316],[8.527393168459096,47.3785079950152],[8.527371177169666,47.37851304985226],[8.527298890161607,47.37854756923112],[8.52737705922375,47.378703506464696],[8.527303808133397,47.37873848262586],[8.527229993491119,47.37875545281073],[8.527131582597804,47.378559176313],[8.52716991389518,47.37854087370514],[8.52711938485423,47.37849235004415],[8.52739617607809,47.37836018616067],[8.527453197698435,47.378347079341374],[8.527439405583186,47.378319565691356],[8.527572207017396,47.37825615472367],[8.527594210884804,47.37825109697086],[8.52763821861962,47.37823008382765],[8.527623549374681,47.37823345566427],[8.527806914936416,47.378145900816456],[8.52781038830189,47.37814510243591],[8.527983767735341,47.37831158522946],[8.527990589312843,47.37832519067396],[8.527902265028517,47.378367364330934],[8.52784945289805,47.37837950356491],[8.527782755054641,47.378315452598095]]]}},{"type":"Feature","properties":{"source":"Microsoft Global ML Building Footprints"},"geometry":{"type":"Polygon","coordinates":[[[8.53737925816041,47.37010481627594],[8.537416559505262,47.370076457252175],[8.537407586684695,47.37007104381177],[8.537424905166224,47.370057877115634],[8.537556506534948,47.37013727420564],[8.537436609354963,47.37022842805123],[8.537400718072576,47.37020677434869],[8.537400718072576,47.37020677434869],[8.53736482679019,47.37018512063727],[8.537430104143752,47.370135492411215],[8.53737925816041,47.37010481627594]]]}},{"type":"Feature","properties":{"source":"Microsoft Global ML Building Footprints"},"geometry":{"type":"Polygon","coordinates":[[[8.528218160767484,47.378592668591345],[8.528094112959499,47.378640835181336],[8.528001025408113,47.37853090786113],[8.528196814657086,47.37845487529086],[8.528260472410714,47.378530049023105],[8.528188724519925,47.37855791148895],[8.528218160767484,47.378592668591345]]]}},{"type":"Feature","properties":{"source":"Microsoft Global ML Building Footprints"},"geometry":{"type":"Polygon","coordinates":[[[8.528444473036728,47.37165242524912],[8.52840930179477,47.371669016121096],[8.528337053722566,47.37159876873955],[8.52843457541053,47.37155276140702],[8.528555886423327,47.37167071312976],[8.528493536095425,47.37170012482427],[8.528444473036728,47.37165242524912]]]}},{"type":"Feature","properties":{"source":"Microsoft Global ML Building Footprints"},"geometry":{"type":"Polygon","coordinates":[[[8.536171781809344,47.36869271580639],[8.536362060436637,47.36868899974551],[8.536363915115288,47.36873256194263],[8.536312995482657,47.36873355638066],[8.536314309213381,47.36876441291461],[8.536268749542026,47.368765302674426],[8.536269522324824,47.368783453568],[8.536175723001517,47.36878528542575],[8.536171781809344,47.36869271580639]]]}},{"type":"Feature","properties":{"source":"Microsoft Global ML Building Footprints"},"geometry":{"type":"Polygon","coordinates":[[[8.529783990283132,47.36756047415585],[8.52959846153309,47.367445977126195],[8.529661224416781,47.367399328288634],[8.5297602870687,47.367460463800874],[8.529876460297219,47.36737411080744],[8.529962923761527,47.367427470888096],[8.529783990283132,47.36756047415585]]]}},{"type":"Feature","properties":{"source":"Microsoft Global ML Building Footprints"},"geometry":{"type":"Polygon","coordinates":[[[8.532356463704534,47.372849892064764],[8.532467681782201,47.37280450943828],[8.53251209774347,47.372854425500016],[8.532400879322077,47.37289981349534],[8.532356463704534,47.372849892064764]]]}},{"type":"Feature","properties":{"source":"Microsoft Global ML Building Footprints"},"geometry":{"type":"Polygon","coordinates":[[[8.522441019139201,47.37076067294986],[8.522845006895409,47.37099120760532],[8.52284236342145,47.37099333216084],[8.523050119606626,47.3711118873383],[8.522463296884371,47.371583551749644],[8.522282177031016,47.37148019742013],[8.522551811378424,47.37126349431729],[8.52250318726509,47.37123574727887],[8.522676334811749,47.37109658935151],[8.522294313458637,47.37087859023341],[8.522441019139201,47.37076067294986]]]}},{"type":"Feature","properties":{"source":"Microsoft Global ML Building Footprints"},"geometry":{"type":"Polygon","coordinates":[[[8.524242036900409,47.37321768622206],[8.524496134002568,47.3736123354363],[8.524472583179396,47.37361928966835],[8.52456973071849,47.373770148703535],[8.52444531051435,47.37387688608045],[8.524427151007451,47.37388224916532],[8.524354100609163,47.37394492295689],[8.524207748841697,47.37386669126658],[8.524396305609137,47.37370493241657],[8.524365166840733,47.373656577452074],[8.524346551208538,47.37364662650022],[8.524190713757394,47.37340458911317],[8.524186623752978,47.37340240260472],[8.524094671036497,47.373259586630745],[8.5241577544135,47.37320546817233],[8.524197325237237,47.37319378336367],[8.524242036900409,47.37321768622206]]]}},{"type":"Feature","properties":{"source":"Microsoft Global ML Building Footprints"},"geometry":{"type":"Polygon","coordinates":[[[8.52534613285895,47.379442647128975],[8.525789012317816,47.37924069019403],[8.525943568952226,47.37939609815237],[8.525830099210223,47.379447835898006],[8.525856979330474,47.379474866814476],[8.525527567856376,47.379625080755275],[8.52534613285895,47.379442647128975]]]}},{"type":"Feature","properties":{"source":"Microsoft Global ML Building Footprints"},"geometry":{"type":"Polygon","coordinates":[[[8.529017590013005,47.37102210438308],[8.529007776935934,47.37100053807047],[8.528959887818264,47.37101053486306],[8.52893682169733,47.37095985366864],[8.528962670243354,47.370954459037705],[8.528907564955862,47.370833353242645],[8.529478319120871,47.370714235564606],[8.529566287071955,47.370907564479346],[8.529017590013005,47.37102210438308]]]}},{"type":"Feature","properties":{"source":"Microsoft Global ML Building Footprints"},"geometry":{"type":"Polygon","coordinates":[[[8.523845393497446,47.372098490858356],[8.523959885652403,47.3721560962358],[8.523955695433433,47.372165412841966],[8.523751623026738,47.3723514562577],[8.52360370916558,47.37232093776225],[8.523508257395331,47.37227291700854],[8.523496017407307,47.37227039215618],[8.523329295920092,47.372186516269466],[8.523340651456724,47.3721612681769],[8.523395804782869,47.37211098731262],[8.523661257245202,47.3722445338784],[8.523684592907642,47.37224934753755],[8.52368785225124,47.37224210066765],[8.523845393497446,47.372098490858356]]]}},{"type":"Feature","properties":{"source":"Microsoft Global ML Building Footprints"},"geometry":{"type":"Polygon","coordinates":[[[8.524658323961113,47.375148021266185],[8.524812126680992,47.375383488928506],[8.524631271366388,47.37543766264276],[8.524625318500627,47.37542854755843],[8.524409109545008,47.37549331110173],[8.524308507781928,47.37533929305594],[8.524514896404721,47.37527748071248],[8.524467643757765,47.3752051381981],[8.524658323961113,47.375148021266185]]]}},{"type":"Feature","properties":{"source":"Microsoft Global ML Building Footprints"},"geometry":{"type":"Polygon","coordinates":[[[8.528840200379104,47.37684590016618],[8.52946962389753,47.376438552918934],[8.529631731080407,47.376553417136],[8.529163518485392,47.37685643232264],[8.529403948069074,47.377026791969925],[8.529242731509772,47.37713111881272],[8.528840200379104,47.37684590016618]]]}},{"type":"Feature","properties":{"source":"Microsoft Global ML Building Footprints"},"geometry":{"type":"Polygon","coordinates":[[[8.529264818576108,47.37460091377942],[8.529135389193975,47.37451519008151],[8.529378792230101,47.37434665261445],[8.529508225986056,47.37443238561795],[8.529264818576108,47.37460091377942]]]}},{"type":"Feature","properties":{"source":"Microsoft Global ML Building Footprints"},"geometry":{"type":"Polygon","coordinates":[[[8.5300574996596,47.36843120675076],[8.53003594709091,47.368417616928646],[8.529967024404952,47.368467757095246],[8.529859257799712,47.368399810733294],[8.530065965619613,47.36824943371907],[8.530173728463222,47.36831738301125],[8.530148955674083,47.368335404864226],[8.53017050899513,47.36834899416022],[8.5300574996596,47.36843120675076]]]}},{"type":"Feature","properties":{"source":"Microsoft Global ML Building Footprints"},"geometry":{"type":"Polygon","coordinates":[[[8.536959798159756,47.36762696743202],[8.537019772145133,47.36751446935896],[8.537057737788682,47.36752375392346],[8.536997763803305,47.3676362519767],[8.536959798159756,47.36762696743202]]]}},{"type":"Feature","properties":{"source":"Microsoft Global ML Building Footprints"},"geometry":{"type":"Polygon","coordinates":[[[8.522830002549684,47.37574036094621],[8.522674182447343,47.37578885939465],[8.52257690074213,47.37564554868481],[8.5226220109248,47.375631506130524],[8.522613432123611,47.37561886630843],[8.522677650274609,47.37559887858005],[8.522747877330858,47.375702349572165],[8.522794380129831,47.37568787572355],[8.522830002549684,47.37574036094621]]]}},{"type":"Feature","properties":{"source":"Microsoft Global ML Building Footprints"},"geometry":{"type":"Polygon","coordinates":[[[8.532974042641005,47.373232171734784],[8.53300425998631,47.373298517631234],[8.53297486955542,47.373304656758435],[8.532944652210116,47.373238310869716],[8.532974042641005,47.373232171734784]]]}},{"type":"Feature","properties":{"source":"Microsoft Global ML Building Footprints"},"geometry":{"type":"Polygon","coordinates":[[[8.526381011741977,47.3789783571403],[8.526409669114932,47.37900308836809],[8.526253617367047,47.37908600149954],[8.526157224385331,47.37900281472716],[8.526608778379128,47.37876289514293],[8.52667651398793,47.37882135099241],[8.526381011741977,47.3789783571403]]]}},{"type":"Feature","properties":{"source":"Microsoft Global ML Building Footprints"},"geometry":{"type":"Polygon","coordinates":[[[8.528747454465435,47.376319370478555],[8.528711692511276,47.37633515883092],[8.528692602339794,47.37631532975027],[8.528728365439076,47.3762995425814],[8.528747454465435,47.376319370478555]]]}},{"type":"Feature","properties":{"source":"Microsoft Global ML Building Footprints"},"geometry":{"type":"Polygon","coordinates":[[[8.53624389646583,47.37023354521093],[8.536416475010164,47.37035890990147],[8.535757840640441,47.37077478351554],[8.53593978391193,47.37090694957638],[8.535753888716972,47.37102432626601],[8.535436813076949,47.37079401580695],[8.535505056477039,47.37075092586192],[8.535470273204577,47.37072565877174],[8.535701297460584,47.370579786129376],[8.535725878066014,47.3705976419],[8.535860757084688,47.37051247044384],[8.535833505551377,47.37049267443334],[8.53624389646583,47.37023354521093]]]}},{"type":"Feature","properties":{"source":"Microsoft Global ML Building Footprints"},"geometry":{"type":"Polygon","coordinates":[[[8.524327187468765,47.36859971061335],[8.524310680193018,47.36860639922898],[8.524441388163787,47.36875438737636],[8.524334718990652,47.36879760367096],[8.524088936598893,47.36851932763529],[8.524212103641538,47.36846942707394],[8.524327187468765,47.36859971061335]]]}},{"type":"Feature","properties":{"source":"Microsoft Global ML Building Footprints"},"geometry":{"type":"Polygon","coordinates":[[[8.52444925817515,47.377460711075926],[8.524605353691381,47.37740157890025],[8.524657215547231,47.37746434864972],[8.524501119744667,47.377523488261474],[8.52444925817515,47.377460711075926]]]}},{"type":"Feature","properties":{"source":"Microsoft Global ML Building Footprints"},"geometry":{"type":"Polygon","coordinates":[[[8.52767589253097,47.36704877260586],[8.527605842087404,47.36733785314232],[8.527323764953474,47.367306483992],[8.527344086831095,47.3672226208349],[8.527396323921668,47.367228427536226],[8.527395466587024,47.36723196553798],[8.527445091823065,47.36723748190328],[8.527495674568497,47.367028739415346],[8.52767589253097,47.36704877260586]]]}},{"type":"Feature","properties":{"source":"Microsoft Global ML Building Footprints"},"geometry":{"type":"Polygon","coordinates":[[[8.529732739685727,47.37585644307475],[8.529540292896144,47.37572841002674],[8.529842628042342,47.37552001098427],[8.530035081565659,47.375648039896724],[8.529732739685727,47.37585644307475]]]}},{"type":"Feature","properties":{"source":"Microsoft Global ML Building Footprints"},"geometry":{"type":"Polygon","coordinates":[[[8.528203039264476,47.37651363495431],[8.5283007268949,47.37657451335347],[8.528302227762051,47.37657908134478],[8.528359565703845,47.376614814001954],[8.528362567438187,47.3766239499772],[8.528406414099567,47.37665127492925],[8.528411250802087,47.376665995739366],[8.528431072531824,47.37666300924286],[8.528556690137101,47.376741293215574],[8.528567754065794,47.376774966919015],[8.528536648248913,47.37679785733714],[8.527832562756403,47.37690393997738],[8.527776192291427,47.376868810438715],[8.527766885278666,47.37684049296949],[8.527958038615107,47.376699836050044],[8.5280181406694,47.37673728835045],[8.527969099207509,47.37677337742777],[8.527972259079274,47.37678299467565],[8.528302997677422,47.37673316310568],[8.528201057010275,47.37666963925817],[8.528079888412318,47.3766879012026],[8.528058161093295,47.37670389011789],[8.528020330529053,47.376709591754334],[8.527975066269233,47.37668138554043],[8.528203039264476,47.37651363495431]]]}},{"type":"Feature","properties":{"source":"Microsoft Global ML Building Footprints"},"geometry":{"type":"Polygon","coordinates":[[[8.526909591847144,47.366955016803445],[8.527005722817727,47.36696437219839],[8.526969850568236,47.36713346365306],[8.526704427373573,47.36710763294287],[8.526719153875991,47.36703821648255],[8.526708642066287,47.3670371934825],[8.526753576778798,47.36682538371432],[8.5269333921655,47.366842883256396],[8.526909591847144,47.366955016803445]]]}},{"type":"Feature","properties":{"source":"Microsoft Global ML Building Footprints"},"geometry":{"type":"Polygon","coordinates":[[[8.53412801934056,47.368373525412714],[8.534136280551596,47.3683214447331],[8.534178706226768,47.36832453172697],[8.534170445015734,47.36837661240354],[8.53412801934056,47.368373525412714]]]}},{"type":"Feature","properties":{"source":"Microsoft Global ML Building Footprints"},"geometry":{"type":"Polygon","coordinates":[[[8.52350572338409,47.369442880399596],[8.523393375947016,47.369547274859784],[8.523174426234895,47.36943918308647],[8.523205066445026,47.36941071183218],[8.5229836926883,47.3693014230648],[8.523065405038786,47.369225502017024],[8.52350572338409,47.369442880399596]]]}},{"type":"Feature","properties":{"source":"Microsoft Global ML Building Footprints"},"geometry":{"type":"Polygon","coordinates":[[[8.523813413702236,47.37186098687433],[8.523928882819423,47.37193440879003],[8.523777104971892,47.37204388733875],[8.52366163182181,47.37197046848443],[8.523813413702236,47.37186098687433]]]}},{"type":"Feature","properties":{"source":"Microsoft Global ML Building Footprints"},"geometry":{"type":"Polygon","coordinates":[[[8.52451007040688,47.37325915693926],[8.524714772087684,47.373209781378584],[8.524742217813817,47.373261966094894],[8.524792137436732,47.37324992275116],[8.525029202045555,47.37308074599411],[8.525026844097198,47.37307626350903],[8.524925544190577,47.37301116119023],[8.525270593363011,47.372764921959295],[8.52539411289817,47.37284429865186],[8.525103492956818,47.373051710329435],[8.525224120961683,47.37312922843328],[8.525464333343308,47.37295780493059],[8.525578646483183,47.37303127052065],[8.525376417079439,47.373175587949724],[8.52535242543281,47.37316016929631],[8.525273408645898,47.37321655813473],[8.525227589705896,47.37318711180656],[8.524895464236607,47.3734241438329],[8.524849541991962,47.37339463123038],[8.524916804147846,47.373522521513955],[8.524678778937584,47.37357993461173],[8.52451007040688,47.37325915693926]]]}},{"type":"Feature","properties":{"source":"Microsoft Global ML Building Footprints"},"geometry":{"type":"Polygon","coordinates":[[[8.538977001457315,47.37108905495418],[8.539875579397371,47.37131935128681],[8.539822803904794,47.37141378173667],[8.53974188988655,47.37141224378983],[8.539804033446806,47.371428170483306],[8.539684150892324,47.37164267397253],[8.539551102590949,47.37160857532658],[8.539554082049147,47.37153667883837],[8.539407632834513,47.37149914562624],[8.539379184441751,47.37155004778452],[8.539378516729945,47.37156616015919],[8.539438023239265,47.37158141096184],[8.539376759844428,47.37169104840901],[8.539882412939424,47.37182064076836],[8.539852634093435,47.37187392315483],[8.539811042163015,47.37187313261667],[8.539806980373989,47.371971145882384],[8.539791718547946,47.371970855801266],[8.53977222601464,47.37200573955746],[8.539150494541733,47.371846368853454],[8.539259196256324,47.37165183583718],[8.539134847080888,47.37161996667661],[8.539299104009025,47.371326010292435],[8.53915241685716,47.37128841594961],[8.539068227911585,47.37128681575184],[8.539065382764468,47.37135547154308],[8.539081206394554,47.37132715329342],[8.539072307534866,47.37154242663515],[8.539047869872611,47.371586152438084],[8.538702847794184,47.37157959456449],[8.538977001457315,47.37108905495418]]]}},{"type":"Feature","properties":{"source":"Microsoft Global ML Building Footprints"},"geometry":{"type":"Polygon","coordinates":[[[8.527924703694044,47.3779635880936],[8.527729819246304,47.378061917285784],[8.527642428899185,47.37798250314485],[8.527837313346925,47.377884173804574],[8.527924703694044,47.3779635880936]]]}},{"type":"Feature","properties":{"source":"Microsoft Global ML Building Footprints"},"geometry":{"type":"Polygon","coordinates":[[[8.522718701901066,47.37442681299024],[8.52291826404096,47.37442479831],[8.522920969680232,47.37454828631907],[8.522721420299973,47.37455030086577],[8.522718701901066,47.37442681299024]]]}},{"type":"Feature","properties":{"source":"Microsoft Global ML Building Footprints"},"geometry":{"type":"Polygon","coordinates":[[[8.524073581889947,47.379445219709574],[8.52429656301891,47.37935471896153],[8.52461945520146,47.37971949812728],[8.524457645886674,47.37978517079757],[8.524542804264502,47.379881375751424],[8.524481632450328,47.379906203157724],[8.524073581889947,47.379445219709574]]]}},{"type":"Feature","properties":{"source":"Microsoft Global ML Building Footprints"},"geometry":{"type":"Polygon","coordinates":[[[8.526715880781435,47.37928749617063],[8.526787413094468,47.37934962698103],[8.526580548340181,47.379458831364374],[8.526509016027148,47.379396700682655],[8.526715880781435,47.37928749617063]]]}},{"type":"Feature","properties":{"source":"Microsoft Global ML Building Footprints"},"geometry":{"type":"Polygon","coordinates":[[[8.532439426210438,47.367294042951656],[8.533081238558587,47.3667625083762],[8.533097831237818,47.36676058289442],[8.533434838500234,47.366947254686735],[8.533262072203925,47.36709033587974],[8.533152180449989,47.36702947115278],[8.533129900447705,47.36694135941169],[8.53307482719063,47.366947747702916],[8.533036495515237,47.36697949317468],[8.533044858131674,47.36701255167877],[8.532987555859869,47.3670600081264],[8.533033056375903,47.367085209069316],[8.532932770321482,47.36709684184311],[8.532901955424649,47.367147860332594],[8.532936857304435,47.36715752901481],[8.53297313395208,47.36712748557485],[8.533085784728547,47.36711441321106],[8.533116139548804,47.36713122553389],[8.532997870726668,47.367229172834676],[8.532935424043684,47.367236416376045],[8.532889643301287,47.36721106029943],[8.532879971977545,47.36717281282411],[8.532846682838219,47.367176675800565],[8.532750895807713,47.367256004185556],[8.53269087388368,47.36726296646201],[8.53269641552291,47.367284882115484],[8.532794306850594,47.36733910465881],[8.532701250532542,47.36741617789738],[8.532683207185446,47.367418270839195],[8.532478410087204,47.367304842417745],[8.532439426210438,47.367294042951656]]]}},{"type":"Feature","properties":{"source":"Microsoft Global ML Building Footprints"},"geometry":{"type":"Polygon","coordinates":[[[8.539533424135408,47.37313515969774],[8.53982802415127,47.37322293367539],[8.539780421064078,47.373220458533886],[8.540032469915108,47.37329556652898],[8.54002000021108,47.373314758216644],[8.54001305106738,47.37337605318347],[8.539963086600896,47.373373455268634],[8.539961944945684,47.37337521234812],[8.53991951917147,47.37337300640945],[8.539920547551452,47.37336393558117],[8.539744117788493,47.37331136138493],[8.539748638894423,47.373271482900066],[8.539710215454672,47.37326948505984],[8.539670182817268,47.373331107706655],[8.539703890585365,47.373341152263976],[8.53963612751289,47.37344546046811],[8.539572447857902,47.37344214943302],[8.539557745518715,47.373464777228165],[8.53955150925357,47.37351978409212],[8.539484539136879,47.37362285494859],[8.539447048673026,47.37362090563177],[8.53938237379985,47.373720459623996],[8.539429565892602,47.37373452002586],[8.539364557073874,47.37383458784423],[8.539293613891905,47.37383089916792],[8.539282851900246,47.373925824425434],[8.539152773818541,47.37391906721892],[8.539047010611988,47.37388755625716],[8.53953290536914,47.37313973549717],[8.539533424135408,47.37313515969774]]]}}]}