{"type":"FeatureCollection","name":"teesta_west_rgb_0.5m","source":"Microsoft Global ML Building Footprints","licence":"ODbL 1.0 (c) Microsoft","features":[{"type":"Feature","properties":{"source":"Microsoft Global ML Building Footprints"},"geometry":{"type":"Polygon","coordinates":[[[88.32042549537832,27.149043698681993],[88.32041705264888,27.149080345668963],[88.32035270169835,27.149068607342564],[88.32036114442775,27.149031960351742],[88.32042549537832,27.149043698681993]]]}},{"type":"Feature","properties":{"source":"Microsoft Global ML Building Footprints"},"geometry":{"type":"Polygon","coordinates":[[[88.32472949356864,27.15641943366647],[88.32465901312452,27.15642983574783],[88.32465251821611,27.156394996330377],[88.32472299866023,27.156384594245758],[88.32472949356864,27.15641943366647]]]}},{"type":"Feature","properties":{"source":"Microsoft Global ML Building Footprints"},"geometry":{"type":"Polygon","coordinates":[[[88.32468394452683,27.157463207095503],[88.32470615869161,27.157526215738777],[88.32463442723028,27.157546236494987],[88.32461221757785,27.157483226603567],[88.32468394452683,27.157463207095503]]]}},{"type":"Feature","properties":{"source":"Microsoft Global ML Building Footprints"},"geometry":{"type":"Polygon","coordinates":[[[88.32085379751304,27.152735039229817],[88.32093802607987,27.152762178826926],[88.32090504913874,27.15284320851712],[88.32082081682502,27.152816062486778],[88.32085379751304,27.152735039229817]]]}},{"type":"Feature","properties":{"source":"Microsoft Global ML Building Footprints"},"geometry":{"type":"Polygon","coordinates":[[[88.31131551935476,27.155797560963826],[88.31128531877381,27.155833296295604],[88.31121678332714,27.155787441273787],[88.31124698160393,27.155751708653824],[88.31131551935476,27.155797560963826]]]}},{"type":"Feature","properties":{"source":"Microsoft Global ML Building Footprints"},"geometry":{"type":"Polygon","coordinates":[[[88.31537002350123,27.159120846640533],[88.31544247935015,27.159219529364393],[88.31531545029112,27.159293372420215],[88.31524298900187,27.15919469292411],[88.31537002350123,27.159120846640533]]]}},{"type":"Feature","properties":{"source":"Microsoft Global ML Building Footprints"},"geometry":{"type":"Polygon","coordinates":[[[88.32171971698688,27.148141817762024],[88.32181425068111,27.148126681305968],[88.32183014577423,27.14820528433043],[88.32173560609135,27.148220421734734],[88.32171971698688,27.148141817762024]]]}},{"type":"Feature","properties":{"source":"Microsoft Global ML Building Footprints"},"geometry":{"type":"Polygon","coordinates":[[[88.31130572996523,27.155318921554276],[88.31142357811112,27.15532972439842],[88.31141263362,27.155424183334745],[88.31129479282616,27.155413381173666],[88.31130572996523,27.155318921554276]]]}},{"type":"Feature","properties":{"source":"Microsoft Global ML Building Footprints"},"geometry":{"type":"Polygon","coordinates":[[[88.31420726916159,27.15184883694451],[88.31429467763476,27.15189063177992],[88.31426949171929,27.151932329928478],[88.3141820857971,27.15189053088516],[88.31420726916159,27.15184883694451]]]}},{"type":"Feature","properties":{"source":"Microsoft Global ML Building Footprints"},"geometry":{"type":"Polygon","coordinates":[[[88.31219314993481,27.152446421510575],[88.31224625136667,27.152477771200097],[88.31221659766753,27.152517543231482],[88.3121634940635,27.15248619227078],[88.31219314993481,27.152446421510575]]]}},{"type":"Feature","properties":{"source":"Microsoft Global ML Building Footprints"},"geometry":{"type":"Polygon","coordinates":[[[88.31602952704476,27.157823040792046],[88.31603571413616,27.157778375726338],[88.31608855562095,27.157784170445098],[88.31608236852955,27.157828835508454],[88.31602952704476,27.157823040792046]]]}},{"type":"Feature","properties":{"source":"Microsoft Global ML Building Footprints"},"geometry":{"type":"Polygon","coordinates":[[[88.32560492584028,27.151839345035256],[88.32555665794143,27.15183867170598],[88.32555819133297,27.151751641664113],[88.32560645917886,27.15175231799912],[88.32560492584028,27.151839345035256]]]}},{"type":"Feature","properties":{"source":"Microsoft Global ML Building Footprints"},"geometry":{"type":"Polygon","coordinates":[[[88.31061943401052,27.154487816990738],[88.31066668611803,27.15447603774193],[88.31067714009332,27.154509230325992],[88.31062988798581,27.15452100957132],[88.31061943401052,27.154487816990738]]]}},{"type":"Feature","properties":{"source":"Microsoft Global ML Building Footprints"},"geometry":{"type":"Polygon","coordinates":[[[88.31193278018046,27.14717759941678],[88.3119204398796,27.14720689811429],[88.31187575472359,27.14719199551977],[88.3118880950244,27.147162696818334],[88.31193278018046,27.14717759941678]]]}},{"type":"Feature","properties":{"source":"Microsoft Global ML Building Footprints"},"geometry":{"type":"Polygon","coordinates":[[[88.32133743454929,27.155239762539196],[88.32140424747773,27.155256983753688],[88.32138202551461,27.155325239238337],[88.32131521258619,27.15530801803437],[88.32133743454929,27.155239762539196]]]}},{"type":"Feature","properties":{"source":"Microsoft Global ML Building Footprints"},"geometry":{"type":"Polygon","coordinates":[[[88.3255825406736,27.156636131581223],[88.32558148787395,27.15658364467447],[88.3256726539422,27.156582196982853],[88.32567370674181,27.15663468389028],[88.3255825406736,27.156636131581223]]]}},{"type":"Feature","properties":{"source":"Microsoft Global ML Building Footprints"},"geometry":{"type":"Polygon","coordinates":[[[88.32592038531693,27.15585550203742],[88.32592204082958,27.155893629834793],[88.32586044196297,27.155895747304122],[88.32585878645033,27.155857619507472],[88.32592038531693,27.15585550203742]]]}},{"type":"Feature","properties":{"source":"Microsoft Global ML Building Footprints"},"geometry":{"type":"Polygon","coordinates":[[[88.31132669192336,27.1476945507368],[88.31139245175574,27.14768015944798],[88.31140302641997,27.147718419442263],[88.31133726658763,27.14773281072617],[88.31132669192336,27.1476945507368]]]}},{"type":"Feature","properties":{"source":"Microsoft Global ML Building Footprints"},"geometry":{"type":"Polygon","coordinates":[[[88.31219528732049,27.147354380851816],[88.31218416213895,27.14738454619198],[88.31213089088003,27.147368989701235],[88.31214201606156,27.147338824356858],[88.31219528732049,27.147354380851816]]]}},{"type":"Feature","properties":{"source":"Microsoft Global ML Building Footprints"},"geometry":{"type":"Polygon","coordinates":[[[88.31234180090838,27.147141122331902],[88.31251707777189,27.14713931027414],[88.31251647106924,27.147092842683136],[88.31259424456948,27.14709203379649],[88.3125949300466,27.14714453475304],[88.31248938164602,27.147145632513208],[88.31248980390637,27.147177779923467],[88.3123423024404,27.147179304831447],[88.31234180090838,27.147141122331902]]]}},{"type":"Feature","properties":{"source":"Microsoft Global ML Building Footprints"},"geometry":{"type":"Polygon","coordinates":[[[88.31770176444968,27.15390490307393],[88.31760925254626,27.15386296174926],[88.31765265125068,27.153787173540195],[88.31774516788668,27.15382911703888],[88.31770176444968,27.15390490307393]]]}},{"type":"Feature","properties":{"source":"Microsoft Global ML Building Footprints"},"geometry":{"type":"Polygon","coordinates":[[[88.31955854313172,27.14906297846865],[88.31958162415278,27.149120024930966],[88.31948189755005,27.149151972924564],[88.31945881652902,27.14909492647857],[88.31955854313172,27.14906297846865]]]}},{"type":"Feature","properties":{"source":"Microsoft Global ML Building Footprints"},"geometry":{"type":"Polygon","coordinates":[[[88.32082056417175,27.152737776468655],[88.32077868053156,27.152755127057944],[88.3207561020725,27.152711974895823],[88.32079798571269,27.152694624299812],[88.32082056417175,27.152737776468655]]]}},{"type":"Feature","properties":{"source":"Microsoft Global ML Building Footprints"},"geometry":{"type":"Polygon","coordinates":[[[88.31709497301674,27.15037399971414],[88.31709227710829,27.15041061807468],[88.31703619141055,27.15040734877575],[88.31703888757505,27.150370726936245],[88.31709497301674,27.15037399971414]]]}},{"type":"Feature","properties":{"source":"Microsoft Global ML Building Footprints"},"geometry":{"type":"Polygon","coordinates":[[[88.31927508672666,27.153545372865977],[88.31929790471803,27.1535068071406],[88.31942810980163,27.153567807654966],[88.31940529556664,27.153606367010383],[88.31927508672666,27.153545372865977]]]}},{"type":"Feature","properties":{"source":"Microsoft Global ML Building Footprints"},"geometry":{"type":"Polygon","coordinates":[[[88.3148176709491,27.15730559053067],[88.31488757693769,27.157267186098046],[88.31491931186119,27.157312912177098],[88.31484940805976,27.1573513197455],[88.3148176709491,27.15730559053067]]]}},{"type":"Feature","properties":{"source":"Microsoft Global ML Building Footprints"},"geometry":{"type":"Polygon","coordinates":[[[88.312576100187,27.147447435349626],[88.31255166899525,27.147508968087273],[88.31248728728421,27.147488723643292],[88.312511718476,27.147427190894533],[88.312576100187,27.147447435349626]]]}},{"type":"Feature","properties":{"source":"Microsoft Global ML Building Footprints"},"geometry":{"type":"Polygon","coordinates":[[[88.31686839513048,27.15543508998688],[88.31693095951027,27.15545000439971],[88.31691889082039,27.15549008535484],[88.3168563264406,27.155475170947355],[88.31686839513048,27.15543508998688]]]}},{"type":"Feature","properties":{"source":"Microsoft Global ML Building Footprints"},"geometry":{"type":"Polygon","coordinates":[[[88.32503930206622,27.15698799890295],[88.32503709357567,27.157057152271456],[88.32496033858126,27.15705521646256],[88.32496254163657,27.15698606295578],[88.32503930206622,27.15698799890295]]]}},{"type":"Feature","properties":{"source":"Microsoft Global ML Building Footprints"},"geometry":{"type":"Polygon","coordinates":[[[88.32512045890587,27.155945729133634],[88.32513661446316,27.15601181199189],[88.3250597836142,27.156026682352056],[88.3250436280569,27.155960599502578],[88.32512045890587,27.155945729133634]]]}},{"type":"Feature","properties":{"source":"Microsoft Global ML Building Footprints"},"geometry":{"type":"Polygon","coordinates":[[[88.31044773770839,27.157290934424182],[88.31044564754383,27.15733620177381],[88.31040548220162,27.157334733560013],[88.31040757236613,27.157289466209782],[88.31044773770839,27.157290934424182]]]}},{"type":"Feature","properties":{"source":"Microsoft Global ML Building Footprints"},"geometry":{"type":"Polygon","coordinates":[[[88.31971058586545,27.157987624162615],[88.31979847802415,27.15796721978907],[88.31982379215012,27.15805351973821],[88.31973590149452,27.158073929220222],[88.31971058586545,27.157987624162615]]]}},{"type":"Feature","properties":{"source":"Microsoft Global ML Building Footprints"},"geometry":{"type":"Polygon","coordinates":[[[88.32171240762068,27.147531541572164],[88.32173973000688,27.14756770392645],[88.32167576021025,27.14760597363705],[88.32164843586523,27.14756981246699],[88.32171240762068,27.147531541572164]]]}},{"type":"Feature","properties":{"source":"Microsoft Global ML Building Footprints"},"geometry":{"type":"Polygon","coordinates":[[[88.3265690410077,27.15568944937349],[88.3265100860547,27.155691031727663],[88.32650753567343,27.155615804165258],[88.32656649050209,27.15561421814204],[88.3265690410077,27.15568944937349]]]}},{"type":"Feature","properties":{"source":"Microsoft Global ML Building Footprints"},"geometry":{"type":"Polygon","coordinates":[[[88.31720446923264,27.152532942561734],[88.31720620771043,27.1525614980389],[88.31715677387349,27.15256388389534],[88.31715503315615,27.152535328526852],[88.31720446923264,27.152532942561734]]]}},{"type":"Feature","properties":{"source":"Microsoft Global ML Building Footprints"},"geometry":{"type":"Polygon","coordinates":[[[88.3220785515266,27.159065709045457],[88.32217220277113,27.159061615084724],[88.32217483207738,27.159109229654895],[88.32208118083285,27.159113323613873],[88.3220785515266,27.159065709045457]]]}},{"type":"Feature","properties":{"source":"Microsoft Global ML Building Footprints"},"geometry":{"type":"Polygon","coordinates":[[[88.32449698969569,27.155557804780535],[88.32453008909403,27.155582475655848],[88.32449047876177,27.155624548315075],[88.32445737936344,27.155599877449063],[88.32449698969569,27.155557804780535]]]}},{"type":"Feature","properties":{"source":"Microsoft Global ML Building Footprints"},"geometry":{"type":"Polygon","coordinates":[[[88.31127539892691,27.150709901277857],[88.31108079025785,27.15066246522087],[88.31110129423996,27.15059586340405],[88.31129590290907,27.150643299489353],[88.31127539892691,27.150709901277857]]]}},{"type":"Feature","properties":{"source":"Microsoft Global ML Building Footprints"},"geometry":{"type":"Polygon","coordinates":[[[88.3140862843134,27.151549904829047],[88.31412419488261,27.151544373177366],[88.31413361794218,27.151595504222904],[88.3140957112894,27.151601035300587],[88.3140862843134,27.151549904829047]]]}},{"type":"Feature","properties":{"source":"Microsoft Global ML Building Footprints"},"geometry":{"type":"Polygon","coordinates":[[[88.31418753153561,27.15179896511456],[88.31413535400571,27.151801070733477],[88.3141308103556,27.151711788530292],[88.31420974816115,27.151708607916596],[88.31421636229874,27.151838374375338],[88.3141895952649,27.151839454555876],[88.31418753153561,27.15179896511456]]]}},{"type":"Feature","properties":{"source":"Microsoft Global ML Building Footprints"},"geometry":{"type":"Polygon","coordinates":[[[88.31525754069432,27.157289841940774],[88.31524821094419,27.157350760094147],[88.31519291141308,27.157344055274777],[88.31521822455421,27.157178774253623],[88.31530512463111,27.157189305100857],[88.31528914042639,27.157293673268036],[88.31525754069432,27.157289841940774]]]}},{"type":"Feature","properties":{"source":"Microsoft Global ML Building Footprints"},"geometry":{"type":"Polygon","coordinates":[[[88.3167477715348,27.152583889473938],[88.31665978694484,27.15260833261373],[88.31662850805088,27.152519171046926],[88.31671649264085,27.15249472788763],[88.3167477715348,27.152583889473938]]]}},{"type":"Feature","properties":{"source":"Microsoft Global ML Building Footprints"},"geometry":{"type":"Polygon","coordinates":[[[88.32388533202942,27.158164578436434],[88.32386899374565,27.158201868279335],[88.32376887425487,27.158167141040565],[88.32378521253864,27.158129851186082],[88.32388533202942,27.158164578436434]]]}},{"type":"Feature","properties":{"source":"Microsoft Global ML Building Footprints"},"geometry":{"type":"Polygon","coordinates":[[[88.31117426248788,27.155849786870718],[88.31118269168982,27.15582473765611],[88.31122850563673,27.15583693997968],[88.31122007736222,27.155861992291598],[88.31117426248788,27.155849786870718]]]}},{"type":"Feature","properties":{"source":"Microsoft Global ML Building Footprints"},"geometry":{"type":"Polygon","coordinates":[[[88.31880138351484,27.15828876658683],[88.31875479924392,27.158290457821494],[88.31875403441325,27.158273780139844],[88.31869780164716,27.15827582166189],[88.31869310340153,27.15817337299324],[88.3187959110835,27.158169640572467],[88.31880138351484,27.15828876658683]]]}},{"type":"Feature","properties":{"source":"Microsoft Global ML Building Footprints"},"geometry":{"type":"Polygon","coordinates":[[[88.32190465182,27.155655988559154],[88.32192654215707,27.155612135327097],[88.32195790599332,27.15562453001653],[88.32193601565625,27.155668383243707],[88.32190465182,27.155655988559154]]]}},{"type":"Feature","properties":{"source":"Microsoft Global ML Building Footprints"},"geometry":{"type":"Polygon","coordinates":[[[88.3249161515986,27.15597216077647],[88.32493879863057,27.156019678777163],[88.32483194937105,27.15605999475835],[88.32480929965111,27.15601247113497],[88.3249161515986,27.15597216077647]]]}},{"type":"Feature","properties":{"source":"Microsoft Global ML Building Footprints"},"geometry":{"type":"Polygon","coordinates":[[[88.3115476107057,27.149370324503167],[88.31152907281033,27.149415779868697],[88.31143326818382,27.149384843750397],[88.31145181138875,27.14933938412066],[88.3115476107057,27.149370324503167]]]}},{"type":"Feature","properties":{"source":"Microsoft Global ML Building Footprints"},"geometry":{"type":"Polygon","coordinates":[[[88.31275539268282,27.155765305411173],[88.3128315140499,27.15576660427307],[88.31282956017996,27.15585725966138],[88.31275344594117,27.15585596092218],[88.31275539268282,27.155765305411173]]]}},{"type":"Feature","properties":{"source":"Microsoft Global ML Building Footprints"},"geometry":{"type":"Polygon","coordinates":[[[88.31657728492367,27.150413171191325],[88.31649151113456,27.1504151369448],[88.31648957810266,27.150348354724763],[88.31657535189177,27.150346388970114],[88.31657728492367,27.150413171191325]]]}},{"type":"Feature","properties":{"source":"Microsoft Global ML Building Footprints"},"geometry":{"type":"Polygon","coordinates":[[[88.32442454856047,27.1543403897492],[88.32444114316013,27.154388348402534],[88.32428189481254,27.154431973860355],[88.32426530021289,27.154384015225773],[88.32442454856047,27.1543403897492]]]}},{"type":"Feature","properties":{"source":"Microsoft Global ML Building Footprints"},"geometry":{"type":"Polygon","coordinates":[[[88.3137294744334,27.156453023243664],[88.31369255898682,27.156562494593146],[88.31363842390952,27.15654804235846],[88.3136753393561,27.156438570994837],[88.3137294744334,27.156453023243664]]]}},{"type":"Feature","properties":{"source":"Microsoft Global ML Building Footprints"},"geometry":{"type":"Polygon","coordinates":[[[88.31988898747889,27.149366959559657],[88.3198972261548,27.14933272934305],[88.31995364690474,27.14934348138869],[88.31994540822888,27.14937771160203],[88.31988898747889,27.149366959559657]]]}},{"type":"Feature","properties":{"source":"Microsoft Global ML Building Footprints"},"geometry":{"type":"Polygon","coordinates":[[[88.32001980453892,27.151322562127923],[88.32010778022989,27.15135057525101],[88.32008310488044,27.151411930719732],[88.31999512918946,27.151383917612044],[88.32001980453892,27.151322562127923]]]}},{"type":"Feature","properties":{"source":"Microsoft Global ML Building Footprints"},"geometry":{"type":"Polygon","coordinates":[[[88.32050063683134,27.156432332844837],[88.32050745607467,27.156631169035037],[88.32044582252716,27.156632838621363],[88.32043900341533,27.156434006268718],[88.32050063683134,27.156432332844837]]]}},{"type":"Feature","properties":{"source":"Microsoft Global ML Building Footprints"},"geometry":{"type":"Polygon","coordinates":[[[88.32358268122951,27.156542063888224],[88.32359459492234,27.156509742509883],[88.32369146380466,27.156538010143635],[88.32366128244945,27.156619890929896],[88.32350144879365,27.15657324936455],[88.32351971645599,27.156523689927774],[88.32358268122951,27.156542063888224]]]}},{"type":"Feature","properties":{"source":"Microsoft Global ML Building Footprints"},"geometry":{"type":"Polygon","coordinates":[[[88.31140984817328,27.153954700327297],[88.31136901014337,27.153972792531505],[88.3113454663584,27.15393071810668],[88.31138630438832,27.153912625895686],[88.31140984817328,27.153954700327297]]]}},{"type":"Feature","properties":{"source":"Microsoft Global ML Building Footprints"},"geometry":{"type":"Polygon","coordinates":[[[88.32119814293956,27.155480874296593],[88.32130803021256,27.155531609197602],[88.32125758928969,27.155618101986015],[88.32114770201665,27.1555673671243],[88.32119814293956,27.155480874296593]]]}},{"type":"Feature","properties":{"source":"Microsoft Global ML Building Footprints"},"geometry":{"type":"Polygon","coordinates":[[[88.31155344843864,27.147950354669085],[88.31158965826035,27.147918134033503],[88.31162184476852,27.147946774598935],[88.31158563494682,27.147978995226254],[88.31155344843864,27.147950354669085]]]}},{"type":"Feature","properties":{"source":"Microsoft Global ML Building Footprints"},"geometry":{"type":"Polygon","coordinates":[[[88.31882211759745,27.152520635043473],[88.31885766180935,27.152606889521827],[88.31875599562343,27.15264005933129],[88.31872045141158,27.15255380487853],[88.31882211759745,27.152520635043473]]]}},{"type":"Feature","properties":{"source":"Microsoft Global ML Building Footprints"},"geometry":{"type":"Polygon","coordinates":[[[88.32111589096925,27.151426144022594],[88.32110490678556,27.15145370422575],[88.32105725546197,27.151438667665595],[88.32106823964568,27.1514111074587],[88.32111589096925,27.151426144022594]]]}},{"type":"Feature","properties":{"source":"Microsoft Global ML Building Footprints"},"geometry":{"type":"Polygon","coordinates":[[[88.32210833560933,27.149956924256763],[88.32210568940542,27.149997360536766],[88.32205489965266,27.14999472888944],[88.32205754585655,27.14995429260847],[88.32210833560933,27.149956924256763]]]}},{"type":"Feature","properties":{"source":"Microsoft Global ML Building Footprints"},"geometry":{"type":"Polygon","coordinates":[[[88.32426115993864,27.158734031850898],[88.32426593566382,27.158685500845998],[88.3243175977087,27.158689522234916],[88.32431282545811,27.15873805672583],[88.32426115993864,27.158734031850898]]]}},{"type":"Feature","properties":{"source":"Microsoft Global ML Building Footprints"},"geometry":{"type":"Polygon","coordinates":[[[88.32638866143246,27.154450133841536],[88.32639020744199,27.154493047983983],[88.32621604320308,27.154498026299777],[88.32621449719355,27.154455112159212],[88.32638866143246,27.154450133841536]]]}},{"type":"Feature","properties":{"source":"Microsoft Global ML Building Footprints"},"geometry":{"type":"Polygon","coordinates":[[[88.3185725114015,27.151321890942],[88.31864133105819,27.15132896257216],[88.31863277232104,27.15139490904589],[88.31856395266438,27.15138783741991],[88.3185725114015,27.151321890942]]]}},{"type":"Feature","properties":{"source":"Microsoft Global ML Building Footprints"},"geometry":{"type":"Polygon","coordinates":[[[88.32093168109257,27.157153632721084],[88.32098529019206,27.157154851238666],[88.32098439758255,27.157185855663535],[88.32093078848307,27.157184637146273],[88.32093168109257,27.157153632721084]]]}},{"type":"Feature","properties":{"source":"Microsoft Global ML Building Footprints"},"geometry":{"type":"Polygon","coordinates":[[[88.31579587519163,27.157099725651292],[88.31581463548119,27.157176166996607],[88.3157557515539,27.157187604005728],[88.31573699212328,27.15711116616822],[88.31579587519163,27.157099725651292]]]}},{"type":"Feature","properties":{"source":"Microsoft Global ML Building Footprints"},"geometry":{"type":"Polygon","coordinates":[[[88.3178778834154,27.154783444198287],[88.31788768719495,27.15474233708767],[88.31795698620641,27.154755421855477],[88.31794718242686,27.154796528961285],[88.3178778834154,27.154783444198287]]]}},{"type":"Feature","properties":{"source":"Microsoft Global ML Building Footprints"},"geometry":{"type":"Polygon","coordinates":[[[88.3209505404636,27.15046300993844],[88.32090377982388,27.1504644310452],[88.3208988386694,27.150335701514337],[88.32094558919557,27.15033428071328],[88.3209505404636,27.15046300993844]]]}},{"type":"Feature","properties":{"source":"Microsoft Global ML Building Footprints"},"geometry":{"type":"Polygon","coordinates":[[[88.32529310309425,27.156767670290698],[88.32546023343617,27.156763434332618],[88.32546297499975,27.15684927971852],[88.32538697257392,27.15685120601654],[88.32538785210593,27.156878678737236],[88.32529673075547,27.156880982552664],[88.32529310309425,27.156767670290698]]]}},{"type":"Feature","properties":{"source":"Microsoft Global ML Building Footprints"},"geometry":{"type":"Polygon","coordinates":[[[88.3258650409252,27.15073799863466],[88.32590716836928,27.150697060682987],[88.32593780758737,27.150722022564075],[88.3258956790752,27.150762961544515],[88.3258650409252,27.15073799863466]]]}},{"type":"Feature","properties":{"source":"Microsoft Global ML Building Footprints"},"geometry":{"type":"Polygon","coordinates":[[[88.31272169958342,27.150308848143133],[88.31282075403215,27.150326725338118],[88.31281266554096,27.150362209857455],[88.31271360976254,27.150344326259294],[88.31272169958342,27.150308848143133]]]}},{"type":"Feature","properties":{"source":"Microsoft Global ML Building Footprints"},"geometry":{"type":"Polygon","coordinates":[[[88.32417717296762,27.15868195005445],[88.32421253556036,27.158631003352696],[88.32426769515102,27.158661309584737],[88.32423233373362,27.15871226035344],[88.32417717296762,27.15868195005445]]]}},{"type":"Feature","properties":{"source":"Microsoft Global ML Building Footprints"},"geometry":{"type":"Polygon","coordinates":[[[88.31097060324501,27.15849776949222],[88.31100693171457,27.158470192552528],[88.31104798718195,27.158513008485272],[88.31101165676313,27.15854058689405],[88.31097060324501,27.15849776949222]]]}},{"type":"Feature","properties":{"source":"Microsoft Global ML Building Footprints"},"geometry":{"type":"Polygon","coordinates":[[[88.32022272582545,27.148830333872496],[88.32031801610047,27.148820547943778],[88.32032492355668,27.148873804501875],[88.32022963404125,27.148883596282317],[88.32022272582545,27.148830333872496]]]}},{"type":"Feature","properties":{"source":"Microsoft Global ML Building Footprints"},"geometry":{"type":"Polygon","coordinates":[[[88.32567617329346,27.1558685284205],[88.32569545359345,27.15580251423328],[88.32577487887296,27.155820874220346],[88.32575560208431,27.155886894154754],[88.32567617329346,27.1558685284205]]]}},{"type":"Feature","properties":{"source":"Microsoft Global ML Building Footprints"},"geometry":{"type":"Polygon","coordinates":[[[88.32474056484382,27.15540468139887],[88.32459592158892,27.15540941935631],[88.32459355496107,27.155352219566005],[88.32473819821597,27.155347481606114],[88.32474056484382,27.15540468139887]]]}},{"type":"Feature","properties":{"source":"Microsoft Global ML Building Footprints"},"geometry":{"type":"Polygon","coordinates":[[[88.32604646030015,27.15066224431319],[88.32605088874192,27.150724046094815],[88.32595739152175,27.150729350570927],[88.32595296307998,27.150667548792214],[88.32604646030015,27.15066224431319]]]}},{"type":"Feature","properties":{"source":"Microsoft Global ML Building Footprints"},"geometry":{"type":"Polygon","coordinates":[[[88.31106146376248,27.15917209503857],[88.3111096724941,27.15911748753573],[88.31118763473576,27.159171973667007],[88.3111394260041,27.159226581143187],[88.31106146376248,27.15917209503857]]]}},{"type":"Feature","properties":{"source":"Microsoft Global ML Building Footprints"},"geometry":{"type":"Polygon","coordinates":[[[88.31193727446556,27.153661695529102],[88.31191450610964,27.15369454764157],[88.31183677689094,27.153651897206082],[88.31185954524686,27.15361904508108],[88.31193727446556,27.153661695529102]]]}},{"type":"Feature","properties":{"source":"Microsoft Global ML Building Footprints"},"geometry":{"type":"Polygon","coordinates":[[[88.31252535943597,27.152532094438016],[88.31245877817258,27.15252709388826],[88.31246270217683,27.15248569355805],[88.31252928383041,27.15249068999254],[88.31252535943597,27.152532094438016]]]}},{"type":"Feature","properties":{"source":"Microsoft Global ML Building Footprints"},"geometry":{"type":"Polygon","coordinates":[[[88.32259495871065,27.15412308239597],[88.32266745084578,27.154168520144076],[88.32264402501023,27.154198109545334],[88.32257153204209,27.15415267580166],[88.32259495871065,27.15412308239597]]]}},{"type":"Feature","properties":{"source":"Microsoft Global ML Building Footprints"},"geometry":{"type":"Polygon","coordinates":[[[88.31292116027755,27.150253808144406],[88.31300132579773,27.150086039111514],[88.31304776538923,27.150103605846738],[88.31296761104527,27.150271379080877],[88.31292116027755,27.150253808144406]]]}},{"type":"Feature","properties":{"source":"Microsoft Global ML Building Footprints"},"geometry":{"type":"Polygon","coordinates":[[[88.31211289847074,27.15373933118483],[88.3121044417736,27.15380882832303],[88.31201576634092,27.15380028538835],[88.31202421697108,27.153730793182994],[88.31211289847074,27.15373933118483]]]}},{"type":"Feature","properties":{"source":"Microsoft Global ML Building Footprints"},"geometry":{"type":"Polygon","coordinates":[[[88.31986346417426,27.157218040099956],[88.31985223215507,27.157277511563912],[88.31977136625525,27.15726542572945],[88.31978259919943,27.157205949361582],[88.31986346417426,27.157218040099956]]]}},{"type":"Feature","properties":{"source":"Microsoft Global ML Building Footprints"},"geometry":{"type":"Polygon","coordinates":[[[88.3217276337197,27.154562030254766],[88.32177618479714,27.154530083992604],[88.32181080612895,27.154571740859268],[88.32176225505147,27.154603687109528],[88.3217276337197,27.154562030254766]]]}},{"type":"Feature","properties":{"source":"Microsoft Global ML Building Footprints"},"geometry":{"type":"Polygon","coordinates":[[[88.32634731116349,27.15569346701905],[88.32634972419979,27.155767387470156],[88.3262950789975,27.155768803104813],[88.32629266015158,27.155694882805143],[88.32634731116349,27.15569346701905]]]}},{"type":"Feature","properties":{"source":"Microsoft Global ML Building Footprints"},"geometry":{"type":"Polygon","coordinates":[[[88.31806895638637,27.152744703181966],[88.31814862529568,27.15275951799662],[88.31811854836143,27.152887575171313],[88.31806457910028,27.15287753934087],[88.31807478377439,27.15283409138342],[88.31804908412622,27.15282931241437],[88.31806895638637,27.152744703181966]]]}},{"type":"Feature","properties":{"source":"Microsoft Global ML Building Footprints"},"geometry":{"type":"Polygon","coordinates":[[[88.32327338404693,27.15880698763182],[88.32326556492833,27.158871786766163],[88.32317010644954,27.158862662106806],[88.32317792485905,27.15879786884384],[88.32327338404693,27.15880698763182]]]}},{"type":"Feature","properties":{"source":"Microsoft Global ML Building Footprints"},"geometry":{"type":"Polygon","coordinates":[[[88.32461295244853,27.156960285174044],[88.32468530777182,27.15695836570429],[88.32468746506241,27.157022744522187],[88.32461510973911,27.157024663990853],[88.32461295244853,27.156960285174044]]]}},{"type":"Feature","properties":{"source":"Microsoft Global ML Building Footprints"},"geometry":{"type":"Polygon","coordinates":[[[88.31595540340159,27.15788562531501],[88.3159955505958,27.15786181961208],[88.31603461637388,27.15791398162898],[88.31599447072428,27.157937783904934],[88.31595540340159,27.15788562531501]]]}},{"type":"Feature","properties":{"source":"Microsoft Global ML Building Footprints"},"geometry":{"type":"Polygon","coordinates":[[[88.31685453264325,27.154051818798585],[88.31690589051152,27.154107174749235],[88.316848463214,27.154149353304476],[88.31679710534577,27.15409399737471],[88.31685453264325,27.154051818798585]]]}},{"type":"Feature","properties":{"source":"Microsoft Global ML Building Footprints"},"geometry":{"type":"Polygon","coordinates":[[[88.3185392445121,27.153092980603226],[88.31855901023064,27.15304548711773],[88.31860257611717,27.153059842035077],[88.31858280612046,27.15310733681762],[88.3185392445121,27.153092980603226]]]}},{"type":"Feature","properties":{"source":"Microsoft Global ML Building Footprints"},"geometry":{"type":"Polygon","coordinates":[[[88.32123861585059,27.156367388042554],[88.3212755270524,27.156371711691882],[88.32126407293991,27.156449125575634],[88.3212271617381,27.156444801929275],[88.32123861585059,27.156367388042554]]]}},{"type":"Feature","properties":{"source":"Microsoft Global ML Building Footprints"},"geometry":{"type":"Polygon","coordinates":[[[88.31126150631644,27.150825006688173],[88.31124898962052,27.15089237840261],[88.31114194444253,27.150876632345962],[88.31115446113844,27.15080926062201],[88.31126150631644,27.150825006688173]]]}},{"type":"Feature","properties":{"source":"Microsoft Global ML Building Footprints"},"geometry":{"type":"Polygon","coordinates":[[[88.31968508136097,27.152540491329475],[88.31967344047072,27.15257298915921],[88.31961743877373,27.152557106892374],[88.31962907966398,27.152524609058013],[88.31968508136097,27.152540491329475]]]}},{"type":"Feature","properties":{"source":"Microsoft Global ML Building Footprints"},"geometry":{"type":"Polygon","coordinates":[[[88.32453447604048,27.15590716048213],[88.32462021832231,27.15587509680018],[88.32465279226925,27.155944058114137],[88.32456704537718,27.155976123500302],[88.32453447604048,27.15590716048213]]]}},{"type":"Feature","properties":{"source":"Microsoft Global ML Building Footprints"},"geometry":{"type":"Polygon","coordinates":[[[88.31082768580706,27.15594867724242],[88.3107813169907,27.15597960012613],[88.3107460120204,27.15593769237625],[88.31079237927923,27.155906767632125],[88.31082768580706,27.15594867724242]]]}},{"type":"Feature","properties":{"source":"Microsoft Global ML Building Footprints"},"geometry":{"type":"Polygon","coordinates":[[[88.31816996420164,27.155808531531733],[88.31823750265559,27.155864473914903],[88.31818215131676,27.15591738232559],[88.31811461050542,27.15586144222226],[88.31816996420164,27.155808531531733]]]}},{"type":"Feature","properties":{"source":"Microsoft Global ML Building Footprints"},"geometry":{"type":"Polygon","coordinates":[[[88.31215654972799,27.15202557556359],[88.31212991522415,27.15205587408353],[88.3120733365679,27.152016495566926],[88.31209996915005,27.15198619922242],[88.31215654972799,27.15202557556359]]]}},{"type":"Feature","properties":{"source":"Microsoft Global ML Building Footprints"},"geometry":{"type":"Polygon","coordinates":[[[88.3182289227592,27.152616081347396],[88.31819335925714,27.15269102450869],[88.31811368666318,27.152661090827742],[88.31814925016519,27.15258614764639],[88.3182289227592,27.152616081347396]]]}},{"type":"Feature","properties":{"source":"Microsoft Global ML Building Footprints"},"geometry":{"type":"Polygon","coordinates":[[[88.31558593403321,27.15823699446844],[88.31555633044674,27.158261518399904],[88.31551426006469,27.158221314706488],[88.31554386637856,27.158196790350402],[88.31558593403321,27.15823699446844]]]}},{"type":"Feature","properties":{"source":"Microsoft Global ML Building Footprints"},"geometry":{"type":"Polygon","coordinates":[[[88.31895437673333,27.157164085492695],[88.31892183768544,27.157152723989036],[88.31895135835998,27.157085803096784],[88.31898389663334,27.15709716636306],[88.31895437673333,27.157164085492695]]]}},{"type":"Feature","properties":{"source":"Microsoft Global ML Building Footprints"},"geometry":{"type":"Polygon","coordinates":[[[88.32017638485058,27.153110426124947],[88.32019342039968,27.153209819571558],[88.32008857063062,27.153224047459922],[88.3200715339878,27.15312464764476],[88.32017638485058,27.153110426124947]]]}},{"type":"Feature","properties":{"source":"Microsoft Global ML Building Footprints"},"geometry":{"type":"Polygon","coordinates":[[[88.32377700585522,27.157611746518853],[88.32368668619219,27.157632866370427],[88.32366262925368,27.15755144162923],[88.32375294736238,27.157530316501344],[88.32377700585522,27.157611746518853]]]}},{"type":"Feature","properties":{"source":"Microsoft Global ML Building Footprints"},"geometry":{"type":"Polygon","coordinates":[[[88.32430761446567,27.15541207833838],[88.32422609738067,27.15549099481779],[88.32417666195356,27.15545056738702],[88.32425817903857,27.155371650879033],[88.32430761446567,27.15541207833838]]]}},{"type":"Feature","properties":{"source":"Microsoft Global ML Building Footprints"},"geometry":{"type":"Polygon","coordinates":[[[88.32489510615541,27.157306953572437],[88.32489908133839,27.15738794053336],[88.32481609114879,27.157391165393335],[88.32481211596577,27.157310178434763],[88.32489510615541,27.157306953572437]]]}},{"type":"Feature","properties":{"source":"Microsoft Global ML Building Footprints"},"geometry":{"type":"Polygon","coordinates":[[[88.31074157620432,27.14716620872207],[88.31066683463399,27.14717082628841],[88.31066071876242,27.147092442010283],[88.31073546033275,27.14708782444071],[88.31074157620432,27.14716620872207]]]}},{"type":"Feature","properties":{"source":"Microsoft Global ML Building Footprints"},"geometry":{"type":"Polygon","coordinates":[[[88.31329221581936,27.157127891677597],[88.31319683579916,27.157150117696737],[88.31317152783599,27.157064160773018],[88.31326690621975,27.157041929178604],[88.31329221581936,27.157127891677597]]]}},{"type":"Feature","properties":{"source":"Microsoft Global ML Building Footprints"},"geometry":{"type":"Polygon","coordinates":[[[88.32064534153064,27.150066930159703],[88.32069607909104,27.150176206830245],[88.320630660115,27.150200260292912],[88.32057991359673,27.150090982864917],[88.32064534153064,27.150066930159703]]]}},{"type":"Feature","properties":{"source":"Microsoft Global ML Building Footprints"},"geometry":{"type":"Polygon","coordinates":[[[88.32103183532652,27.154131833344444],[88.32097870956073,27.154178365913694],[88.3209277538941,27.15413230763258],[88.32098087965988,27.15408577504413],[88.32103183532652,27.154131833344444]]]}},{"type":"Feature","properties":{"source":"Microsoft Global ML Building Footprints"},"geometry":{"type":"Polygon","coordinates":[[[88.32238120620588,27.14785933061426],[88.32246691984342,27.14785651209879],[88.32247008731268,27.14793278281015],[88.32238437367512,27.14793560132368],[88.32238120620588,27.14785933061426]]]}},{"type":"Feature","properties":{"source":"Microsoft Global ML Building Footprints"},"geometry":{"type":"Polygon","coordinates":[[[88.31146571079734,27.15387227111259],[88.31139464181935,27.153911019116727],[88.31134631500169,27.153840851212422],[88.31141738577642,27.153802097778375],[88.31146571079734,27.15387227111259]]]}},{"type":"Feature","properties":{"source":"Microsoft Global ML Building Footprints"},"geometry":{"type":"Polygon","coordinates":[[[88.319267887704,27.157768635796174],[88.3192281709906,27.157744006981254],[88.31925836790337,27.157705456347784],[88.31936668621253,27.15777262585344],[88.31929874315887,27.157859364707818],[88.31923014156307,27.157816824058635],[88.319267887704,27.157768635796174]]]}},{"type":"Feature","properties":{"source":"Microsoft Global ML Building Footprints"},"geometry":{"type":"Polygon","coordinates":[[[88.3263968866825,27.156351235150886],[88.32648024496439,27.156369678826728],[88.3264117773685,27.156614661720504],[88.32632841908664,27.156596218085113],[88.3263968866825,27.156351235150886]]]}},{"type":"Feature","properties":{"source":"Microsoft Global ML Building Footprints"},"geometry":{"type":"Polygon","coordinates":[[[88.32660073828022,27.15542735060071],[88.3265822977114,27.15549610014599],[88.32649094032821,27.15547670569147],[88.32650938234082,27.155407950751652],[88.32660073828022,27.15542735060071]]]}},{"type":"Feature","properties":{"source":"Microsoft Global ML Building Footprints"},"geometry":{"type":"Polygon","coordinates":[[[88.32153431619189,27.14934552760129],[88.32160367916062,27.149395774904548],[88.32158004094586,27.149421611406176],[88.3215106779771,27.149371364114558],[88.32153431619189,27.14934552760129]]]}},{"type":"Feature","properties":{"source":"Microsoft Global ML Building Footprints"},"geometry":{"type":"Polygon","coordinates":[[[88.32372616367631,27.15673057118085],[88.3237258272806,27.156663749778446],[88.32384652426461,27.156663268741163],[88.32384686066032,27.156730090143874],[88.32372616367631,27.15673057118085]]]}},{"type":"Feature","properties":{"source":"Microsoft Global ML Building Footprints"},"geometry":{"type":"Polygon","coordinates":[[[88.32544457719008,27.156620601591257],[88.32534104504087,27.156623373929307],[88.32533842237802,27.156545835046508],[88.32544194821516,27.156543056428625],[88.32544457719008,27.156620601591257]]]}},{"type":"Feature","properties":{"source":"Microsoft Global ML Building Footprints"},"geometry":{"type":"Polygon","coordinates":[[[88.31803732944894,27.151509508313083],[88.31810403532309,27.151513803746475],[88.31809778237405,27.151590686591504],[88.31803107616382,27.15158639529364],[88.31803732944894,27.151509508313083]]]}},{"type":"Feature","properties":{"source":"Microsoft Global ML Building Footprints"},"geometry":{"type":"Polygon","coordinates":[[[88.3183591154366,27.15104750181718],[88.31838234379371,27.1510117017108],[88.31842257736947,27.151032370460634],[88.31839934901235,27.151068170560393],[88.3183591154366,27.15104750181718]]]}},{"type":"Feature","properties":{"source":"Microsoft Global ML Building Footprints"},"geometry":{"type":"Polygon","coordinates":[[[88.31856969469452,27.15133067701626],[88.31854637396289,27.151384770906994],[88.31845284622005,27.151352852299475],[88.31847616695164,27.15129875839326],[88.31856969469452,27.15133067701626]]]}},{"type":"Feature","properties":{"source":"Microsoft Global ML Building Footprints"},"geometry":{"type":"Polygon","coordinates":[[[88.31994319733042,27.15136668825989],[88.31995089630907,27.15132637477638],[88.32000428557193,27.15133444427915],[88.31999658905829,27.151374761457376],[88.31994319733042,27.15136668825989]]]}},{"type":"Feature","properties":{"source":"Microsoft Global ML Building Footprints"},"geometry":{"type":"Polygon","coordinates":[[[88.31610447648207,27.1581168148007],[88.31606413437889,27.15812977024558],[88.3160315867841,27.15804953569082],[88.31607192888724,27.158036580236626],[88.31610447648207,27.1581168148007]]]}},{"type":"Feature","properties":{"source":"Microsoft Global ML Building Footprints"},"geometry":{"type":"Polygon","coordinates":[[[88.32503361768093,27.157649592907326],[88.32509326825917,27.15760216476332],[88.32514189330553,27.15765057582648],[88.32508224480159,27.157698006015124],[88.32503361768093,27.157649592907326]]]}},{"type":"Feature","properties":{"source":"Microsoft Global ML Building Footprints"},"geometry":{"type":"Polygon","coordinates":[[[88.31151297738637,27.147478852256974],[88.3114192817839,27.147493428636224],[88.31140790609494,27.14743553027668],[88.31150160169743,27.147420953889863],[88.31151297738637,27.147478852256974]]]}},{"type":"Feature","properties":{"source":"Microsoft Global ML Building Footprints"},"geometry":{"type":"Polygon","coordinates":[[[88.32124876399959,27.148440460821575],[88.3212495072128,27.148397510343365],[88.32131654654421,27.148398428859593],[88.321315803331,27.14844137933744],[88.32124876399959,27.148440460821575]]]}},{"type":"Feature","properties":{"source":"Microsoft Global ML Building Footprints"},"geometry":{"type":"Polygon","coordinates":[[[88.31053302619242,27.147789726143237],[88.31051572677409,27.147870321037246],[88.31044326826505,27.1478580061773],[88.31046056768335,27.14777741127442],[88.31053302619242,27.147789726143237]]]}},{"type":"Feature","properties":{"source":"Microsoft Global ML Building Footprints"},"geometry":{"type":"Polygon","coordinates":[[[88.31935966352862,27.148845678287408],[88.31941326400243,27.148844316336273],[88.31941831493175,27.14900170970911],[88.31936471445793,27.14900307165832],[88.31935966352862,27.148845678287408]]]}},{"type":"Feature","properties":{"source":"Microsoft Global ML Building Footprints"},"geometry":{"type":"Polygon","coordinates":[[[88.31980385495854,27.151474366440652],[88.31984934130847,27.151499535152347],[88.31982769074476,27.15153051483867],[88.31978220615211,27.151505347106323],[88.31980385495854,27.151474366440652]]]}},{"type":"Feature","properties":{"source":"Microsoft Global ML Building Footprints"},"geometry":{"type":"Polygon","coordinates":[[[88.32329486588267,27.158778355699994],[88.32329963277115,27.158691536308403],[88.3233772319048,27.158694904401578],[88.3233724647516,27.158781728611324],[88.32329486588267,27.158778355699994]]]}},{"type":"Feature","properties":{"source":"Microsoft Global ML Building Footprints"},"geometry":{"type":"Polygon","coordinates":[[[88.32388943830537,27.158167191903317],[88.32391918208901,27.158118205602605],[88.32400015281229,27.158157131795164],[88.32397041139852,27.158206114175712],[88.32388943830537,27.158167191903317]]]}},{"type":"Feature","properties":{"source":"Microsoft Global ML Building Footprints"},"geometry":{"type":"Polygon","coordinates":[[[88.3264239317514,27.15564983824555],[88.3264298097039,27.15559436191235],[88.32647500556719,27.15559815307809],[88.32646912791026,27.155653626619653],[88.3264239317514,27.15564983824555]]]}},{"type":"Feature","properties":{"source":"Microsoft Global ML Building Footprints"},"geometry":{"type":"Polygon","coordinates":[[[88.3157399360633,27.15812464191466],[88.31565506094684,27.158161052960686],[88.31562672979162,27.158108771513533],[88.31571160490807,27.15807236045046],[88.3157399360633,27.15812464191466]]]}},{"type":"Feature","properties":{"source":"Microsoft Global ML Building Footprints"},"geometry":{"type":"Polygon","coordinates":[[[88.31816033199046,27.149331075814345],[88.31816497978984,27.14947176850614],[88.31798964767701,27.149476354580024],[88.31798501093431,27.149335661604752],[88.31816033199046,27.149331075814345]]]}},{"type":"Feature","properties":{"source":"Microsoft Global ML Building Footprints"},"geometry":{"type":"Polygon","coordinates":[[[88.31816994257558,27.156268697505453],[88.31823044097692,27.156217448838746],[88.31832554459689,27.15630632988018],[88.31826504619556,27.156357578506075],[88.31816994257558,27.156268697505453]]]}},{"type":"Feature","properties":{"source":"Microsoft Global ML Building Footprints"},"geometry":{"type":"Polygon","coordinates":[[[88.32291694413826,27.154527078351983],[88.32301251733082,27.154570681070737],[88.32293193296876,27.154710522851673],[88.32283635977619,27.15466692018751],[88.32291694413826,27.154527078351983]]]}},{"type":"Feature","properties":{"source":"Microsoft Global ML Building Footprints"},"geometry":{"type":"Polygon","coordinates":[[[88.32042875071572,27.14941393055532],[88.32037720856093,27.149459784135516],[88.32034100000773,27.149427556041516],[88.32036303040009,27.149407957083355],[88.32027183529561,27.149326792816808],[88.32034963569079,27.149257578960828],[88.32043814858632,27.149336356092732],[88.32038985868589,27.149379316391872],[88.32042875071572,27.14941393055532]]]}},{"type":"Feature","properties":{"source":"Microsoft Global ML Building Footprints"},"geometry":{"type":"Polygon","coordinates":[[[88.32564270334149,27.154870841819815],[88.32572957142916,27.15484167295608],[88.32575302794993,27.15489696789384],[88.32566616187088,27.154926141478164],[88.32564270334149,27.154870841819815]]]}},{"type":"Feature","properties":{"source":"Microsoft Global ML Building Footprints"},"geometry":{"type":"Polygon","coordinates":[[[88.31957353873608,27.151779140337972],[88.31954236960588,27.151769584343988],[88.31953193638184,27.15179653324889],[88.31944801768425,27.15177081024659],[88.31948105622443,27.151685472012545],[88.319596144724,27.15172074929827],[88.31957353873608,27.151779140337972]]]}},{"type":"Feature","properties":{"source":"Microsoft Global ML Building Footprints"},"geometry":{"type":"Polygon","coordinates":[[[88.3222243777885,27.159093173711682],[88.32224695619222,27.15915057992413],[88.32216331909488,27.159176615950756],[88.32214074069114,27.1591192097517],[88.3222243777885,27.159093173711682]]]}},{"type":"Feature","properties":{"source":"Microsoft Global ML Building Footprints"},"geometry":{"type":"Polygon","coordinates":[[[88.31700830999733,27.144579838258807],[88.316983771517,27.14461334586997],[88.3169245930863,27.144579032578882],[88.31694912971662,27.144545523884766],[88.31700830999733,27.144579838258807]]]}},{"type":"Feature","properties":{"source":"Microsoft Global ML Building Footprints"},"geometry":{"type":"Polygon","coordinates":[[[88.32096270990326,27.1450802593128],[88.32104410961679,27.145050653080084],[88.32106327768469,27.145092390937243],[88.32098187878879,27.14512199179203],[88.32096270990326,27.1450802593128]]]}},{"type":"Feature","properties":{"source":"Microsoft Global ML Building Footprints"},"geometry":{"type":"Polygon","coordinates":[[[88.31254182674293,27.155333786782478],[88.31258774924989,27.15532697763865],[88.31260059523184,27.155395538432487],[88.31255466799887,27.155402351132963],[88.31254182674293,27.155333786782478]]]}},{"type":"Feature","properties":{"source":"Microsoft Global ML Building Footprints"},"geometry":{"type":"Polygon","coordinates":[[[88.31592516892862,27.157377663119085],[88.31587386060663,27.157427977384593],[88.31580177626597,27.15736978322066],[88.31587118526396,27.157301718923932],[88.3159050207708,27.157329034572328],[88.31588692142694,27.157346783266632],[88.31592516892862,27.157377663119085]]]}},{"type":"Feature","properties":{"source":"Microsoft Global ML Building Footprints"},"geometry":{"type":"Polygon","coordinates":[[[88.31067607519356,27.148139596551573],[88.3107183012026,27.148094592206547],[88.31076158421213,27.148126747840685],[88.31071936028897,27.1481717537224],[88.31067607519356,27.148139596551573]]]}},{"type":"Feature","properties":{"source":"Microsoft Global ML Building Footprints"},"geometry":{"type":"Polygon","coordinates":[[[88.31208934123114,27.155644036964503],[88.31210582435394,27.15571996102937],[88.31206962373886,27.155726180789635],[88.31205314061609,27.155650256729004],[88.31208934123114,27.155644036964503]]]}},{"type":"Feature","properties":{"source":"Microsoft Global ML Building Footprints"},"geometry":{"type":"Polygon","coordinates":[[[88.31562654375814,27.15936053310417],[88.31560044161043,27.15928405775344],[88.31565446883664,27.159269463079504],[88.31568057098436,27.15934593844021],[88.31562654375814,27.15936053310417]]]}},{"type":"Feature","properties":{"source":"Microsoft Global ML Building Footprints"},"geometry":{"type":"Polygon","coordinates":[[[88.32363690532412,27.15841247059673],[88.32362897196288,27.15846157213724],[88.3235622190596,27.158453033944333],[88.32357015620501,27.158403932884077],[88.32363690532412,27.15841247059673]]]}},{"type":"Feature","properties":{"source":"Microsoft Global ML Building Footprints"},"geometry":{"type":"Polygon","coordinates":[[[88.3116929502197,27.149821147790256],[88.31155886818438,27.149822884642468],[88.31155695530073,27.149705962363313],[88.31162667795905,27.149705059199228],[88.3116278100739,27.14977425811447],[88.31169216945084,27.149773424425057],[88.3116929502197,27.149821147790256]]]}},{"type":"Feature","properties":{"source":"Microsoft Global ML Building Footprints"},"geometry":{"type":"Polygon","coordinates":[[[88.31241132682054,27.15524178332322],[88.31246477697064,27.15522028413195],[88.31249800047739,27.15528567707647],[88.31244455032729,27.15530717625515],[88.31241132682054,27.15524178332322]]]}},{"type":"Feature","properties":{"source":"Microsoft Global ML Building Footprints"},"geometry":{"type":"Polygon","coordinates":[[[88.31336116849361,27.157053150433306],[88.31331206533315,27.15706874525511],[88.3132891369243,27.157011591140744],[88.31333824407257,27.156995995044447],[88.31336116849361,27.157053150433306]]]}},{"type":"Feature","properties":{"source":"Microsoft Global ML Building Footprints"},"geometry":{"type":"Polygon","coordinates":[[[88.31507359418418,27.15820716717124],[88.31510671992658,27.158172731071048],[88.3151485193096,27.15820456258001],[88.31511539356725,27.15823899867035],[88.31507359418418,27.15820716717124]]]}},{"type":"Feature","properties":{"source":"Microsoft Global ML Building Footprints"},"geometry":{"type":"Polygon","coordinates":[[[88.31288002160188,27.15042422573837],[88.31292405257774,27.15037617891476],[88.31299742598182,27.1504294223201],[88.31295339525148,27.150477464729477],[88.31288002160188,27.15042422573837]]]}},{"type":"Feature","properties":{"source":"Microsoft Global ML Building Footprints"},"geometry":{"type":"Polygon","coordinates":[[[88.31925475043148,27.148656002347245],[88.31924899134508,27.14861521123244],[88.31931500411889,27.148607827635914],[88.31932076377672,27.14864862280067],[88.31925475043148,27.148656002347245]]]}},{"type":"Feature","properties":{"source":"Microsoft Global ML Building Footprints"},"geometry":{"type":"Polygon","coordinates":[[[88.32452287812029,27.15656615900098],[88.32458802428152,27.156533497101478],[88.32462702711452,27.156595084510755],[88.3245618809533,27.156627746392246],[88.32452287812029,27.15656615900098]]]}},{"type":"Feature","properties":{"source":"Microsoft Global ML Building Footprints"},"geometry":{"type":"Polygon","coordinates":[[[88.31177891667612,27.151502590697035],[88.31181882673222,27.15159657041034],[88.31171790228163,27.151630504147732],[88.31167799222553,27.15153652446299],[88.31177891667612,27.151502590697035]]]}},{"type":"Feature","properties":{"source":"Microsoft Global ML Building Footprints"},"geometry":{"type":"Polygon","coordinates":[[[88.31449271872492,27.151870194583893],[88.31445709262123,27.151879810223804],[88.31444293374359,27.15183828579862],[88.31447856283826,27.151828669347857],[88.31449271872492,27.151870194583893]]]}},{"type":"Feature","properties":{"source":"Microsoft Global ML Building Footprints"},"geometry":{"type":"Polygon","coordinates":[[[88.31789239628188,27.151214697926946],[88.31786104729039,27.151281874137553],[88.31777868863881,27.151251443791026],[88.31781003763025,27.151184267562122],[88.31789239628188,27.151214697926946]]]}},{"type":"Feature","properties":{"source":"Microsoft Global ML Building Footprints"},"geometry":{"type":"Polygon","coordinates":[[[88.31979109650796,27.158061615030704],[88.31983252603085,27.158038749165996],[88.31987578312324,27.158100788529296],[88.31983435007629,27.158123656326282],[88.31979109650796,27.158061615030704]]]}},{"type":"Feature","properties":{"source":"Microsoft Global ML Building Footprints"},"geometry":{"type":"Polygon","coordinates":[[[88.32130940675452,27.154604412765934],[88.32131213012454,27.15456497925551],[88.32141901487515,27.154570823397414],[88.32141629196309,27.154610250274594],[88.32130940675452,27.154604412765934]]]}},{"type":"Feature","properties":{"source":"Microsoft Global ML Building Footprints"},"geometry":{"type":"Polygon","coordinates":[[[88.32198830981862,27.14815583423251],[88.32205141957968,27.14814179106768],[88.32207540128888,27.148227149586056],[88.32201229152784,27.148241192740144],[88.32198830981862,27.14815583423251]]]}},{"type":"Feature","properties":{"source":"Microsoft Global ML Building Footprints"},"geometry":{"type":"Polygon","coordinates":[[[88.3258582332917,27.15542753088492],[88.32579587795132,27.15548529296992],[88.3257289137834,27.15542806211699],[88.32579126678223,27.155370302171455],[88.3258582332917,27.15542753088492]]]}},{"type":"Feature","properties":{"source":"Microsoft Global ML Building Footprints"},"geometry":{"type":"Polygon","coordinates":[[[88.32621254738491,27.156069083222896],[88.32623567638379,27.156002558629467],[88.32633208336483,27.156029094638775],[88.32630894768502,27.156095623380693],[88.32621254738491,27.156069083222896]]]}},{"type":"Feature","properties":{"source":"Microsoft Global ML Building Footprints"},"geometry":{"type":"Polygon","coordinates":[[[88.32016357776176,27.155607060463716],[88.32014482737439,27.155677067601616],[88.32009152799277,27.155665765857137],[88.32011027838013,27.15559575871216],[88.32016357776176,27.155607060463716]]]}},{"type":"Feature","properties":{"source":"Microsoft Global ML Building Footprints"},"geometry":{"type":"Polygon","coordinates":[[[88.31060484119389,27.145930919705606],[88.31067306830234,27.145966145069565],[88.31065094679383,27.146000072186055],[88.31058271968543,27.14596484683277],[88.31060484119389,27.145930919705606]]]}},{"type":"Feature","properties":{"source":"Microsoft Global ML Building Footprints"},"geometry":{"type":"Polygon","coordinates":[[[88.32005217827908,27.156423308369156],[88.3198514818654,27.156465489340967],[88.31979627378033,27.15625753149817],[88.31999697019401,27.15621535044785],[88.32005217827908,27.156423308369156]]]}},{"type":"Feature","properties":{"source":"Microsoft Global ML Building Footprints"},"geometry":{"type":"Polygon","coordinates":[[[88.323731764943,27.15751149892035],[88.32366275475464,27.157537588821747],[88.32364151630804,27.157493115002445],[88.32371052353314,27.157467026210945],[88.323731764943,27.15751149892035]]]}},{"type":"Feature","properties":{"source":"Microsoft Global ML Building Footprints"},"geometry":{"type":"Polygon","coordinates":[[[88.32588015105782,27.1562181435931],[88.32590366549513,27.156150647910145],[88.32596302848972,27.156167024513472],[88.32594662292362,27.156167271748984],[88.32627256978529,27.15625719140246],[88.3262940854531,27.156195446938206],[88.32641129740739,27.15619368052853],[88.3264123025361,27.15624670197549],[88.3265012806586,27.156271243007993],[88.32650195943596,27.156307049105408],[88.32648651521981,27.15635137001538],[88.32646790267415,27.15635164935103],[88.32641047090006,27.15633580554408],[88.32644328905668,27.15633531301166],[88.32634988148178,27.15630954449086],[88.32633284914719,27.15635843392419],[88.32609869841207,27.15629385291051],[88.32615169249986,27.156293054278777],[88.32588015105782,27.1562181435931]]]}},{"type":"Feature","properties":{"source":"Microsoft Global ML Building Footprints"},"geometry":{"type":"Polygon","coordinates":[[[88.31184771509457,27.159130132118676],[88.31190672605872,27.159080071257904],[88.31198040027824,27.159148827219518],[88.31192138931414,27.159198888049467],[88.31184771509457,27.159130132118676]]]}},{"type":"Feature","properties":{"source":"Microsoft Global ML Building Footprints"},"geometry":{"type":"Polygon","coordinates":[[[88.31672971084375,27.14482472871496],[88.31680152930217,27.14480255231706],[88.31683226560519,27.144881372290385],[88.31676044714678,27.144903548672602],[88.31672971084375,27.14482472871496]]]}},{"type":"Feature","properties":{"source":"Microsoft Global ML Building Footprints"},"geometry":{"type":"Polygon","coordinates":[[[88.31675660597602,27.1526604590182],[88.31668563204957,27.152694169923556],[88.31664886496328,27.152632875186264],[88.31671983888974,27.152599164262384],[88.31675660597602,27.1526604590182]]]}},{"type":"Feature","properties":{"source":"Microsoft Global ML Building Footprints"},"geometry":{"type":"Polygon","coordinates":[[[88.32464019086792,27.15530527172527],[88.32458930375256,27.15530700831014],[88.32458796836693,27.155276028646355],[88.32463885548229,27.155274292061016],[88.32464019086792,27.15530527172527]]]}},{"type":"Feature","properties":{"source":"Microsoft Global ML Building Footprints"},"geometry":{"type":"Polygon","coordinates":[[[88.31768929446591,27.15272296910721],[88.31774560835882,27.152683533117248],[88.31776827849674,27.152709163515233],[88.31771196651927,27.15274860166167],[88.31768929446591,27.15272296910721]]]}},{"type":"Feature","properties":{"source":"Microsoft Global ML Building Footprints"},"geometry":{"type":"Polygon","coordinates":[[[88.31983931315771,27.14884656739151],[88.31989829235671,27.148845395675714],[88.31989919017138,27.14888117824774],[88.31984021097237,27.148882349963174],[88.31983931315771,27.14884656739151]]]}},{"type":"Feature","properties":{"source":"Microsoft Global ML Building Footprints"},"geometry":{"type":"Polygon","coordinates":[[[88.32217960900775,27.147208338658473],[88.32224632760727,27.147273978183478],[88.32219026560415,27.14731909835163],[88.32212354700462,27.147253458853122],[88.32217960900775,27.147208338658473]]]}},{"type":"Feature","properties":{"source":"Microsoft Global ML Building Footprints"},"geometry":{"type":"Polygon","coordinates":[[[88.32247400714321,27.14759795776687],[88.32241405056511,27.147607031388745],[88.32240163684737,27.14754208183841],[88.32246159342549,27.147533008211255],[88.32247400714321,27.14759795776687]]]}},{"type":"Feature","properties":{"source":"Microsoft Global ML Building Footprints"},"geometry":{"type":"Polygon","coordinates":[[[88.32104886621279,27.155887225699907],[88.32108904815293,27.15588594953607],[88.32109086488957,27.155931236161578],[88.32105068294943,27.155932512324917],[88.32104886621279,27.155887225699907]]]}},{"type":"Feature","properties":{"source":"Microsoft Global ML Building Footprints"},"geometry":{"type":"Polygon","coordinates":[[[88.321827572253,27.149483326275323],[88.32188471423666,27.149579537067943],[88.32181852346436,27.14961066779398],[88.3217613736516,27.149514456587674],[88.321827572253,27.149483326275323]]]}},{"type":"Feature","properties":{"source":"Microsoft Global ML Building Footprints"},"geometry":{"type":"Polygon","coordinates":[[[88.32217677532758,27.155590678274763],[88.32226965135987,27.155657104723574],[88.32220023461801,27.155733943813566],[88.32210735858574,27.155667517410457],[88.32217677532758,27.155590678274763]]]}},{"type":"Feature","properties":{"source":"Microsoft Global ML Building Footprints"},"geometry":{"type":"Polygon","coordinates":[[[88.3245287892747,27.15916629418595],[88.32439562548558,27.15919209175081],[88.32438531056815,27.15914992784441],[88.32451847629412,27.159124138187053],[88.3245287892747,27.15916629418595]]]}},{"type":"Feature","properties":{"source":"Microsoft Global ML Building Footprints"},"geometry":{"type":"Polygon","coordinates":[[[88.31739197587649,27.15478489035359],[88.31732372766643,27.15482399992556],[88.31728709504478,27.154773395202582],[88.31735534325486,27.154734285612896],[88.31739197587649,27.15478489035359]]]}},{"type":"Feature","properties":{"source":"Microsoft Global ML Building Footprints"},"geometry":{"type":"Polygon","coordinates":[[[88.31794021704223,27.152266474438825],[88.31786672292152,27.1522822739187],[88.31784590521588,27.15220560409194],[88.31791939933663,27.152189804601235],[88.31794021704223,27.152266474438825]]]}},{"type":"Feature","properties":{"source":"Microsoft Global ML Building Footprints"},"geometry":{"type":"Polygon","coordinates":[[[88.31913202743617,27.15347176388365],[88.31916816342896,27.153424363232226],[88.31921959834797,27.15345540785158],[88.31918346235517,27.153502808489833],[88.31913202743617,27.15347176388365]]]}},{"type":"Feature","properties":{"source":"Microsoft Global ML Building Footprints"},"geometry":{"type":"Polygon","coordinates":[[[88.3245861564846,27.156502366596378],[88.32468554125165,27.156465108612167],[88.32472009152218,27.1565380712982],[88.32462070188103,27.156575331085314],[88.3245861564846,27.156502366596378]]]}},{"type":"Feature","properties":{"source":"Microsoft Global ML Building Footprints"},"geometry":{"type":"Polygon","coordinates":[[[88.31813140974558,27.151897326628323],[88.31811373979164,27.151975301696083],[88.31805445920136,27.15196466574416],[88.3180721291553,27.151886690668967],[88.31813140974558,27.151897326628323]]]}},{"type":"Feature","properties":{"source":"Microsoft Global ML Building Footprints"},"geometry":{"type":"Polygon","coordinates":[[[88.31883987813752,27.153274755462824],[88.31888386002886,27.1533710121113],[88.31880454412321,27.153399710102967],[88.31876055573484,27.15330345582997],[88.31883987813752,27.153274755462824]]]}},{"type":"Feature","properties":{"source":"Microsoft Global ML Building Footprints"},"geometry":{"type":"Polygon","coordinates":[[[88.32120404608885,27.154395564254273],[88.32134636892249,27.15445036479955],[88.32132054158048,27.154503461062752],[88.32128439702109,27.154489541577306],[88.32123102491643,27.15459926473828],[88.32113518106645,27.154562360696367],[88.3211631307091,27.154504892109564],[88.32115280127786,27.154500914184197],[88.32120404608885,27.154395564254273]]]}},{"type":"Feature","properties":{"source":"Microsoft Global ML Building Footprints"},"geometry":{"type":"Polygon","coordinates":[[[88.32247834231416,27.154293097132467],[88.32254126271644,27.15434797750646],[88.32248897003082,27.15439544332321],[88.32242604962853,27.154340562972543],[88.32247834231416,27.154293097132467]]]}},{"type":"Feature","properties":{"source":"Microsoft Global ML Building Footprints"},"geometry":{"type":"Polygon","coordinates":[[[88.32611876561525,27.15593999557929],[88.3261140561061,27.155816036942873],[88.32619175138123,27.155813700003847],[88.32619646089034,27.15593765864287],[88.32611876561525,27.15593999557929]]]}},{"type":"Feature","properties":{"source":"Microsoft Global ML Building Footprints"},"geometry":{"type":"Polygon","coordinates":[[[88.32626938819885,27.154634145627007],[88.32635253667831,27.154634145627007],[88.32635253667831,27.15468187702919],[88.32626938819885,27.15468187702919],[88.32626938819885,27.154634145627007]]]}},{"type":"Feature","properties":{"source":"Microsoft Global ML Building Footprints"},"geometry":{"type":"Polygon","coordinates":[[[88.31828579306602,27.15542290443163],[88.31834480166435,27.15537040023642],[88.3184252679348,27.15544199686012],[88.31836625933647,27.155494501021664],[88.31828579306602,27.15542290443163]]]}},{"type":"Feature","properties":{"source":"Microsoft Global ML Building Footprints"},"geometry":{"type":"Polygon","coordinates":[[[88.31902611744539,27.149509723318786],[88.31892857599979,27.149513246600144],[88.31892611511309,27.149459303394572],[88.31902365204566,27.149455774200185],[88.31902611744539,27.149509723318786]]]}},{"type":"Feature","properties":{"source":"Microsoft Global ML Building Footprints"},"geometry":{"type":"Polygon","coordinates":[[[88.32259123653581,27.156066561009375],[88.32250223973416,27.1560352090058],[88.32254446989229,27.15594030503601],[88.32263347314725,27.155971659339613],[88.32259123653581,27.156066561009375]]]}},{"type":"Feature","properties":{"source":"Microsoft Global ML Building Footprints"},"geometry":{"type":"Polygon","coordinates":[[[88.32440267543913,27.159303309631596],[88.32453187790753,27.159284748240722],[88.32453778947917,27.15931730956951],[88.32440858451452,27.159335871313594],[88.32440267543913,27.159303309631596]]]}},{"type":"Feature","properties":{"source":"Microsoft Global ML Building Footprints"},"geometry":{"type":"Polygon","coordinates":[[[88.31123067240674,27.15930815450944],[88.31128470583879,27.159285990806715],[88.3113020424069,27.1593194496118],[88.31124800680418,27.159341614198226],[88.31123067240674,27.15930815450944]]]}},{"type":"Feature","properties":{"source":"Microsoft Global ML Building Footprints"},"geometry":{"type":"Polygon","coordinates":[[[88.31235038440798,27.1473641256745],[88.31242527786306,27.14739521759916],[88.31240218709844,27.14743925829511],[88.31232729565163,27.147408162552303],[88.31235038440798,27.1473641256745]]]}},{"type":"Feature","properties":{"source":"Microsoft Global ML Building Footprints"},"geometry":{"type":"Polygon","coordinates":[[[88.31842829713993,27.149481534872862],[88.31843455711982,27.149441741004104],[88.31849243173852,27.149448949564466],[88.31848617175862,27.149488743430652],[88.31842829713993,27.149481534872862]]]}},{"type":"Feature","properties":{"source":"Microsoft Global ML Building Footprints"},"geometry":{"type":"Polygon","coordinates":[[[88.3201203009565,27.14915906572226],[88.32012961256518,27.149125299127306],[88.32020698711663,27.149142198303075],[88.32021009182117,27.149130942953235],[88.3202910453769,27.149148623809126],[88.32027862655865,27.149193645194565],[88.3201203009565,27.14915906572226]]]}},{"type":"Feature","properties":{"source":"Microsoft Global ML Building Footprints"},"geometry":{"type":"Polygon","coordinates":[[[88.3115403139266,27.14716309839043],[88.31159382429362,27.147165477833994],[88.3115917560367,27.147202255190876],[88.31153824585665,27.147199872423847],[88.3115403139266,27.14716309839043]]]}},{"type":"Feature","properties":{"source":"Microsoft Global ML Building Footprints"},"geometry":{"type":"Polygon","coordinates":[[[88.31632786894727,27.14460074713039],[88.31636300574434,27.144670213665883],[88.31630150967534,27.14469484042381],[88.3162663774218,27.144625372084136],[88.31632786894727,27.14460074713039]]]}},{"type":"Feature","properties":{"source":"Microsoft Global ML Building Footprints"},"geometry":{"type":"Polygon","coordinates":[[[88.3114592477305,27.153670389385056],[88.31143062294711,27.153698436723026],[88.31138064529522,27.153658050742507],[88.31140926833774,27.153630005100126],[88.3114592477305,27.153670389385056]]]}},{"type":"Feature","properties":{"source":"Microsoft Global ML Building Footprints"},"geometry":{"type":"Polygon","coordinates":[[[88.31444704874313,27.155082919660508],[88.31448455678196,27.15506103101827],[88.31452884188923,27.15512110366373],[88.31449133385036,27.15514299229421],[88.31444704874313,27.155082919660508]]]}},{"type":"Feature","properties":{"source":"Microsoft Global ML Building Footprints"},"geometry":{"type":"Polygon","coordinates":[[[88.32038808610204,27.14849064921365],[88.3204924196454,27.148475022301135],[88.32049917520249,27.1485107498885],[88.32039484046427,27.148526370477228],[88.32038808610204,27.14849064921365]]]}},{"type":"Feature","properties":{"source":"Microsoft Global ML Building Footprints"},"geometry":{"type":"Polygon","coordinates":[[[88.3220391081823,27.148239432287326],[88.32207712602549,27.148231266167016],[88.32209180951276,27.148285393161807],[88.32205379166956,27.14829355927818],[88.3220391081823,27.148239432287326]]]}},{"type":"Feature","properties":{"source":"Microsoft Global ML Building Footprints"},"geometry":{"type":"Polygon","coordinates":[[[88.32286216530946,27.15449257579384],[88.32285628187005,27.15451010500105],[88.3229090473904,27.154524126148416],[88.32289212886255,27.154574521630344],[88.32273101352368,27.15453170918078],[88.32275381185154,27.154463783500702],[88.32286216530946,27.15449257579384]]]}},{"type":"Feature","properties":{"source":"Microsoft Global ML Building Footprints"},"geometry":{"type":"Polygon","coordinates":[[[88.3127930684162,27.1556781610429],[88.31284401917041,27.155677488387475],[88.3128447353698,27.155720436793786],[88.31279378461556,27.155721109448947],[88.3127930684162,27.1556781610429]]]}},{"type":"Feature","properties":{"source":"Microsoft Global ML Building Footprints"},"geometry":{"type":"Polygon","coordinates":[[[88.31306469513216,27.147248030441446],[88.313114878106,27.147275905221306],[88.31306307017795,27.147349757114704],[88.31301288720408,27.14732188235324],[88.31306469513216,27.147248030441446]]]}},{"type":"Feature","properties":{"source":"Microsoft Global ML Building Footprints"},"geometry":{"type":"Polygon","coordinates":[[[88.31596764471527,27.15797364872273],[88.31584576706437,27.15799374609429],[88.31582654355175,27.157901456019786],[88.31594842120265,27.157881358631606],[88.31596764471527,27.15797364872273]]]}},{"type":"Feature","properties":{"source":"Microsoft Global ML Building Footprints"},"geometry":{"type":"Polygon","coordinates":[[[88.31820059921174,27.15153123070118],[88.31823904100257,27.151534766653448],[88.31823338390322,27.15158346098152],[88.31819493859815,27.15157992231333],[88.31820059921174,27.15153123070118]]]}},{"type":"Feature","properties":{"source":"Microsoft Global ML Building Footprints"},"geometry":{"type":"Polygon","coordinates":[[[88.3166875426939,27.15298416690321],[88.31673622770947,27.152937223475433],[88.31680286413285,27.152991938743895],[88.31675418144182,27.153038879907356],[88.3166875426939,27.15298416690321]]]}},{"type":"Feature","properties":{"source":"Microsoft Global ML Building Footprints"},"geometry":{"type":"Polygon","coordinates":[[[88.32073837096048,27.14849645805314],[88.32073603510993,27.14853453195186],[88.32067720162276,27.148531677675663],[88.32067539163276,27.148561180143595],[88.32062832001935,27.148558893557656],[88.32063246038138,27.148491319854386],[88.32073837096048,27.14849645805314]]]}},{"type":"Feature","properties":{"source":"Microsoft Global ML Building Footprints"},"geometry":{"type":"Polygon","coordinates":[[[88.31284824112288,27.150341036738602],[88.31291538432787,27.150369081854564],[88.31289577911274,27.15040623949946],[88.3128286383027,27.150378195393188],[88.31284824112288,27.150341036738602]]]}},{"type":"Feature","properties":{"source":"Microsoft Global ML Building Footprints"},"geometry":{"type":"Polygon","coordinates":[[[88.32057670066568,27.154877562177646],[88.32060311235125,27.1548623003478],[88.3206349668785,27.154905944104996],[88.32060855519295,27.154921205928865],[88.32057670066568,27.154877562177646]]]}},{"type":"Feature","properties":{"source":"Microsoft Global ML Building Footprints"},"geometry":{"type":"Polygon","coordinates":[[[88.32415244255898,27.154445384542534],[88.32424578566244,27.154402682936713],[88.32428286978084,27.15446686163787],[88.3241895266774,27.15450956321917],[88.32415244255898,27.154445384542534]]]}},{"type":"Feature","properties":{"source":"Microsoft Global ML Building Footprints"},"geometry":{"type":"Polygon","coordinates":[[[88.31241508045554,27.157146742484215],[88.31245590713594,27.15720716434995],[88.31240934498125,27.157232071636116],[88.31236851624925,27.157171653781027],[88.31241508045554,27.157146742484215]]]}},{"type":"Feature","properties":{"source":"Microsoft Global ML Building Footprints"},"geometry":{"type":"Polygon","coordinates":[[[88.31263637486542,27.150324604843476],[88.31265142263969,27.150289078010346],[88.31269839464225,27.150304830596916],[88.31268334686798,27.150340357425023],[88.31263637486542,27.150324604843476]]]}},{"type":"Feature","properties":{"source":"Microsoft Global ML Building Footprints"},"geometry":{"type":"Polygon","coordinates":[[[88.32579868864184,27.155893012072795],[88.32580065456315,27.155847735311703],[88.32585421879496,27.155849576590136],[88.32585225287369,27.155894853350475],[88.32579868864184,27.155893012072795]]]}},{"type":"Feature","properties":{"source":"Microsoft Global ML Building Footprints"},"geometry":{"type":"Polygon","coordinates":[[[88.31053426861651,27.154444674366154],[88.31053721324473,27.15439469363527],[88.31062548357313,27.154398810889774],[88.31062077529437,27.154478726978788],[88.31058867687568,27.154477231789855],[88.31059044064365,27.154447294436054],[88.31053426861651,27.154444674366154]]]}},{"type":"Feature","properties":{"source":"Microsoft Global ML Building Footprints"},"geometry":{"type":"Polygon","coordinates":[[[88.31218073215034,27.15746575017687],[88.31228915731072,27.15745097015475],[88.31230481600744,27.15754190950254],[88.31219638385767,27.157556690465377],[88.31218073215034,27.15746575017687]]]}},{"type":"Feature","properties":{"source":"Microsoft Global ML Building Footprints"},"geometry":{"type":"Polygon","coordinates":[[[88.31991805241799,27.146360596821417],[88.3199170933803,27.146388308842937],[88.3198715389298,27.146387063360464],[88.31987249806558,27.146359348504234],[88.31991805241799,27.146360596821417]]]}},{"type":"Feature","properties":{"source":"Microsoft Global ML Building Footprints"},"geometry":{"type":"Polygon","coordinates":[[[88.32071320289137,27.154775828202226],[88.32080423753015,27.154733020599643],[88.32084523490377,27.154802045241226],[88.32075420450894,27.154844850821732],[88.32071320289137,27.154775828202226]]]}},{"type":"Feature","properties":{"source":"Microsoft Global ML Building Footprints"},"geometry":{"type":"Polygon","coordinates":[[[88.3143076513248,27.156761658015867],[88.31434772773623,27.15675942686824],[88.31435082023708,27.156803452250386],[88.31431074365103,27.156805680911155],[88.3143076513248,27.156761658015867]]]}},{"type":"Feature","properties":{"source":"Microsoft Global ML Building Footprints"},"geometry":{"type":"Polygon","coordinates":[[[88.3223058974773,27.154201549036493],[88.32232287389054,27.154267289039957],[88.32229086018681,27.154273834172535],[88.32227388868537,27.154208093168727],[88.3223058974773,27.154201549036493]]]}},{"type":"Feature","properties":{"source":"Microsoft Global ML Building Footprints"},"geometry":{"type":"Polygon","coordinates":[[[88.31667351562763,27.152820495594128],[88.31673560062005,27.152778502893177],[88.31679763016328,27.15285110495784],[88.31673554155151,27.15289310007953],[88.31667351562763,27.152820495594128]]]}},{"type":"Feature","properties":{"source":"Microsoft Global ML Building Footprints"},"geometry":{"type":"Polygon","coordinates":[[[88.3119354650858,27.15542232907822],[88.31198135201905,27.155402854767402],[88.31200323887866,27.155443683663442],[88.31195735194541,27.155463157967134],[88.3119354650858,27.15542232907822]]]}},{"type":"Feature","properties":{"source":"Microsoft Global ML Building Footprints"},"geometry":{"type":"Polygon","coordinates":[[[88.31226367012206,27.15499479856188],[88.31231165021585,27.154971071434446],[88.31238278959643,27.155084976007124],[88.31233481492212,27.155108697442742],[88.31226367012206,27.15499479856188]]]}},{"type":"Feature","properties":{"source":"Microsoft Global ML Building Footprints"},"geometry":{"type":"Polygon","coordinates":[[[88.31395037869964,27.15658855310877],[88.31402237213437,27.15661831309429],[88.31398343070981,27.156692903895284],[88.31391143244933,27.15666314193483],[88.31395037869964,27.15658855310877]]]}},{"type":"Feature","properties":{"source":"Microsoft Global ML Building Footprints"},"geometry":{"type":"Polygon","coordinates":[[[88.32519591326874,27.157632592332305],[88.32523933903637,27.15759025617367],[88.32526073771568,27.15760763271207],[88.32521730938562,27.1576499681157],[88.32519591326874,27.157632592332305]]]}},{"type":"Feature","properties":{"source":"Microsoft Global ML Building Footprints"},"geometry":{"type":"Polygon","coordinates":[[[88.31085243595166,27.14797547818759],[88.31091735807334,27.14799511212758],[88.3108912125878,27.14806357991059],[88.31082629046617,27.14804394598262],[88.31085243595166,27.14797547818759]]]}},{"type":"Feature","properties":{"source":"Microsoft Global ML Building Footprints"},"geometry":{"type":"Polygon","coordinates":[[[88.31330884494312,27.150393115794103],[88.31347354499543,27.150389054021097],[88.31347808762371,27.15053452823763],[88.31331337613778,27.15053859028732],[88.31330884494312,27.150393115794103]]]}},{"type":"Feature","properties":{"source":"Microsoft Global ML Building Footprints"},"geometry":{"type":"Polygon","coordinates":[[[88.3105554120438,27.15407418264315],[88.31063120820419,27.154053177789258],[88.31065938397498,27.15413367317955],[88.31058358781459,27.154154678018337],[88.3105554120438,27.15407418264315]]]}},{"type":"Feature","properties":{"source":"Microsoft Global ML Building Footprints"},"geometry":{"type":"Polygon","coordinates":[[[88.31105015238957,27.1482290744707],[88.311099739783,27.148194254930836],[88.31112843554853,27.148226612757888],[88.31107884815513,27.14826143228767],[88.31105015238957,27.1482290744707]]]}},{"type":"Feature","properties":{"source":"Microsoft Global ML Building Footprints"},"geometry":{"type":"Polygon","coordinates":[[[88.31545714110604,27.157722335554986],[88.31553040320863,27.15769533624814],[88.31557160422082,27.15778384250291],[88.315498343931,27.15781084568242],[88.31545714110604,27.157722335554986]]]}},{"type":"Feature","properties":{"source":"Microsoft Global ML Building Footprints"},"geometry":{"type":"Polygon","coordinates":[[[88.32271478748832,27.15225599273269],[88.32266390734746,27.152254177123375],[88.3226678809059,27.152166013887005],[88.3227187610468,27.15216782949777],[88.32271478748832,27.15225599273269]]]}},{"type":"Feature","properties":{"source":"Microsoft Global ML Building Footprints"},"geometry":{"type":"Polygon","coordinates":[[[88.32368071917051,27.15886587954556],[88.32368344901555,27.158808707192065],[88.32379322146535,27.15881285650356],[88.32379049162033,27.15887002885492],[88.32368071917051,27.15886587954556]]]}},{"type":"Feature","properties":{"source":"Microsoft Global ML Building Footprints"},"geometry":{"type":"Polygon","coordinates":[[[88.31361491625313,27.149305550415917],[88.31350773093112,27.149308507542976],[88.31350449072814,27.14921551620666],[88.31361167605014,27.149212559077164],[88.31361491625313,27.149305550415917]]]}},{"type":"Feature","properties":{"source":"Microsoft Global ML Building Footprints"},"geometry":{"type":"Polygon","coordinates":[[[88.31945058881931,27.15548626909974],[88.31945130192508,27.15555547328082],[88.31940034423742,27.155555888988133],[88.31939963113165,27.15548668480732],[88.31945058881931,27.15548626909974]]]}},{"type":"Feature","properties":{"source":"Microsoft Global ML Building Footprints"},"geometry":{"type":"Polygon","coordinates":[[[88.32069067409486,27.1454313479013],[88.32075578840413,27.14538046204936],[88.32078504566954,27.145410106830482],[88.32071993136027,27.1454609926689],[88.32069067409486,27.1454313479013]]]}},{"type":"Feature","properties":{"source":"Microsoft Global ML Building Footprints"},"geometry":{"type":"Polygon","coordinates":[[[88.32252968913211,27.154487794573534],[88.3225872547037,27.154521940471533],[88.32254516522109,27.15457811792431],[88.32248759964949,27.15454397204349],[88.32252968913211,27.154487794573534]]]}},{"type":"Feature","properties":{"source":"Microsoft Global ML Building Footprints"},"geometry":{"type":"Polygon","coordinates":[[[88.31051311423685,27.14588047265414],[88.31057960091958,27.145895528417057],[88.3105690715149,27.145932336866828],[88.31050258866324,27.145917277835906],[88.31051311423685,27.14588047265414]]]}},{"type":"Feature","properties":{"source":"Microsoft Global ML Building Footprints"},"geometry":{"type":"Polygon","coordinates":[[[88.31574361277043,27.158126607487624],[88.31578462530472,27.158188684161395],[88.31573080375647,27.158216834273105],[88.31568979122221,27.158154757614966],[88.31574361277043,27.158126607487624]]]}},{"type":"Feature","properties":{"source":"Microsoft Global ML Building Footprints"},"geometry":{"type":"Polygon","coordinates":[[[88.31663532447631,27.15227715291494],[88.3166075356053,27.152316508092667],[88.31651041027153,27.152262204136328],[88.31653820136188,27.1522228501803],[88.31663532447631,27.15227715291494]]]}},{"type":"Feature","properties":{"source":"Microsoft Global ML Building Footprints"},"geometry":{"type":"Polygon","coordinates":[[[88.31947596522393,27.153598047460946],[88.3195238549651,27.153621909138465],[88.31949755357404,27.153663695748392],[88.31944966633506,27.153639835326537],[88.31947596522393,27.153598047460946]]]}},{"type":"Feature","properties":{"source":"Microsoft Global ML Building Footprints"},"geometry":{"type":"Polygon","coordinates":[[[88.3204339559331,27.152878727338177],[88.3204978378722,27.152907689199402],[88.32048156335806,27.152936110007616],[88.32041768141896,27.152907148153737],[88.3204339559331,27.152878727338177]]]}},{"type":"Feature","properties":{"source":"Microsoft Global ML Building Footprints"},"geometry":{"type":"Polygon","coordinates":[[[88.31434929146818,27.15685366489638],[88.31436892856848,27.156935865856397],[88.31430733820763,27.156947514055844],[88.31428770110736,27.15686531310441],[88.31434929146818,27.15685366489638]]]}},{"type":"Feature","properties":{"source":"Microsoft Global ML Building Footprints"},"geometry":{"type":"Polygon","coordinates":[[[88.31525623230284,27.158388066598043],[88.31530309437116,27.158324904535895],[88.31539201818687,27.15837713425139],[88.31534515265821,27.158440294251562],[88.31525623230284,27.158388066598043]]]}},{"type":"Feature","properties":{"source":"Microsoft Global ML Building Footprints"},"geometry":{"type":"Polygon","coordinates":[[[88.31681974823913,27.15530816776895],[88.31673490249949,27.15534309298016],[88.3167021910426,27.15528018826371],[88.316787040858,27.155245261355113],[88.31681974823913,27.15530816776895]]]}},{"type":"Feature","properties":{"source":"Microsoft Global ML Building Footprints"},"geometry":{"type":"Polygon","coordinates":[[[88.32020447984752,27.148855675958217],[88.32021337366048,27.14889712544167],[88.32015902837718,27.14890635835455],[88.3201501345642,27.148864908874543],[88.32020447984752,27.148855675958217]]]}},{"type":"Feature","properties":{"source":"Microsoft Global ML Building Footprints"},"geometry":{"type":"Polygon","coordinates":[[[88.32226816457786,27.147400232316294],[88.32231728883616,27.147386972934072],[88.32233186104875,27.147429721130294],[88.32228273774545,27.147442983309006],[88.32226816457786,27.147400232316294]]]}},{"type":"Feature","properties":{"source":"Microsoft Global ML Building Footprints"},"geometry":{"type":"Polygon","coordinates":[[[88.31437710267012,27.15176037001215],[88.31430619853455,27.151775723166992],[88.31427140205166,27.151648454922146],[88.31434230732702,27.151633105918712],[88.31437710267012,27.15176037001215]]]}},{"type":"Feature","properties":{"source":"Microsoft Global ML Building Footprints"},"geometry":{"type":"Polygon","coordinates":[[[88.32100554087332,27.15700857053499],[88.32103230645575,27.156904225933758],[88.32112153576968,27.156922345997494],[88.32109477018724,27.15702669058183],[88.32100554087332,27.15700857053499]]]}},{"type":"Feature","properties":{"source":"Microsoft Global ML Building Footprints"},"geometry":{"type":"Polygon","coordinates":[[[88.31803205002329,27.15511293794762],[88.31804047742455,27.155099498616273],[88.31794843244938,27.155053802858397],[88.31798337136102,27.154998085095343],[88.31821860441379,27.155114851993105],[88.31819121343226,27.155158532881643],[88.31812901118687,27.155127656448627],[88.31811303464286,27.155153137724838],[88.31803205002329,27.15511293794762]]]}},{"type":"Feature","properties":{"source":"Microsoft Global ML Building Footprints"},"geometry":{"type":"Polygon","coordinates":[[[88.32075873613358,27.14522980240993],[88.32079746723176,27.145260639493635],[88.32071483043524,27.14534282516381],[88.32067609933706,27.145311988102797],[88.32075873613358,27.14522980240993]]]}},{"type":"Feature","properties":{"source":"Microsoft Global ML Building Footprints"},"geometry":{"type":"Polygon","coordinates":[[[88.32151443952608,27.15457819349629],[88.32149616099028,27.15463193489255],[88.32142385904457,27.154612470291916],[88.3214421351104,27.154558723718644],[88.32151443952608,27.15457819349629]]]}},{"type":"Feature","properties":{"source":"Microsoft Global ML Building Footprints"},"geometry":{"type":"Polygon","coordinates":[[[88.31098462410317,27.158173914152712],[88.31088302717718,27.158189471499533],[88.31087495713966,27.158147750337598],[88.31097655406569,27.158132192984972],[88.31098462410317,27.158173914152712]]]}},{"type":"Feature","properties":{"source":"Microsoft Global ML Building Footprints"},"geometry":{"type":"Polygon","coordinates":[[[88.31250837804316,27.154559271929756],[88.31255800660782,27.154552033753724],[88.31256765144798,27.15460438915293],[88.3125180234378,27.154611630335253],[88.31250837804316,27.154559271929756]]]}},{"type":"Feature","properties":{"source":"Microsoft Global ML Building Footprints"},"geometry":{"type":"Polygon","coordinates":[[[88.31300676304551,27.15062407455649],[88.31296257970284,27.150652360941507],[88.31292509073938,27.15060599714392],[88.3129692726161,27.150577708934158],[88.31300676304551,27.15062407455649]]]}},{"type":"Feature","properties":{"source":"Microsoft Global ML Building Footprints"},"geometry":{"type":"Polygon","coordinates":[[[88.31633729334041,27.152053928632448],[88.31631444310476,27.152115010437598],[88.31624321336464,27.15209391774875],[88.31626606076857,27.152032830657447],[88.31633729334041,27.152053928632448]]]}},{"type":"Feature","properties":{"source":"Microsoft Global ML Building Footprints"},"geometry":{"type":"Polygon","coordinates":[[[88.32123790925017,27.150243002680376],[88.32126431847274,27.15031016760534],[88.32122954886422,27.150320994323323],[88.32120313417632,27.150253828940983],[88.32123790925017,27.150243002680376]]]}},{"type":"Feature","properties":{"source":"Microsoft Global ML Building Footprints"},"geometry":{"type":"Polygon","coordinates":[[[88.3216482765107,27.148616539432396],[88.32156748427865,27.148590742587203],[88.32159732783738,27.14851673707944],[88.32167812006941,27.148542533941715],[88.3216482765107,27.148616539432396]]]}},{"type":"Feature","properties":{"source":"Microsoft Global ML Building Footprints"},"geometry":{"type":"Polygon","coordinates":[[[88.32112131558436,27.155869992999577],[88.32104356765124,27.155871484230822],[88.32104191522713,27.15580327875591],[88.32111966327751,27.155801792363192],[88.32112131558436,27.155869992999577]]]}},{"type":"Feature","properties":{"source":"Microsoft Global ML Building Footprints"},"geometry":{"type":"Polygon","coordinates":[[[88.31047567438785,27.157696099652796],[88.31055379975241,27.15770514384439],[88.31053820464592,27.15781173382058],[88.31046008822575,27.157802685808555],[88.31047567438785,27.157696099652796]]]}},{"type":"Feature","properties":{"source":"Microsoft Global ML Building Footprints"},"geometry":{"type":"Polygon","coordinates":[[[88.31170603339672,27.147550237074583],[88.31178999099043,27.147553693277267],[88.31178806882197,27.14759072109127],[88.31170410805088,27.147587269987866],[88.31170603339672,27.147550237074583]]]}},{"type":"Feature","properties":{"source":"Microsoft Global ML Building Footprints"},"geometry":{"type":"Polygon","coordinates":[[[88.32176593152188,27.14752741411594],[88.32178501877513,27.147568049493316],[88.3217462024869,27.147582486311038],[88.3217271152337,27.14754185093892],[88.32176593152188,27.14752741411594]]]}},{"type":"Feature","properties":{"source":"Microsoft Global ML Building Footprints"},"geometry":{"type":"Polygon","coordinates":[[[88.32213208277867,27.147804878334078],[88.32208753256364,27.147859805406874],[88.32203176018687,27.1478239910981],[88.32207630756115,27.147769062183492],[88.32213208277867,27.147804878334078]]]}},{"type":"Feature","properties":{"source":"Microsoft Global ML Building Footprints"},"geometry":{"type":"Polygon","coordinates":[[[88.3208161925989,27.155130193213125],[88.32078786095494,27.155175977211897],[88.3207405216481,27.155152785157917],[88.3207688532921,27.155107001149638],[88.3208161925989,27.155130193213125]]]}},{"type":"Feature","properties":{"source":"Microsoft Global ML Building Footprints"},"geometry":{"type":"Polygon","coordinates":[[[88.32247012847016,27.147798223371126],[88.322574519902,27.147794010514573],[88.32257731200636,27.147848792307116],[88.32247292057454,27.147853005161615],[88.32247012847016,27.147798223371126]]]}},{"type":"Feature","properties":{"source":"Microsoft Global ML Building Footprints"},"geometry":{"type":"Polygon","coordinates":[[[88.32366943060327,27.156633480031303],[88.32365661757508,27.156685890254543],[88.32347734559417,27.15665119294922],[88.32349015862238,27.156598782709686],[88.32366943060327,27.156633480031303]]]}},{"type":"Feature","properties":{"source":"Microsoft Global ML Building Footprints"},"geometry":{"type":"Polygon","coordinates":[[[88.3237199955352,27.156137161592028],[88.3236583183064,27.156137975855792],[88.32365758124978,27.15609377686431],[88.32371925854257,27.156092966440276],[88.3237199955352,27.156137161592028]]]}},{"type":"Feature","properties":{"source":"Microsoft Global ML Building Footprints"},"geometry":{"type":"Polygon","coordinates":[[[88.3148254345383,27.15719451991584],[88.31486071680014,27.157259141471194],[88.3148108049068,27.15728071524253],[88.31477552127194,27.15721609118487],[88.3148254345383,27.15719451991584]]]}},{"type":"Feature","properties":{"source":"Microsoft Global ML Building Footprints"},"geometry":{"type":"Polygon","coordinates":[[[88.32467841655954,27.157221763885595],[88.32468079923764,27.157320752856556],[88.32457892217569,27.157322700522947],[88.32457653934496,27.15722370521241],[88.32467841655954,27.157221763885595]]]}},{"type":"Feature","properties":{"source":"Microsoft Global ML Building Footprints"},"geometry":{"type":"Polygon","coordinates":[[[88.31113259181426,27.14793659366238],[88.31122373682999,27.14795814108612],[88.31120281140919,27.14802822638427],[88.31111166282803,27.148006672454585],[88.31113259181426,27.14793659366238]]]}},{"type":"Feature","properties":{"source":"Microsoft Global ML Building Footprints"},"geometry":{"type":"Polygon","coordinates":[[[88.31468171124317,27.15745377934266],[88.31461362372765,27.157471786658434],[88.31458177686243,27.15737645729473],[88.31464987256939,27.157358452037712],[88.31468171124317,27.15745377934266]]]}},{"type":"Feature","properties":{"source":"Microsoft Global ML Building Footprints"},"geometry":{"type":"Polygon","coordinates":[[[88.32116324605035,27.15035195984533],[88.3212072993197,27.15035353461451],[88.32120547363577,27.15039404259975],[88.32116141718537,27.150392467717396],[88.32116324605035,27.15035195984533]]]}},{"type":"Feature","properties":{"source":"Microsoft Global ML Building Footprints"},"geometry":{"type":"Polygon","coordinates":[[[88.32196846690978,27.14951833894486],[88.322006794141,27.149562669548196],[88.32195191444018,27.1496002409878],[88.3219135831622,27.149555909751804],[88.32196846690978,27.14951833894486]]]}},{"type":"Feature","properties":{"source":"Microsoft Global ML Building Footprints"},"geometry":{"type":"Polygon","coordinates":[[[88.32460820967995,27.156962962559113],[88.32460973177608,27.15702498251109],[88.32455611316293,27.15702602427931],[88.3245545910668,27.156964004327904],[88.32460820967995,27.156962962559113]]]}},{"type":"Feature","properties":{"source":"Microsoft Global ML Building Footprints"},"geometry":{"type":"Polygon","coordinates":[[[88.31858337384269,27.149083967656253],[88.31855940645086,27.149137529982127],[88.31848069066193,27.149109641207104],[88.31850465805375,27.149056078867872],[88.31858337384269,27.149083967656253]]]}},{"type":"Feature","properties":{"source":"Microsoft Global ML Building Footprints"},"geometry":{"type":"Polygon","coordinates":[[[88.3197588450547,27.146355334592002],[88.3198329585311,27.14636295053223],[88.31982734159821,27.146406231849838],[88.3197532287129,27.14639861135761],[88.3197588450547,27.146355334592002]]]}},{"type":"Feature","properties":{"source":"Microsoft Global ML Building Footprints"},"geometry":{"type":"Polygon","coordinates":[[[88.32072472799209,27.145878523216837],[88.32078962759167,27.14586275573776],[88.32080012371327,27.145896964711547],[88.32073522295954,27.145912728424214],[88.32072472799209,27.145878523216837]]]}},{"type":"Feature","properties":{"source":"Microsoft Global ML Building Footprints"},"geometry":{"type":"Polygon","coordinates":[[[88.31859085066912,27.15745159748539],[88.31859875742794,27.157387938656825],[88.31866068627454,27.157394024202148],[88.31865278446286,27.157457683513385],[88.31859085066912,27.15745159748539]]]}},{"type":"Feature","properties":{"source":"Microsoft Global ML Building Footprints"},"geometry":{"type":"Polygon","coordinates":[[[88.31144601153352,27.15894919069411],[88.31147493345337,27.158952843179733],[88.31146540101713,27.159012627371865],[88.31143647881578,27.159008976653702],[88.31144601153352,27.15894919069411]]]}},{"type":"Feature","properties":{"source":"Microsoft Global ML Building Footprints"},"geometry":{"type":"Polygon","coordinates":[[[88.312021634497,27.15557009357591],[88.3119629679689,27.155597720567656],[88.31191366356413,27.155514842207808],[88.31197232839453,27.15548721234176],[88.312021634497,27.15557009357591]]]}},{"type":"Feature","properties":{"source":"Microsoft Global ML Building Footprints"},"geometry":{"type":"Polygon","coordinates":[[[88.3140591896506,27.151947355816716],[88.3139744673689,27.152001700296836],[88.31392295111335,27.151938106800678],[88.31400767620781,27.151883765761774],[88.3140591896506,27.151947355816716]]]}},{"type":"Feature","properties":{"source":"Microsoft Global ML Building Footprints"},"geometry":{"type":"Polygon","coordinates":[[[88.32032406308339,27.14533614265276],[88.32032251103031,27.14538622671106],[88.32023406538806,27.14538405641568],[88.32023561744114,27.145333972356426],[88.32032406308339,27.14533614265276]]]}},{"type":"Feature","properties":{"source":"Microsoft Global ML Building Footprints"},"geometry":{"type":"Polygon","coordinates":[[[88.32412446970763,27.155582569351083],[88.32416449088609,27.15554847000366],[88.3241912888281,27.1555733682997],[88.324151266628,27.15560746851],[88.32412446970763,27.155582569351083]]]}},{"type":"Feature","properties":{"source":"Microsoft Global ML Building Footprints"},"geometry":{"type":"Polygon","coordinates":[[[88.31100166636637,27.15909686541616],[88.31106176272283,27.159149358938485],[88.31101022953686,27.159196063323954],[88.31095013528301,27.159143567917994],[88.31100166636637,27.15909686541616]]]}},{"type":"Feature","properties":{"source":"Microsoft Global ML Building Footprints"},"geometry":{"type":"Polygon","coordinates":[[[88.31252735982358,27.150506880506597],[88.31254886189434,27.150451430368292],[88.31263754342595,27.150478663314345],[88.31261604135518,27.15053411343913],[88.31252735982358,27.150506880506597]]]}},{"type":"Feature","properties":{"source":"Microsoft Global ML Building Footprints"},"geometry":{"type":"Polygon","coordinates":[[[88.31255714381957,27.150281347192376],[88.31258269877,27.150243908083304],[88.31264824011836,27.150279325118085],[88.31262268528411,27.150316768359787],[88.31255714381957,27.150281347192376]]]}},{"type":"Feature","properties":{"source":"Microsoft Global ML Building Footprints"},"geometry":{"type":"Polygon","coordinates":[[[88.32519804417868,27.155129944603594],[88.32519345586107,27.155053793528985],[88.32526031890968,27.15505060402208],[88.3252649072273,27.155126755098863],[88.32519804417868,27.155129944603594]]]}},{"type":"Feature","properties":{"source":"Microsoft Global ML Building Footprints"},"geometry":{"type":"Polygon","coordinates":[[[88.32221070627843,27.154594676591927],[88.32217049057833,27.154595422907143],[88.32216926451736,27.154542941075995],[88.32220948021745,27.154542194760452],[88.32221070627843,27.154594676591927]]]}},{"type":"Feature","properties":{"source":"Microsoft Global ML Building Footprints"},"geometry":{"type":"Polygon","coordinates":[[[88.32267628993174,27.154859725533385],[88.32264254171055,27.15491153007035],[88.3225593909904,27.1548686445705],[88.32259313616143,27.154816838440524],[88.32267628993174,27.154859725533385]]]}},{"type":"Feature","properties":{"source":"Microsoft Global ML Building Footprints"},"geometry":{"type":"Polygon","coordinates":[[[88.31119965928923,27.14860691257072],[88.3112234136723,27.14857196183177],[88.31132553690176,27.148626918732774],[88.31130178251865,27.14866186945452],[88.31119965928923,27.14860691257072]]]}},{"type":"Feature","properties":{"source":"Microsoft Global ML Building Footprints"},"geometry":{"type":"Polygon","coordinates":[[[88.31800763968954,27.151979469919468],[88.31807996718177,27.151981767094718],[88.31807690741476,27.152058041961325],[88.31800457992253,27.152055744787624],[88.31800763968954,27.151979469919468]]]}},{"type":"Feature","properties":{"source":"Microsoft Global ML Building Footprints"},"geometry":{"type":"Polygon","coordinates":[[[88.31141081093183,27.152128395887303],[88.31145921516506,27.15216889155667],[88.31142708968902,27.152199293886518],[88.31125411664925,27.152054582155266],[88.31133041164021,27.15198237399276],[88.31145498346139,27.152086592655074],[88.31141081093183,27.152128395887303]]]}},{"type":"Feature","properties":{"source":"Microsoft Global ML Building Footprints"},"geometry":{"type":"Polygon","coordinates":[[[88.32640425552856,27.154741856186334],[88.32646324613903,27.15474093778456],[88.32646427418088,27.154793426270444],[88.32640528357041,27.154794344671778],[88.32640425552856,27.154741856186334]]]}},{"type":"Feature","properties":{"source":"Microsoft Global ML Building Footprints"},"geometry":{"type":"Polygon","coordinates":[[[88.3114319559804,27.14867134308801],[88.31145213330328,27.148754443475],[88.31137116660706,27.148770009442018],[88.3113509842097,27.1486869150849],[88.3114319559804,27.14867134308801]]]}},{"type":"Feature","properties":{"source":"Microsoft Global ML Building Footprints"},"geometry":{"type":"Polygon","coordinates":[[[88.3166464776134,27.159314577320437],[88.31659946042454,27.159337947409547],[88.31656063215621,27.15927610715874],[88.31666488766193,27.159224286491032],[88.31669229585137,27.15926793845661],[88.31663505753448,27.15929638901111],[88.3166464776134,27.159314577320437]]]}},{"type":"Feature","properties":{"source":"Microsoft Global ML Building Footprints"},"geometry":{"type":"Polygon","coordinates":[[[88.32628435994249,27.155810894607527],[88.32620928314216,27.155809674348802],[88.32621065457589,27.155742873345318],[88.32623210509026,27.155743221990875],[88.32623298672621,27.155700278467677],[88.32628661301219,27.15570115008189],[88.32628435994249,27.155810894607527]]]}},{"type":"Feature","properties":{"source":"Microsoft Global ML Building Footprints"},"geometry":{"type":"Polygon","coordinates":[[[88.322496481629,27.158498905211772],[88.32249840318907,27.158448847345788],[88.32257341753485,27.158451126950474],[88.32257149597478,27.15850118481545],[88.322496481629,27.158498905211772]]]}},{"type":"Feature","properties":{"source":"Microsoft Global ML Building Footprints"},"geometry":{"type":"Polygon","coordinates":[[[88.31602014855618,27.15769416889588],[88.31586123728664,27.157720996537428],[88.31583738362868,27.15760913860224],[88.31599628436771,27.157582302816408],[88.31602014855618,27.15769416889588]]]}},{"type":"Feature","properties":{"source":"Microsoft Global ML Building Footprints"},"geometry":{"type":"Polygon","coordinates":[[[88.31418607717313,27.155354322439244],[88.31411615087747,27.15541006997399],[88.31405216409347,27.155346527710627],[88.31412209038915,27.155290780144163],[88.31418607717313,27.155354322439244]]]}},{"type":"Feature","properties":{"source":"Microsoft Global ML Building Footprints"},"geometry":{"type":"Polygon","coordinates":[[[88.31790700794255,27.154735249859577],[88.31792970651901,27.15467254447308],[88.31800849527313,27.15469512431433],[88.31798579222806,27.154757828407497],[88.31790700794255,27.154735249859577]]]}},{"type":"Feature","properties":{"source":"Microsoft Global ML Building Footprints"},"geometry":{"type":"Polygon","coordinates":[[[88.31856969874056,27.1576045417276],[88.31855019681828,27.157691777526523],[88.31845989235042,27.157675795506023],[88.31847939427273,27.157588559694616],[88.31856969874056,27.1576045417276]]]}},{"type":"Feature","properties":{"source":"Microsoft Global ML Building Footprints"},"geometry":{"type":"Polygon","coordinates":[[[88.31889764655354,27.15247728926603],[88.31889018447758,27.152521640968367],[88.31885083327757,27.15251639908663],[88.31885829535352,27.15247204738219],[88.31889764655354,27.15247728926603]]]}},{"type":"Feature","properties":{"source":"Microsoft Global ML Building Footprints"},"geometry":{"type":"Polygon","coordinates":[[[88.32034748465388,27.148988385940868],[88.32033243270662,27.149032007383987],[88.32026134991158,27.149012586715386],[88.32027640185882,27.148968965264714],[88.32034748465388,27.148988385940868]]]}},{"type":"Feature","properties":{"source":"Microsoft Global ML Building Footprints"},"geometry":{"type":"Polygon","coordinates":[[[88.32513535210194,27.15656467775706],[88.32522515193136,27.156554718150687],[88.3252343701521,27.15662051857624],[88.32513664680833,27.156631356965],[88.32513960980785,27.156652507091515],[88.3250577334928,27.156661587901162],[88.32503765094046,27.156518236976986],[88.32512745076987,27.156508277366456],[88.32513535210194,27.15656467775706]]]}},{"type":"Feature","properties":{"source":"Microsoft Global ML Building Footprints"},"geometry":{"type":"Polygon","coordinates":[[[88.31501347477956,27.155204974572897],[88.31501689508129,27.155275334713508],[88.31496067370233,27.155277494915644],[88.31495725357051,27.15520713827101],[88.31501347477956,27.155204974572897]]]}},{"type":"Feature","properties":{"source":"Microsoft Global ML Building Footprints"},"geometry":{"type":"Polygon","coordinates":[[[88.32024581933483,27.1582146551444],[88.32024539248224,27.15819795832322],[88.32033117878514,27.158196222131473],[88.32033276423768,27.15825823888421],[88.32013974505611,27.15826214531345],[88.32013858645621,27.15821682538374],[88.32024581933483,27.1582146551444]]]}},{"type":"Feature","properties":{"source":"Microsoft Global ML Building Footprints"},"geometry":{"type":"Polygon","coordinates":[[[88.32404675876327,27.15555854907811],[88.3240892492606,27.15563852884278],[88.32400022312082,27.155675967524225],[88.3239577377659,27.15559598562377],[88.32404675876327,27.15555854907811]]]}},{"type":"Feature","properties":{"source":"Microsoft Global ML Building Footprints"},"geometry":{"type":"Polygon","coordinates":[[[88.31100337376503,27.15824425624269],[88.31103098449606,27.15833437378616],[88.3109361110049,27.15835738545642],[88.31090849858892,27.15826726243209],[88.31100337376503,27.15824425624269]]]}},{"type":"Feature","properties":{"source":"Microsoft Global ML Building Footprints"},"geometry":{"type":"Polygon","coordinates":[[[88.32651241667097,27.15582914473613],[88.32652541685825,27.155876432720653],[88.32648745514236,27.155884694971938],[88.32647445495508,27.15583740699092],[88.32651241667097,27.15582914473613]]]}},{"type":"Feature","properties":{"source":"Microsoft Global ML Building Footprints"},"geometry":{"type":"Polygon","coordinates":[[[88.32080117702219,27.145198491284376],[88.32085011730997,27.145159330711998],[88.32088612377031,27.14519496226699],[88.32083718348252,27.145234122826892],[88.32080117702219,27.145198491284376]]]}},{"type":"Feature","properties":{"source":"Microsoft Global ML Building Footprints"},"geometry":{"type":"Polygon","coordinates":[[[88.32528612522813,27.15688420290619],[88.32514692877072,27.1568897418953],[88.32514417528968,27.15683496143427],[88.32506654649617,27.15683805048728],[88.32506343386542,27.156776124718064],[88.32528025911633,27.156767496668444],[88.32528612522813,27.15688420290619]]]}},{"type":"Feature","properties":{"source":"Microsoft Global ML Building Footprints"},"geometry":{"type":"Polygon","coordinates":[[[88.31442433345296,27.155080819968894],[88.31439054097439,27.155000203112273],[88.31451533793803,27.15495878802063],[88.31458208252045,27.155118016901135],[88.31453263466692,27.155134426632863],[88.31449968083642,27.155055810531223],[88.31442433345296,27.155080819968894]]]}},{"type":"Feature","properties":{"source":"Microsoft Global ML Building Footprints"},"geometry":{"type":"Polygon","coordinates":[[[88.3158488980847,27.156847409853626],[88.31577556482979,27.156849090399604],[88.31577293430527,27.156758462760266],[88.31584627468425,27.156756782049648],[88.3158488980847,27.156847409853626]]]}},{"type":"Feature","properties":{"source":"Microsoft Global ML Building Footprints"},"geometry":{"type":"Polygon","coordinates":[[[88.3192598234694,27.1557955944754],[88.31928110215301,27.155744466841767],[88.31931976394898,27.155757205558324],[88.31929848084754,27.155808334137824],[88.3192598234694,27.1557955944754]]]}},{"type":"Feature","properties":{"source":"Microsoft Global ML Building Footprints"},"geometry":{"type":"Polygon","coordinates":[[[88.32032178131949,27.149155080090765],[88.3203275610948,27.149076656643544],[88.3204023413419,27.14908102037797],[88.32039656156661,27.149159443822143],[88.32032178131949,27.149155080090765]]]}},{"type":"Feature","properties":{"source":"Microsoft Global ML Building Footprints"},"geometry":{"type":"Polygon","coordinates":[[[88.3199831168093,27.152757815645572],[88.32001761061987,27.152722252239073],[88.32005757879483,27.152752944594546],[88.32002308498427,27.152788507991268],[88.3199831168093,27.152757815645572]]]}},{"type":"Feature","properties":{"source":"Microsoft Global ML Building Footprints"},"geometry":{"type":"Polygon","coordinates":[[[88.32301840729878,27.15650963986718],[88.3230164084193,27.15646326828005],[88.32307800861162,27.15646116612016],[88.32308000765619,27.156507541538588],[88.32301840729878,27.15650963986718]]]}},{"type":"Feature","properties":{"source":"Microsoft Global ML Building Footprints"},"geometry":{"type":"Polygon","coordinates":[[[88.3205891129534,27.15286802167182],[88.32056893832024,27.152895365715196],[88.32053234287014,27.15287398642606],[88.32055251783115,27.152846644847962],[88.3205891129534,27.15286802167182]]]}},{"type":"Feature","properties":{"source":"Microsoft Global ML Building Footprints"},"geometry":{"type":"Polygon","coordinates":[[[88.31062851255109,27.155814407266703],[88.3107509610632,27.155850314982132],[88.31073068748199,27.155905048083696],[88.31060823763474,27.15586913236894],[88.31062851255109,27.155814407266703]]]}},{"type":"Feature","properties":{"source":"Microsoft Global ML Building Footprints"},"geometry":{"type":"Polygon","coordinates":[[[88.32036541329185,27.1559901955141],[88.32039718915887,27.155980010619118],[88.32042198675748,27.156041272116262],[88.32039021515577,27.15605145563852],[88.32036541329185,27.1559901955141]]]}},{"type":"Feature","properties":{"source":"Microsoft Global ML Building Footprints"},"geometry":{"type":"Polygon","coordinates":[[[88.32120788643917,27.15025664660235],[88.32121698476023,27.150328315004188],[88.32115342281948,27.150334703926937],[88.32114432499459,27.15026303943774],[88.32120788643917,27.15025664660235]]]}},{"type":"Feature","properties":{"source":"Microsoft Global ML Building Footprints"},"geometry":{"type":"Polygon","coordinates":[[[88.31886003984572,27.150568974580892],[88.31886137944075,27.15051888312758],[88.31890841046399,27.150519878967607],[88.3189107367838,27.15043314597667],[88.31896288442445,27.150434253404924],[88.3189586513024,27.1505925425044],[88.31891453319115,27.150591608343305],[88.31891510899092,27.150570140620445],[88.31886003984572,27.150568974580892]]]}},{"type":"Feature","properties":{"source":"Microsoft Global ML Building Footprints"},"geometry":{"type":"Polygon","coordinates":[[[88.31912007750364,27.1533363083595],[88.3189064425761,27.153196069096822],[88.31895513496865,27.153137342055736],[88.31914097998694,27.15325933888679],[88.31911663379064,27.153288702379122],[88.3191444236999,27.153306944879674],[88.31912007750364,27.1533363083595]]]}},{"type":"Feature","properties":{"source":"Microsoft Global ML Building Footprints"},"geometry":{"type":"Polygon","coordinates":[[[88.31958359440993,27.149405792319193],[88.31950929184023,27.149416458410514],[88.31950281095985,27.149380711662204],[88.3195771099713,27.14937004145108],[88.31958359440993,27.149405792319193]]]}},{"type":"Feature","properties":{"source":"Microsoft Global ML Building Footprints"},"geometry":{"type":"Polygon","coordinates":[[[88.32205288302448,27.15568223150661],[88.32200631065363,27.155736505570026],[88.32192395167748,27.155680550203805],[88.32197052674512,27.155626277945395],[88.32205288302448,27.15568223150661]]]}},{"type":"Feature","properties":{"source":"Microsoft Global ML Building Footprints"},"geometry":{"type":"Polygon","coordinates":[[[88.32344398512939,27.156520542450522],[88.32344273395043,27.156546746986344],[88.3233891864139,27.1565447228909],[88.3233904375929,27.156518518354602],[88.32344398512939,27.156520542450522]]]}},{"type":"Feature","properties":{"source":"Microsoft Global ML Building Footprints"},"geometry":{"type":"Polygon","coordinates":[[[88.31861740428806,27.15250220696013],[88.31869851547411,27.152472071170322],[88.31872366427511,27.15252565363192],[88.31864255151868,27.15255579504209],[88.31861740428806,27.15250220696013]]]}},{"type":"Feature","properties":{"source":"Microsoft Global ML Building Footprints"},"geometry":{"type":"Polygon","coordinates":[[[88.32056215731104,27.148613208014062],[88.32061794578134,27.148618082577777],[88.3206132502592,27.1486606328791],[88.32055746178892,27.14865575831724],[88.32056215731104,27.148613208014062]]]}},{"type":"Feature","properties":{"source":"Microsoft Global ML Building Footprints"},"geometry":{"type":"Polygon","coordinates":[[[88.32610186823707,27.153384587975566],[88.32599204090832,27.153381058784113],[88.32599349200412,27.153345306447058],[88.32610331933283,27.15334883563964],[88.32610186823707,27.153384587975566]]]}},{"type":"Feature","properties":{"source":"Microsoft Global ML Building Footprints"},"geometry":{"type":"Polygon","coordinates":[[[88.32610603910172,27.15592977178204],[88.32604977333676,27.155931415102494],[88.3260486300118,27.15590042343287],[88.32610489577677,27.15589878011196],[88.32610603910172,27.15592977178204]]]}},{"type":"Feature","properties":{"source":"Microsoft Global ML Building Footprints"},"geometry":{"type":"Polygon","coordinates":[[[88.32658334400952,27.155794553070052],[88.32660741569109,27.155906322071324],[88.3265540827689,27.155915412313313],[88.32653002025742,27.155803645078784],[88.32658334400952,27.155794553070052]]]}},{"type":"Feature","properties":{"source":"Microsoft Global ML Building Footprints"},"geometry":{"type":"Polygon","coordinates":[[[88.31435335185401,27.157358873296978],[88.31439387499545,27.157348456302103],[88.31441891351454,27.157425547743564],[88.31433969674428,27.15744591141859],[88.31431751977023,27.15737763044273],[88.31428937236205,27.15738486609434],[88.31426325419655,27.157304431003674],[88.31433009334644,27.15728724496907],[88.31435335185401,27.157358873296978]]]}},{"type":"Feature","properties":{"source":"Microsoft Global ML Building Footprints"},"geometry":{"type":"Polygon","coordinates":[[[88.31631877230802,27.153001597552716],[88.31638516608851,27.152977128397048],[88.31642499351179,27.1530626875819],[88.3163585997313,27.153087156718847],[88.31631877230802,27.153001597552716]]]}},{"type":"Feature","properties":{"source":"Microsoft Global ML Building Footprints"},"geometry":{"type":"Polygon","coordinates":[[[88.31644697456557,27.15212773951354],[88.31652489142768,27.15217313316645],[88.31646711849464,27.1522516464523],[88.31638919731006,27.152206250313107],[88.31644697456557,27.15212773951354]]]}},{"type":"Feature","properties":{"source":"Microsoft Global ML Building Footprints"},"geometry":{"type":"Polygon","coordinates":[[[88.31651173600166,27.15715859712394],[88.31646357217424,27.157156494607378],[88.31646732345094,27.157088463973864],[88.3165154874433,27.157090563499587],[88.31651173600166,27.15715859712394]]]}},{"type":"Feature","properties":{"source":"Microsoft Global ML Building Footprints"},"geometry":{"type":"Polygon","coordinates":[[[88.32513115698237,27.156903016894134],[88.3250489820617,27.156904025001836],[88.32504806238514,27.156844373215343],[88.32513023261443,27.15684336516466],[88.32513115698237,27.156903016894134]]]}},{"type":"Feature","properties":{"source":"Microsoft Global ML Building Footprints"},"geometry":{"type":"Polygon","coordinates":[[[88.31138348373925,27.148022430984362],[88.31129037359938,27.147990097259424],[88.31132710431385,27.147906332063492],[88.31142021666048,27.147938660780127],[88.31138348373925,27.148022430984362]]]}},{"type":"Feature","properties":{"source":"Microsoft Global ML Building Footprints"},"geometry":{"type":"Polygon","coordinates":[[[88.3118297115623,27.14704087605508],[88.31181190784768,27.14707383421105],[88.31175386540679,27.147049004089126],[88.311771671227,27.147016046826607],[88.3118297115623,27.14704087605508]]]}},{"type":"Feature","properties":{"source":"Microsoft Global ML Building Footprints"},"geometry":{"type":"Polygon","coordinates":[[[88.31191249088681,27.153584555363523],[88.31191852484284,27.153569803189818],[88.31200012927329,27.15359622918787],[88.31197685149087,27.153653129125324],[88.31179340579214,27.15359372384676],[88.31181064566644,27.15355157477729],[88.31191249088681,27.153584555363523]]]}},{"type":"Feature","properties":{"source":"Microsoft Global ML Building Footprints"},"geometry":{"type":"Polygon","coordinates":[[[88.32121340807296,27.156090882531224],[88.32134411217686,27.156099542880362],[88.32133645496201,27.156191119541766],[88.32120575018128,27.156182467294315],[88.32121340807296,27.156090882531224]]]}},{"type":"Feature","properties":{"source":"Microsoft Global ML Building Footprints"},"geometry":{"type":"Polygon","coordinates":[[[88.32381602436097,27.15882216772693],[88.32383558926847,27.158732473408747],[88.32399068006067,27.15875925461453],[88.32397111515317,27.158848948911228],[88.32381602436097,27.15882216772693]]]}},{"type":"Feature","properties":{"source":"Microsoft Global ML Building Footprints"},"geometry":{"type":"Polygon","coordinates":[[[88.31083133136295,27.148047106463622],[88.31088183951749,27.148068254030548],[88.31085290719044,27.14812296807083],[88.31080239903585,27.148101820514285],[88.31083133136295,27.148047106463622]]]}},{"type":"Feature","properties":{"source":"Microsoft Global ML Building Footprints"},"geometry":{"type":"Polygon","coordinates":[[[88.31343804169097,27.155766368899307],[88.313399269052,27.155776116324695],[88.31338418391282,27.15572861132302],[88.31342295238126,27.155718862527685],[88.31343804169097,27.155766368899307]]]}},{"type":"Feature","properties":{"source":"Microsoft Global ML Building Footprints"},"geometry":{"type":"Polygon","coordinates":[[[88.31826737253809,27.15528380155545],[88.31832684577526,27.155342954073575],[88.31828214982916,27.15537853148558],[88.31822267814637,27.15531938053232],[88.31826737253809,27.15528380155545]]]}},{"type":"Feature","properties":{"source":"Microsoft Global ML Building Footprints"},"geometry":{"type":"Polygon","coordinates":[[[88.32070730104712,27.15508071569233],[88.32062866100547,27.155147465182786],[88.32051077485288,27.15503750935065],[88.32058941489447,27.154970759794487],[88.32070730104712,27.15508071569233]]]}},{"type":"Feature","properties":{"source":"Microsoft Global ML Building Footprints"},"geometry":{"type":"Polygon","coordinates":[[[88.32206575016839,27.159064808343018],[88.3220728752585,27.159104362368318],[88.32200337026295,27.15911427398121],[88.32199624213942,27.159074720391978],[88.32206575016839,27.159064808343018]]]}},{"type":"Feature","properties":{"source":"Microsoft Global ML Building Footprints"},"geometry":{"type":"Polygon","coordinates":[[[88.31136266328785,27.15584919377966],[88.31132739418592,27.155866175892385],[88.31130107791284,27.15582290648505],[88.31133634598156,27.15580592266695],[88.31136266328785,27.15584919377966]]]}},{"type":"Feature","properties":{"source":"Microsoft Global ML Building Footprints"},"geometry":{"type":"Polygon","coordinates":[[[88.31156267200588,27.151631907234403],[88.31146938753801,27.15166553784286],[88.31143111419911,27.151581483991293],[88.31152439298803,27.1515478554049],[88.31156267200588,27.151631907234403]]]}},{"type":"Feature","properties":{"source":"Microsoft Global ML Building Footprints"},"geometry":{"type":"Polygon","coordinates":[[[88.31552153850794,27.156506658853125],[88.3155639373931,27.156485037229636],[88.31561022391664,27.156556894293843],[88.31556782503147,27.15657851590342],[88.31552153850794,27.156506658853125]]]}},{"type":"Feature","properties":{"source":"Microsoft Global ML Building Footprints"},"geometry":{"type":"Polygon","coordinates":[[[88.31857388086088,27.152638502323946],[88.31861979786261,27.15269473582113],[88.31854339656157,27.15274412793569],[88.31849748245496,27.152687892591757],[88.31857388086088,27.152638502323946]]]}},{"type":"Feature","properties":{"source":"Microsoft Global ML Building Footprints"},"geometry":{"type":"Polygon","coordinates":[[[88.32406143679614,27.15805400953419],[88.32426417429461,27.15805079016188],[88.32426508353066,27.15809611916918],[88.3240623495967,27.158099338483566],[88.32406143679614,27.15805400953419]]]}},{"type":"Feature","properties":{"source":"Microsoft Global ML Building Footprints"},"geometry":{"type":"Polygon","coordinates":[[[88.32110055364085,27.151501904290576],[88.32110500383182,27.151461721382866],[88.32115676010241,27.15146625640726],[88.32115231304176,27.151506439587635],[88.32110055364085,27.151501904290576]]]}},{"type":"Feature","properties":{"source":"Microsoft Global ML Building Footprints"},"geometry":{"type":"Polygon","coordinates":[[[88.318109578159,27.155919468197226],[88.31813702322698,27.155888786764528],[88.31818299991019,27.15592134641829],[88.31815555484222,27.155952027842034],[88.318109578159,27.155919468197226]]]}},{"type":"Feature","properties":{"source":"Microsoft Global ML Building Footprints"},"geometry":{"type":"Polygon","coordinates":[[[88.32117875383528,27.145410480020892],[88.32119388220796,27.14546946348409],[88.32112759757474,27.145482925480948],[88.32111246920206,27.145423942024834],[88.32117875383528,27.145410480020892]]]}},{"type":"Feature","properties":{"source":"Microsoft Global ML Building Footprints"},"geometry":{"type":"Polygon","coordinates":[[[88.32186713217374,27.148232315769064],[88.32191200954595,27.14823737449442],[88.3219038397765,27.148294760909515],[88.32185896279589,27.148289699436056],[88.32186713217374,27.148232315769064]]]}},{"type":"Feature","properties":{"source":"Microsoft Global ML Building Footprints"},"geometry":{"type":"Polygon","coordinates":[[[88.32424525229096,27.155258129584723],[88.32414824878146,27.155282292826264],[88.3241315370045,27.155229178297027],[88.32422854051397,27.155205015043983],[88.32424525229096,27.155258129584723]]]}},{"type":"Feature","properties":{"source":"Microsoft Global ML Building Footprints"},"geometry":{"type":"Polygon","coordinates":[[[88.32443387316489,27.156720611496063],[88.3244329812179,27.156662161777177],[88.32450270579804,27.156661319432203],[88.32450359781126,27.15671977349271],[88.32443387316489,27.156720611496063]]]}},{"type":"Feature","properties":{"source":"Microsoft Global ML Building Footprints"},"geometry":{"type":"Polygon","coordinates":[[[88.31430983387826,27.15144324150163],[88.31422325075359,27.151469393060275],[88.31419752151078,27.15140194789622],[88.31428410279099,27.151375791486913],[88.31430983387826,27.15144324150163]]]}},{"type":"Feature","properties":{"source":"Microsoft Global ML Building Footprints"},"geometry":{"type":"Polygon","coordinates":[[[88.31774439491299,27.152901571323454],[88.3177907263213,27.15289311736509],[88.3177798480904,27.15284591642726],[88.31784934424566,27.152833231329907],[88.31788893141572,27.15300500105382],[88.31777310449027,27.15302614284942],[88.31774439491299,27.152901571323454]]]}},{"type":"Feature","properties":{"source":"Microsoft Global ML Building Footprints"},"geometry":{"type":"Polygon","coordinates":[[[88.31876697380515,27.158364515708136],[88.31880718909274,27.158365269503385],[88.3188056641317,27.15842967615518],[88.31876544884416,27.15842892236033],[88.31876697380515,27.158364515708136]]]}},{"type":"Feature","properties":{"source":"Microsoft Global ML Building Footprints"},"geometry":{"type":"Polygon","coordinates":[[[88.32502966519715,27.1576992138519],[88.32507045810237,27.157738498143395],[88.32500823485634,27.157789645672167],[88.32496744412178,27.157750363489058],[88.32502966519715,27.1576992138519]]]}},{"type":"Feature","properties":{"source":"Microsoft Global ML Building Footprints"},"geometry":{"type":"Polygon","coordinates":[[[88.311423365144,27.14708242698412],[88.31151708615359,27.147085835688863],[88.31151363848092,27.14716102217372],[88.31141991720413,27.14715761929839],[88.311423365144,27.14708242698412]]]}},{"type":"Feature","properties":{"source":"Microsoft Global ML Building Footprints"},"geometry":{"type":"Polygon","coordinates":[[[88.31235770478412,27.155166332177203],[88.31243858864181,27.155114844180524],[88.31249130331312,27.155180398944623],[88.31241041872354,27.15523189241398],[88.31235770478412,27.155166332177203]]]}},{"type":"Feature","properties":{"source":"Microsoft Global ML Building Footprints"},"geometry":{"type":"Polygon","coordinates":[[[88.31256097301417,27.147203547571927],[88.31268433483206,27.147204938159838],[88.31268341756919,27.147269369493266],[88.3125600557513,27.147267978906164],[88.31256097301417,27.147203547571927]]]}},{"type":"Feature","properties":{"source":"Microsoft Global ML Building Footprints"},"geometry":{"type":"Polygon","coordinates":[[[88.31038662303591,27.145967310685414],[88.3103940216495,27.14591948811872],[88.31054669765587,27.145938181952417],[88.31053929759858,27.14598601384281],[88.31038662303591,27.145967310685414]]]}},{"type":"Feature","properties":{"source":"Microsoft Global ML Building Footprints"},"geometry":{"type":"Polygon","coordinates":[[[88.3119411658543,27.148335707745893],[88.31194244367143,27.148424001159682],[88.31178690134394,27.148425783541676],[88.3117856235268,27.148337490129308],[88.3119411658543,27.148335707745893]]]}},{"type":"Feature","properties":{"source":"Microsoft Global ML Building Footprints"},"geometry":{"type":"Polygon","coordinates":[[[88.32000391214875,27.157705649299793],[88.32005844122416,27.157703248555855],[88.32006426669732,27.15780799825133],[88.31995724038813,27.157812710279124],[88.31994995854669,27.15768177314996],[88.32000245783536,27.157679461770655],[88.32000391214875,27.157705649299793]]]}},{"type":"Feature","properties":{"source":"Microsoft Global ML Building Footprints"},"geometry":{"type":"Polygon","coordinates":[[[88.32008069642472,27.15822917441089],[88.32009964223757,27.158278278003735],[88.32001326081803,27.158304657518805],[88.31999431500519,27.158255553937572],[88.32008069642472,27.15822917441089]]]}},{"type":"Feature","properties":{"source":"Microsoft Global ML Building Footprints"},"geometry":{"type":"Polygon","coordinates":[[[88.31236769778619,27.152319157485557],[88.31233254633229,27.15238076415568],[88.31226857218563,27.15235185995489],[88.31230372183222,27.15229025643641],[88.31236769778619,27.152319157485557]]]}},{"type":"Feature","properties":{"source":"Microsoft Global ML Building Footprints"},"geometry":{"type":"Polygon","coordinates":[[[88.3152743097448,27.157493877802153],[88.31536539493051,27.15744766687677],[88.31551889661655,27.15768719534767],[88.31546626962039,27.157713894938503],[88.31536995160614,27.157563597619095],[88.31533149225835,27.157583107073435],[88.3152743097448,27.157493877802153]]]}},{"type":"Feature","properties":{"source":"Microsoft Global ML Building Footprints"},"geometry":{"type":"Polygon","coordinates":[[[88.3262075857497,27.15552756105675],[88.32620183419255,27.155591588896776],[88.32615386090093,27.155588177186537],[88.32615961245807,27.155524149344572],[88.3262075857497,27.15552756105675]]]}},{"type":"Feature","properties":{"source":"Microsoft Global ML Building Footprints"},"geometry":{"type":"Polygon","coordinates":[[[88.31820112864492,27.151832841890396],[88.31829466393367,27.151827809082363],[88.31829918882109,27.15189439125016],[88.31820565353233,27.15189942405518],[88.31820112864492,27.151832841890396]]]}},{"type":"Feature","properties":{"source":"Microsoft Global ML Building Footprints"},"geometry":{"type":"Polygon","coordinates":[[[88.31181530437713,27.155716246748106],[88.3117701056172,27.15573060736078],[88.31173952512773,27.155654407710784],[88.31178472388768,27.155640047088283],[88.31181530437713,27.155716246748106]]]}},{"type":"Feature","properties":{"source":"Microsoft Global ML Building Footprints"},"geometry":{"type":"Polygon","coordinates":[[[88.31580697296464,27.157256784597948],[88.3157666806239,27.157264015899862],[88.31575391029547,27.15720770396853],[88.31579420634593,27.157200469487833],[88.31580697296464,27.157256784597948]]]}},{"type":"Feature","properties":{"source":"Microsoft Global ML Building Footprints"},"geometry":{"type":"Polygon","coordinates":[[[88.31918229315683,27.15146489321782],[88.31922678109544,27.15142733573589],[88.31927049250638,27.151468330535273],[88.31922600781928,27.151505888028765],[88.31918229315683,27.15146489321782]]]}},{"type":"Feature","properties":{"source":"Microsoft Global ML Building Footprints"},"geometry":{"type":"Polygon","coordinates":[[[88.32422838938541,27.159146682610412],[88.3242200590187,27.159193232450747],[88.32412699231291,27.159180053606335],[88.32413531910836,27.159133503254793],[88.32422838938541,27.159146682610412]]]}},{"type":"Feature","properties":{"source":"Microsoft Global ML Building Footprints"},"geometry":{"type":"Polygon","coordinates":[[[88.3112506464203,27.147661614643418],[88.31119169718681,27.147716477167236],[88.31114177384123,27.14767400314627],[88.31120072082032,27.14761913868358],[88.3112506464203,27.147661614643418]]]}},{"type":"Feature","properties":{"source":"Microsoft Global ML Building Footprints"},"geometry":{"type":"Polygon","coordinates":[[[88.32120580358948,27.155137254805176],[88.32118415296631,27.155196870631606],[88.32112343754554,27.155179413738203],[88.32111762270573,27.155195425121164],[88.3210578987904,27.155178249585866],[88.32108537088307,27.155102620481124],[88.32120580358948,27.155137254805176]]]}},{"type":"Feature","properties":{"source":"Microsoft Global ML Building Footprints"},"geometry":{"type":"Polygon","coordinates":[[[88.32134345917962,27.14685796889008],[88.32140144839175,27.146814446690342],[88.32144374904826,27.146859074692465],[88.3213857598361,27.146902596874845],[88.32134345917962,27.14685796889008]]]}},{"type":"Feature","properties":{"source":"Microsoft Global ML Building Footprints"},"geometry":{"type":"Polygon","coordinates":[[[88.32347659460974,27.15834524679287],[88.32348357390065,27.158310561168882],[88.32353658559373,27.15831900555601],[88.3235296089465,27.158353691598478],[88.32347659460974,27.15834524679287]]]}},{"type":"Feature","properties":{"source":"Microsoft Global ML Building Footprints"},"geometry":{"type":"Polygon","coordinates":[[[88.32126727763409,27.15594281009399],[88.32128966856793,27.155854214998968],[88.32139434578598,27.155875159419224],[88.32137195485215,27.155963754497655],[88.32126727763409,27.15594281009399]]]}},{"type":"Feature","properties":{"source":"Microsoft Global ML Building Footprints"},"geometry":{"type":"Polygon","coordinates":[[[88.32140557196249,27.15481572999554],[88.32133296035435,27.15480047329271],[88.3213461624945,27.15475074275858],[88.32149498661192,27.15478201277506],[88.32147673743891,27.154850775094133],[88.32140052241755,27.154834756523073],[88.32140557196249,27.15481572999554]]]}},{"type":"Feature","properties":{"source":"Microsoft Global ML Building Footprints"},"geometry":{"type":"Polygon","coordinates":[[[88.32373310990667,27.15608422613431],[88.32380803090227,27.156080950878305],[88.32381105460448,27.156135709093576],[88.32373613360888,27.15613898434797],[88.32373310990667,27.15608422613431]]]}},{"type":"Feature","properties":{"source":"Microsoft Global ML Building Footprints"},"geometry":{"type":"Polygon","coordinates":[[[88.32496079694697,27.156656914050124],[88.32484827090305,27.15669794923594],[88.32480168632385,27.1565968177486],[88.32491421513144,27.15655578852533],[88.32496079694697,27.156656914050124]]]}},{"type":"Feature","properties":{"source":"Microsoft Global ML Building Footprints"},"geometry":{"type":"Polygon","coordinates":[[[88.32550149626401,27.156207434724465],[88.32554085719177,27.15615853465865],[88.325578757719,27.156182686624284],[88.32553939424896,27.15623158505945],[88.32550149626401,27.156207434724465]]]}},{"type":"Feature","properties":{"source":"Microsoft Global ML Building Footprints"},"geometry":{"type":"Polygon","coordinates":[[[88.32007075921842,27.155671534388603],[88.3201125530758,27.155689924834135],[88.32008123370059,27.155746266138564],[88.32003944456623,27.155727875178208],[88.32007075921842,27.155671534388603]]]}},{"type":"Feature","properties":{"source":"Microsoft Global ML Building Footprints"},"geometry":{"type":"Polygon","coordinates":[[[88.32208371621763,27.15001098909434],[88.32208519576388,27.150069588671606],[88.32201698816891,27.150070952204878],[88.32201551312266,27.150012348290872],[88.32208371621763,27.15001098909434]]]}},{"type":"Feature","properties":{"source":"Microsoft Global ML Building Footprints"},"geometry":{"type":"Polygon","coordinates":[[[88.32231972806026,27.15440706305148],[88.32236140152483,27.154381362789536],[88.32238400398732,27.154410382085686],[88.32234233052277,27.154436082340972],[88.32231972806026,27.15440706305148]]]}},{"type":"Feature","properties":{"source":"Microsoft Global ML Building Footprints"},"geometry":{"type":"Polygon","coordinates":[[[88.32254501992271,27.154399510952807],[88.3225584244998,27.154368265122535],[88.32262865720872,27.154392119372787],[88.32261525263164,27.154423365196386],[88.32254501992271,27.154399510952807]]]}},{"type":"Feature","properties":{"source":"Microsoft Global ML Building Footprints"},"geometry":{"type":"Polygon","coordinates":[[[88.32264186487677,27.15421433923138],[88.32266777329055,27.154184297386323],[88.3227294996809,27.154226442944065],[88.32270359275445,27.15425648579329],[88.32264186487677,27.15421433923138]]]}},{"type":"Feature","properties":{"source":"Microsoft Global ML Building Footprints"},"geometry":{"type":"Polygon","coordinates":[[[88.32428844829322,27.159198917622916],[88.3242904120367,27.159170386942648],[88.32434118359623,27.15917315338192],[88.32433921985273,27.1592016840615],[88.32428844829322,27.159198917622916]]]}},{"type":"Feature","properties":{"source":"Microsoft Global ML Building Footprints"},"geometry":{"type":"Polygon","coordinates":[[[88.31081549174861,27.158638687322764],[88.31085236747376,27.15870761683467],[88.31078547441626,27.158735946937966],[88.31074859608779,27.158667022711825],[88.31081549174861,27.158638687322764]]]}},{"type":"Feature","properties":{"source":"Microsoft Global ML Building Footprints"},"geometry":{"type":"Polygon","coordinates":[[[88.31970024919289,27.148987676802257],[88.31963076583554,27.14899141555471],[88.31962478651998,27.148903429681233],[88.31969426987737,27.148899690925838],[88.31970024919289,27.148987676802257]]]}},{"type":"Feature","properties":{"source":"Microsoft Global ML Building Footprints"},"geometry":{"type":"Polygon","coordinates":[[[88.32448207547311,27.1561169712244],[88.32447867945257,27.15618604886702],[88.3244080622954,27.15618330477278],[88.32441145289269,27.15611422691773],[88.32448207547311,27.1561169712244]]]}},{"type":"Feature","properties":{"source":"Microsoft Global ML Building Footprints"},"geometry":{"type":"Polygon","coordinates":[[[88.31508484280558,27.155351093186937],[88.3150115466135,27.155367228531446],[88.3149893188231,27.155287312399622],[88.31506261381892,27.15527117274253],[88.31508484280558,27.155351093186937]]]}},{"type":"Feature","properties":{"source":"Microsoft Global ML Building Footprints"},"geometry":{"type":"Polygon","coordinates":[[[88.32045004871676,27.15296271147107],[88.32048654071917,27.153042590089242],[88.32042439064006,27.153065069486786],[88.32038789863763,27.152985190884664],[88.32045004871676,27.15296271147107]]]}},{"type":"Feature","properties":{"source":"Microsoft Global ML Building Footprints"},"geometry":{"type":"Polygon","coordinates":[[[88.32119505607392,27.15052918735944],[88.32123353746267,27.150517564347403],[88.32125802935299,27.15058176649555],[88.32121954796423,27.150593389500884],[88.32119505607392,27.15052918735944]]]}},{"type":"Feature","properties":{"source":"Microsoft Global ML Building Footprints"},"geometry":{"type":"Polygon","coordinates":[[[88.3213762784774,27.156085272175183],[88.32149953355943,27.156110478673774],[88.32145501858604,27.156282751898303],[88.32133177637505,27.15625754807079],[88.3213762784774,27.156085272175183]]]}},{"type":"Feature","properties":{"source":"Microsoft Global ML Building Footprints"},"geometry":{"type":"Polygon","coordinates":[[[88.31528448825375,27.156618374704287],[88.31527999024314,27.15660798348806],[88.31539677667902,27.15656796187846],[88.31542376474273,27.156630309183647],[88.31538172162578,27.15664471695672],[88.3154285009362,27.156752785522656],[88.31529069294183,27.156800010942312],[88.31522142357835,27.156639986365512],[88.31528448825375,27.156618374704287]]]}},{"type":"Feature","properties":{"source":"Microsoft Global ML Building Footprints"},"geometry":{"type":"Polygon","coordinates":[[[88.31972662580579,27.149322485972007],[88.3197694420188,27.149324317847118],[88.31976738031983,27.149362416576523],[88.31989047693222,27.149367683215544],[88.31988828637708,27.149408163099352],[88.31972237355171,27.149401064588425],[88.31972662580579,27.149322485972007]]]}},{"type":"Feature","properties":{"source":"Microsoft Global ML Building Footprints"},"geometry":{"type":"Polygon","coordinates":[[[88.32211125110841,27.14788457333254],[88.32215579326828,27.147859263278846],[88.32218012657617,27.147893170738875],[88.32213558252177,27.14791848186139],[88.32211125110841,27.14788457333254]]]}},{"type":"Feature","properties":{"source":"Microsoft Global ML Building Footprints"},"geometry":{"type":"Polygon","coordinates":[[[88.31805150724696,27.15174819208709],[88.31811317593996,27.151773800445262],[88.31807553360095,27.15184556004013],[88.31801386656215,27.151819948544947],[88.31805150724696,27.15174819208709]]]}},{"type":"Feature","properties":{"source":"Microsoft Global ML Building Footprints"},"geometry":{"type":"Polygon","coordinates":[[[88.32362295779524,27.158520372054163],[88.3236143416998,27.158546784852646],[88.32356339100265,27.158533627176027],[88.32357200518183,27.158507213879567],[88.32362295779524,27.158520372054163]]]}},{"type":"Feature","properties":{"source":"Microsoft Global ML Building Footprints"},"geometry":{"type":"Polygon","coordinates":[[[88.3240722907705,27.1574685006791],[88.32421916173257,27.157428065837813],[88.32423658227198,27.157478159552312],[88.32408971130995,27.157518594375496],[88.3240722907705,27.1574685006791]]]}},{"type":"Feature","properties":{"source":"Microsoft Global ML Building Footprints"},"geometry":{"type":"Polygon","coordinates":[[[88.32519085899315,27.157749076152676],[88.32512282158336,27.157798999267122],[88.32506752290789,27.157739342059863],[88.32513556311079,27.157689416869275],[88.32519085899315,27.157749076152676]]]}},{"type":"Feature","properties":{"source":"Microsoft Global ML Building Footprints"},"geometry":{"type":"Polygon","coordinates":[[[88.31091902111477,27.15878291204367],[88.31087663250783,27.15883115488284],[88.31080769279305,27.158783201785944],[88.3108500860964,27.15873495790008],[88.31091902111477,27.15878291204367]]]}},{"type":"Feature","properties":{"source":"Microsoft Global ML Building Footprints"},"geometry":{"type":"Polygon","coordinates":[[[88.31373937384157,27.156040212750916],[88.31377976709216,27.156021829930637],[88.31381348055918,27.156080469808757],[88.31377308730859,27.156098852619394],[88.31373937384157,27.156040212750916]]]}},{"type":"Feature","properties":{"source":"Microsoft Global ML Building Footprints"},"geometry":{"type":"Polygon","coordinates":[[[88.31753679163268,27.15240141321557],[88.31748703423243,27.152498079715947],[88.31743712003689,27.15247773807701],[88.31742290184116,27.152505356334984],[88.31737969867399,27.152487749657162],[88.31742234787416,27.152404892654346],[88.31745668817213,27.152418887438962],[88.31747801546578,27.15237746001739],[88.31753679163268,27.15240141321557]]]}},{"type":"Feature","properties":{"source":"Microsoft Global ML Building Footprints"},"geometry":{"type":"Polygon","coordinates":[[[88.32032327099704,27.154621621669953],[88.32044435008304,27.154591905974044],[88.32048766361883,27.15473162971621],[88.32047375693243,27.154735042744896],[88.32051018671139,27.154852590085106],[88.32040300409808,27.154878895194138],[88.32032327099704,27.154621621669953]]]}},{"type":"Feature","properties":{"source":"Microsoft Global ML Building Footprints"},"geometry":{"type":"Polygon","coordinates":[[[88.3215734663657,27.15422760086374],[88.32164526067572,27.154268984162137],[88.32161221443226,27.15431437343203],[88.32154042012225,27.154272990150446],[88.3215734663657,27.15422760086374]]]}},{"type":"Feature","properties":{"source":"Microsoft Global ML Building Footprints"},"geometry":{"type":"Polygon","coordinates":[[[88.3113320807816,27.15574196147086],[88.3113120150847,27.155771877691897],[88.31127245925477,27.155750873179144],[88.31129252495171,27.155720956952493],[88.3113320807816,27.15574196147086]]]}},{"type":"Feature","properties":{"source":"Microsoft Global ML Building Footprints"},"geometry":{"type":"Polygon","coordinates":[[[88.31316039603459,27.155860185130607],[88.3131095348395,27.1558581707147],[88.31311394363911,27.155770043150234],[88.3131648048342,27.155772057567717],[88.31316039603459,27.155860185130607]]]}},{"type":"Feature","properties":{"source":"Microsoft Global ML Building Footprints"},"geometry":{"type":"Polygon","coordinates":[[[88.31436609787616,27.154933288031394],[88.31441964541264,27.15493126390674],[88.31442203402703,27.15498129145434],[88.31436848649055,27.154983315578107],[88.31436609787616,27.154933288031394]]]}},{"type":"Feature","properties":{"source":"Microsoft Global ML Building Footprints"},"geometry":{"type":"Polygon","coordinates":[[[88.32180807055035,27.15030678885148],[88.32180424283028,27.15034947678859],[88.32175240274813,27.150345793139763],[88.32175623380454,27.15030310543832],[88.32180807055035,27.15030678885148]]]}},{"type":"Feature","properties":{"source":"Microsoft Global ML Building Footprints"},"geometry":{"type":"Polygon","coordinates":[[[88.31177156111409,27.14719049240341],[88.31174804117668,27.14723569759088],[88.3117008646566,27.147216262132893],[88.31172438752189,27.14717105814377],[88.31177156111409,27.14719049240341]]]}},{"type":"Feature","properties":{"source":"Microsoft Global ML Building Footprints"},"geometry":{"type":"Polygon","coordinates":[[[88.32233191308185,27.154720263687373],[88.32236755884948,27.1546627037105],[88.32241780743601,27.15468733993611],[88.32238215670891,27.154744900597613],[88.32233191308185,27.154720263687373]]]}},{"type":"Feature","properties":{"source":"Microsoft Global ML Building Footprints"},"geometry":{"type":"Polygon","coordinates":[[[88.31545527278391,27.157941155197165],[88.31539259394638,27.157978079250505],[88.31534623504726,27.15791578667254],[88.31540891527207,27.157878857878096],[88.31545527278391,27.157941155197165]]]}},{"type":"Feature","properties":{"source":"Microsoft Global ML Building Footprints"},"geometry":{"type":"Polygon","coordinates":[[[88.31558685431733,27.159203574109526],[88.3156333682815,27.159192529696405],[88.3156470988491,27.159238319723293],[88.31560058743645,27.15924936062971],[88.31558685431733,27.159203574109526]]]}},{"type":"Feature","properties":{"source":"Microsoft Global ML Building Footprints"},"geometry":{"type":"Polygon","coordinates":[[[88.31574954988815,27.1582774863178],[88.31581480826945,27.158247085023397],[88.31579717297159,27.158217116712315],[88.3158510764925,27.158192005184524],[88.31587814326258,27.158238006899815],[88.31584445957998,27.158253696697777],[88.31588241711685,27.15831820793018],[88.31579694475114,27.15835802609203],[88.31574954988815,27.1582774863178]]]}},{"type":"Feature","properties":{"source":"Microsoft Global ML Building Footprints"},"geometry":{"type":"Polygon","coordinates":[[[88.32384622575643,27.15896736961016],[88.3237910226701,27.158966871156558],[88.32379157621686,27.158918002749964],[88.3238467831861,27.15891849780099],[88.32384622575643,27.15896736961016]]]}},{"type":"Feature","properties":{"source":"Microsoft Global ML Building Footprints"},"geometry":{"type":"Polygon","coordinates":[[[88.31341235298135,27.15825809004118],[88.3133504036103,27.158283485545795],[88.31331829607716,27.158221490617535],[88.31338024380018,27.15819609191678],[88.31341235298135,27.15825809004118]]]}},{"type":"Feature","properties":{"source":"Microsoft Global ML Building Footprints"},"geometry":{"type":"Polygon","coordinates":[[[88.32165739745298,27.150254700509016],[88.32171099263843,27.150256142414477],[88.32170794819498,27.150345739549053],[88.32165435289622,27.15034430097949],[88.32165739745298,27.150254700509016]]]}},{"type":"Feature","properties":{"source":"Microsoft Global ML Building Footprints"},"geometry":{"type":"Polygon","coordinates":[[[88.31907183784473,27.153317352047928],[88.31904247567272,27.153365111767442],[88.31896402705095,27.153326927443402],[88.31899338922297,27.15327916770756],[88.31907183784473,27.153317352047928]]]}},{"type":"Feature","properties":{"source":"Microsoft Global ML Building Footprints"},"geometry":{"type":"Polygon","coordinates":[[[88.31969005626638,27.156290919588038],[88.31975320030395,27.15627276459668],[88.31977281978166,27.156326787037777],[88.31970967574411,27.15634494202036],[88.31969005626638,27.156290919588038]]]}},{"type":"Feature","properties":{"source":"Microsoft Global ML Building Footprints"},"geometry":{"type":"Polygon","coordinates":[[[88.3212681266691,27.155274810612624],[88.32128635454443,27.155221477492233],[88.32133300352183,27.155234096925952],[88.3213147747377,27.15528743269943],[88.3212681266691,27.155274810612624]]]}},{"type":"Feature","properties":{"source":"Microsoft Global ML Building Footprints"},"geometry":{"type":"Polygon","coordinates":[[[88.3217738491442,27.1484075888405],[88.32174985955004,27.148466708861086],[88.32170002964288,27.148450698915987],[88.32172401923708,27.148391578886923],[88.3217738491442,27.1484075888405]]]}},{"type":"Feature","properties":{"source":"Microsoft Global ML Building Footprints"},"geometry":{"type":"Polygon","coordinates":[[[88.32211936323526,27.14760203077391],[88.32204216865101,27.14767975073206],[88.32199699169531,27.147644221250623],[88.32207418627956,27.147566501267782],[88.32211936323526,27.14760203077391]]]}},{"type":"Feature","properties":{"source":"Microsoft Global ML Building Footprints"},"geometry":{"type":"Polygon","coordinates":[[[88.31248491415596,27.15539260296071],[88.31251437304017,27.155391573792315],[88.31251679152219,27.155446380039386],[88.31248733263797,27.155447409207284],[88.31248491415596,27.15539260296071]]]}},{"type":"Feature","properties":{"source":"Microsoft Global ML Building Footprints"},"geometry":{"type":"Polygon","coordinates":[[[88.32250588705261,27.158340808393802],[88.32258458526387,27.158343910555146],[88.32258155962134,27.158404771558608],[88.32250285638848,27.15840167410206],[88.32250588705261,27.158340808393802]]]}},{"type":"Feature","properties":{"source":"Microsoft Global ML Building Footprints"},"geometry":{"type":"Polygon","coordinates":[[[88.32477340851284,27.156569037027815],[88.32481364517864,27.15666133685226],[88.32473204653652,27.15668950317192],[88.32469180794526,27.15659719895386],[88.32477340851284,27.156569037027815]]]}},{"type":"Feature","properties":{"source":"Microsoft Global ML Building Footprints"},"geometry":{"type":"Polygon","coordinates":[[[88.32100517761928,27.14526942193538],[88.32101815442144,27.145296496076995],[88.32097049622129,27.14531458094347],[88.32093332268316,27.14523702395453],[88.32102276715604,27.145203076846464],[88.32104696173602,27.14525356349992],[88.32100517761928,27.14526942193538]]]}},{"type":"Feature","properties":{"source":"Microsoft Global ML Building Footprints"},"geometry":{"type":"Polygon","coordinates":[[[88.32132291662387,27.15538344307128],[88.32140588211335,27.15540669276659],[88.32138359480443,27.155469657171984],[88.32130062931492,27.155446407489805],[88.32132291662387,27.15538344307128]]]}},{"type":"Feature","properties":{"source":"Microsoft Global ML Building Footprints"},"geometry":{"type":"Polygon","coordinates":[[[88.32247606107391,27.154783032281863],[88.32246790827608,27.154814787053702],[88.32242457227322,27.1548059784201],[88.32244262489701,27.15473566426475],[88.32255223949254,27.154757944938922],[88.32254233966654,27.154796504312237],[88.32247606107391,27.154783032281863]]]}},{"type":"Feature","properties":{"source":"Microsoft Global ML Building Footprints"},"geometry":{"type":"Polygon","coordinates":[[[88.3249529514233,27.156890420820126],[88.32495545769201,27.156842794618825],[88.32503039550029,27.15684591192234],[88.32502788923162,27.15689353812229],[88.3249529514233,27.156890420820126]]]}},{"type":"Feature","properties":{"source":"Microsoft Global ML Building Footprints"},"geometry":{"type":"Polygon","coordinates":[[[88.31053892241721,27.154460640788365],[88.31058057317173,27.15445869804425],[88.31058301599488,27.15450016134944],[88.3105413618356,27.154502101657634],[88.31053892241721,27.154460640788365]]]}},{"type":"Feature","properties":{"source":"Microsoft Global ML Building Footprints"},"geometry":{"type":"Polygon","coordinates":[[[88.31134166256996,27.158884141351393],[88.31142520874562,27.158899130035593],[88.31140517705951,27.158987552247858],[88.31132162306706,27.158972567376253],[88.31134166256996,27.158884141351393]]]}},{"type":"Feature","properties":{"source":"Microsoft Global ML Building Footprints"},"geometry":{"type":"Polygon","coordinates":[[[88.31838598388619,27.15126596828553],[88.31839371075809,27.151238131549093],[88.31845053256643,27.151250619469366],[88.31844280868373,27.15127845332082],[88.31838598388619,27.15126596828553]]]}},{"type":"Feature","properties":{"source":"Microsoft Global ML Building Footprints"},"geometry":{"type":"Polygon","coordinates":[[[88.32200362692429,27.151746933097485],[88.32199728096904,27.151774412370465],[88.32191492764612,27.151759354673374],[88.32192127360136,27.1517318753967],[88.32200362692429,27.151746933097485]]]}},{"type":"Feature","properties":{"source":"Microsoft Global ML Building Footprints"},"geometry":{"type":"Polygon","coordinates":[[[88.3222767182099,27.147542489791398],[88.32221374084378,27.147550832167482],[88.32220514691042,27.147499462679214],[88.32226812427658,27.147491120299257],[88.3222767182099,27.147542489791398]]]}},{"type":"Feature","properties":{"source":"Microsoft Global ML Building Footprints"},"geometry":{"type":"Polygon","coordinates":[[[88.32441406801965,27.15739856023835],[88.32443493732988,27.157459747507055],[88.32435634462965,27.1574809687436],[88.32433547531942,27.157419781486517],[88.32441406801965,27.15739856023835]]]}},{"type":"Feature","properties":{"source":"Microsoft Global ML Building Footprints"},"geometry":{"type":"Polygon","coordinates":[[[88.3163744456086,27.144716813565815],[88.31640022473663,27.144765726101056],[88.31636158521161,27.14478184944582],[88.31633580923717,27.14473293560171],[88.3163744456086,27.144716813565815]]]}},{"type":"Feature","properties":{"source":"Microsoft Global ML Building Footprints"},"geometry":{"type":"Polygon","coordinates":[[[88.3110241331253,27.150821359312282],[88.31099218912614,27.150799428557114],[88.31104018949402,27.150744076457833],[88.31115697769741,27.150824255964466],[88.31113176514712,27.150853332686246],[88.31104692238142,27.15079507966464],[88.3110241331253,27.150821359312282]]]}},{"type":"Feature","properties":{"source":"Microsoft Global ML Building Footprints"},"geometry":{"type":"Polygon","coordinates":[[[88.31425675771392,27.15706738821566],[88.31428740868691,27.1571712426121],[88.31423722419171,27.157182965023722],[88.31420657408155,27.157079113561736],[88.31425675771392,27.15706738821566]]]}},{"type":"Feature","properties":{"source":"Microsoft Global ML Building Footprints"},"geometry":{"type":"Polygon","coordinates":[[[88.31130348092836,27.151932633926855],[88.31123683736784,27.15187990027126],[88.31127621156195,27.151840506047648],[88.31125075142923,27.15182035837792],[88.31129262726503,27.151778461217255],[88.3113847282726,27.151851338877854],[88.31130348092836,27.151932633926855]]]}},{"type":"Feature","properties":{"source":"Microsoft Global ML Building Footprints"},"geometry":{"type":"Polygon","coordinates":[[[88.31945860815355,27.15548035250996],[88.31935938994306,27.155478993192112],[88.31936050476286,27.155414571527544],[88.31945972297335,27.15541593084616],[88.31945860815355,27.15548035250996]]]}},{"type":"Feature","properties":{"source":"Microsoft Global ML Building Footprints"},"geometry":{"type":"Polygon","coordinates":[[[88.31437921461222,27.15554508986716],[88.31441638559507,27.155600463226335],[88.31436893906609,27.155625678489756],[88.31433176662124,27.155570302965245],[88.31437921461222,27.15554508986716]]]}},{"type":"Feature","properties":{"source":"Microsoft Global ML Building Footprints"},"geometry":{"type":"Polygon","coordinates":[[[88.31552137756391,27.15666254294866],[88.31547109096918,27.156681178596074],[88.31543258601332,27.156598907936633],[88.31548287385709,27.156580274944197],[88.31552137756391,27.15666254294866]]]}},{"type":"Feature","properties":{"source":"Microsoft Global ML Building Footprints"},"geometry":{"type":"Polygon","coordinates":[[[88.31678092313209,27.150265808691962],[88.3168601456569,27.150267422023575],[88.3168588788241,27.15031652586252],[88.31677966028641,27.150314907679338],[88.31678092313209,27.150265808691962]]]}},{"type":"Feature","properties":{"source":"Microsoft Global ML Building Footprints"},"geometry":{"type":"Polygon","coordinates":[[[88.31811485212557,27.15166821802962],[88.31807075226206,27.15167033273432],[88.31806888100687,27.151639396220446],[88.31811297844409,27.151637281631515],[88.31811485212557,27.15166821802962]]]}},{"type":"Feature","properties":{"source":"Microsoft Global ML Building Footprints"},"geometry":{"type":"Polygon","coordinates":[[[88.32050556542694,27.150261147514257],[88.32057696322414,27.150230040243848],[88.32066424070587,27.1503886699115],[88.32059284093529,27.150419773551008],[88.32050556542694,27.150261147514257]]]}},{"type":"Feature","properties":{"source":"Microsoft Global ML Building Footprints"},"geometry":{"type":"Polygon","coordinates":[[[88.31185407306239,27.151502376791242],[88.31189888241052,27.151558842616858],[88.31186487493052,27.151580207556464],[88.31182006670392,27.151523743154854],[88.31185407306239,27.151502376791242]]]}},{"type":"Feature","properties":{"source":"Microsoft Global ML Building Footprints"},"geometry":{"type":"Polygon","coordinates":[[[88.31560178362264,27.158012265799883],[88.31566661787254,27.158080270936438],[88.3156089041674,27.158123829978706],[88.31554406991751,27.15805582486866],[88.31560178362264,27.158012265799883]]]}},{"type":"Feature","properties":{"source":"Microsoft Global ML Building Footprints"},"geometry":{"type":"Polygon","coordinates":[[[88.31668881669528,27.144826566587625],[88.31664640307463,27.144830671507727],[88.31663977186473,27.144776417342463],[88.31668218548542,27.144772312420372],[88.31668881669528,27.144826566587625]]]}},{"type":"Feature","properties":{"source":"Microsoft Global ML Building Footprints"},"geometry":{"type":"Polygon","coordinates":[[[88.31584188174787,27.15087330284608],[88.31594643778786,27.150828550025913],[88.31600045784228,27.150928490080027],[88.31589589894395,27.15097323757204],[88.31584188174787,27.15087330284608]]]}},{"type":"Feature","properties":{"source":"Microsoft Global ML Building Footprints"},"geometry":{"type":"Polygon","coordinates":[[[88.31449511631729,27.155760060801867],[88.31455596878536,27.15571061515147],[88.31465543807064,27.15580752334681],[88.31459458356697,27.155856974397977],[88.31449511631729,27.155760060801867]]]}},{"type":"Feature","properties":{"source":"Microsoft Global ML Building Footprints"},"geometry":{"type":"Polygon","coordinates":[[[88.31685619115417,27.150382984853096],[88.31691387239971,27.15037221900741],[88.31692918911533,27.150437172659657],[88.3168715037873,27.15044794285349],[88.31685619115417,27.150382984853096]]]}},{"type":"Feature","properties":{"source":"Microsoft Global ML Building Footprints"},"geometry":{"type":"Polygon","coordinates":[[[88.31256048127396,27.154737793193206],[88.3126033307108,27.154726324303425],[88.31264179674864,27.154840130165987],[88.31259895552083,27.154851596846903],[88.31256048127396,27.154737793193206]]]}},{"type":"Feature","properties":{"source":"Microsoft Global ML Building Footprints"},"geometry":{"type":"Polygon","coordinates":[[[88.31676499540818,27.14473771374187],[88.31669052718424,27.144756520351805],[88.31666305243324,27.144670374457668],[88.31673752065714,27.144651567833243],[88.31676499540818,27.14473771374187]]]}},{"type":"Feature","properties":{"source":"Microsoft Global ML Building Footprints"},"geometry":{"type":"Polygon","coordinates":[[[88.31757827774993,27.15406451810643],[88.31749228149633,27.15410921427233],[88.31745607156763,27.154054050165612],[88.31754206782124,27.15400935397765],[88.31757827774993,27.15406451810643]]]}},{"type":"Feature","properties":{"source":"Microsoft Global ML Building Footprints"},"geometry":{"type":"Polygon","coordinates":[[[88.31227133640311,27.147241328021664],[88.31225829838054,27.147272860313848],[88.31220396311792,27.147255071023338],[88.31221700114051,27.147223538726124],[88.31227133640311,27.147241328021664]]]}},{"type":"Feature","properties":{"source":"Microsoft Global ML Building Footprints"},"geometry":{"type":"Polygon","coordinates":[[[88.32464616533616,27.15747498407245],[88.32459157125311,27.157480607230035],[88.32458620620838,27.15743939581973],[88.3246408030538,27.157433768975636],[88.32464616533616,27.15747498407245]]]}},{"type":"Feature","properties":{"source":"Microsoft Global ML Building Footprints"},"geometry":{"type":"Polygon","coordinates":[[[88.32253659496858,27.155530858045147],[88.32244441246127,27.15560305721116],[88.32235528046505,27.1555129682531],[88.32244746297235,27.155440769028836],[88.32253659496858,27.155530858045147]]]}},{"type":"Feature","properties":{"source":"Microsoft Global ML Building Footprints"},"geometry":{"type":"Polygon","coordinates":[[[88.31101571457289,27.147928648967763],[88.31098937050504,27.147978691709305],[88.31094977741236,27.147962190662597],[88.31097612254467,27.14791214589159],[88.31101571457289,27.147928648967763]]]}},{"type":"Feature","properties":{"source":"Microsoft Global ML Building Footprints"},"geometry":{"type":"Polygon","coordinates":[[[88.3104969560772,27.14625344621964],[88.31056257053615,27.14635279462418],[88.31048481641437,27.146393451892244],[88.31041920195538,27.14629410352388],[88.3104969560772,27.14625344621964]]]}},{"type":"Feature","properties":{"source":"Microsoft Global ML Building Footprints"},"geometry":{"type":"Polygon","coordinates":[[[88.3120878795014,27.15563931612816],[88.3120411385738,27.15564686077007],[88.31201830214317,27.155534897622154],[88.31208062261364,27.155524834332176],[88.31209240384179,27.155582595715636],[88.31207682372415,27.15558511153693],[88.3120878795014,27.15563931612816]]]}},{"type":"Feature","properties":{"source":"Microsoft Global ML Building Footprints"},"geometry":{"type":"Polygon","coordinates":[[[88.3169625230152,27.144653950700025],[88.31691990605513,27.14470701023822],[88.31684965807653,27.14466232788177],[88.31689227547271,27.144609272974776],[88.3169625230152,27.144653950700025]]]}},{"type":"Feature","properties":{"source":"Microsoft Global ML Building Footprints"},"geometry":{"type":"Polygon","coordinates":[[[88.31713144130038,27.152537992595413],[88.31705500316899,27.152539634876668],[88.31705334678927,27.152478596611004],[88.31712977999288,27.152476949674828],[88.31713144130038,27.152537992595413]]]}},{"type":"Feature","properties":{"source":"Microsoft Global ML Building Footprints"},"geometry":{"type":"Polygon","coordinates":[[[88.321012440025,27.150040873671244],[88.3210493124924,27.15013548199063],[88.32100275561825,27.15014984572973],[88.32096589080209,27.15005523796087],[88.321012440025,27.150040873671244]]]}},{"type":"Feature","properties":{"source":"Microsoft Global ML Building Footprints"},"geometry":{"type":"Polygon","coordinates":[[[88.3259469298398,27.1568391441007],[88.3259643976079,27.15679173462385],[88.32607009363691,27.15682255831259],[88.32605262923636,27.15686996875843],[88.3259469298398,27.1568391441007]]]}},{"type":"Feature","properties":{"source":"Microsoft Global ML Building Footprints"},"geometry":{"type":"Polygon","coordinates":[[[88.3121413609881,27.154743594668304],[88.3121783681155,27.154739603104503],[88.31218317457228,27.15477488320321],[88.31214616744492,27.154778874765753],[88.3121413609881,27.154743594668304]]]}},{"type":"Feature","properties":{"source":"Microsoft Global ML Building Footprints"},"geometry":{"type":"Polygon","coordinates":[[[88.32065244442019,27.148600939762986],[88.3207479692899,27.148592093473972],[88.32075625395073,27.14866292722327],[88.32066072908107,27.14867177350667],[88.32065244442019,27.148600939762986]]]}},{"type":"Feature","properties":{"source":"Microsoft Global ML Building Footprints"},"geometry":{"type":"Polygon","coordinates":[[[88.324303783562,27.156341311448436],[88.32440515476299,27.15631951985369],[88.32442229875585,27.156382657389543],[88.32432092755487,27.156404448971948],[88.324303783562,27.156341311448436]]]}},{"type":"Feature","properties":{"source":"Microsoft Global ML Building Footprints"},"geometry":{"type":"Polygon","coordinates":[[[88.31066837605822,27.15433395759311],[88.31071321376405,27.154328764002223],[88.31072385758743,27.154401514986525],[88.31067901988156,27.15440670857403],[88.31066837605822,27.15433395759311]]]}},{"type":"Feature","properties":{"source":"Microsoft Global ML Building Footprints"},"geometry":{"type":"Polygon","coordinates":[[[88.31238232043128,27.155601647983794],[88.31250892258909,27.15560887762757],[88.31250119953233,27.15571583129021],[88.31237460575291,27.155708602131817],[88.31238232043128,27.155601647983794]]]}},{"type":"Feature","properties":{"source":"Microsoft Global ML Building Footprints"},"geometry":{"type":"Polygon","coordinates":[[[88.31445467748709,27.155711694620486],[88.31438803101966,27.155673789602503],[88.3144306319566,27.15561448957704],[88.31449727842407,27.15565239461516],[88.31445467748709,27.155711694620486]]]}},{"type":"Feature","properties":{"source":"Microsoft Global ML Building Footprints"},"geometry":{"type":"Polygon","coordinates":[[[88.31581961941605,27.145766719940617],[88.31571799463593,27.14574344771097],[88.31573741131793,27.145676291324783],[88.31583904105194,27.145699564702852],[88.31581961941605,27.145766719940617]]]}},{"type":"Feature","properties":{"source":"Microsoft Global ML Building Footprints"},"geometry":{"type":"Polygon","coordinates":[[[88.32149382333105,27.15498058256601],[88.32153710127696,27.15494362190408],[88.32162955975508,27.155029332465347],[88.32158628180913,27.155066293098905],[88.32149382333105,27.15498058256601]]]}},{"type":"Feature","properties":{"source":"Microsoft Global ML Building Footprints"},"geometry":{"type":"Polygon","coordinates":[[[88.31849473970217,27.149557294738443],[88.31849281308227,27.149609745512983],[88.3183952077557,27.149606900730006],[88.31839713849666,27.14955445007425],[88.31849473970217,27.149557294738443]]]}},{"type":"Feature","properties":{"source":"Microsoft Global ML Building Footprints"},"geometry":{"type":"Polygon","coordinates":[[[88.31922988891628,27.157823253892985],[88.31927731657625,27.157863311519407],[88.31923933220364,27.15789891214788],[88.31919190767405,27.157858854224912],[88.31922988891628,27.157823253892985]]]}},{"type":"Feature","properties":{"source":"Microsoft Global ML Building Footprints"},"geometry":{"type":"Polygon","coordinates":[[[88.31992360639502,27.1523920744768],[88.3199570980697,27.15232396934198],[88.3200392448404,27.152355953035446],[88.32000574866973,27.152424056400235],[88.31992360639502,27.1523920744768]]]}},{"type":"Feature","properties":{"source":"Microsoft Global ML Building Footprints"},"geometry":{"type":"Polygon","coordinates":[[[88.324747187894,27.157244379174898],[88.32467480005708,27.157245731518138],[88.32467303287844,27.157170594774847],[88.32474542082136,27.15716924693654],[88.324747187894,27.157244379174898]]]}},{"type":"Feature","properties":{"source":"Microsoft Global ML Building Footprints"},"geometry":{"type":"Polygon","coordinates":[[[88.32090558890917,27.150938987956962],[88.3209967411343,27.150975840741673],[88.32097855824091,27.151011449083285],[88.32088740601574,27.150974596310327],[88.32090558890917,27.150938987956962]]]}},{"type":"Feature","properties":{"source":"Microsoft Global ML Building Footprints"},"geometry":{"type":"Polygon","coordinates":[[[88.32178880860502,27.148402711306282],[88.32180378118872,27.148359040892892],[88.32184646036639,27.148370624341354],[88.32183149092518,27.148414295603104],[88.32178880860502,27.148402711306282]]]}},{"type":"Feature","properties":{"source":"Microsoft Global ML Building Footprints"},"geometry":{"type":"Polygon","coordinates":[[[88.32201170713215,27.14739979915616],[88.32206024765455,27.147337880525434],[88.32212339599974,27.1473770786194],[88.32207485755127,27.147438994582856],[88.32201170713215,27.14739979915616]]]}},{"type":"Feature","properties":{"source":"Microsoft Global ML Building Footprints"},"geometry":{"type":"Polygon","coordinates":[[[88.32533095015994,27.156958808001647],[88.32539136432597,27.15695099394621],[88.32539632818401,27.15698137668401],[88.32533591401801,27.156989190737306],[88.32533095015994,27.156958808001647]]]}},{"type":"Feature","properties":{"source":"Microsoft Global ML Building Footprints"},"geometry":{"type":"Polygon","coordinates":[[[88.31994893559828,27.145368347946686],[88.3199557525978,27.145321396304276],[88.32003070273306,27.145330013193927],[88.32002388210137,27.145376964415107],[88.31994893559828,27.145368347946686]]]}},{"type":"Feature","properties":{"source":"Microsoft Global ML Building Footprints"},"geometry":{"type":"Polygon","coordinates":[[[88.32043853429606,27.15490496574784],[88.32051177298513,27.154875205926906],[88.32054217882134,27.154934447761143],[88.32046894013223,27.154964207566266],[88.32043853429606,27.15490496574784]]]}},{"type":"Feature","properties":{"source":"Microsoft Global ML Building Footprints"},"geometry":{"type":"Polygon","coordinates":[[[88.31119199168324,27.151896193730465],[88.3112330519916,27.151980621740627],[88.31116527748479,27.15200671847156],[88.31112421717643,27.15192229048114],[88.31119199168324,27.151896193730465]]]}},{"type":"Feature","properties":{"source":"Microsoft Global ML Building Footprints"},"geometry":{"type":"Polygon","coordinates":[[[88.31849533352428,27.14997365639894],[88.3184963857273,27.149923553875396],[88.31855269238044,27.149924493648598],[88.31855164017743,27.14997459617171],[88.31849533352428,27.14997365639894]]]}},{"type":"Feature","properties":{"source":"Microsoft Global ML Building Footprints"},"geometry":{"type":"Polygon","coordinates":[[[88.31085865608247,27.147002200192738],[88.31086862626572,27.14703820162893],[88.31078518084398,27.14705649982435],[88.31077521066075,27.14702049839405],[88.31085865608247,27.147002200192738]]]}},{"type":"Feature","properties":{"source":"Microsoft Global ML Building Footprints"},"geometry":{"type":"Polygon","coordinates":[[[88.31092499088925,27.154674225724477],[88.31095675972537,27.154615118174725],[88.31111738076427,27.154683455890755],[88.31108561133722,27.154742573155467],[88.31092499088925,27.154674225724477]]]}},{"type":"Feature","properties":{"source":"Microsoft Global ML Building Footprints"},"geometry":{"type":"Polygon","coordinates":[[[88.31552048179866,27.15804909803922],[88.31545144316956,27.158081724773105],[88.31540922322134,27.15801099044701],[88.31547826185043,27.15797836369247],[88.31552048179866,27.15804909803922]]]}},{"type":"Feature","properties":{"source":"Microsoft Global ML Building Footprints"},"geometry":{"type":"Polygon","coordinates":[[[88.32044285163919,27.15254394165818],[88.32054123962718,27.152557139596944],[88.32053032999355,27.152621560558018],[88.32043193603589,27.15260836795361],[88.32044285163919,27.15254394165818]]]}},{"type":"Feature","properties":{"source":"Microsoft Global ML Building Footprints"},"geometry":{"type":"Polygon","coordinates":[[[88.32073488277666,27.15419302724711],[88.32077312535444,27.154139868970397],[88.32084542692873,27.154181044911617],[88.32080718205322,27.154234206362602],[88.32073488277666,27.15419302724711]]]}},{"type":"Feature","properties":{"source":"Microsoft Global ML Building Footprints"},"geometry":{"type":"Polygon","coordinates":[[[88.32546704441843,27.15677589322182],[88.3255152832885,27.156774643560404],[88.32551801424356,27.156858101152906],[88.32546977537353,27.156859350813377],[88.32546704441843,27.15677589322182]]]}},{"type":"Feature","properties":{"source":"Microsoft Global ML Building Footprints"},"geometry":{"type":"Polygon","coordinates":[[[88.32557503339297,27.15617294875976],[88.3255330044988,27.156151138861745],[88.32549970642143,27.156201932904274],[88.32542565776829,27.156163502507432],[88.32552254701659,27.15601570417133],[88.32563862328368,27.156075946488855],[88.32557503339297,27.15617294875976]]]}},{"type":"Feature","properties":{"source":"Microsoft Global ML Building Footprints"},"geometry":{"type":"Polygon","coordinates":[[[88.31225745900753,27.154763419406173],[88.31220122560127,27.1547613848005],[88.3122081944295,27.154608896493052],[88.31226442783576,27.15461093110153],[88.31225745900753,27.154763419406173]]]}},{"type":"Feature","properties":{"source":"Microsoft Global ML Building Footprints"},"geometry":{"type":"Polygon","coordinates":[[[88.31341415779175,27.157219559418564],[88.31338815580536,27.157065524150283],[88.31346946993331,27.15705465747915],[88.31349547191971,27.15720869276241],[88.31341415779175,27.157219559418564]]]}},{"type":"Feature","properties":{"source":"Microsoft Global ML Building Footprints"},"geometry":{"type":"Polygon","coordinates":[[[88.31562958310329,27.15784650723505],[88.31553815779935,27.157892537564933],[88.31549562105907,27.157825653177255],[88.31558704636299,27.157779622819795],[88.31562958310329,27.15784650723505]]]}},{"type":"Feature","properties":{"source":"Microsoft Global ML Building Footprints"},"geometry":{"type":"Polygon","coordinates":[[[88.31875820316993,27.14875748823018],[88.31891314307344,27.14881551917849],[88.31888533029677,27.14887431636477],[88.3187303903933,27.148816285447005],[88.31875820316993,27.14875748823018]]]}},{"type":"Feature","properties":{"source":"Microsoft Global ML Building Footprints"},"geometry":{"type":"Polygon","coordinates":[[[88.3242661210307,27.15749363939082],[88.32436110252529,27.157475741285097],[88.32437904361,27.15755111530732],[88.32428406211544,27.157569013400995],[88.3242661210307,27.15749363939082]]]}},{"type":"Feature","properties":{"source":"Microsoft Global ML Building Footprints"},"geometry":{"type":"Polygon","coordinates":[[[88.31078679664296,27.154402450128813],[88.31080072987533,27.154476751956878],[88.3106978405029,27.154492027180673],[88.3106839015844,27.15441772620695],[88.31078679664296,27.154402450128813]]]}},{"type":"Feature","properties":{"source":"Microsoft Global ML Building Footprints"},"geometry":{"type":"Polygon","coordinates":[[[88.31668346536239,27.15025151607228],[88.31663166957529,27.150255396569023],[88.3166292029021,27.15022932806125],[88.31668099665323,27.150225447716117],[88.31668346536239,27.15025151607228]]]}},{"type":"Feature","properties":{"source":"Microsoft Global ML Building Footprints"},"geometry":{"type":"Polygon","coordinates":[[[88.31839539670527,27.152371000796627],[88.31843125829845,27.152345364651957],[88.31850852484908,27.152430940126095],[88.31847266325586,27.152456576251154],[88.31839539670527,27.152371000796627]]]}},{"type":"Feature","properties":{"source":"Microsoft Global ML Building Footprints"},"geometry":{"type":"Polygon","coordinates":[[[88.31351051823775,27.157255118808983],[88.3134303478305,27.15727407515771],[88.31341803093609,27.157232825728542],[88.3134982027358,27.15721387403613],[88.31351051823775,27.157255118808983]]]}},{"type":"Feature","properties":{"source":"Microsoft Global ML Building Footprints"},"geometry":{"type":"Polygon","coordinates":[[[88.31398673961228,27.155584316750833],[88.31395602518089,27.155605916977187],[88.31391688225673,27.155561848117017],[88.31394759455452,27.15554024938261],[88.31398673961228,27.155584316750833]]]}},{"type":"Feature","properties":{"source":"Microsoft Global ML Building Footprints"},"geometry":{"type":"Polygon","coordinates":[[[88.31405745324064,27.155249062821966],[88.31407522906129,27.15530809765503],[88.31403018270784,27.155318836044664],[88.31401240767524,27.155259803834603],[88.31405745324064,27.155249062821966]]]}},{"type":"Feature","properties":{"source":"Microsoft Global ML Building Footprints"},"geometry":{"type":"Polygon","coordinates":[[[88.31878204234394,27.158112493370993],[88.31877953033941,27.15815772635267],[88.31872228993456,27.158155209812108],[88.31872480548849,27.158109976985465],[88.31878204234394,27.158112493370993]]]}},{"type":"Feature","properties":{"source":"Microsoft Global ML Building Footprints"},"geometry":{"type":"Polygon","coordinates":[[[88.32619546635765,27.154885185143463],[88.32611319068437,27.154900402426513],[88.32609288161275,27.15481346918596],[88.32617515728606,27.154798251891073],[88.32619546635765,27.154885185143463]]]}},{"type":"Feature","properties":{"source":"Microsoft Global ML Building Footprints"},"geometry":{"type":"Polygon","coordinates":[[[88.32584697086226,27.156790119830028],[88.32592485317758,27.156826407437478],[88.32589780647382,27.156872357181804],[88.3258199263988,27.156836065783246],[88.32584697086226,27.156790119830028]]]}},{"type":"Feature","properties":{"source":"Microsoft Global ML Building Footprints"},"geometry":{"type":"Polygon","coordinates":[[[88.32125559781346,27.156920707806464],[88.32118148781065,27.15692214770788],[88.3211797955269,27.156852971436003],[88.32125390009087,27.15685153163936],[88.32125559781346,27.156920707806464]]]}},{"type":"Feature","properties":{"source":"Microsoft Global ML Building Footprints"},"geometry":{"type":"Polygon","coordinates":[[[88.32215003873567,27.147719686046337],[88.32222416456499,27.147678572073467],[88.32225840726095,27.147727455913717],[88.32218427633363,27.147768568079485],[88.32215003873567,27.147719686046337]]]}},{"type":"Feature","properties":{"source":"Microsoft Global ML Building Footprints"},"geometry":{"type":"Polygon","coordinates":[[[88.31730176223225,27.15201920797584],[88.31730559290814,27.151866539876792],[88.31736993385248,27.151867818077626],[88.31736610317662,27.15202048617492],[88.31730176223225,27.15201920797584]]]}},{"type":"Feature","properties":{"source":"Microsoft Global ML Building Footprints"},"geometry":{"type":"Polygon","coordinates":[[[88.32050616685794,27.15608553950173],[88.3205093095173,27.156204800857303],[88.32042620672166,27.156206534519825],[88.32042432112603,27.156134977722886],[88.32047359231383,27.15613394984331],[88.3204723390005,27.15608624520786],[88.32050616685794,27.15608553950173]]]}},{"type":"Feature","properties":{"source":"Microsoft Global ML Building Footprints"},"geometry":{"type":"Polygon","coordinates":[[[88.31237391258274,27.15232817430762],[88.3124132613601,27.15234927780419],[88.31237887138795,27.152400045762803],[88.3123395226106,27.152378942275824],[88.31237391258274,27.15232817430762]]]}},{"type":"Feature","properties":{"source":"Microsoft Global ML Building Footprints"},"geometry":{"type":"Polygon","coordinates":[[[88.31995380904932,27.15155052323233],[88.31991013063264,27.151602743035575],[88.31983245670439,27.151551303855094],[88.31987613512108,27.15149908402779],[88.31995380904932,27.15155052323233]]]}},{"type":"Feature","properties":{"source":"Microsoft Global ML Building Footprints"},"geometry":{"type":"Polygon","coordinates":[[[88.32227736274832,27.147494575405247],[88.32234975878633,27.147493412156784],[88.32235101763249,27.14755544671486],[88.32227862159448,27.1475566099627],[88.32227736274832,27.147494575405247]]]}},{"type":"Feature","properties":{"source":"Microsoft Global ML Building Footprints"},"geometry":{"type":"Polygon","coordinates":[[[88.31057730465072,27.154330793813713],[88.31061633733337,27.15433190709595],[88.3106144477619,27.15438435788535],[88.3105754109578,27.15438324448607],[88.31057730465072,27.154330793813713]]]}},{"type":"Feature","properties":{"source":"Microsoft Global ML Building Footprints"},"geometry":{"type":"Polygon","coordinates":[[[88.32622039752322,27.155473429672625],[88.3262513982151,27.155424562528346],[88.32629004632803,27.155443973165205],[88.32625904563612,27.155492840300987],[88.32622039752322,27.155473429672625]]]}},{"type":"Feature","properties":{"source":"Microsoft Global ML Building Footprints"},"geometry":{"type":"Polygon","coordinates":[[[88.31403569482585,27.155748794943328],[88.31399820299224,27.15578408028601],[88.31394579943571,27.155739998654518],[88.31398329126931,27.155704713297908],[88.31403569482585,27.155748794943328]]]}},{"type":"Feature","properties":{"source":"Microsoft Global ML Building Footprints"},"geometry":{"type":"Polygon","coordinates":[[[88.32037729212729,27.145685040478313],[88.32019337174988,27.14574699767045],[88.32016405900508,27.145678109124994],[88.32034798412158,27.14561615029819],[88.32037729212729,27.145685040478313]]]}},{"type":"Feature","properties":{"source":"Microsoft Global ML Building Footprints"},"geometry":{"type":"Polygon","coordinates":[[[88.3215695038732,27.155101104506393],[88.32166927047732,27.15506200678817],[88.32174487748088,27.15521477199959],[88.32164511836528,27.155253860517227],[88.3215695038732,27.155101104506393]]]}},{"type":"Feature","properties":{"source":"Microsoft Global ML Building Footprints"},"geometry":{"type":"Polygon","coordinates":[[[88.32495554543031,27.156895815019837],[88.32503231660606,27.156897631719843],[88.32503160375678,27.156921480071134],[88.32495483070647,27.156919663327145],[88.32495554543031,27.156895815019837]]]}},{"type":"Feature","properties":{"source":"Microsoft Global ML Building Footprints"},"geometry":{"type":"Polygon","coordinates":[[[88.32592289572653,27.15687573129435],[88.32593989519134,27.1568334061041],[88.3260002097387,27.156852584157576],[88.32598320732166,27.156894908401853],[88.32592289572653,27.15687573129435]]]}},{"type":"Feature","properties":{"source":"Microsoft Global ML Building Footprints"},"geometry":{"type":"Polygon","coordinates":[[[88.32649017904143,27.15702120827448],[88.32645112081025,27.157010287337947],[88.32646535030707,27.156969998276097],[88.32656055665132,27.156996612670675],[88.32652791419143,27.15708903571855],[88.3264717679841,27.15707333688148],[88.32649017904143,27.15702120827448]]]}},{"type":"Feature","properties":{"source":"Microsoft Global ML Building Footprints"},"geometry":{"type":"Polygon","coordinates":[[[88.31106589943619,27.147829713146635],[88.31112840572902,27.147784066339817],[88.31115997385673,27.147818294110266],[88.31109746756391,27.147863940903115],[88.31106589943619,27.147829713146635]]]}},{"type":"Feature","properties":{"source":"Microsoft Global ML Building Footprints"},"geometry":{"type":"Polygon","coordinates":[[[88.31939062181667,27.155340864429498],[88.31931004165065,27.155363360379376],[88.31929471873144,27.15531990704227],[88.3193752988975,27.155297411083623],[88.31939062181667,27.155340864429498]]]}},{"type":"Feature","properties":{"source":"Microsoft Global ML Building Footprints"},"geometry":{"type":"Polygon","coordinates":[[[88.32034420081963,27.152943095345037],[88.32037584447289,27.15292955322687],[88.32039679820883,27.152968318065525],[88.32036515207916,27.152981861238786],[88.32034420081963,27.152943095345037]]]}},{"type":"Feature","properties":{"source":"Microsoft Global ML Building Footprints"},"geometry":{"type":"Polygon","coordinates":[[[88.31174330401238,27.15563040620617],[88.31170487848163,27.155642093174436],[88.31165763364814,27.155519114983207],[88.311696060002,27.155507430144702],[88.31174330401238,27.15563040620617]]]}},{"type":"Feature","properties":{"source":"Microsoft Global ML Building Footprints"},"geometry":{"type":"Polygon","coordinates":[[[88.31602883734296,27.150462474479866],[88.31616428917054,27.15050571489305],[88.31614382809703,27.15055646288684],[88.31604877418293,27.150526118752794],[88.31604451145928,27.150536691251475],[88.31600411354579,27.150523794993212],[88.31602883734296,27.150462474479866]]]}},{"type":"Feature","properties":{"source":"Microsoft Global ML Building Footprints"},"geometry":{"type":"Polygon","coordinates":[[[88.3236794848617,27.158225968758316],[88.3236951907509,27.158193868291],[88.3237741115816,27.15822443708904],[88.32375840569242,27.15825653754753],[88.3236794848617,27.158225968758316]]]}},{"type":"Feature","properties":{"source":"Microsoft Global ML Building Footprints"},"geometry":{"type":"Polygon","coordinates":[[[88.31578185199726,27.150774955123545],[88.31586226244468,27.150731573469074],[88.31591458370197,27.15080835875272],[88.3158341732545,27.150851740377355],[88.31578185199726,27.150774955123545]]]}},{"type":"Feature","properties":{"source":"Microsoft Global ML Building Footprints"},"geometry":{"type":"Polygon","coordinates":[[[88.31178082252148,27.154561020507288],[88.31185746119705,27.154432533095097],[88.31199469134778,27.154497328500092],[88.31191806055823,27.154625819561232],[88.31178082252148,27.154561020507288]]]}},{"type":"Feature","properties":{"source":"Microsoft Global ML Building Footprints"},"geometry":{"type":"Polygon","coordinates":[[[88.31332916431026,27.158238266713894],[88.31324468189484,27.158247762692483],[88.313229673487,27.158142057411645],[88.313306235676,27.158133451672924],[88.31331524072071,27.158196874858312],[88.31332316094714,27.15819598460996],[88.31332916431026,27.158238266713894]]]}},{"type":"Feature","properties":{"source":"Microsoft Global ML Building Footprints"},"geometry":{"type":"Polygon","coordinates":[[[88.3187314805049,27.152987810212977],[88.31868221556101,27.153020413789278],[88.31865314679246,27.152985638127063],[88.31870240832416,27.152953033731023],[88.3187314805049,27.152987810212977]]]}},{"type":"Feature","properties":{"source":"Microsoft Global ML Building Footprints"},"geometry":{"type":"Polygon","coordinates":[[[88.31944224918837,27.153327272077995],[88.31932404192432,27.153392464476283],[88.3192303664162,27.153257972710968],[88.3193485736803,27.153192780234214],[88.31944224918837,27.153327272077995]]]}},{"type":"Feature","properties":{"source":"Microsoft Global ML Building Footprints"},"geometry":{"type":"Polygon","coordinates":[[[88.32324274308004,27.158655595060182],[88.32329802352706,27.15866836650479],[88.32328662457684,27.158707415625095],[88.32323134507118,27.15869464096002],[88.32324274308004,27.158655595060182]]]}},{"type":"Feature","properties":{"source":"Microsoft Global ML Building Footprints"},"geometry":{"type":"Polygon","coordinates":[[[88.32652343371392,27.155496982942886],[88.32657765109802,27.15550649745242],[88.3265628842838,27.155573116038866],[88.32650866689974,27.15556360153502],[88.32652343371392,27.155496982942886]]]}},{"type":"Feature","properties":{"source":"Microsoft Global ML Building Footprints"},"geometry":{"type":"Polygon","coordinates":[[[88.31230890053769,27.14753391763133],[88.31229502956188,27.147572977420822],[88.31222340996993,27.14755283445136],[88.31223728373891,27.14751377544041],[88.31230890053769,27.14753391763133]]]}},{"type":"Feature","properties":{"source":"Microsoft Global ML Building Footprints"},"geometry":{"type":"Polygon","coordinates":[[[88.31301996885759,27.147383763030142],[88.3130675224939,27.147460742334772],[88.31298382884273,27.147501685059375],[88.31293627055693,27.147424708057457],[88.31301996885759,27.147383763030142]]]}},{"type":"Feature","properties":{"source":"Microsoft Global ML Building Footprints"},"geometry":{"type":"Polygon","coordinates":[[[88.32012654682073,27.152465942128252],[88.320084199145,27.15248759115876],[88.32005986879298,27.152449910397415],[88.32010221646867,27.152428261359617],[88.32012654682073,27.152465942128252]]]}},{"type":"Feature","properties":{"source":"Microsoft Global ML Building Footprints"},"geometry":{"type":"Polygon","coordinates":[[[88.32195605247918,27.147775162568287],[88.32200224818855,27.147725993117298],[88.3220290872797,27.147745959114488],[88.32198289157033,27.147795128556652],[88.32195605247918,27.147775162568287]]]}},{"type":"Feature","properties":{"source":"Microsoft Global ML Building Footprints"},"geometry":{"type":"Polygon","coordinates":[[[88.31861769862579,27.149408872721274],[88.31861980539078,27.149361212802702],[88.31868253029849,27.1493634081694],[88.31868042727642,27.14941106821803],[88.31861769862579,27.149408872721274]]]}},{"type":"Feature","properties":{"source":"Microsoft Global ML Building Footprints"},"geometry":{"type":"Polygon","coordinates":[[[88.32098943485511,27.154234055497916],[88.32092485472248,27.154339843328856],[88.32080266179806,27.154280778195798],[88.32086723834364,27.154174996184807],[88.32098943485511,27.154234055497916]]]}},{"type":"Feature","properties":{"source":"Microsoft Global ML Building Footprints"},"geometry":{"type":"Polygon","coordinates":[[[88.32237724065467,27.158602553846883],[88.32244852843918,27.158604107585482],[88.3224473797074,27.15864571293008],[88.32237609531578,27.158644154826966],[88.32237724065467,27.158602553846883]]]}},{"type":"Feature","properties":{"source":"Microsoft Global ML Building Footprints"},"geometry":{"type":"Polygon","coordinates":[[[88.32338117086364,27.158823370364615],[88.32337912615915,27.15886385891877],[88.32332558989793,27.158861721941726],[88.3233276346024,27.15882123338681],[88.32338117086364,27.158823370364615]]]}},{"type":"Feature","properties":{"source":"Microsoft Global ML Building Footprints"},"geometry":{"type":"Polygon","coordinates":[[[88.3236894955539,27.15835878704482],[88.32373660816467,27.158374394946534],[88.32372737902442,27.15839644898565],[88.32377920408238,27.15841361483728],[88.32376692445067,27.158442958347884],[88.32366798570364,27.15841018718288],[88.3236894955539,27.15835878704482]]]}},{"type":"Feature","properties":{"source":"Microsoft Global ML Building Footprints"},"geometry":{"type":"Polygon","coordinates":[[[88.31105251403976,27.159177867830607],[88.3110940423703,27.159216567013715],[88.31105756281605,27.1592475591672],[88.31101603448555,27.159208859994827],[88.31105251403976,27.159177867830607]]]}},{"type":"Feature","properties":{"source":"Microsoft Global ML Building Footprints"},"geometry":{"type":"Polygon","coordinates":[[[88.31382902086517,27.151715951436564],[88.31385443059314,27.151766728865873],[88.31379289012729,27.15179111122786],[88.31376748213235,27.151740329290625],[88.31382902086517,27.151715951436564]]]}},{"type":"Feature","properties":{"source":"Microsoft Global ML Building Footprints"},"geometry":{"type":"Polygon","coordinates":[[[88.32121099800007,27.15620539462798],[88.32131283561456,27.15620803281552],[88.32130948044119,27.15631056694054],[88.32120764282668,27.156307928755417],[88.32121099800007,27.15620539462798]]]}},{"type":"Feature","properties":{"source":"Microsoft Global ML Building Footprints"},"geometry":{"type":"Polygon","coordinates":[[[88.32127282152184,27.150401799124722],[88.3213073245269,27.150398638330046],[88.32131524867891,27.150467125555416],[88.32128074567386,27.15047028634814],[88.32127282152184,27.150401799124722]]]}},{"type":"Feature","properties":{"source":"Microsoft Global ML Building Footprints"},"geometry":{"type":"Polygon","coordinates":[[[88.32139092285851,27.155481852246453],[88.32141218880747,27.155422446581156],[88.32149255045549,27.155445216807742],[88.32147128288011,27.15550462700439],[88.32139092285851,27.155481852246453]]]}},{"type":"Feature","properties":{"source":"Microsoft Global ML Building Footprints"},"geometry":{"type":"Polygon","coordinates":[[[88.32223633719585,27.159047651787724],[88.32232925970541,27.15902609138383],[88.32234825248872,27.159090892378615],[88.32225532997916,27.159112452769982],[88.32223633719585,27.159047651787724]]]}}]}