{"type":"FeatureCollection","name":"teesta_east_rgb_0.5m","source":"Microsoft Global ML Building Footprints","licence":"ODbL 1.0 (c) Microsoft","features":[{"type":"Feature","properties":{"source":"Microsoft Global ML Building Footprints"},"geometry":{"type":"Polygon","coordinates":[[[88.41022736211895,27.178460695922183],[88.41012360019401,27.178473377574477],[88.41010423780405,27.17834794204012],[88.4102079910223,27.178335267897523],[88.41022736211895,27.178460695922183]]]}},{"type":"Feature","properties":{"source":"Microsoft Global ML Building Footprints"},"geometry":{"type":"Polygon","coordinates":[[[88.41050243499238,27.177746542251505],[88.4104327108128,27.17774568704702],[88.41043404190256,27.177659804581502],[88.41050376608219,27.177660659786653],[88.41050243499238,27.177746542251505]]]}},{"type":"Feature","properties":{"source":"Microsoft Global ML Building Footprints"},"geometry":{"type":"Polygon","coordinates":[[[88.4117168502443,27.184413556944065],[88.41162320844656,27.184476741820752],[88.41151472485755,27.18434952276781],[88.41160836665536,27.184286337819067],[88.4117168502443,27.184413556944065]]]}},{"type":"Feature","properties":{"source":"Microsoft Global ML Building Footprints"},"geometry":{"type":"Polygon","coordinates":[[[88.40042847494772,27.184361427035526],[88.40038825523327,27.184362080578367],[88.40038600216359,27.184252364118343],[88.40042622187806,27.18425171057485],[88.40042847494772,27.184361427035526]]]}},{"type":"Feature","properties":{"source":"Microsoft Global ML Building Footprints"},"geometry":{"type":"Polygon","coordinates":[[[88.4072209192299,27.17453591644219],[88.40727174987296,27.17450833759976],[88.40732302028708,27.17458312439701],[88.40727218964406,27.174610703220942],[88.4072209192299,27.17453591644219]]]}},{"type":"Feature","properties":{"source":"Microsoft Global ML Building Footprints"},"geometry":{"type":"Polygon","coordinates":[[[88.40039564951941,27.186342067393632],[88.40043587627031,27.18634251818368],[88.40043509921381,27.186397384996567],[88.40039487246291,27.186396934206734],[88.40039564951941,27.186342067393632]]]}},{"type":"Feature","properties":{"source":"Microsoft Global ML Building Footprints"},"geometry":{"type":"Polygon","coordinates":[[[88.40884719477809,27.183046419686036],[88.40893286174709,27.18284362201053],[88.40900337016328,27.18286719505557],[88.40891770319428,27.183069992688225],[88.40884719477809,27.183046419686036]]]}},{"type":"Feature","properties":{"source":"Microsoft Global ML Building Footprints"},"geometry":{"type":"Polygon","coordinates":[[[88.4096598570397,27.175702306165512],[88.40959384936113,27.175703571989906],[88.40959203047657,27.175628264517506],[88.40965803233267,27.1756270029134],[88.4096598570397,27.175702306165512]]]}},{"type":"Feature","properties":{"source":"Microsoft Global ML Building Footprints"},"geometry":{"type":"Polygon","coordinates":[[[88.41007686294914,27.17796048585015],[88.41016535409695,27.17795925170188],[88.41016690957609,27.178047514640035],[88.41007841842828,27.178048748787333],[88.41007686294914,27.17796048585015]]]}},{"type":"Feature","properties":{"source":"Microsoft Global ML Building Footprints"},"geometry":{"type":"Polygon","coordinates":[[[88.41140056043244,27.17327054194005],[88.4112983233839,27.173284387332863],[88.41128696272577,27.173217993929406],[88.41138919870976,27.17320414230688],[88.41140056043244,27.17327054194005]]]}},{"type":"Feature","properties":{"source":"Microsoft Global ML Building Footprints"},"geometry":{"type":"Polygon","coordinates":[[[88.40180335667962,27.186350081517467],[88.40185988069548,27.186277589661998],[88.40191058867593,27.186308874724475],[88.40185406466007,27.186381366559615],[88.40180335667962,27.186350081517467]]]}},{"type":"Feature","properties":{"source":"Microsoft Global ML Building Footprints"},"geometry":{"type":"Polygon","coordinates":[[[88.40205485708975,27.180740095397113],[88.40213780316421,27.1807728003808],[88.40210004457526,27.18084858089565],[88.40201709850078,27.180815875934194],[88.40205485708975,27.180740095397113]]]}},{"type":"Feature","properties":{"source":"Microsoft Global ML Building Footprints"},"geometry":{"type":"Polygon","coordinates":[[[88.40717439040918,27.1777808542806],[88.40719335537958,27.17774012184654],[88.4072391430607,27.1777569958179],[88.40722017809031,27.177797728245842],[88.40717439040918,27.1777808542806]]]}},{"type":"Feature","properties":{"source":"Microsoft Global ML Building Footprints"},"geometry":{"type":"Polygon","coordinates":[[[88.4081701112186,27.180597569557506],[88.40821011240736,27.180594859921044],[88.40821397067802,27.180639932855513],[88.4081739694893,27.180642642490888],[88.4081701112186,27.180597569557506]]]}},{"type":"Feature","properties":{"source":"Microsoft Global ML Building Footprints"},"geometry":{"type":"Polygon","coordinates":[[[88.40931183336933,27.175227344421472],[88.40938159859033,27.175215238270212],[88.40939621493366,27.175281899711116],[88.40932644971264,27.17529400585517],[88.40931183336933,27.175227344421472]]]}},{"type":"Feature","properties":{"source":"Microsoft Global ML Building Footprints"},"geometry":{"type":"Polygon","coordinates":[[[88.41025361928935,27.17919067076123],[88.41035283876514,27.179191992742787],[88.41035135269516,27.17928025659915],[88.41025213321936,27.179278934618623],[88.41025361928935,27.17919067076123]]]}},{"type":"Feature","properties":{"source":"Microsoft Global ML Building Footprints"},"geometry":{"type":"Polygon","coordinates":[[[88.40022402506418,27.178265952553645],[88.40007705253554,27.178408554607536],[88.40004207776542,27.178380030582062],[88.40018905029405,27.17823742849172],[88.40022402506418,27.178265952553645]]]}},{"type":"Feature","properties":{"source":"Microsoft Global ML Building Footprints"},"geometry":{"type":"Polygon","coordinates":[[[88.40192901795001,27.18643700054171],[88.40195833736561,27.186381225060202],[88.40202656762294,27.186409604586437],[88.4019972500397,27.186465376567988],[88.40192901795001,27.18643700054171]]]}},{"type":"Feature","properties":{"source":"Microsoft Global ML Building Footprints"},"geometry":{"type":"Polygon","coordinates":[[[88.4057372924446,27.17937514557388],[88.40579117843039,27.179338928568548],[88.40581360923841,27.179365339227154],[88.4057597263893,27.17940155747052],[88.4057372924446,27.17937514557388]]]}},{"type":"Feature","properties":{"source":"Microsoft Global ML Building Footprints"},"geometry":{"type":"Polygon","coordinates":[[[88.41275174661179,27.178988015231717],[88.41272924909526,27.17904273237871],[88.41269139758174,27.17903041642748],[88.41271389509826,27.178975699274446],[88.41275174661179,27.178988015231717]]]}},{"type":"Feature","properties":{"source":"Microsoft Global ML Building Footprints"},"geometry":{"type":"Polygon","coordinates":[[[88.40521122015654,27.179515199617235],[88.40534092384078,27.17956397521477],[88.40527300163967,27.179706883949223],[88.40514330121152,27.17965810156339],[88.40521122015654,27.179515199617235]]]}},{"type":"Feature","properties":{"source":"Microsoft Global ML Building Footprints"},"geometry":{"type":"Polygon","coordinates":[[[88.40685086092051,27.177951869063236],[88.40699187352539,27.17795468733251],[88.40699078939987,27.177997614956055],[88.40684978017066,27.177994796755314],[88.40685086092051,27.177951869063236]]]}},{"type":"Feature","properties":{"source":"Microsoft Global ML Building Footprints"},"geometry":{"type":"Polygon","coordinates":[[[88.40817358851221,27.176767539286494],[88.40812618847028,27.17677328532858],[88.40811507014669,27.176700664096785],[88.40816247018863,27.17669491805094],[88.40817358851221,27.176767539286494]]]}},{"type":"Feature","properties":{"source":"Microsoft Global ML Building Footprints"},"geometry":{"type":"Polygon","coordinates":[[[88.41137893307626,27.1847374478061],[88.4114368290488,27.1847506329582],[88.41141525762811,27.184825582822086],[88.4113573626291,27.18481239429616],[88.41137893307626,27.1847374478061]]]}},{"type":"Feature","properties":{"source":"Microsoft Global ML Building Footprints"},"geometry":{"type":"Polygon","coordinates":[[[88.41272639335958,27.173575599789558],[88.41273529678541,27.17353290971237],[88.4127845627651,27.173541041640995],[88.4127756587208,27.17358373468045],[88.41272639335958,27.173575599789558]]]}},{"type":"Feature","properties":{"source":"Microsoft Global ML Building Footprints"},"geometry":{"type":"Polygon","coordinates":[[[88.40833698288084,27.182270638039604],[88.40833467993062,27.18234932215404],[88.40826640780246,27.18234774519734],[88.40826870456613,27.18226906093892],[88.40833698288084,27.182270638039604]]]}},{"type":"Feature","properties":{"source":"Microsoft Global ML Building Footprints"},"geometry":{"type":"Polygon","coordinates":[[[88.4098832759444,27.17903926531647],[88.40983274501636,27.179028109244115],[88.40985003642305,27.178966146951417],[88.40990056652409,27.178977305993435],[88.4098832759444,27.17903926531647]]]}},{"type":"Feature","properties":{"source":"Microsoft Global ML Building Footprints"},"geometry":{"type":"Polygon","coordinates":[[[88.410984671587,27.174112011582743],[88.41099041866214,27.174195212775203],[88.41086750119894,27.174201932356894],[88.4108617541238,27.174118731169436],[88.410984671587,27.174112011582743]]]}},{"type":"Feature","properties":{"source":"Microsoft Global ML Building Footprints"},"geometry":{"type":"Polygon","coordinates":[[[88.41189625906934,27.184544755972723],[88.41194718093087,27.184543484688938],[88.41194943748033,27.184615006268515],[88.41189851561882,27.18461627755149],[88.41189625906934,27.184544755972723]]]}},{"type":"Feature","properties":{"source":"Microsoft Global ML Building Footprints"},"geometry":{"type":"Polygon","coordinates":[[[88.4131306744411,27.18078380747159],[88.41313003194341,27.18083390718521],[88.4130227575442,27.180832818525857],[88.41302340004187,27.18078271881177],[88.4131306744411,27.18078380747159]]]}},{"type":"Feature","properties":{"source":"Microsoft Global ML Building Footprints"},"geometry":{"type":"Polygon","coordinates":[[[88.4057083039279,27.177225397064568],[88.40594639584268,27.17732139759996],[88.40591513570436,27.17738276191158],[88.40567704378958,27.177286761428945],[88.4057083039279,27.177225397064568]]]}},{"type":"Feature","properties":{"source":"Microsoft Global ML Building Footprints"},"geometry":{"type":"Polygon","coordinates":[[[88.40920533674277,27.18601122917024],[88.40925159852087,27.186026545643593],[88.40923092179345,27.186075970569327],[88.40918465554114,27.18606065550182],[88.40920533674277,27.18601122917024]]]}},{"type":"Feature","properties":{"source":"Microsoft Global ML Building Footprints"},"geometry":{"type":"Polygon","coordinates":[[[88.41031763730291,27.184736663939454],[88.410266943399,27.184733384765842],[88.41027218193588,27.184669303571525],[88.4103228758398,27.184672582747005],[88.41031763730291,27.184736663939454]]]}},{"type":"Feature","properties":{"source":"Microsoft Global ML Building Footprints"},"geometry":{"type":"Polygon","coordinates":[[[88.41179918407262,27.181793644186413],[88.41184631083296,27.181611249471658],[88.41190745379457,27.1816237507631],[88.41186032610003,27.18180614907306],[88.41179918407262,27.181793644186413]]]}},{"type":"Feature","properties":{"source":"Microsoft Global ML Building Footprints"},"geometry":{"type":"Polygon","coordinates":[[[88.41283455205945,27.18419891314047],[88.412914643217,27.18436082508527],[88.41286071217955,27.184381934528304],[88.41278062102201,27.184220022614134],[88.41283455205945,27.18419891314047]]]}},{"type":"Feature","properties":{"source":"Microsoft Global ML Building Footprints"},"geometry":{"type":"Polygon","coordinates":[[[88.40734223712047,27.182135319494186],[88.40740918876227,27.182137662108467],[88.40740560726178,27.18221866017619],[88.40733865562002,27.1822163175636],[88.40734223712047,27.182135319494186]]]}},{"type":"Feature","properties":{"source":"Microsoft Global ML Building Footprints"},"geometry":{"type":"Polygon","coordinates":[[[88.41148908230652,27.173454184164925],[88.41148652794291,27.173365954428],[88.4115401365611,27.173364726084586],[88.41154269092473,27.17345295582247],[88.41148908230652,27.173454184164925]]]}},{"type":"Feature","properties":{"source":"Microsoft Global ML Building Footprints"},"geometry":{"type":"Polygon","coordinates":[[[88.4069429547225,27.174801866993597],[88.40700672991957,27.1748308939109],[88.40697915522996,27.174878848164226],[88.40697150923977,27.17487536861333],[88.40688123692418,27.175032336670427],[88.4068251156954,27.17500679695396],[88.4069429547225,27.174801866993597]]]}},{"type":"Feature","properties":{"source":"Microsoft Global ML Building Footprints"},"geometry":{"type":"Polygon","coordinates":[[[88.40798845733035,27.175280056301865],[88.40799242201899,27.175181437167197],[88.40805833531323,27.17518353018778],[88.4080543782089,27.175282153665847],[88.40798845733035,27.175280056301865]]]}},{"type":"Feature","properties":{"source":"Microsoft Global ML Building Footprints"},"geometry":{"type":"Polygon","coordinates":[[[88.40913672729793,27.17999861629425],[88.40909390000006,27.180081268268367],[88.4090385954189,27.18005859082362],[88.40908142271678,27.179975938832712],[88.40913672729793,27.17999861629425]]]}},{"type":"Feature","properties":{"source":"Microsoft Global ML Building Footprints"},"geometry":{"type":"Polygon","coordinates":[[[88.40629660033667,27.17915536102334],[88.40631142235877,27.17910900442356],[88.40634508487997,27.17911752198639],[88.4063302594838,27.179163877728897],[88.40629660033667,27.17915536102334]]]}},{"type":"Feature","properties":{"source":"Microsoft Global ML Building Footprints"},"geometry":{"type":"Polygon","coordinates":[[[88.40995372874222,27.17405299451137],[88.41001004365157,27.174052279211324],[88.41001096256387,27.174109535259362],[88.40995464765453,27.174110250559067],[88.40995372874222,27.17405299451137]]]}},{"type":"Feature","properties":{"source":"Microsoft Global ML Building Footprints"},"geometry":{"type":"Polygon","coordinates":[[[88.41019925780662,27.178726735540877],[88.4102683791548,27.178754437607324],[88.41023623921353,27.178817910487595],[88.41016711786536,27.178790208436908],[88.41019925780662,27.178726735540877]]]}},{"type":"Feature","properties":{"source":"Microsoft Global ML Building Footprints"},"geometry":{"type":"Polygon","coordinates":[[[88.4103331611411,27.179148886341842],[88.41037591832205,27.179146572979242],[88.41037851882525,27.179184609020368],[88.41033576164435,27.179186922382186],[88.4103331611411,27.179148886341842]]]}},{"type":"Feature","properties":{"source":"Microsoft Global ML Building Footprints"},"geometry":{"type":"Polygon","coordinates":[[[88.40619845457084,27.178843186333708],[88.4062029954227,27.178797307145878],[88.40624025749025,27.178800225673598],[88.40623571686629,27.17884610255806],[88.40619845457084,27.178843186333708]]]}},{"type":"Feature","properties":{"source":"Microsoft Global ML Building Footprints"},"geometry":{"type":"Polygon","coordinates":[[[88.4086356414462,27.180446987484608],[88.4086528388441,27.180530067090707],[88.40858020001019,27.18054196578155],[88.4085630026123,27.180458886184304],[88.4086356414462,27.180446987484608]]]}},{"type":"Feature","properties":{"source":"Microsoft Global ML Building Footprints"},"geometry":{"type":"Polygon","coordinates":[[[88.41171457290955,27.17455506954162],[88.41177586664519,27.174550680732573],[88.41178230145788,27.174621804307208],[88.41172100772219,27.17462619311346],[88.41171457290955,27.17455506954162]]]}},{"type":"Feature","properties":{"source":"Microsoft Global ML Building Footprints"},"geometry":{"type":"Polygon","coordinates":[[[88.39923506178063,27.178239144553885],[88.39925639047016,27.178167840620112],[88.39922633283774,27.178160723573775],[88.39925528767179,27.178063924600046],[88.39920418107656,27.178051826750604],[88.39921988793196,27.177999330891964],[88.3992684849787,27.178010837717352],[88.39925744855749,27.17804773363048],[88.39934762302295,27.17806907954676],[88.39929267224271,27.17825278554941],[88.39923506178063,27.178239144553885]]]}},{"type":"Feature","properties":{"source":"Microsoft Global ML Building Footprints"},"geometry":{"type":"Polygon","coordinates":[[[88.41231518994677,27.184268682391668],[88.41232328216319,27.18434915985914],[88.41224611595548,27.184355304440743],[88.41223802373906,27.184274826977692],[88.41231518994677,27.184268682391668]]]}},{"type":"Feature","properties":{"source":"Microsoft Global ML Building Footprints"},"geometry":{"type":"Polygon","coordinates":[[[88.39945946054964,27.186860727525172],[88.39943130027319,27.18695422341809],[88.39936623331822,27.186938716805855],[88.3993943935946,27.186845220899933],[88.39945946054964,27.186860727525172]]]}},{"type":"Feature","properties":{"source":"Microsoft Global ML Building Footprints"},"geometry":{"type":"Polygon","coordinates":[[[88.40518333390708,27.177446908724626],[88.40523081031388,27.17734803086885],[88.40531247087029,27.177379060564853],[88.40526499446348,27.177477938393174],[88.40518333390708,27.177446908724626]]]}},{"type":"Feature","properties":{"source":"Microsoft Global ML Building Footprints"},"geometry":{"type":"Polygon","coordinates":[[[88.40634689915315,27.17909611192698],[88.4062964245579,27.179091699728566],[88.40630425589947,27.179020802841087],[88.40635473049468,27.17902521504233],[88.40634689915315,27.17909611192698]]]}},{"type":"Feature","properties":{"source":"Microsoft Global ML Building Footprints"},"geometry":{"type":"Polygon","coordinates":[[[88.40930435675061,27.186115100508594],[88.40932029784737,27.186060104734622],[88.40935802298459,27.18606875717066],[88.40934208252615,27.18612375073812],[88.40930435675061,27.186115100508594]]]}},{"type":"Feature","properties":{"source":"Microsoft Global ML Building Footprints"},"geometry":{"type":"Polygon","coordinates":[[[88.40132195480486,27.1771618047298],[88.40121747916663,27.17715851977784],[88.40122136115488,27.17706081213671],[88.40132583679315,27.177064097091503],[88.40132195480486,27.1771618047298]]]}},{"type":"Feature","properties":{"source":"Microsoft Global ML Building Footprints"},"geometry":{"type":"Polygon","coordinates":[[[88.39913935320348,27.178940081760416],[88.39910718198642,27.178940704696608],[88.39910577697245,27.178883466661354],[88.39913794818949,27.17888284372485],[88.39913935320348,27.178940081760416]]]}},{"type":"Feature","properties":{"source":"Microsoft Global ML Building Footprints"},"geometry":{"type":"Polygon","coordinates":[[[88.40714988370209,27.18733186417908],[88.40713642307539,27.18739980570848],[88.40706358345042,27.187388387283626],[88.40707704320573,27.18732045014545],[88.40714988370209,27.18733186417908]]]}},{"type":"Feature","properties":{"source":"Microsoft Global ML Building Footprints"},"geometry":{"type":"Polygon","coordinates":[[[88.40903239026132,27.179726359012314],[88.40901716513848,27.17977766222056],[88.40898206080256,27.179769418089577],[88.40899728592537,27.179718114877552],[88.40903239026132,27.179726359012314]]]}},{"type":"Feature","properties":{"source":"Microsoft Global ML Building Footprints"},"geometry":{"type":"Polygon","coordinates":[[[88.41017166982813,27.17900014459181],[88.41014467210464,27.17905804084191],[88.41010348053224,27.179042840318274],[88.41013047723538,27.178984946248434],[88.41017166982813,27.17900014459181]]]}},{"type":"Feature","properties":{"source":"Microsoft Global ML Building Footprints"},"geometry":{"type":"Polygon","coordinates":[[[88.40650274838526,27.180414500724346],[88.40644913118335,27.180415572290833],[88.40644726989191,27.180341642859176],[88.40650088709383,27.18034057129198],[88.40650274838526,27.180414500724346]]]}},{"type":"Feature","properties":{"source":"Microsoft Global ML Building Footprints"},"geometry":{"type":"Polygon","coordinates":[[[88.4103556530579,27.17801986832697],[88.41040389742648,27.17801870587008],[88.41040491377272,27.17805208636726],[88.41035666940415,27.1780532488238],[88.4103556530579,27.17801986832697]]]}},{"type":"Feature","properties":{"source":"Microsoft Global ML Building Footprints"},"geometry":{"type":"Polygon","coordinates":[[[88.40503841004764,27.181507561170278],[88.40509780193773,27.181520662155634],[88.40507712478882,27.181594838918812],[88.40501772740085,27.18158173672942],[88.40503841004764,27.181507561170278]]]}},{"type":"Feature","properties":{"source":"Microsoft Global ML Building Footprints"},"geometry":{"type":"Polygon","coordinates":[[[88.40825083699099,27.180589378320853],[88.40825665882544,27.180648575616544],[88.40821939312347,27.18065147581919],[88.40821357128901,27.180592278525054],[88.40825083699099,27.180589378320853]]]}},{"type":"Feature","properties":{"source":"Microsoft Global ML Building Footprints"},"geometry":{"type":"Polygon","coordinates":[[[88.40517572490633,27.181373859668412],[88.40517432259155,27.181484564995174],[88.40504424193993,27.18148326109494],[88.40504565306686,27.181372547757007],[88.40517572490633,27.181373859668412]]]}},{"type":"Feature","properties":{"source":"Microsoft Global ML Building Footprints"},"geometry":{"type":"Polygon","coordinates":[[[88.40770167726485,27.18058879942476],[88.40772728557904,27.18069516754946],[88.40767342940859,27.180705427983312],[88.40764782032258,27.18059905666231],[88.40770167726485,27.18058879942476]]]}},{"type":"Feature","properties":{"source":"Microsoft Global ML Building Footprints"},"geometry":{"type":"Polygon","coordinates":[[[88.40679885334514,27.17805926580168],[88.40685021214512,27.178049628016474],[88.406860504394,27.1780930319387],[88.406809145594,27.178102669720168],[88.40679885334514,27.17805926580168]]]}},{"type":"Feature","properties":{"source":"Microsoft Global ML Building Footprints"},"geometry":{"type":"Polygon","coordinates":[[[88.4076831418363,27.176238101867128],[88.40765920696904,27.17628772323024],[88.40761472535105,27.176270743220748],[88.40763866464329,27.17622112076998],[88.4076831418363,27.176238101867128]]]}},{"type":"Feature","properties":{"source":"Microsoft Global ML Building Footprints"},"geometry":{"type":"Polygon","coordinates":[[[88.41041818758382,27.177580506920968],[88.41045835200057,27.177581984837524],[88.41045536159557,27.177646298945838],[88.41031880257863,27.17764127403234],[88.41032356507547,27.17753884783776],[88.41041995967565,27.17754239483878],[88.41041818758382,27.177580506920968]]]}},{"type":"Feature","properties":{"source":"Microsoft Global ML Building Footprints"},"geometry":{"type":"Polygon","coordinates":[[[88.41361942019437,27.179012019123327],[88.41369291415081,27.17898246402759],[88.41371257871934,27.179021161042144],[88.41363908283213,27.179050712328156],[88.41361942019437,27.179012019123327]]]}},{"type":"Feature","properties":{"source":"Microsoft Global ML Building Footprints"},"geometry":{"type":"Polygon","coordinates":[[[88.40914687985189,27.186167195037896],[88.40916369736055,27.186130317341323],[88.40919594220271,27.18614195260694],[88.40917912469405,27.186178830299653],[88.40914687985189,27.186167195037896]]]}},{"type":"Feature","properties":{"source":"Microsoft Global ML Building Footprints"},"geometry":{"type":"Polygon","coordinates":[[[88.41332792863616,27.180751436794118],[88.41330291431531,27.180781371483967],[88.4132631783661,27.180755098059983],[88.41328819401849,27.180725161769615],[88.41332792863616,27.180751436794118]]]}},{"type":"Feature","properties":{"source":"Microsoft Global ML Building Footprints"},"geometry":{"type":"Polygon","coordinates":[[[88.40451841373155,27.179934678347664],[88.4045623468131,27.179937391755935],[88.4045582736558,27.179989632831145],[88.40451433648386,27.179986919171533],[88.40451841373155,27.179934678347664]]]}},{"type":"Feature","properties":{"source":"Microsoft Global ML Building Footprints"},"geometry":{"type":"Polygon","coordinates":[[[88.39846645677862,27.17854673861121],[88.39845754657165,27.178639114203555],[88.39840695737806,27.17863524947338],[88.39841586758503,27.17854287387783],[88.39846645677862,27.17854673861121]]]}},{"type":"Feature","properties":{"source":"Microsoft Global ML Building Footprints"},"geometry":{"type":"Polygon","coordinates":[[[88.40588591913267,27.179228934872704],[88.40594888522433,27.179298106928584],[88.40586464744179,27.179358788169658],[88.40580168135008,27.179289616151387],[88.40588591913267,27.179228934872704]]]}},{"type":"Feature","properties":{"source":"Microsoft Global ML Building Footprints"},"geometry":{"type":"Polygon","coordinates":[[[88.40643341814284,27.179018904361406],[88.40643825441315,27.17896676627143],[88.4066966691361,27.178985735365877],[88.40669183286582,27.179037873447],[88.40643341814284,27.179018904361406]]]}},{"type":"Feature","properties":{"source":"Microsoft Global ML Building Footprints"},"geometry":{"type":"Polygon","coordinates":[[[88.41104174477994,27.176192897719076],[88.41098483403321,27.176221521331918],[88.41094001801517,27.176151003540966],[88.41099692876183,27.176122379910026],[88.41104174477994,27.176192897719076]]]}},{"type":"Feature","properties":{"source":"Microsoft Global ML Building Footprints"},"geometry":{"type":"Polygon","coordinates":[[[88.40189220964835,27.187174458363188],[88.40190749287991,27.187240865644817],[88.4018740267018,27.187246959825757],[88.40185874347029,27.18718055254776],[88.40189220964835,27.187174458363188]]]}},{"type":"Feature","properties":{"source":"Microsoft Global ML Building Footprints"},"geometry":{"type":"Polygon","coordinates":[[[88.4012280833454,27.176319731803268],[88.40123324137997,27.176380213450066],[88.40118352866415,27.176383565585716],[88.40117837562295,27.176323086698943],[88.4012280833454,27.176319731803268]]]}},{"type":"Feature","properties":{"source":"Microsoft Global ML Building Footprints"},"geometry":{"type":"Polygon","coordinates":[[[88.40510141095898,27.18176842174764],[88.40516829712901,27.181756137090474],[88.40518635607808,27.181833943953883],[88.40511946990799,27.18184622860248],[88.40510141095898,27.18176842174764]]]}},{"type":"Feature","properties":{"source":"Microsoft Global ML Building Footprints"},"geometry":{"type":"Polygon","coordinates":[[[88.40888009192038,27.18650992614117],[88.40883574941975,27.186576119665318],[88.4087664691507,27.186539401732148],[88.40881081378356,27.186473205003246],[88.40888009192038,27.18650992614117]]]}},{"type":"Feature","properties":{"source":"Microsoft Global ML Building Footprints"},"geometry":{"type":"Polygon","coordinates":[[[88.40915428461845,27.180259631346374],[88.4091835177562,27.18027464502974],[88.40914634900584,27.180331908448125],[88.40911711924707,27.180316896507883],[88.40915428461845,27.180259631346374]]]}},{"type":"Feature","properties":{"source":"Microsoft Global ML Building Footprints"},"geometry":{"type":"Polygon","coordinates":[[[88.41155053438278,27.184735671519682],[88.41154149562787,27.184792939725398],[88.41149783031236,27.184787483693704],[88.41150687306502,27.184730218702967],[88.41155053438278,27.184735671519682]]]}},{"type":"Feature","properties":{"source":"Microsoft Global ML Building Footprints"},"geometry":{"type":"Polygon","coordinates":[[[88.41242666928761,27.179207362523854],[88.41244569324394,27.17915034738283],[88.41250978527134,27.179167266772616],[88.41249076131501,27.179224281905007],[88.41242666928761,27.179207362523854]]]}},{"type":"Feature","properties":{"source":"Microsoft Global ML Building Footprints"},"geometry":{"type":"Polygon","coordinates":[[[88.40144841010245,27.176788956095855],[88.4014162534005,27.176788085162734],[88.40141755875374,27.17674994295661],[88.40144971545567,27.176750813890038],[88.40144841010245,27.176788956095855]]]}},{"type":"Feature","properties":{"source":"Microsoft Global ML Building Footprints"},"geometry":{"type":"Polygon","coordinates":[[[88.40720837719086,27.178437175615898],[88.40716549647016,27.17843825955716],[88.40716420184032,27.17839772922442],[88.40720708256106,27.178396645282746],[88.40720837719086,27.178437175615898]]]}},{"type":"Feature","properties":{"source":"Microsoft Global ML Building Footprints"},"geometry":{"type":"Polygon","coordinates":[[[88.41085249952087,27.174589715375426],[88.41091928577808,27.174496243429473],[88.41103008643977,27.174558898569387],[88.41096330018252,27.17465237046288],[88.41085249952087,27.174589715375426]]]}},{"type":"Feature","properties":{"source":"Microsoft Global ML Building Footprints"},"geometry":{"type":"Polygon","coordinates":[[[88.4006319071571,27.177241181668478],[88.40060200294552,27.177296428704942],[88.40055845579687,27.177277774777785],[88.40058836119975,27.177222525531164],[88.4006319071571,27.177241181668478]]]}},{"type":"Feature","properties":{"source":"Microsoft Global ML Building Footprints"},"geometry":{"type":"Polygon","coordinates":[[[88.40176452197173,27.17646807137104],[88.4017056789848,27.176470848456297],[88.40170269917125,27.17642088089508],[88.40176154215817,27.176418103808594],[88.40176452197173,27.17646807137104]]]}},{"type":"Feature","properties":{"source":"Microsoft Global ML Building Footprints"},"geometry":{"type":"Polygon","coordinates":[[[88.41043008651954,27.1779071142185],[88.41042593694154,27.17801197143489],[88.4103546834573,27.1780097399529],[88.41035882479581,27.17790488247637],[88.41043008651954,27.1779071142185]]]}},{"type":"Feature","properties":{"source":"Microsoft Global ML Building Footprints"},"geometry":{"type":"Polygon","coordinates":[[[88.40543865969663,27.180375325787928],[88.40544982102061,27.18042088225078],[88.40539604881532,27.180431307497777],[88.4053848874913,27.18038575103919],[88.40543865969663,27.180375325787928]]]}},{"type":"Feature","properties":{"source":"Microsoft Global ML Building Footprints"},"geometry":{"type":"Polygon","coordinates":[[[88.41339260897284,27.179840883245383],[88.4134211621788,27.179894529824153],[88.41332913896687,27.179933289227165],[88.41330058825189,27.179879647347086],[88.41339260897284,27.179840883245383]]]}},{"type":"Feature","properties":{"source":"Microsoft Global ML Building Footprints"},"geometry":{"type":"Polygon","coordinates":[[[88.4077924489975,27.186826728337365],[88.40784877538681,27.186826728337365],[88.40784877538681,27.186895918906558],[88.4077924489975,27.186895918906558],[88.4077924489975,27.186826728337365]]]}},{"type":"Feature","properties":{"source":"Microsoft Global ML Building Footprints"},"geometry":{"type":"Polygon","coordinates":[[[88.40908424610802,27.174770004168657],[88.40908207086443,27.174851086859277],[88.40897912127613,27.174848907468395],[88.40898129014431,27.174767824641222],[88.40908424610802,27.174770004168657]]]}},{"type":"Feature","properties":{"source":"Microsoft Global ML Building Footprints"},"geometry":{"type":"Polygon","coordinates":[[[88.41025828737031,27.18101224614317],[88.41004530354262,27.181103928008405],[88.41002216685584,27.181061395400157],[88.41023515068358,27.180969713499955],[88.41025828737031,27.18101224614317]]]}},{"type":"Feature","properties":{"source":"Microsoft Global ML Building Footprints"},"geometry":{"type":"Polygon","coordinates":[[[88.41026405740624,27.173789074943116],[88.41020838560587,27.173837298636307],[88.41007239093958,27.173713053397798],[88.41012806580997,27.173664823525094],[88.41026405740624,27.173789074943116]]]}},{"type":"Feature","properties":{"source":"Microsoft Global ML Building Footprints"},"geometry":{"type":"Polygon","coordinates":[[[88.41040558826859,27.174423569355667],[88.41040396121457,27.174504672513905],[88.41033424598595,27.17450356563331],[88.41033587303991,27.17442246247426],[88.41040558826859,27.174423569355667]]]}},{"type":"Feature","properties":{"source":"Microsoft Global ML Building Footprints"},"geometry":{"type":"Polygon","coordinates":[[[88.41148229069624,27.17812220184311],[88.41143781691106,27.178121058246106],[88.41143939902315,27.178072249025675],[88.41148387673506,27.17807338995491],[88.41148229069624,27.17812220184311]]]}},{"type":"Feature","properties":{"source":"Microsoft Global ML Building Footprints"},"geometry":{"type":"Polygon","coordinates":[[[88.4138411552861,27.17847276611782],[88.41380623053689,27.178498566045477],[88.41378381981545,27.17847455846328],[88.41381874456462,27.178448758530102],[88.4138411552861,27.17847276611782]]]}},{"type":"Feature","properties":{"source":"Microsoft Global ML Building Footprints"},"geometry":{"type":"Polygon","coordinates":[[[88.40614553977386,27.178651813191806],[88.40619872758418,27.178647432035312],[88.40620498129897,27.17870746774812],[88.40615179383066,27.178711852185586],[88.40614553977386,27.178651813191806]]]}},{"type":"Feature","properties":{"source":"Microsoft Global ML Building Footprints"},"geometry":{"type":"Polygon","coordinates":[[[88.40667151180044,27.177412592983842],[88.40670673440678,27.177452275556952],[88.40661421537104,27.17751726435995],[88.40657899276468,27.177477581809953],[88.40667151180044,27.177412592983842]]]}},{"type":"Feature","properties":{"source":"Microsoft Global ML Building Footprints"},"geometry":{"type":"Polygon","coordinates":[[[88.40765207629808,27.186717249341292],[88.40766676807475,27.186649693221007],[88.40772718815313,27.186660086385942],[88.40771250071195,27.18672764700753],[88.40765207629808,27.186717249341292]]]}},{"type":"Feature","properties":{"source":"Microsoft Global ML Building Footprints"},"geometry":{"type":"Polygon","coordinates":[[[88.4067592246109,27.174743988899323],[88.40670331845007,27.174727990676857],[88.40674084871664,27.174624195592273],[88.40682592330921,27.174648540735134],[88.40678995680372,27.174748011004738],[88.40686044718042,27.174768182672544],[88.40682604443604,27.174863328047678],[88.40672638562764,27.174834809506116],[88.4067592246109,27.174743988899323]]]}},{"type":"Feature","properties":{"source":"Microsoft Global ML Building Footprints"},"geometry":{"type":"Polygon","coordinates":[[[88.40962296839736,27.174315075483918],[88.4095212013429,27.174318630190335],[88.40951699528723,27.17422333106998],[88.40961876234165,27.174219776360545],[88.40962296839736,27.174315075483918]]]}},{"type":"Feature","properties":{"source":"Microsoft Global ML Building Footprints"},"geometry":{"type":"Polygon","coordinates":[[[88.41017585856113,27.17817862006308],[88.41023372766216,27.17816136164732],[88.41022079405849,27.178127041772377],[88.41030759771,27.17810115413576],[88.41033912336896,27.178184808831865],[88.41019445061639,27.1782279548572],[88.41017585856113,27.17817862006308]]]}},{"type":"Feature","properties":{"source":"Microsoft Global ML Building Footprints"},"geometry":{"type":"Polygon","coordinates":[[[88.4106930454192,27.18206089847356],[88.41064465822853,27.182075084560097],[88.41063472734761,27.18204828588759],[88.41068311353132,27.182034097080397],[88.4106930454192,27.18206089847356]]]}},{"type":"Feature","properties":{"source":"Microsoft Global ML Building Footprints"},"geometry":{"type":"Polygon","coordinates":[[[88.41214911490948,27.1831716965538],[88.41215084610812,27.18323247929785],[88.41210647033098,27.18323347665831],[88.41210474399003,27.1831726965681],[88.41214911490948,27.1831716965538]]]}},{"type":"Feature","properties":{"source":"Microsoft Global ML Building Footprints"},"geometry":{"type":"Polygon","coordinates":[[[88.41356911355524,27.18454255390315],[88.41357301156751,27.18461761862426],[88.41351037015805,27.18462019256789],[88.41350646645473,27.184545131982645],[88.41356911355524,27.18454255390315]]]}},{"type":"Feature","properties":{"source":"Microsoft Global ML Building Footprints"},"geometry":{"type":"Polygon","coordinates":[[[88.4051334580312,27.179172931178726],[88.40508258073595,27.17918348582691],[88.40507344105862,27.17914862131775],[88.40512431914145,27.17913806967057],[88.4051334580312,27.179172931178726]]]}},{"type":"Feature","properties":{"source":"Microsoft Global ML Building Footprints"},"geometry":{"type":"Polygon","coordinates":[[[88.40582262262987,27.1796100119614],[88.40577909531349,27.179664588790068],[88.40573190549455,27.179634805636795],[88.40577543722566,27.179580228642074],[88.40582262262987,27.1796100119614]]]}},{"type":"Feature","properties":{"source":"Microsoft Global ML Building Footprints"},"geometry":{"type":"Polygon","coordinates":[[[88.41079990766197,27.174676512172297],[88.41081367139856,27.174621993923523],[88.41086624550606,27.174632495118765],[88.41085248585276,27.17468701417804],[88.41079990766197,27.174676512172297]]]}},{"type":"Feature","properties":{"source":"Microsoft Global ML Building Footprints"},"geometry":{"type":"Polygon","coordinates":[[[88.41251887063548,27.18147333266799],[88.41252323271519,27.18139239477607],[88.41268112014804,27.181399128328657],[88.41267650147539,27.181484827266083],[88.41261227607899,27.181482088195985],[88.41261073652143,27.181510654494517],[88.4125491871832,27.18150802955296],[88.41255098333366,27.181474702203175],[88.41251887063548,27.18147333266799]]]}},{"type":"Feature","properties":{"source":"Microsoft Global ML Building Footprints"},"geometry":{"type":"Polygon","coordinates":[[[88.4128652236452,27.178086013715046],[88.4128358668317,27.17819553498098],[88.41272419898864,27.178171847499577],[88.41275355403876,27.178062332789068],[88.4128652236452,27.178086013715046]]]}},{"type":"Feature","properties":{"source":"Microsoft Global ML Building Footprints"},"geometry":{"type":"Polygon","coordinates":[[[88.41052743804481,27.174457903511772],[88.4105252567137,27.174527047288763],[88.41045289406838,27.174525240565394],[88.4104550753995,27.174456096787267],[88.41052743804481,27.174457903511772]]]}},{"type":"Feature","properties":{"source":"Microsoft Global ML Building Footprints"},"geometry":{"type":"Polygon","coordinates":[[[88.41245983775838,27.177643537932056],[88.41249467068424,27.177642544641813],[88.41249729026875,27.17771524397189],[88.41246245742099,27.177716239427987],[88.41245983775838,27.177643537932056]]]}},{"type":"Feature","properties":{"source":"Microsoft Global ML Building Footprints"},"geometry":{"type":"Polygon","coordinates":[[[88.40896391550514,27.186630298687305],[88.40903169480652,27.186597756261904],[88.4090525355458,27.18663210215294],[88.40898476031992,27.18666464683102],[88.40896391550514,27.186630298687305]]]}},{"type":"Feature","properties":{"source":"Microsoft Global ML Building Footprints"},"geometry":{"type":"Polygon","coordinates":[[[88.40708837221294,27.175564740572845],[88.40715803790852,27.175566731523404],[88.4071502529811,27.175782784554066],[88.40708058712937,27.175780797940483],[88.40708837221294,27.175564740572845]]]}},{"type":"Feature","properties":{"source":"Microsoft Global ML Building Footprints"},"geometry":{"type":"Polygon","coordinates":[[[88.40901382169903,27.17970455819104],[88.40905702235528,27.179616307909853],[88.40911338860124,27.17963814335875],[88.40907018794495,27.17972639362266],[88.40901382169903,27.17970455819104]]]}},{"type":"Feature","properties":{"source":"Microsoft Global ML Building Footprints"},"geometry":{"type":"Polygon","coordinates":[[[88.40902143604043,27.18639515501348],[88.40909732495503,27.18631896314325],[88.40913092511475,27.186345441640867],[88.40905503955892,27.186421636139862],[88.40902143604043,27.18639515501348]]]}},{"type":"Feature","properties":{"source":"Microsoft Global ML Building Footprints"},"geometry":{"type":"Polygon","coordinates":[[[88.41172485730804,27.17463008693698],[88.4117650414301,27.174628838440036],[88.41176672551829,27.17467173668721],[88.41172654139623,27.174672985183676],[88.41172485730804,27.17463008693698]]]}},{"type":"Feature","properties":{"source":"Microsoft Global ML Building Footprints"},"geometry":{"type":"Polygon","coordinates":[[[88.41007823154374,27.177893467817512],[88.41012789428018,27.17790061360887],[88.41012112993857,27.17793781747929],[88.41007146720213,27.17793067169032],[88.41007823154374,27.177893467817512]]]}},{"type":"Feature","properties":{"source":"Microsoft Global ML Building Footprints"},"geometry":{"type":"Polygon","coordinates":[[[88.41008874902178,27.178768605119487],[88.41007006984134,27.17880958903435],[88.41001248134437,27.17878881812544],[88.41003116052485,27.17874783420291],[88.41008874902178,27.178768605119487]]]}},{"type":"Feature","properties":{"source":"Microsoft Global ML Building Footprints"},"geometry":{"type":"Polygon","coordinates":[[[88.41277019156604,27.17264927945167],[88.41272585606208,27.1726488653728],[88.41272658810735,27.172586831366736],[88.41277091873152,27.17258724540026],[88.41277019156604,27.17264927945167]]]}},{"type":"Feature","properties":{"source":"Microsoft Global ML Building Footprints"},"geometry":{"type":"Polygon","coordinates":[[[88.4134777985237,27.18111042308741],[88.41341975233277,27.181178798862923],[88.41336338530316,27.181140932496355],[88.4134214314941,27.18107255669763],[88.4134777985237,27.18111042308741]]]}},{"type":"Feature","properties":{"source":"Microsoft Global ML Building Footprints"},"geometry":{"type":"Polygon","coordinates":[[[88.3998347295734,27.17819761225546],[88.39981044663882,27.178250891614496],[88.3997653167179,27.178234614159777],[88.3997895960524,27.178181333494493],[88.3998347295734,27.17819761225546]]]}},{"type":"Feature","properties":{"source":"Microsoft Global ML Building Footprints"},"geometry":{"type":"Polygon","coordinates":[[[88.41034697810646,27.17875132211139],[88.41033930321741,27.178827060383576],[88.4102781096825,27.178822153140906],[88.41028578457154,27.178746414865394],[88.41034697810646,27.17875132211139]]]}},{"type":"Feature","properties":{"source":"Microsoft Global ML Building Footprints"},"geometry":{"type":"Polygon","coordinates":[[[88.41313482064928,27.18403494243364],[88.41318580805454,27.184024587609258],[88.41320356558266,27.184093797848448],[88.41315257740327,27.184104149649215],[88.41313482064928,27.18403494243364]]]}},{"type":"Feature","properties":{"source":"Microsoft Global ML Building Footprints"},"geometry":{"type":"Polygon","coordinates":[[[88.41319234352271,27.18071662955016],[88.41318222360884,27.18077733076609],[88.41311661150529,27.18076867464216],[88.41312673141915,27.180707973421548],[88.41319234352271,27.18071662955016]]]}},{"type":"Feature","properties":{"source":"Microsoft Global ML Building Footprints"},"geometry":{"type":"Polygon","coordinates":[[[88.39997398822314,27.186367956750978],[88.40001037225376,27.186384243201132],[88.39998725877099,27.186425100157138],[88.39995087576283,27.186408811905565],[88.39997398822314,27.186367956750978]]]}},{"type":"Feature","properties":{"source":"Microsoft Global ML Building Footprints"},"geometry":{"type":"Polygon","coordinates":[[[88.40039603521177,27.184361059024816],[88.40036363592496,27.184470373350607],[88.40030994366144,27.18445778449631],[88.40034233490613,27.18434846827259],[88.40039603521177,27.184361059024816]]]}},{"type":"Feature","properties":{"source":"Microsoft Global ML Building Footprints"},"geometry":{"type":"Polygon","coordinates":[[[88.40987184444836,27.178906376700873],[88.40985925978961,27.178946176607667],[88.4098244621,27.178937469296002],[88.40983704675875,27.178897669386096],[88.40987184444836,27.178906376700873]]]}},{"type":"Feature","properties":{"source":"Microsoft Global ML Building Footprints"},"geometry":{"type":"Polygon","coordinates":[[[88.41335134909393,27.17891363152968],[88.41344518308887,27.17891183797606],[88.4134469961817,27.178986903442862],[88.41335316232778,27.17898870283478],[88.41335134909393,27.17891363152968]]]}},{"type":"Feature","properties":{"source":"Microsoft Global ML Building Footprints"},"geometry":{"type":"Polygon","coordinates":[[[88.41341074502127,27.172967700191776],[88.4134282503254,27.17289585290039],[88.41353072417077,27.172915613194412],[88.41351321738186,27.172987466567136],[88.41341074502127,27.172967700191776]]]}},{"type":"Feature","properties":{"source":"Microsoft Global ML Building Footprints"},"geometry":{"type":"Polygon","coordinates":[[[88.40740769329,27.17308769846712],[88.40741080705553,27.17315112668875],[88.40733852527748,27.173153935041263],[88.40733541129141,27.173090502329202],[88.40740769329,27.17308769846712]]]}},{"type":"Feature","properties":{"source":"Microsoft Global ML Building Footprints"},"geometry":{"type":"Polygon","coordinates":[[[88.40916659178686,27.175503141765915],[88.40920936210497,27.17550535738379],[88.40920257764215,27.175609006086518],[88.40915980715027,27.175606793124743],[88.40916659178686,27.175503141765915]]]}},{"type":"Feature","properties":{"source":"Microsoft Global ML Building Footprints"},"geometry":{"type":"Polygon","coordinates":[[[88.41256664307018,27.179185051476942],[88.41255597866997,27.179229551891837],[88.41251348493444,27.179221495756074],[88.41252414659199,27.179176992172124],[88.41256664307018,27.179185051476942]]]}},{"type":"Feature","properties":{"source":"Microsoft Global ML Building Footprints"},"geometry":{"type":"Polygon","coordinates":[[[88.39994964622005,27.178497282087683],[88.40001015380518,27.17852471160736],[88.39996400080709,27.178605291848527],[88.39990348647578,27.178577863058166],[88.39994964622005,27.178497282087683]]]}},{"type":"Feature","properties":{"source":"Microsoft Global ML Building Footprints"},"geometry":{"type":"Polygon","coordinates":[[[88.40886554905487,27.179087278521315],[88.40888518141797,27.17902281596526],[88.40899904353645,27.17905026517934],[88.40897940644875,27.17911472658053],[88.40886554905487,27.179087278521315]]]}},{"type":"Feature","properties":{"source":"Microsoft Global ML Building Footprints"},"geometry":{"type":"Polygon","coordinates":[[[88.41135492592507,27.178045997380913],[88.41142563851969,27.178048427653607],[88.41142129279899,27.17814849320061],[88.41135057234342,27.17814606265994],[88.41135492592507,27.178045997380913]]]}},{"type":"Feature","properties":{"source":"Microsoft Global ML Building Footprints"},"geometry":{"type":"Polygon","coordinates":[[[88.40665401253104,27.179050627498576],[88.40664399853317,27.17909909725219],[88.40643124402472,27.179064312523252],[88.4064412580226,27.179015842754524],[88.40665401253104,27.179050627498576]]]}},{"type":"Feature","properties":{"source":"Microsoft Global ML Building Footprints"},"geometry":{"type":"Polygon","coordinates":[[[88.41021245607499,27.17779967254986],[88.41024977604422,27.17780228427639],[88.41024663047413,27.177837855268848],[88.41020931050487,27.177835243543115],[88.41021245607499,27.17779967254986]]]}},{"type":"Feature","properties":{"source":"Microsoft Global ML Building Footprints"},"geometry":{"type":"Polygon","coordinates":[[[88.41070020693134,27.18188684790568],[88.4107656255708,27.181822853901075],[88.41080157362984,27.18185193355869],[88.41073615223455,27.181915925317327],[88.41070020693134,27.18188684790568]]]}},{"type":"Feature","properties":{"source":"Microsoft Global ML Building Footprints"},"geometry":{"type":"Polygon","coordinates":[[[88.40895086330734,27.176217346037852],[88.4089552217608,27.176150760735297],[88.40904878183166,27.176155607371193],[88.40904442337822,27.176222192670863],[88.40895086330734,27.176217346037852]]]}},{"type":"Feature","properties":{"source":"Microsoft Global ML Building Footprints"},"geometry":{"type":"Polygon","coordinates":[[[88.40977757892014,27.179346925582834],[88.40975325518912,27.179430641434898],[88.40966134180393,27.1794095079128],[88.40968565780254,27.17932579599006],[88.40977757892014,27.179346925582834]]]}},{"type":"Feature","properties":{"source":"Microsoft Global ML Building Footprints"},"geometry":{"type":"Polygon","coordinates":[[[88.41361499234904,27.1755169635535],[88.4135622630161,27.175510784799414],[88.41357599025336,27.175418072871558],[88.41362872006417,27.17542424840365],[88.41361499234904,27.1755169635535]]]}},{"type":"Feature","properties":{"source":"Microsoft Global ML Building Footprints"},"geometry":{"type":"Polygon","coordinates":[[[88.40550149495846,27.178111761120462],[88.40554134133227,27.178097079205678],[88.40557832927357,27.178176507184276],[88.40553847756584,27.178191191053955],[88.40550149495846,27.178111761120462]]]}},{"type":"Feature","properties":{"source":"Microsoft Global ML Building Footprints"},"geometry":{"type":"Polygon","coordinates":[[[88.40585228142777,27.178009771482593],[88.4058505569427,27.178052665886675],[88.40581305398588,27.178051472707814],[88.40581477847095,27.178008578303285],[88.40585228142777,27.178009771482593]]]}},{"type":"Feature","properties":{"source":"Microsoft Global ML Building Footprints"},"geometry":{"type":"Polygon","coordinates":[[[88.40697989921492,27.17339353047037],[88.40692897460363,27.173394757559066],[88.40692730489194,27.173339915877],[88.40697822950327,27.173338688787716],[88.40697989921492,27.17339353047037]]]}},{"type":"Feature","properties":{"source":"Microsoft Global ML Building Footprints"},"geometry":{"type":"Polygon","coordinates":[[[88.40706602304711,27.17346616941977],[88.40709330906711,27.173535563699524],[88.40700249911347,27.173563828976704],[88.40697521111257,27.173494429676765],[88.40706602304711,27.17346616941977]]]}},{"type":"Feature","properties":{"source":"Microsoft Global ML Building Footprints"},"geometry":{"type":"Polygon","coordinates":[[[88.40794685734521,27.175433391972334],[88.40796337087143,27.175330499864607],[88.40795285637668,27.17532916435102],[88.40796036252495,27.175282395179238],[88.40800927782175,27.17528860822803],[88.40800177527949,27.17533537785524],[88.40802382921628,27.175338179067367],[88.4080073156901,27.175441071167995],[88.40794685734521,27.175433391972334]]]}},{"type":"Feature","properties":{"source":"Microsoft Global ML Building Footprints"},"geometry":{"type":"Polygon","coordinates":[[[88.41016924857617,27.178213199702576],[88.41019271506265,27.178291117628078],[88.41008510621197,27.178316771416917],[88.41006163972554,27.178238853509335],[88.41016924857617,27.178213199702576]]]}},{"type":"Feature","properties":{"source":"Microsoft Global ML Building Footprints"},"geometry":{"type":"Polygon","coordinates":[[[88.41253013706132,27.181657545110603],[88.41257965696886,27.181655334541524],[88.41258261069844,27.18170769452152],[88.41253308668166,27.18170990527298],[88.41253013706132,27.181657545110603]]]}},{"type":"Feature","properties":{"source":"Microsoft Global ML Building Footprints"},"geometry":{"type":"Polygon","coordinates":[[[88.41225746889519,27.182607211902337],[88.4123175103157,27.18257043260752],[88.41238391403539,27.18265621254266],[88.41227391109899,27.182723596470765],[88.41222504461581,27.182660477494487],[88.41227500950036,27.182629870752073],[88.41225746889519,27.182607211902337]]]}},{"type":"Feature","properties":{"source":"Microsoft Global ML Building Footprints"},"geometry":{"type":"Polygon","coordinates":[[[88.39940162917594,27.17922838798394],[88.39943616771082,27.17923139208729],[88.39943019304857,27.179285751440077],[88.3993956545137,27.179282747338178],[88.39940162917594,27.17922838798394]]]}},{"type":"Feature","properties":{"source":"Microsoft Global ML Building Footprints"},"geometry":{"type":"Polygon","coordinates":[[[88.40525406377432,27.17725862612948],[88.40533720759547,27.177271925046718],[88.40532020929913,27.17735605976962],[88.40523706446484,27.177342765877114],[88.40525406377432,27.17725862612948]]]}},{"type":"Feature","properties":{"source":"Microsoft Global ML Building Footprints"},"geometry":{"type":"Polygon","coordinates":[[[88.41248883672736,27.18448423335105],[88.41255563768905,27.184480569374116],[88.41256025615645,27.184547122148444],[88.41249345519473,27.18455078612319],[88.41248883672736,27.18448423335105]]]}},{"type":"Feature","properties":{"source":"Microsoft Global ML Building Footprints"},"geometry":{"type":"Polygon","coordinates":[[[88.40136154944406,27.17684625717537],[88.40137189574672,27.17681694198773],[88.40141918242469,27.176830146585324],[88.40140883727582,27.176859465035925],[88.40136154944406,27.17684625717537]]]}},{"type":"Feature","properties":{"source":"Microsoft Global ML Building Footprints"},"geometry":{"type":"Polygon","coordinates":[[[88.4066466397837,27.175906103870417],[88.40673417760411,27.17573973573102],[88.40683318428331,27.1757809634032],[88.40674564646292,27.175947331481147],[88.4066466397837,27.175906103870417]]]}},{"type":"Feature","properties":{"source":"Microsoft Global ML Building Footprints"},"geometry":{"type":"Polygon","coordinates":[[[88.41216073158495,27.17465151791007],[88.41225750159484,27.174637762324146],[88.4122896940756,27.174816919126975],[88.41219292406566,27.174830674690817],[88.41216073158495,27.17465151791007]]]}},{"type":"Feature","properties":{"source":"Microsoft Global ML Building Footprints"},"geometry":{"type":"Polygon","coordinates":[[[88.41063323779602,27.17713172742655],[88.41063578881833,27.177179341206234],[88.41056519875313,27.177182329855995],[88.41056265146831,27.17713471591935],[88.41063323779602,27.17713172742655]]]}},{"type":"Feature","properties":{"source":"Microsoft Global ML Building Footprints"},"geometry":{"type":"Polygon","coordinates":[[[88.41197719365582,27.17491859521636],[88.41209023876908,27.1749428500528],[88.41205355846884,27.17507814808036],[88.41194050329655,27.175053891115077],[88.41197719365582,27.17491859521636]]]}},{"type":"Feature","properties":{"source":"Microsoft Global ML Building Footprints"},"geometry":{"type":"Polygon","coordinates":[[[88.40341264502752,27.187088455762655],[88.40344347283218,27.18721116303039],[88.40341026315042,27.18721776666593],[88.40337943534576,27.18709505940548],[88.40341264502752,27.187088455762655]]]}},{"type":"Feature","properties":{"source":"Microsoft Global ML Building Footprints"},"geometry":{"type":"Polygon","coordinates":[[[88.4058921032927,27.179579219389417],[88.40583105417913,27.179611892380862],[88.40580544470396,27.17957402983825],[88.40586649192996,27.179541354045078],[88.4058921032927,27.179579219389417]]]}},{"type":"Feature","properties":{"source":"Microsoft Global ML Building Footprints"},"geometry":{"type":"Polygon","coordinates":[[[88.40714457055093,27.173595250107333],[88.4071410213653,27.173724886990996],[88.4069733147997,27.173721242713214],[88.40697687389152,27.173591616482007],[88.40714457055093,27.173595250107333]]]}},{"type":"Feature","properties":{"source":"Microsoft Global ML Building Footprints"},"geometry":{"type":"Polygon","coordinates":[[[88.40730914909469,27.18709604069541],[88.40735198274095,27.187097704696328],[88.40734952748083,27.187147712712672],[88.4073066938346,27.1871460487125],[88.40730914909469,27.18709604069541]]]}},{"type":"Feature","properties":{"source":"Microsoft Global ML Building Footprints"},"geometry":{"type":"Polygon","coordinates":[[[88.41076478219759,27.176730001111153],[88.41076987474813,27.176791707041502],[88.41064448679559,27.176799896502608],[88.41063939424504,27.176738190576792],[88.41076478219759,27.176730001111153]]]}},{"type":"Feature","properties":{"source":"Microsoft Global ML Building Footprints"},"geometry":{"type":"Polygon","coordinates":[[[88.40059673268317,27.177926289035646],[88.40062483542219,27.177845766066767],[88.4007006737108,27.17786671201184],[88.40067257097178,27.177947234965615],[88.40059673268317,27.177926289035646]]]}},{"type":"Feature","properties":{"source":"Microsoft Global ML Building Footprints"},"geometry":{"type":"Polygon","coordinates":[[[88.40634606918537,27.17800337904589],[88.40632245960732,27.178065470741387],[88.40628154354843,27.178053158710433],[88.40630515312648,27.17799106700808],[88.40634606918537,27.17800337904589]]]}},{"type":"Feature","properties":{"source":"Microsoft Global ML Building Footprints"},"geometry":{"type":"Polygon","coordinates":[[[88.40798353909844,27.180779183316155],[88.40802256955695,27.18077024079428],[88.40803811796566,27.18082394267139],[88.40799909146939,27.180832884281187],[88.40798353909844,27.180779183316155]]]}},{"type":"Feature","properties":{"source":"Microsoft Global ML Building Footprints"},"geometry":{"type":"Polygon","coordinates":[[[88.4121605973811,27.17762832844131],[88.41219329121778,27.177702880982018],[88.4120559439967,27.17775054682133],[88.41202325016002,27.177675994312445],[88.4121605973811,27.17762832844131]]]}},{"type":"Feature","properties":{"source":"Microsoft Global ML Building Footprints"},"geometry":{"type":"Polygon","coordinates":[[[88.41309088814141,27.173627190073248],[88.41307648352675,27.173675021007234],[88.41302502802321,27.173662756786563],[88.41303943704914,27.173614923695204],[88.41309088814141,27.173627190073248]]]}},{"type":"Feature","properties":{"source":"Microsoft Global ML Building Footprints"},"geometry":{"type":"Polygon","coordinates":[[[88.40702218408369,27.177744946626355],[88.40703937486464,27.177678410761928],[88.40708368482474,27.177687467938092],[88.40706649833908,27.17775400743418],[88.40702218408369,27.177744946626355]]]}},{"type":"Feature","properties":{"source":"Microsoft Global ML Building Footprints"},"geometry":{"type":"Polygon","coordinates":[[[88.4090353014795,27.18012453101953],[88.40906484268291,27.18007564090979],[88.40910854309304,27.180096536659292],[88.40907900061418,27.180145428870716],[88.4090353014795,27.18012453101953]]]}},{"type":"Feature","properties":{"source":"Microsoft Global ML Building Footprints"},"geometry":{"type":"Polygon","coordinates":[[[88.40661377614119,27.17619712746827],[88.40666104071603,27.176203289710664],[88.40664680202025,27.176289719325958],[88.40659953744544,27.176283557088347],[88.40661377614119,27.17619712746827]]]}},{"type":"Feature","properties":{"source":"Microsoft Global ML Building Footprints"},"geometry":{"type":"Polygon","coordinates":[[[88.41101164575778,27.17324582316894],[88.41102606339227,27.173315031219914],[88.41095604857152,27.17332657493263],[88.41094163093707,27.173257366888826],[88.41101164575778,27.17324582316894]]]}},{"type":"Feature","properties":{"source":"Microsoft Global ML Building Footprints"},"geometry":{"type":"Polygon","coordinates":[[[88.41023105091034,27.177614220855425],[88.41020910733427,27.177716537214557],[88.41011436770093,27.17770045751147],[88.41013630228954,27.177598145511396],[88.41023105091034,27.177614220855425]]]}},{"type":"Feature","properties":{"source":"Microsoft Global ML Building Footprints"},"geometry":{"type":"Polygon","coordinates":[[[88.39897504107998,27.178956936914474],[88.39899561994083,27.17887765070278],[88.39903490607345,27.17888571758725],[88.39901433313499,27.178965005009296],[88.39897504107998,27.178956936914474]]]}},{"type":"Feature","properties":{"source":"Microsoft Global ML Building Footprints"},"geometry":{"type":"Polygon","coordinates":[[[88.40291821218896,27.18699954513216],[88.40288607287204,27.18699844865015],[88.40288843117239,27.18694365388216],[88.40292057048931,27.186944750364695],[88.40291821218896,27.18699954513216]]]}},{"type":"Feature","properties":{"source":"Microsoft Global ML Building Footprints"},"geometry":{"type":"Polygon","coordinates":[[[88.4084291623023,27.18028785763927],[88.40840581398614,27.18035703300393],[88.40836890797365,27.18034717555353],[88.40839225700124,27.180277998075013],[88.4084291623023,27.18028785763927]]]}},{"type":"Feature","properties":{"source":"Microsoft Global ML Building Footprints"},"geometry":{"type":"Polygon","coordinates":[[[88.4109978985598,27.173384855832992],[88.41103273378945,27.173385816692083],[88.41103157063968,27.17341919098194],[88.41108248366764,27.17342059531402],[88.41108115435358,27.173458737346877],[88.41099540609596,27.173456372156807],[88.4109978985598,27.173384855832992]]]}},{"type":"Feature","properties":{"source":"Microsoft Global ML Building Footprints"},"geometry":{"type":"Polygon","coordinates":[[[88.40540696948914,27.17820814781004],[88.40543851072223,27.178278003810973],[88.40531841202085,27.1783209171898],[88.40528687078775,27.178251061215697],[88.40540696948914,27.17820814781004]]]}},{"type":"Feature","properties":{"source":"Microsoft Global ML Building Footprints"},"geometry":{"type":"Polygon","coordinates":[[[88.40150542345825,27.18104226137298],[88.40145858003298,27.181065721381152],[88.40143908740703,27.181034921528536],[88.4014859308323,27.181011461513897],[88.40150542345825,27.18104226137298]]]}},{"type":"Feature","properties":{"source":"Microsoft Global ML Building Footprints"},"geometry":{"type":"Polygon","coordinates":[[[88.40709988588696,27.178334048383235],[88.40704774732038,27.17834193019018],[88.40703622925128,27.178281633703584],[88.40708836781782,27.17827375189237],[88.40709988588696,27.178334048383235]]]}},{"type":"Feature","properties":{"source":"Microsoft Global ML Building Footprints"},"geometry":{"type":"Polygon","coordinates":[[[88.41209551470737,27.18479181083795],[88.41202511060334,27.184956480580837],[88.41197121534873,27.184938247399153],[88.41204161945275,27.184773577629343],[88.41209551470737,27.18479181083795]]]}},{"type":"Feature","properties":{"source":"Microsoft Global ML Building Footprints"},"geometry":{"type":"Polygon","coordinates":[[[88.39965232621402,27.185162589481784],[88.39966796334774,27.18510638391318],[88.39970488951226,27.185114512931825],[88.39968925654566,27.185170719413698],[88.39965232621402,27.185162589481784]]]}},{"type":"Feature","properties":{"source":"Microsoft Global ML Building Footprints"},"geometry":{"type":"Polygon","coordinates":[[[88.41027203574271,27.184637260727463],[88.41021036077836,27.184636381425797],[88.41021147820356,27.184574363178335],[88.4102731531679,27.18457524248049],[88.41027203574271,27.184637260727463]]]}},{"type":"Feature","properties":{"source":"Microsoft Global ML Building Footprints"},"geometry":{"type":"Polygon","coordinates":[[[88.4129905687116,27.178073371344837],[88.41301147181014,27.178022965640523],[88.41306341164122,27.1780400112591],[88.41304250854267,27.178090416955698],[88.4129905687116,27.178073371344837]]]}},{"type":"Feature","properties":{"source":"Microsoft Global ML Building Footprints"},"geometry":{"type":"Polygon","coordinates":[[[88.40453639010387,27.180691035235235],[88.40480702918953,27.180570962214887],[88.40483595317355,27.180622552082212],[88.40456531408792,27.180742625047046],[88.40453639010387,27.180691035235235]]]}},{"type":"Feature","properties":{"source":"Microsoft Global ML Building Footprints"},"geometry":{"type":"Polygon","coordinates":[[[88.40796031334848,27.1807993148973],[88.40788747954213,27.18080679249495],[88.40787544220436,27.180714067251444],[88.40794828262949,27.180706584432997],[88.40796031334848,27.1807993148973]]]}},{"type":"Feature","properties":{"source":"Microsoft Global ML Building Footprints"},"geometry":{"type":"Polygon","coordinates":[[[88.41090868001697,27.17321911348683],[88.41087689237457,27.173222282234008],[88.41087214617933,27.173184576577896],[88.41090393382177,27.17318140782963],[88.41090868001697,27.17321911348683]]]}},{"type":"Feature","properties":{"source":"Microsoft Global ML Building Footprints"},"geometry":{"type":"Polygon","coordinates":[[[88.41043227927855,27.177347907231372],[88.41055110175536,27.177343357396815],[88.41055514160082,27.1774267156593],[88.41043631257793,27.177431265741113],[88.41043227927855,27.177347907231372]]]}},{"type":"Feature","properties":{"source":"Microsoft Global ML Building Footprints"},"geometry":{"type":"Polygon","coordinates":[[[88.41042418934094,27.177352154111958],[88.41038408256976,27.177350151421017],[88.41038633380373,27.177314472551956],[88.41042644057487,27.177316475243543],[88.41042418934094,27.177352154111958]]]}},{"type":"Feature","properties":{"source":"Microsoft Global ML Building Footprints"},"geometry":{"type":"Polygon","coordinates":[[[88.4109223543854,27.181221420268997],[88.41097549666989,27.181235200674607],[88.41095349347943,27.181302362801],[88.41090034532523,27.18128858419059],[88.4109223543854,27.181221420268997]]]}},{"type":"Feature","properties":{"source":"Microsoft Global ML Building Footprints"},"geometry":{"type":"Polygon","coordinates":[[[88.41036543950882,27.178708330853823],[88.4103908476965,27.17871366199475],[88.41038098935252,27.17875083302402],[88.41035558156229,27.178745500386363],[88.41036543950882,27.178708330853823]]]}},{"type":"Feature","properties":{"source":"Microsoft Global ML Building Footprints"},"geometry":{"type":"Polygon","coordinates":[[[88.41133779465919,27.177857430610707],[88.41141704941666,27.177860450539157],[88.41141325890156,27.17793904652556],[88.41133401031631,27.17793602683443],[88.41133779465919,27.177857430610707]]]}},{"type":"Feature","properties":{"source":"Microsoft Global ML Building Footprints"},"geometry":{"type":"Polygon","coordinates":[[[88.40736339517542,27.1806313062008],[88.40743032840119,27.180628764170685],[88.40743650079887,27.180757374486994],[88.40736956757314,27.18075991651419],[88.40736339517542,27.1806313062008]]]}},{"type":"Feature","properties":{"source":"Microsoft Global ML Building Footprints"},"geometry":{"type":"Polygon","coordinates":[[[88.40789453763549,27.186617354109373],[88.40789164810028,27.186681670318734],[88.40784979071267,27.186680182350095],[88.40785267519544,27.18661586596025],[88.40789453763549,27.186617354109373]]]}},{"type":"Feature","properties":{"source":"Microsoft Global ML Building Footprints"},"geometry":{"type":"Polygon","coordinates":[[[88.41125623279792,27.174419933664076],[88.41126396454756,27.174394260342574],[88.41130901011296,27.17440499951362],[88.41130127915137,27.1744306702158],[88.41125623279792,27.174419933664076]]]}},{"type":"Feature","properties":{"source":"Microsoft Global ML Building Footprints"},"geometry":{"type":"Polygon","coordinates":[[[88.40597960378487,27.17713451888944],[88.40596325862269,27.177193911840455],[88.40587468844159,27.177174627460523],[88.40588398150949,27.177140859501925],[88.40592795444539,27.177150433729807],[88.40593500535836,27.177124805695314],[88.40597960378487,27.17713451888944]]]}},{"type":"Feature","properties":{"source":"Microsoft Global ML Building Footprints"},"geometry":{"type":"Polygon","coordinates":[[[88.41001465492812,27.174009078984085],[88.4099449443608,27.174007863661643],[88.40994671430504,27.173927800788313],[88.41001642477643,27.17392902045041],[88.41001465492812,27.174009078984085]]]}},{"type":"Feature","properties":{"source":"Microsoft Global ML Building Footprints"},"geometry":{"type":"Polygon","coordinates":[[[88.41236623680251,27.17767224255148],[88.4124423433471,27.17765942485707],[88.41246294012126,27.177756171248447],[88.41238682622856,27.17776899016934],[88.41236623680251,27.17767224255148]]]}},{"type":"Feature","properties":{"source":"Microsoft Global ML Building Footprints"},"geometry":{"type":"Polygon","coordinates":[[[88.4125514770849,27.17908931792448],[88.41253597000433,27.17915314583263],[88.4124693446532,27.179140336347338],[88.4124848517338,27.17907650843187],[88.4125514770849,27.17908931792448]]]}},{"type":"Feature","properties":{"source":"Microsoft Global ML Building Footprints"},"geometry":{"type":"Polygon","coordinates":[[[88.40069242375728,27.18438722632385],[88.4007447216999,27.184400139461083],[88.4006856186793,27.18458959330784],[88.40063331979356,27.184576683215667],[88.40069242375728,27.18438722632385]]]}},{"type":"Feature","properties":{"source":"Microsoft Global ML Building Footprints"},"geometry":{"type":"Polygon","coordinates":[[[88.40105993048321,27.17800279356244],[88.40108342407645,27.17801066020752],[88.4010670548153,27.178049347682524],[88.40104356067994,27.178041482321426],[88.40105993048321,27.17800279356244]]]}},{"type":"Feature","properties":{"source":"Microsoft Global ML Building Footprints"},"geometry":{"type":"Polygon","coordinates":[[[88.40822062715971,27.180117996863792],[88.40823587977316,27.18007188256322],[88.40826550181218,27.180079635904804],[88.40825024919873,27.180125750202166],[88.40822062715971,27.180117996863792]]]}},{"type":"Feature","properties":{"source":"Microsoft Global ML Building Footprints"},"geometry":{"type":"Polygon","coordinates":[[[88.41105724357938,27.182056648006338],[88.41086199044332,27.18221849692646],[88.41081845686182,27.182176935126243],[88.41101371681359,27.18201509265289],[88.41105724357938,27.182056648006338]]]}},{"type":"Feature","properties":{"source":"Microsoft Global ML Building Footprints"},"geometry":{"type":"Polygon","coordinates":[[[88.4119173150818,27.1848221614053],[88.4119550834756,27.18483074391196],[88.41193643013258,27.184895696927875],[88.41189866173876,27.184887114426232],[88.4119173150818,27.1848221614053]]]}},{"type":"Feature","properties":{"source":"Microsoft Global ML Building Footprints"},"geometry":{"type":"Polygon","coordinates":[[[88.39920446120755,27.185997732905392],[88.39929349169066,27.186012604159068],[88.39927575578899,27.186096589140504],[88.39918673281895,27.186081713610676],[88.39920446120755,27.185997732905392]]]}},{"type":"Feature","properties":{"source":"Microsoft Global ML Building Footprints"},"geometry":{"type":"Polygon","coordinates":[[[88.4130159848,27.173703763854363],[88.4129930504495,27.173758151529128],[88.41292721227495,27.1737361831797],[88.41295014662545,27.173681795494254],[88.4130159848,27.173703763854363]]]}},{"type":"Feature","properties":{"source":"Microsoft Global ML Building Footprints"},"geometry":{"type":"Polygon","coordinates":[[[88.39919589416571,27.18584679343857],[88.39914767464037,27.185845277424946],[88.39915557487525,27.18564644798178],[88.39920379451972,27.18564796099985],[88.39919589416571,27.18584679343857]]]}},{"type":"Feature","properties":{"source":"Microsoft Global ML Building Footprints"},"geometry":{"type":"Polygon","coordinates":[[[88.40599028183443,27.178911869004658],[88.40604426061161,27.178928114967178],[88.4059815628047,27.179092970677097],[88.40592757238971,27.17907672123595],[88.40599028183443,27.178911869004658]]]}},{"type":"Feature","properties":{"source":"Microsoft Global ML Building Footprints"},"geometry":{"type":"Polygon","coordinates":[[[88.40137273578583,27.176738595223235],[88.40137365446408,27.1767767552846],[88.4013495256501,27.176777214992],[88.40134860697188,27.176739054930792],[88.40137273578583,27.176738595223235]]]}},{"type":"Feature","properties":{"source":"Microsoft Global ML Building Footprints"},"geometry":{"type":"Polygon","coordinates":[[[88.40143151471231,27.180956203176805],[88.4014800631912,27.180862850867427],[88.40154634388266,27.180890127869333],[88.40149779363611,27.180983483554925],[88.40143151471231,27.180956203176805]]]}},{"type":"Feature","properties":{"source":"Microsoft Global ML Building Footprints"},"geometry":{"type":"Polygon","coordinates":[[[88.40522582341634,27.186991580455178],[88.40520607257271,27.18708514084411],[88.40512316635578,27.187071287532227],[88.40514291614694,27.1869777321173],[88.40522582341634,27.186991580455178]]]}},{"type":"Feature","properties":{"source":"Microsoft Global ML Building Footprints"},"geometry":{"type":"Polygon","coordinates":[[[88.41057653993121,27.177248655845325],[88.41053382953707,27.177262377469418],[88.41051069723127,27.177205384852208],[88.41055340762541,27.17719166322111],[88.41057653993121,27.177248655845325]]]}},{"type":"Feature","properties":{"source":"Microsoft Global ML Building Footprints"},"geometry":{"type":"Polygon","coordinates":[[[88.41091300789535,27.18253115276464],[88.41081297549817,27.18257882741119],[88.41077612977095,27.182517650653317],[88.41087616216815,27.182469975980617],[88.41091300789535,27.18253115276464]]]}},{"type":"Feature","properties":{"source":"Microsoft Global ML Building Footprints"},"geometry":{"type":"Polygon","coordinates":[[[88.41144879756766,27.173265700804166],[88.41145944113816,27.17331642846925],[88.41141797123045,27.173323317473397],[88.41140732765994,27.173272589811447],[88.41144879756766,27.173265700804166]]]}},{"type":"Feature","properties":{"source":"Microsoft Global ML Building Footprints"},"geometry":{"type":"Polygon","coordinates":[[[88.41250217175788,27.179069178570934],[88.41251627065297,27.17899494403141],[88.41258668044154,27.1790055264699],[88.41257258154644,27.179079761002384],[88.41250217175788,27.179069178570934]]]}},{"type":"Feature","properties":{"source":"Microsoft Global ML Building Footprints"},"geometry":{"type":"Polygon","coordinates":[[[88.40778519879058,27.177588432374705],[88.40775753460844,27.17765853333964],[88.40770261269674,27.177641380979942],[88.40773027687888,27.177571280004244],[88.40778519879058,27.177588432374705]]]}},{"type":"Feature","properties":{"source":"Microsoft Global ML Building Footprints"},"geometry":{"type":"Polygon","coordinates":[[[88.4135324540453,27.180966877408565],[88.41356017588467,27.180901017812175],[88.4136083696315,27.180917070674866],[88.41358065344433,27.180982929143596],[88.4135324540453,27.180966877408565]]]}},{"type":"Feature","properties":{"source":"Microsoft Global ML Building Footprints"},"geometry":{"type":"Polygon","coordinates":[[[88.4027421671545,27.18660527071249],[88.40279311444172,27.18661857961861],[88.40276449504915,27.186705266511737],[88.40271355307743,27.186691962176013],[88.4027421671545,27.18660527071249]]]}},{"type":"Feature","properties":{"source":"Microsoft Global ML Building Footprints"},"geometry":{"type":"Polygon","coordinates":[[[88.40574636668164,27.179175802169134],[88.40564370837747,27.179260247812714],[88.40561295727456,27.179230664315888],[88.40571561557874,27.17914621864992],[88.40574636668164,27.179175802169134]]]}},{"type":"Feature","properties":{"source":"Microsoft Global ML Building Footprints"},"geometry":{"type":"Polygon","coordinates":[[[88.40812863486708,27.176215592794883],[88.40820541892347,27.17621440238456],[88.40820704278025,27.176296963722415],[88.40813025232401,27.176298159012234],[88.40812863486708,27.176215592794883]]]}},{"type":"Feature","properties":{"source":"Microsoft Global ML Building Footprints"},"geometry":{"type":"Polygon","coordinates":[[[88.40954124967837,27.179190128272694],[88.40953804707821,27.179106713945643],[88.40959162875376,27.179105085957836],[88.4095948313539,27.17918850028611],[88.40954124967837,27.179190128272694]]]}},{"type":"Feature","properties":{"source":"Microsoft Global ML Building Footprints"},"geometry":{"type":"Polygon","coordinates":[[[88.41012613076349,27.173985914322806],[88.41012867804831,27.173938299022446],[88.41018067781836,27.173940500658247],[88.41017812679605,27.173988115799418],[88.41012613076349,27.173985914322806]]]}},{"type":"Feature","properties":{"source":"Microsoft Global ML Building Footprints"},"geometry":{"type":"Polygon","coordinates":[[[88.40720295324809,27.18038095551823],[88.40724406582986,27.180376770449556],[88.40724850010892,27.180411241789926],[88.40720739052938,27.18041542911118],[88.40720295324809,27.18038095551823]]]}},{"type":"Feature","properties":{"source":"Microsoft Global ML Building Footprints"},"geometry":{"type":"Polygon","coordinates":[[[88.40846793003372,27.186623468610478],[88.40850980050953,27.186542851546825],[88.40856727287816,27.18656646660782],[88.40852540240235,27.186647083654414],[88.40846793003372,27.186623468610478]]]}},{"type":"Feature","properties":{"source":"Microsoft Global ML Building Footprints"},"geometry":{"type":"Polygon","coordinates":[[[88.40907962754142,27.178938176945636],[88.40905278140865,27.179011527002707],[88.4089970034793,27.178995371609666],[88.40902384961205,27.178922021541972],[88.40907962754142,27.178938176945636]]]}},{"type":"Feature","properties":{"source":"Microsoft Global ML Building Footprints"},"geometry":{"type":"Polygon","coordinates":[[[88.41147030305648,27.1778445597541],[88.41147345868907,27.177794609947],[88.41152693396488,27.177797283499466],[88.41152377833225,27.177847233305364],[88.41147030305648,27.1778445597541]]]}},{"type":"Feature","properties":{"source":"Microsoft Global ML Building Footprints"},"geometry":{"type":"Polygon","coordinates":[[[88.41255685228155,27.17933822673652],[88.4125133701345,27.17935426977879],[88.41249438657795,27.179313553041965],[88.41253786872498,27.179297509993837],[88.41255685228155,27.17933822673652]]]}},{"type":"Feature","properties":{"source":"Microsoft Global ML Building Footprints"},"geometry":{"type":"Polygon","coordinates":[[[88.40554960802083,27.179785908581934],[88.40560862775003,27.17967164233159],[88.40575164219119,27.179730098095966],[88.40593728502542,27.179619751755773],[88.40596026684554,27.17965034836906],[88.4059487931763,27.179672562194327],[88.4058249367923,27.17974618256605],[88.40581248792756,27.179770284416996],[88.40578152383155,27.179788689498373],[88.4057422829387,27.179864662496207],[88.40554960802083,27.179785908581934]]]}},{"type":"Feature","properties":{"source":"Microsoft Global ML Building Footprints"},"geometry":{"type":"Polygon","coordinates":[[[88.41111167136405,27.174453446640563],[88.41115144286287,27.174460491743716],[88.41114140765477,27.17450532703777],[88.41110163901591,27.174498284920197],[88.41111167136405,27.174453446640563]]]}},{"type":"Feature","properties":{"source":"Microsoft Global ML Building Footprints"},"geometry":{"type":"Polygon","coordinates":[[[88.4105603902304,27.17733906851297],[88.41046129640154,27.17734247422242],[88.41045798537624,27.177266233263126],[88.4105570792051,27.17726282755136],[88.4105603902304,27.17733906851297]]]}},{"type":"Feature","properties":{"source":"Microsoft Global ML Building Footprints"},"geometry":{"type":"Polygon","coordinates":[[[88.41288910649897,27.185314418668852],[88.41291406072314,27.185236030215002],[88.41297862118896,27.185252292578923],[88.41295366814931,27.185330677300286],[88.41288910649897,27.185314418668852]]]}},{"type":"Feature","properties":{"source":"Microsoft Global ML Building Footprints"},"geometry":{"type":"Polygon","coordinates":[[[88.41172312192671,27.176768927876736],[88.41174132178622,27.176865275876253],[88.41164576839493,27.17687956622528],[88.41162756007017,27.176783213554224],[88.41172312192671,27.176768927876736]]]}},{"type":"Feature","properties":{"source":"Microsoft Global ML Building Footprints"},"geometry":{"type":"Polygon","coordinates":[[[88.41333165422137,27.18115214199934],[88.41333357864306,27.18119024113303],[88.41328271935453,27.181192274015302],[88.41328079493282,27.181154174882288],[88.41333165422137,27.18115214199934]]]}},{"type":"Feature","properties":{"source":"Microsoft Global ML Building Footprints"},"geometry":{"type":"Polygon","coordinates":[[[88.39984492248732,27.176958276782727],[88.39978418570436,27.17694505632084],[88.39981052940894,27.17684927695918],[88.39987126521056,27.17686250100035],[88.39984492248732,27.176958276782727]]]}},{"type":"Feature","properties":{"source":"Microsoft Global ML Building Footprints"},"geometry":{"type":"Polygon","coordinates":[[[88.40813714987215,27.18230418542762],[88.4081258009802,27.18235313159599],[88.40808978235647,27.182346522993036],[88.4081011307497,27.18229757897278],[88.40813714987215,27.18230418542762]]]}},{"type":"Feature","properties":{"source":"Microsoft Global ML Building Footprints"},"geometry":{"type":"Polygon","coordinates":[[[88.4089798807422,27.180499116285482],[88.40898113230348,27.18043471303414],[88.40902403482637,27.1804353727997],[88.40902278326509,27.180499776050674],[88.4089798807422,27.180499116285482]]]}},{"type":"Feature","properties":{"source":"Microsoft Global ML Building Footprints"},"geometry":{"type":"Polygon","coordinates":[[[88.41227301082478,27.18331359748727],[88.41226433346682,27.183372230221096],[88.41222214923616,27.183367290102588],[88.41223082659411,27.18330865736616],[88.41227301082478,27.18331359748727]]]}},{"type":"Feature","properties":{"source":"Microsoft Global ML Building Footprints"},"geometry":{"type":"Polygon","coordinates":[[[88.41042418250206,27.183425405531658],[88.41033431915406,27.183422104628107],[88.41033847868262,27.183332651007092],[88.41042833474525,27.183335957239983],[88.41042418250206,27.183425405531658]]]}},{"type":"Feature","properties":{"source":"Microsoft Global ML Building Footprints"},"geometry":{"type":"Polygon","coordinates":[[[88.41312318252541,27.172786093242856],[88.41321306647798,27.17278824232497],[88.41321166684612,27.17283469358047],[88.41326651408932,27.172836001536105],[88.41326496386708,27.172887316610485],[88.41317795742383,27.17288523633009],[88.41317846035118,27.17286854508967],[88.41312073336215,27.17286716486609],[88.41312318252541,27.172786093242856]]]}},{"type":"Feature","properties":{"source":"Microsoft Global ML Building Footprints"},"geometry":{"type":"Polygon","coordinates":[[[88.40055528904685,27.184927667739565],[88.40047777262293,27.185002594354977],[88.40043856159608,27.184970495237934],[88.40051607801999,27.184895568600965],[88.40055528904685,27.184927667739565]]]}},{"type":"Feature","properties":{"source":"Microsoft Global ML Building Footprints"},"geometry":{"type":"Polygon","coordinates":[[[88.40863320659427,27.180627492900655],[88.40863860409624,27.18054809094175],[88.40868938039586,27.18055082233485],[88.40868398267978,27.180630227441604],[88.40863320659427,27.180627492900655]]]}},{"type":"Feature","properties":{"source":"Microsoft Global ML Building Footprints"},"geometry":{"type":"Polygon","coordinates":[[[88.40939638211469,27.175162698283415],[88.40928492375564,27.175186751410067],[88.40926218750704,27.175103371085022],[88.4093736458661,27.17507931794041],[88.40939638211469,27.175162698283415]]]}},{"type":"Feature","properties":{"source":"Microsoft Global ML Building Footprints"},"geometry":{"type":"Polygon","coordinates":[[[88.41195177480596,27.173084323515624],[88.4119876293417,27.17316473081158],[88.41195286673334,27.173176998996937],[88.41191701219759,27.17309659170982],[88.41195177480596,27.173084323515624]]]}},{"type":"Feature","properties":{"source":"Microsoft Global ML Building Footprints"},"geometry":{"type":"Polygon","coordinates":[[[88.40710000610699,27.178520006926462],[88.40711778477261,27.17848213622085],[88.40724929381359,27.178531001658577],[88.4072315158845,27.178568864433316],[88.40710000610699,27.178520006926462]]]}},{"type":"Feature","properties":{"source":"Microsoft Global ML Building Footprints"},"geometry":{"type":"Polygon","coordinates":[[[88.40718060990642,27.187256485786513],[88.40717795865376,27.18729930143165],[88.40713413678056,27.18729715162054],[88.4071367913918,27.187254336139375],[88.40718060990642,27.187256485786513]]]}},{"type":"Feature","properties":{"source":"Microsoft Global ML Building Footprints"},"geometry":{"type":"Polygon","coordinates":[[[88.4105763319344,27.18187561923635],[88.4106546199698,27.1817817204927],[88.41070999373382,27.18181825056608],[88.4106317056984,27.18191214927898],[88.4105763319344,27.18187561923635]]]}},{"type":"Feature","properties":{"source":"Microsoft Global ML Building Footprints"},"geometry":{"type":"Polygon","coordinates":[[[88.41062106281647,27.17611376270054],[88.41068796937957,27.176110959136558],[88.4106923307364,27.176193208233627],[88.41062542439369,27.176196015952044],[88.41062106281647,27.17611376270054]]]}},{"type":"Feature","properties":{"source":"Microsoft Global ML Building Footprints"},"geometry":{"type":"Polygon","coordinates":[[[88.39951194393231,27.177521447607404],[88.39949246103154,27.177608674849616],[88.39937634596234,27.177588150241206],[88.39939582886315,27.177500922982937],[88.39951194393231,27.177521447607404]]]}},{"type":"Feature","properties":{"source":"Microsoft Global ML Building Footprints"},"geometry":{"type":"Polygon","coordinates":[[[88.40753638206591,27.182051448931233],[88.40753185742894,27.182175389069172],[88.40749294212966,27.182174262451873],[88.40749747650774,27.18205032259469],[88.40753638206591,27.182051448931233]]]}},{"type":"Feature","properties":{"source":"Microsoft Global ML Building Footprints"},"geometry":{"type":"Polygon","coordinates":[[[88.4081797227602,27.175323021023303],[88.40812348168892,27.17532107405834],[88.4081315848501,27.17513615899447],[88.40820121646297,27.175138573855435],[88.40819781168128,27.17521627139852],[88.40823960852167,27.17521771833148],[88.40823810889772,27.175252001468778],[88.40818291878333,27.17525008744854],[88.4081797227602,27.175323021023303]]]}},{"type":"Feature","properties":{"source":"Microsoft Global ML Building Footprints"},"geometry":{"type":"Polygon","coordinates":[[[88.41148137506875,27.182353387349437],[88.4114760193219,27.182400626409354],[88.41144150170074,27.182397529652853],[88.41144685744759,27.182350290591657],[88.41148137506875,27.182353387349437]]]}},{"type":"Feature","properties":{"source":"Microsoft Global ML Building Footprints"},"geometry":{"type":"Polygon","coordinates":[[[88.39987894937694,27.17880806098406],[88.39979312926496,27.17879779126237],[88.39979950509404,27.178755605247765],[88.39975096710477,27.178749796913856],[88.39975734619382,27.178707611271214],[88.3997178281464,27.178702882313225],[88.39972704238616,27.178641947465344],[88.39980871301753,27.178651720650315],[88.39981580089426,27.178604847671856],[88.39985531894169,27.17860957663401],[88.39983972561286,27.178712697156243],[88.39989241634277,27.17871900243297],[88.39987894937694,27.17880806098406]]]}},{"type":"Feature","properties":{"source":"Microsoft Global ML Building Footprints"},"geometry":{"type":"Polygon","coordinates":[[[88.40610788362198,27.178870535607686],[88.40618134117679,27.178873037333666],[88.40617857272983,27.17893736644922],[88.40610511012127,27.17893486455253],[88.40610788362198,27.178870535607686]]]}},{"type":"Feature","properties":{"source":"Microsoft Global ML Building Footprints"},"geometry":{"type":"Polygon","coordinates":[[[88.40681695313884,27.175517292600738],[88.40685432319142,27.175448261599918],[88.40689786914878,27.175466915322538],[88.40686049790476,27.175535948512675],[88.40681695313884,27.175517292600738]]]}},{"type":"Feature","properties":{"source":"Microsoft Global ML Building Footprints"},"geometry":{"type":"Polygon","coordinates":[[[88.40732081027018,27.1777889608055],[88.4072402908537,27.17795820873529],[88.40718887945819,27.177938855789733],[88.40726938887289,27.177769600863975],[88.40732081027018,27.1777889608055]]]}},{"type":"Feature","properties":{"source":"Microsoft Global ML Building Footprints"},"geometry":{"type":"Polygon","coordinates":[[[88.41168042385824,27.182388473428375],[88.41171338847852,27.18231268108537],[88.4117903769597,27.182339178059927],[88.41175741415277,27.18241496621566],[88.41168042385824,27.182388473428375]]]}},{"type":"Feature","properties":{"source":"Microsoft Global ML Building Footprints"},"geometry":{"type":"Polygon","coordinates":[[[88.41241841149052,27.181265881897282],[88.41242127446063,27.1811848380328],[88.41252713016318,27.181187803777142],[88.41252426082306,27.181268847461],[88.41241841149052,27.181265881897282]]]}},{"type":"Feature","properties":{"source":"Microsoft Global ML Building Footprints"},"geometry":{"type":"Polygon","coordinates":[[[88.40470062244344,27.18030423645439],[88.40475688926028,27.180315285490316],[88.40473995207775,27.180383540189617],[88.40468368526093,27.18037249116044],[88.40470062244344,27.18030423645439]]]}},{"type":"Feature","properties":{"source":"Microsoft Global ML Building Footprints"},"geometry":{"type":"Polygon","coordinates":[[[88.40578442533602,27.178074747746173],[88.4057255947726,27.17807762676562],[88.40572241573682,27.17802621827019],[88.40578124607437,27.178023335597622],[88.40578442533602,27.178074747746173]]]}},{"type":"Feature","properties":{"source":"Microsoft Global ML Building Footprints"},"geometry":{"type":"Polygon","coordinates":[[[88.41199759569136,27.18141858279988],[88.41195492328758,27.18154824336441],[88.41187339794863,27.181527011601872],[88.41190015860863,27.18144569904659],[88.41192856190084,27.181453096163146],[88.41194447714815,27.181404749044844],[88.41199759569136,27.18141858279988]]]}},{"type":"Feature","properties":{"source":"Microsoft Global ML Building Footprints"},"geometry":{"type":"Polygon","coordinates":[[[88.41344196009491,27.17975993258713],[88.4134795711965,27.17976640266363],[88.41347107143702,27.17980550304795],[88.4134334633008,27.179799033483853],[88.41344196009491,27.17975993258713]]]}},{"type":"Feature","properties":{"source":"Microsoft Global ML Building Footprints"},"geometry":{"type":"Polygon","coordinates":[[[88.40670415456145,27.178611877884997],[88.40670250639128,27.17855703773448],[88.40675075166786,27.178555890280343],[88.40675239983807,27.17861073043143],[88.40670415456145,27.178611877884997]]]}},{"type":"Feature","properties":{"source":"Microsoft Global ML Building Footprints"},"geometry":{"type":"Polygon","coordinates":[[[88.40830390274981,27.18246137384969],[88.40824341321243,27.18245379285785],[88.40825675896141,27.18236957027851],[88.40831724849879,27.18237715127605],[88.40830390274981,27.18246137384969]]]}},{"type":"Feature","properties":{"source":"Microsoft Global ML Building Footprints"},"geometry":{"type":"Polygon","coordinates":[[[88.40730798371789,27.17327203664943],[88.407313541331,27.173177720231912],[88.40737773793344,27.173180714095174],[88.40737218055526,27.173275026523967],[88.40730798371789,27.17327203664943]]]}},{"type":"Feature","properties":{"source":"Microsoft Global ML Building Footprints"},"geometry":{"type":"Polygon","coordinates":[[[88.41019671209882,27.18450769639111],[88.4102381393154,27.18450071200182],[88.41024871853466,27.18455036457742],[88.41020729184854,27.184557351453293],[88.41019671209882,27.18450769639111]]]}},{"type":"Feature","properties":{"source":"Microsoft Global ML Building Footprints"},"geometry":{"type":"Polygon","coordinates":[[[88.41025207650705,27.174364889715036],[88.41028987455014,27.174359773340257],[88.41029585773053,27.174394755681917],[88.41025806237728,27.17439987169103],[88.41025207650705,27.174364889715036]]]}},{"type":"Feature","properties":{"source":"Microsoft Global ML Building Footprints"},"geometry":{"type":"Polygon","coordinates":[[[88.4116674396337,27.174852641387403],[88.41167773325729,27.174788377779322],[88.41171979452841,27.17479370980208],[88.4117095004937,27.174857975973822],[88.4116674396337,27.174852641387403]]]}},{"type":"Feature","properties":{"source":"Microsoft Global ML Building Footprints"},"geometry":{"type":"Polygon","coordinates":[[[88.41014381575324,27.178982882477072],[88.41019401895068,27.178900885336283],[88.4102312521783,27.17891892770335],[88.41018105007542,27.17900092304305],[88.41014381575324,27.178982882477072]]]}},{"type":"Feature","properties":{"source":"Microsoft Global ML Building Footprints"},"geometry":{"type":"Polygon","coordinates":[[[88.41299760590947,27.174323685960736],[88.41307327250749,27.17426242060852],[88.41311733532788,27.1743054870134],[88.41304166687671,27.174366753842413],[88.41299760590947,27.174323685960736]]]}},{"type":"Feature","properties":{"source":"Microsoft Global ML Building Footprints"},"geometry":{"type":"Polygon","coordinates":[[[88.40855714657528,27.186824565232996],[88.40856380808403,27.186787333771285],[88.40860402300186,27.186793024550603],[88.40859736435023,27.186830256414723],[88.40855714657528,27.186824565232996]]]}},{"type":"Feature","properties":{"source":"Microsoft Global ML Building Footprints"},"geometry":{"type":"Polygon","coordinates":[[[88.40995246413829,27.18123591909915],[88.40998365487567,27.181276683924054],[88.40990850101039,27.181322187699344],[88.40987731027296,27.181281422891068],[88.40995246413829,27.18123591909915]]]}},{"type":"Feature","properties":{"source":"Microsoft Global ML Building Footprints"},"geometry":{"type":"Polygon","coordinates":[[[88.40523730024223,27.178430276680025],[88.40530375095094,27.178484992492983],[88.40520480506437,27.17858008848507],[88.40513835435567,27.17852537271876],[88.40523730024223,27.178430276680025]]]}},{"type":"Feature","properties":{"source":"Microsoft Global ML Building Footprints"},"geometry":{"type":"Polygon","coordinates":[[[88.41047749810934,27.17665261780936],[88.41061417267089,27.176649043751567],[88.41061910000332,27.17679816164592],[88.4104824257227,27.176801744201207],[88.41047749810934,27.17665261780936]]]}},{"type":"Feature","properties":{"source":"Microsoft Global ML Building Footprints"},"geometry":{"type":"Polygon","coordinates":[[[88.4112081482959,27.182924213961506],[88.41131317775043,27.182886477390824],[88.41133087452128,27.18292545238696],[88.4112258424303,27.182963189891723],[88.4112081482959,27.182924213961506]]]}},{"type":"Feature","properties":{"source":"Microsoft Global ML Building Footprints"},"geometry":{"type":"Polygon","coordinates":[[[88.4091734813644,27.179864670172257],[88.40913286229141,27.179887139986313],[88.40910880610949,27.179852726853376],[88.40914942518248,27.179830257032386],[88.4091734813644,27.179864670172257]]]}},{"type":"Feature","properties":{"source":"Microsoft Global ML Building Footprints"},"geometry":{"type":"Polygon","coordinates":[[[88.40972877147769,27.175641255659308],[88.4096666056807,27.17564644228389],[88.40966037173818,27.175587309341203],[88.40972254214684,27.175582122329097],[88.40972877147769,27.175641255659308]]]}},{"type":"Feature","properties":{"source":"Microsoft Global ML Building Footprints"},"geometry":{"type":"Polygon","coordinates":[[[88.40666170972372,27.186976312346133],[88.40675749542733,27.186960128007136],[88.40677354484953,27.187035286273975],[88.40667775791685,27.187051464846405],[88.40666170972372,27.186976312346133]]]}},{"type":"Feature","properties":{"source":"Microsoft Global ML Building Footprints"},"geometry":{"type":"Polygon","coordinates":[[[88.40854824727366,27.182303801976047],[88.40861119897612,27.182303272868666],[88.40861221259841,27.1823987034756],[88.40854926840365,27.182399232519444],[88.40854824727366,27.182303801976047]]]}},{"type":"Feature","properties":{"source":"Microsoft Global ML Building Footprints"},"geometry":{"type":"Polygon","coordinates":[[[88.41272899921518,27.174985052440306],[88.4127360627895,27.175039204358427],[88.41268577793471,27.17504439537695],[88.41267871436034,27.17499024346136],[88.41272899921518,27.174985052440306]]]}},{"type":"Feature","properties":{"source":"Microsoft Global ML Building Footprints"},"geometry":{"type":"Polygon","coordinates":[[[88.4070532628887,27.178274688441228],[88.40695534655445,27.178278876667598],[88.40695220814939,27.17822089618756],[88.40705012870598,27.17821670168177],[88.4070532628887,27.178274688441228]]]}},{"type":"Feature","properties":{"source":"Microsoft Global ML Building Footprints"},"geometry":{"type":"Polygon","coordinates":[[[88.40734123138195,27.17582817363496],[88.40746179015191,27.175824510554726],[88.4074656332721,27.175924610683843],[88.40734507450213,27.17592827376079],[88.40734123138195,27.17582817363496]]]}},{"type":"Feature","properties":{"source":"Microsoft Global ML Building Footprints"},"geometry":{"type":"Polygon","coordinates":[[[88.40740441670056,27.182002087213256],[88.40747138643368,27.182004217819667],[88.4074680751368,27.182086740708144],[88.40740110523662,27.182084614267467],[88.40740441670056,27.182002087213256]]]}},{"type":"Feature","properties":{"source":"Microsoft Global ML Building Footprints"},"geometry":{"type":"Polygon","coordinates":[[[88.40590162879082,27.179502442473165],[88.40594188125341,27.17949135779959],[88.40595628047586,27.1795327272985],[88.40591602504308,27.179543812785887],[88.40590162879082,27.179502442473165]]]}},{"type":"Feature","properties":{"source":"Microsoft Global ML Building Footprints"},"geometry":{"type":"Polygon","coordinates":[[[88.40807839636616,27.1802719036615],[88.40808840789254,27.180207798457054],[88.40813314246218,27.180213324263462],[88.40812313050903,27.180277432197215],[88.40807839636616,27.1802719036615]]]}},{"type":"Feature","properties":{"source":"Microsoft Global ML Building Footprints"},"geometry":{"type":"Polygon","coordinates":[[[88.41145840259918,27.17397646837925],[88.4114811380176,27.1740364618612],[88.41141610955607,27.174055965464362],[88.41139337413769,27.173995971992888],[88.41145840259918,27.17397646837925]]]}},{"type":"Feature","properties":{"source":"Microsoft Global ML Building Footprints"},"geometry":{"type":"Polygon","coordinates":[[[88.41200236200977,27.174911822607207],[88.41201847744209,27.17481126258314],[88.41211574222959,27.174823598697778],[88.41209962679729,27.174924158710724],[88.41200236200977,27.174911822607207]]]}},{"type":"Feature","properties":{"source":"Microsoft Global ML Building Footprints"},"geometry":{"type":"Polygon","coordinates":[[[88.40799316268676,27.176471815059266],[88.40803699692005,27.17647066878645],[88.40804123061268,27.176598490653397],[88.40799738642197,27.176599639915132],[88.40799316268676,27.176471815059266]]]}},{"type":"Feature","properties":{"source":"Microsoft Global ML Building Footprints"},"geometry":{"type":"Polygon","coordinates":[[[88.40895822072281,27.180894332714786],[88.4089181141087,27.180896335334253],[88.4089164611518,27.18087017176535],[88.40895656776593,27.1808681691454],[88.40895822072281,27.180894332714786]]]}},{"type":"Feature","properties":{"source":"Microsoft Global ML Building Footprints"},"geometry":{"type":"Polygon","coordinates":[[[88.41151144776049,27.184671144549164],[88.41150965313288,27.18472597441265],[88.41147481394898,27.18472507210536],[88.41147660857659,27.18467024224143],[88.41151144776049,27.184671144549164]]]}},{"type":"Feature","properties":{"source":"Microsoft Global ML Building Footprints"},"geometry":{"type":"Polygon","coordinates":[[[88.40798976199892,27.182316061157792],[88.40793493262908,27.18231419390495],[88.40793632899741,27.182281748128894],[88.40799116076934,27.182283618877847],[88.40798976199892,27.182316061157792]]]}},{"type":"Feature","properties":{"source":"Microsoft Global ML Building Footprints"},"geometry":{"type":"Polygon","coordinates":[[[88.40824850551597,27.182511799871186],[88.40828066694353,27.182511000938867],[88.40828238834975,27.182565835582352],[88.40825022692218,27.182566634514295],[88.40824850551597,27.182511799871186]]]}},{"type":"Feature","properties":{"source":"Microsoft Global ML Building Footprints"},"geometry":{"type":"Polygon","coordinates":[[[88.40965751006149,27.17972506879982],[88.4096999188606,27.17974048869484],[88.4096655678068,27.179815263775943],[88.40962315292715,27.17979984432111],[88.40965751006149,27.17972506879982]]]}},{"type":"Feature","properties":{"source":"Microsoft Global ML Building Footprints"},"geometry":{"type":"Polygon","coordinates":[[[88.4107548724791,27.180590108568452],[88.41070560279046,27.180581985743885],[88.41071953983713,27.18051508898502],[88.41076880952578,27.18052321181444],[88.4107548724791,27.180590108568452]]]}},{"type":"Feature","properties":{"source":"Microsoft Global ML Building Footprints"},"geometry":{"type":"Polygon","coordinates":[[[88.40452798742407,27.179193521403725],[88.40445329897793,27.179188578281007],[88.40446441233436,27.179055695155725],[88.40453910078047,27.179060638284327],[88.40452798742407,27.179193521403725]]]}},{"type":"Feature","properties":{"source":"Microsoft Global ML Building Footprints"},"geometry":{"type":"Polygon","coordinates":[[[88.40539845079003,27.178048324503678],[88.40543099706227,27.1780983945507],[88.40519781912211,27.178218327581],[88.40516527284987,27.17816825758777],[88.40539845079003,27.178048324503678]]]}},{"type":"Feature","properties":{"source":"Microsoft Global ML Building Footprints"},"geometry":{"type":"Polygon","coordinates":[[[88.40804229298743,27.174434837180115],[88.40804507888163,27.174317968453174],[88.40811478496778,27.174319283517477],[88.40811199907358,27.17443615224306],[88.40804229298743,27.174434837180115]]]}},{"type":"Feature","properties":{"source":"Microsoft Global ML Building Footprints"},"geometry":{"type":"Polygon","coordinates":[[[88.40855957817952,27.182507352321167],[88.40860194350628,27.182511646367722],[88.40859560783218,27.182561109657442],[88.4085532425054,27.18255681561279],[88.40855957817952,27.182507352321167]]]}},{"type":"Feature","properties":{"source":"Microsoft Global ML Building Footprints"},"geometry":{"type":"Polygon","coordinates":[[[88.40860405208707,27.18071983851882],[88.40863832677452,27.180723852460382],[88.40862860813358,27.180789522644474],[88.40859433344617,27.1807855087053],[88.40860405208707,27.18071983851882]]]}},{"type":"Feature","properties":{"source":"Microsoft Global ML Building Footprints"},"geometry":{"type":"Polygon","coordinates":[[[88.40144474012077,27.176111446981743],[88.40144799522255,27.17599221166575],[88.40154449782838,27.17599429661584],[88.40154124272655,27.17611353192961],[88.40144474012077,27.176111446981743]]]}},{"type":"Feature","properties":{"source":"Microsoft Global ML Building Footprints"},"geometry":{"type":"Polygon","coordinates":[[[88.40048898848106,27.178803139255677],[88.40052183321738,27.178827844254066],[88.40048215983916,27.178869584520605],[88.40044931510279,27.178844879531432],[88.40048898848106,27.178803139255677]]]}},{"type":"Feature","properties":{"source":"Microsoft Global ML Building Footprints"},"geometry":{"type":"Polygon","coordinates":[[[88.40713696285013,27.176145572352546],[88.40715896949372,27.176079817790153],[88.4072230284501,27.176096784753582],[88.40720102180651,27.17616253930599],[88.40713696285013,27.176145572352546]]]}},{"type":"Feature","properties":{"source":"Microsoft Global ML Building Footprints"},"geometry":{"type":"Polygon","coordinates":[[[88.4101821806168,27.179359613874475],[88.41018074092317,27.179292829235237],[88.41023436538279,27.179291914431765],[88.41023580507644,27.179358699071564],[88.4101821806168,27.179359613874475]]]}},{"type":"Feature","properties":{"source":"Microsoft Global ML Building Footprints"},"geometry":{"type":"Polygon","coordinates":[[[88.41352501992145,27.177207684780605],[88.4135785020465,27.177210302081285],[88.4135735635128,27.177290062684598],[88.41346392557783,27.1772846904163],[88.41346797993243,27.17721920989389],[88.41352413616379,27.177221958059334],[88.41352501992145,27.177207684780605]]]}},{"type":"Feature","properties":{"source":"Microsoft Global ML Building Footprints"},"geometry":{"type":"Polygon","coordinates":[[[88.40582499619934,27.17792986234256],[88.4057541526605,27.177945313462608],[88.40572996045186,27.177857532975246],[88.40580080399074,27.177842081843018],[88.40582499619934,27.17792986234256]]]}},{"type":"Feature","properties":{"source":"Microsoft Global ML Building Footprints"},"geometry":{"type":"Polygon","coordinates":[[[88.40695873797772,27.177705020045167],[88.40696449299742,27.177653030479753],[88.40702131851843,27.177658008517703],[88.40701556754976,27.177709998435667],[88.40695873797772,27.177705020045167]]]}},{"type":"Feature","properties":{"source":"Microsoft Global ML Building Footprints"},"geometry":{"type":"Polygon","coordinates":[[[88.41105784400581,27.17438852511816],[88.41105419514803,27.17448147149966],[88.41096043219655,27.174478558336205],[88.41096408105432,27.17438561195228],[88.41105784400581,27.17438852511816]]]}},{"type":"Feature","properties":{"source":"Microsoft Global ML Building Footprints"},"geometry":{"type":"Polygon","coordinates":[[[88.40742278060608,27.17660692066464],[88.40741519544402,27.176662489708228],[88.40737818986479,27.17665849448681],[88.40738577533679,27.176602923170698],[88.40742278060608,27.17660692066464]]]}},{"type":"Feature","properties":{"source":"Microsoft Global ML Building Footprints"},"geometry":{"type":"Polygon","coordinates":[[[88.41072276502952,27.183717590182752],[88.4107627162033,27.183665473482577],[88.41081135997646,27.183694979947944],[88.41077141160181,27.183747098332226],[88.41072276502952,27.183717590182752]]]}},{"type":"Feature","properties":{"source":"Microsoft Global ML Building Footprints"},"geometry":{"type":"Polygon","coordinates":[[[88.41096324003252,27.174190327706576],[88.41103430055102,27.1741815849277],[88.4110454155904,27.17425308409888],[88.41097435574679,27.17426183121357],[88.41096324003252,27.174190327706576]]]}},{"type":"Feature","properties":{"source":"Microsoft Global ML Building Footprints"},"geometry":{"type":"Polygon","coordinates":[[[88.40496811257805,27.178836506634646],[88.40507578421976,27.17861972377814],[88.40513767573292,27.178644050510144],[88.40502998822069,27.178860830933864],[88.40496811257805,27.178836506634646]]]}},{"type":"Feature","properties":{"source":"Microsoft Global ML Building Footprints"},"geometry":{"type":"Polygon","coordinates":[[[88.40770528923817,27.179874988259975],[88.40778062206167,27.17980202467176],[88.40783590811057,27.179847195798168],[88.40776057335941,27.179920161223897],[88.40770528923817,27.179874988259975]]]}},{"type":"Feature","properties":{"source":"Microsoft Global ML Building Footprints"},"geometry":{"type":"Polygon","coordinates":[[[88.41082081756517,27.173044822700014],[88.41082704795353,27.173007466659662],[88.41086641401583,27.173012665439202],[88.41086018362746,27.17305002147782],[88.41082081756517,27.173044822700014]]]}},{"type":"Feature","properties":{"source":"Microsoft Global ML Building Footprints"},"geometry":{"type":"Polygon","coordinates":[[[88.41229934572024,27.177965274303695],[88.41231982639228,27.177856171393728],[88.41239028127748,27.177866637892578],[88.41237285091833,27.17795949143101],[88.41234414707618,27.17795522730551],[88.41234109676334,27.177971476667423],[88.41229934572024,27.177965274303695]]]}},{"type":"Feature","properties":{"source":"Microsoft Global ML Building Footprints"},"geometry":{"type":"Polygon","coordinates":[[[88.41354997533439,27.18444179430793],[88.41356558433684,27.184375510765626],[88.41360669569823,27.184383171370882],[88.41359108669579,27.184449454908645],[88.41354997533439,27.18444179430793]]]}},{"type":"Feature","properties":{"source":"Microsoft Global ML Building Footprints"},"geometry":{"type":"Polygon","coordinates":[[[88.3996999703348,27.17834199885337],[88.39973382475566,27.178257259772558],[88.39981002987028,27.17828135300713],[88.39977617544942,27.178366092069616],[88.3996999703348,27.17834199885337]]]}},{"type":"Feature","properties":{"source":"Microsoft Global ML Building Footprints"},"geometry":{"type":"Polygon","coordinates":[[[88.41277141696813,27.172569089044934],[88.41268293170498,27.172570482945964],[88.41268104003184,27.172475065213106],[88.41276952529499,27.172473671310897],[88.41277141696813,27.172569089044934]]]}},{"type":"Feature","properties":{"source":"Microsoft Global ML Building Footprints"},"geometry":{"type":"Polygon","coordinates":[[[88.41136157737398,27.184412840821068],[88.41144919586117,27.18438445329985],[88.41147806721231,27.184454965952902],[88.41139044675315,27.184483348640036],[88.41136157737398,27.184412840821068]]]}},{"type":"Feature","properties":{"source":"Microsoft Global ML Building Footprints"},"geometry":{"type":"Polygon","coordinates":[[[88.40927838082528,27.174158916338236],[88.40928211765461,27.174227954920134],[88.40920831938239,27.174231111646527],[88.40920458797193,27.17416207283481],[88.40927838082528,27.174158916338236]]]}},{"type":"Feature","properties":{"source":"Microsoft Global ML Building Footprints"},"geometry":{"type":"Polygon","coordinates":[[[88.39983723230239,27.185898639348295],[88.39979701321185,27.18589930789554],[88.39979518659531,27.185812358259746],[88.39983540563325,27.185811687208925],[88.39983723230239,27.185898639348295]]]}},{"type":"Feature","properties":{"source":"Microsoft Global ML Building Footprints"},"geometry":{"type":"Polygon","coordinates":[[[88.40041659734138,27.184478055386847],[88.40044195403736,27.184390835524276],[88.40050126056408,27.184404474878804],[88.4004759103006,27.18449169621008],[88.40041659734138,27.184478055386847]]]}},{"type":"Feature","properties":{"source":"Microsoft Global ML Building Footprints"},"geometry":{"type":"Polygon","coordinates":[[[88.40413538413696,27.180022575210536],[88.40413329104462,27.179945238722617],[88.4041654589605,27.17994455176678],[88.4041639377671,27.179888346015517],[88.40424581327224,27.17988659244017],[88.40424941700338,27.18002013290522],[88.40413538413696,27.180022575210536]]]}},{"type":"Feature","properties":{"source":"Microsoft Global ML Building Footprints"},"geometry":{"type":"Polygon","coordinates":[[[88.40440197242867,27.179241736898838],[88.40434020402824,27.179230453472634],[88.40439199688389,27.17900608201061],[88.40445376528433,27.1790173654595],[88.40440197242867,27.179241736898838]]]}},{"type":"Feature","properties":{"source":"Microsoft Global ML Building Footprints"},"geometry":{"type":"Polygon","coordinates":[[[88.40566596450337,27.180190402537363],[88.40570535748564,27.180141597165793],[88.40586994865366,27.180246726123052],[88.40583055567139,27.180295531448635],[88.40566596450337,27.180190402537363]]]}},{"type":"Feature","properties":{"source":"Microsoft Global ML Building Footprints"},"geometry":{"type":"Polygon","coordinates":[[[88.40636088588212,27.176599926407476],[88.40633031608755,27.176658987325162],[88.40629269496566,27.17664357684334],[88.40632326476023,27.176584515917504],[88.40636088588212,27.176599926407476]]]}},{"type":"Feature","properties":{"source":"Microsoft Global ML Building Footprints"},"geometry":{"type":"Polygon","coordinates":[[[88.40854982796404,27.18240412717344],[88.40860344508167,27.182403055627745],[88.40860501104075,27.182465059717813],[88.40855139392312,27.182466131262927],[88.40854982796404,27.18240412717344]]]}},{"type":"Feature","properties":{"source":"Microsoft Global ML Building Footprints"},"geometry":{"type":"Polygon","coordinates":[[[88.41256781484293,27.1818714822464],[88.4125654104572,27.181785639922026],[88.41263379803381,27.18178412415721],[88.41263620916922,27.181869966333153],[88.41256781484293,27.1818714822464]]]}},{"type":"Feature","properties":{"source":"Microsoft Global ML Building Footprints"},"geometry":{"type":"Polygon","coordinates":[[[88.41235919487352,27.184266160854],[88.41230831134628,27.184264383659247],[88.41231009891993,27.184223885152917],[88.41236098244717,27.184225662348297],[88.41235919487352,27.184266160854]]]}},{"type":"Feature","properties":{"source":"Microsoft Global ML Building Footprints"},"geometry":{"type":"Polygon","coordinates":[[[88.39939514293872,27.17801298047322],[88.39947210801319,27.177951811115378],[88.39951875008171,27.177998254012543],[88.39944178703918,27.178059421729984],[88.39939514293872,27.17801298047322]]]}},{"type":"Feature","properties":{"source":"Microsoft Global ML Building Footprints"},"geometry":{"type":"Polygon","coordinates":[[[88.40012413715462,27.18591982387848],[88.40014422252511,27.1858353231057],[88.40019557115198,27.185844980687193],[88.40017548578149,27.185929481452675],[88.40012413715462,27.18591982387848]]]}},{"type":"Feature","properties":{"source":"Microsoft Global ML Building Footprints"},"geometry":{"type":"Polygon","coordinates":[[[88.40582533678733,27.179037304916797],[88.40586590859577,27.17896141339906],[88.4059096579589,27.178979922134936],[88.40586908615047,27.179055813640076],[88.40582533678733,27.179037304916797]]]}},{"type":"Feature","properties":{"source":"Microsoft Global ML Building Footprints"},"geometry":{"type":"Polygon","coordinates":[[[88.40693108493662,27.178047528684424],[88.40693621555303,27.178126003518642],[88.40688275222135,27.178128769669655],[88.40687762160493,27.178050294837384],[88.40693108493662,27.178047528684424]]]}},{"type":"Feature","properties":{"source":"Microsoft Global ML Building Footprints"},"geometry":{"type":"Polygon","coordinates":[[[88.40927389188602,27.177972718048473],[88.40926859582127,27.17804878082874],[88.4092002011185,27.17804501644501],[88.40920549122181,27.177968953334037],[88.40927389188602,27.177972718048473]]]}},{"type":"Feature","properties":{"source":"Microsoft Global ML Building Footprints"},"geometry":{"type":"Polygon","coordinates":[[[88.40546987728978,27.178229142126597],[88.40550428835701,27.178215417404758],[88.40553493336107,27.178276221665776],[88.4055005174115,27.178289946184627],[88.40546987728978,27.178229142126597]]]}},{"type":"Feature","properties":{"source":"Microsoft Global ML Building Footprints"},"geometry":{"type":"Polygon","coordinates":[[[88.40713687549689,27.17615752657403],[88.40717371009147,27.176167479989083],[88.40716076021646,27.17620540669523],[88.40712392633883,27.17619545118393],[88.40713687549689,27.17615752657403]]]}},{"type":"Feature","properties":{"source":"Microsoft Global ML Building Footprints"},"geometry":{"type":"Polygon","coordinates":[[[88.40138693867542,27.180950322109247],[88.40143919310896,27.18106795608658],[88.40137191452314,27.181091605756336],[88.4013196600896,27.180973971803937],[88.40138693867542,27.180950322109247]]]}},{"type":"Feature","properties":{"source":"Microsoft Global ML Building Footprints"},"geometry":{"type":"Polygon","coordinates":[[[88.40630972810675,27.17667534956366],[88.40625380969821,27.176757300264974],[88.40618324921596,27.176719197618887],[88.40623916762445,27.176637246889584],[88.40630972810675,27.17667534956366]]]}},{"type":"Feature","properties":{"source":"Microsoft Global ML Building Footprints"},"geometry":{"type":"Polygon","coordinates":[[[88.40876526657051,27.182815040149762],[88.40870747335606,27.182822495485127],[88.40869680664547,27.182757064367408],[88.40875459985992,27.182749609027653],[88.40876526657051,27.182815040149762]]]}},{"type":"Feature","properties":{"source":"Microsoft Global ML Building Footprints"},"geometry":{"type":"Polygon","coordinates":[[[88.39867254275246,27.178630253358413],[88.398724239027,27.178644016380368],[88.39870361068901,27.17870533412031],[88.39865191441447,27.178691571105873],[88.39867254275246,27.178630253358413]]]}},{"type":"Feature","properties":{"source":"Microsoft Global ML Building Footprints"},"geometry":{"type":"Polygon","coordinates":[[[88.40885500874916,27.181178462396772],[88.40887318932432,27.181112251088123],[88.408925095955,27.181123529695277],[88.40890690962635,27.181189742978447],[88.40885500874916,27.181178462396772]]]}},{"type":"Feature","properties":{"source":"Microsoft Global ML Building Footprints"},"geometry":{"type":"Polygon","coordinates":[[[88.41363965342354,27.17769128534139],[88.41368712011332,27.177685758829547],[88.4136940227752,27.17773267670622],[88.41364655608542,27.177738203215718],[88.41363965342354,27.17769128534139]]]}},{"type":"Feature","properties":{"source":"Microsoft Global ML Building Footprints"},"geometry":{"type":"Polygon","coordinates":[[[88.40508469987186,27.181686846065013],[88.40508873549354,27.181753460364618],[88.40500719652788,27.181757369319385],[88.4050031556803,27.181690755272655],[88.40508469987186,27.181686846065013]]]}},{"type":"Feature","properties":{"source":"Microsoft Global ML Building Footprints"},"geometry":{"type":"Polygon","coordinates":[[[88.41137065135763,27.17477890074653],[88.41130094231305,27.174842710431875],[88.41124576760313,27.174795007075275],[88.41131547664767,27.174731197362647],[88.41137065135763,27.17477890074653]]]}},{"type":"Feature","properties":{"source":"Microsoft Global ML Building Footprints"},"geometry":{"type":"Polygon","coordinates":[[[88.41156203187258,27.17300970546578],[88.41149769614915,27.173011083466314],[88.41149288627541,27.17283335490891],[88.41155722210719,27.17283198090967],[88.41156203187258,27.17300970546578]]]}},{"type":"Feature","properties":{"source":"Microsoft Global ML Building Footprints"},"geometry":{"type":"Polygon","coordinates":[[[88.41371444463785,27.17858490926485],[88.4137567333688,27.178504732089962],[88.41383367232257,27.17853684632596],[88.41379138359162,27.178617023477763],[88.41371444463785,27.17858490926485]]]}},{"type":"Feature","properties":{"source":"Microsoft Global ML Building Footprints"},"geometry":{"type":"Polygon","coordinates":[[[88.40657752323459,27.180193676081835],[88.40659119932712,27.18026066118388],[88.40653667159852,27.18026947096854],[88.40652299550597,27.18020248587179],[88.40657752323459,27.180193676081835]]]}},{"type":"Feature","properties":{"source":"Microsoft Global ML Building Footprints"},"geometry":{"type":"Polygon","coordinates":[[[88.40696638212899,27.17835286885058],[88.40705165675494,27.178335751645427],[88.40707046034152,27.178409860780846],[88.40698518144897,27.17842698414063],[88.40696638212899,27.17835286885058]]]}},{"type":"Feature","properties":{"source":"Microsoft Global ML Building Footprints"},"geometry":{"type":"Polygon","coordinates":[[[88.40725514761183,27.18692651102087],[88.4073284450183,27.18692373657163],[88.40733190459947,27.186996054719835],[88.40725860129565,27.186998824826908],[88.40725514761183,27.18692651102087]]]}},{"type":"Feature","properties":{"source":"Microsoft Global ML Building Footprints"},"geometry":{"type":"Polygon","coordinates":[[[88.40764961580219,27.17746519355959],[88.40773210408679,27.177489034247536],[88.40768766817368,27.17761070689197],[88.40760518158564,27.1775868615846],[88.40764961580219,27.17746519355959]]]}},{"type":"Feature","properties":{"source":"Microsoft Global ML Building Footprints"},"geometry":{"type":"Polygon","coordinates":[[[88.40879641061186,27.182826730048333],[88.4087927620606,27.182914891345824],[88.40872579759075,27.182912698387426],[88.40872944614202,27.18282453708821],[88.40879641061186,27.182826730048333]]]}},{"type":"Feature","properties":{"source":"Microsoft Global ML Building Footprints"},"geometry":{"type":"Polygon","coordinates":[[[88.41182101637362,27.182504517263034],[88.41183851224478,27.182453208510594],[88.41188026786438,27.182464475446515],[88.41186277118143,27.182515786574342],[88.41182101637362,27.182504517263034]]]}},{"type":"Feature","properties":{"source":"Microsoft Global ML Building Footprints"},"geometry":{"type":"Polygon","coordinates":[[[88.39764549935626,27.17654239618974],[88.39764701394287,27.176597243430862],[88.39760047767024,27.17659826043684],[88.39759896739609,27.176543413101975],[88.39764549935626,27.17654239618974]]]}},{"type":"Feature","properties":{"source":"Microsoft Global ML Building Footprints"},"geometry":{"type":"Polygon","coordinates":[[[88.40734749332223,27.18058801281144],[88.4072563152859,27.18058912545375],[88.40725490122149,27.18049695602179],[88.4073460793449,27.180495849054267],[88.40734749332223,27.18058801281144]]]}},{"type":"Feature","properties":{"source":"Microsoft Global ML Building Footprints"},"geometry":{"type":"Polygon","coordinates":[[[88.40961740175932,27.174216079320445],[88.40955849946916,27.174218305473048],[88.40955520090645,27.174149231707865],[88.40961410319659,27.17414700555387],[88.40961740175932,27.174216079320445]]]}},{"type":"Feature","properties":{"source":"Microsoft Global ML Building Footprints"},"geometry":{"type":"Polygon","coordinates":[[[88.41080282007,27.183559986360052],[88.41086943939018,27.18357962529086],[88.41082976719477,27.18368613722695],[88.4107631389311,27.183666499826572],[88.41080282007,27.183559986360052]]]}},{"type":"Feature","properties":{"source":"Microsoft Global ML Building Footprints"},"geometry":{"type":"Polygon","coordinates":[[[88.406431073899,27.17665147748015],[88.40642954925328,27.176602907983494],[88.40647511127567,27.17660177610275],[88.40647663583239,27.176650342765306],[88.406431073899,27.17665147748015]]]}},{"type":"Feature","properties":{"source":"Microsoft Global ML Building Footprints"},"geometry":{"type":"Polygon","coordinates":[[[88.40786624363007,27.177475727158146],[88.40786301168207,27.1775088827858],[88.40782840341822,27.17750621087007],[88.40783163536621,27.17747305524165],[88.40786624363007,27.177475727158146]]]}},{"type":"Feature","properties":{"source":"Microsoft Global ML Building Footprints"},"geometry":{"type":"Polygon","coordinates":[[[88.40672091585252,27.175618212219625],[88.40667916980539,27.175689551797973],[88.4066137500789,27.175659255240184],[88.40665549612605,27.175587915642467],[88.40672091585252,27.175618212219625]]]}},{"type":"Feature","properties":{"source":"Microsoft Global ML Building Footprints"},"geometry":{"type":"Polygon","coordinates":[[[88.40827560385802,27.17624330792392],[88.40827824582455,27.17629569669841],[88.40823712542026,27.176297340382597],[88.40823447934042,27.176244951773306],[88.40827560385802,27.17624330792392]]]}},{"type":"Feature","properties":{"source":"Microsoft Global ML Building Footprints"},"geometry":{"type":"Polygon","coordinates":[[[88.41147702765883,27.174478372879577],[88.41158409782433,27.174482672807976],[88.41157932762374,27.17457667817645],[88.41147225779585,27.174572371598714],[88.41147702765883,27.174478372879577]]]}},{"type":"Feature","properties":{"source":"Microsoft Global ML Building Footprints"},"geometry":{"type":"Polygon","coordinates":[[[88.41253091052293,27.18191512586823],[88.41257696087038,27.181920954604138],[88.41256162396787,27.182016838805083],[88.41251556622626,27.182011009138257],[88.41253091052293,27.18191512586823]]]}},{"type":"Feature","properties":{"source":"Microsoft Global ML Building Footprints"},"geometry":{"type":"Polygon","coordinates":[[[88.40203697936002,27.18103471461007],[88.40198870662145,27.181027471476014],[88.40199574503487,27.180990351452635],[88.40204402061312,27.18099759501517],[88.40203697936002,27.18103471461007]]]}},{"type":"Feature","properties":{"source":"Microsoft Global ML Building Footprints"},"geometry":{"type":"Polygon","coordinates":[[[88.40757144502737,27.18205441253678],[88.4075420190213,27.18205576275004],[88.40753944850943,27.182011432656502],[88.40756887462145,27.182010084269905],[88.40757144502737,27.18205441253678]]]}},{"type":"Feature","properties":{"source":"Microsoft Global ML Building Footprints"},"geometry":{"type":"Polygon","coordinates":[[[88.41038869998725,27.17439902080242],[88.41034050878059,27.174388740910878],[88.4103554427672,27.174333333892122],[88.41040363320911,27.174343616626132],[88.41038869998725,27.17439902080242]]]}},{"type":"Feature","properties":{"source":"Microsoft Global ML Building Footprints"},"geometry":{"type":"Polygon","coordinates":[[[88.41356288274997,27.179999363765944],[88.41352274268526,27.179997644361414],[88.41352995860731,27.179864335781488],[88.41357009867203,27.179866055188064],[88.41356288274997,27.179999363765944]]]}},{"type":"Feature","properties":{"source":"Microsoft Global ML Building Footprints"},"geometry":{"type":"Polygon","coordinates":[[[88.39997457355344,27.186273058356257],[88.40003347380384,27.186282295387798],[88.40001603941306,27.186370225180106],[88.39995714587255,27.186360989208104],[88.39997457355344,27.186273058356257]]]}},{"type":"Feature","properties":{"source":"Microsoft Global ML Building Footprints"},"geometry":{"type":"Polygon","coordinates":[[[88.41033533224,27.184525775887472],[88.41029450284324,27.184535908097345],[88.41028408925102,27.184502703354482],[88.4103249210717,27.184492570540066],[88.41033533224,27.184525775887472]]]}},{"type":"Feature","properties":{"source":"Microsoft Global ML Building Footprints"},"geometry":{"type":"Polygon","coordinates":[[[88.40043873315796,27.186406928770616],[88.40042227586203,27.18647286964027],[88.40036859517829,27.186462268865768],[88.40038505247425,27.186396327989854],[88.40043873315796,27.186406928770616]]]}},{"type":"Feature","properties":{"source":"Microsoft Global ML Building Footprints"},"geometry":{"type":"Polygon","coordinates":[[[88.406926658203,27.178290562081706],[88.40694667700981,27.178357398977916],[88.40684900500418,27.178380550038227],[88.40682898619731,27.178313713155895],[88.406926658203,27.178290562081706]]]}},{"type":"Feature","properties":{"source":"Microsoft Global ML Building Footprints"},"geometry":{"type":"Polygon","coordinates":[[[88.41153911289366,27.176822951831674],[88.41146313185992,27.176833364190855],[88.41144112453028,27.176706273331412],[88.41151710636423,27.17669586558155],[88.41153911289366,27.176822951831674]]]}},{"type":"Feature","properties":{"source":"Microsoft Global ML Building Footprints"},"geometry":{"type":"Polygon","coordinates":[[[88.4013497233647,27.17700852097743],[88.40124690513362,27.177016529467096],[88.40123816009732,27.176927747755983],[88.4013409846348,27.17691973236667],[88.4013497233647,27.17700852097743]]]}},{"type":"Feature","properties":{"source":"Microsoft Global ML Building Footprints"},"geometry":{"type":"Polygon","coordinates":[[[88.41011520332805,27.178891921008876],[88.4100389372611,27.17907702132799],[88.40998455398311,27.179059285720925],[88.41006082005,27.178874185372386],[88.41011520332805,27.178891921008876]]]}},{"type":"Feature","properties":{"source":"Microsoft Global ML Building Footprints"},"geometry":{"type":"Polygon","coordinates":[[[88.41253390393925,27.17247914932541],[88.41253658545978,27.172418391518747],[88.41256731762371,27.17241946500642],[88.41256463124618,27.172480224556047],[88.41253390393925,27.17247914932541]]]}},{"type":"Feature","properties":{"source":"Microsoft Global ML Building Footprints"},"geometry":{"type":"Polygon","coordinates":[[[88.41351817396972,27.179998035197727],[88.41357899353251,27.18001535910784],[88.41352057048528,27.180177669815038],[88.41345975092248,27.18016034593012],[88.41351817396972,27.179998035197727]]]}},{"type":"Feature","properties":{"source":"Microsoft Global ML Building Footprints"},"geometry":{"type":"Polygon","coordinates":[[[88.40546739159345,27.179441829090365],[88.40551510905559,27.17946967255606],[88.40546542124301,27.179537066413047],[88.40541769854181,27.179509222878387],[88.40546739159345,27.179441829090365]]]}},{"type":"Feature","properties":{"source":"Microsoft Global ML Building Footprints"},"geometry":{"type":"Polygon","coordinates":[[[88.40675871921236,27.1770384261254],[88.40677339985558,27.17710596130089],[88.40671231937239,27.177116472767175],[88.4066976328103,27.177048934813264],[88.40675871921236,27.1770384261254]]]}},{"type":"Feature","properties":{"source":"Microsoft Global ML Building Footprints"},"geometry":{"type":"Polygon","coordinates":[[[88.40575271574431,27.17650423414603],[88.40578911405065,27.176525892621335],[88.40573457131303,27.176598425969395],[88.40569817694927,27.17657676985415],[88.40575271574431,27.17650423414603]]]}},{"type":"Feature","properties":{"source":"Microsoft Global ML Building Footprints"},"geometry":{"type":"Polygon","coordinates":[[[88.40662592398047,27.176309934790424],[88.40660614120685,27.176389558737185],[88.40653873285044,27.176376304598932],[88.40655850965139,27.176296679468344],[88.40662592398047,27.176309934790424]]]}},{"type":"Feature","properties":{"source":"Microsoft Global ML Building Footprints"},"geometry":{"type":"Polygon","coordinates":[[[88.40450838270287,27.17885509058238],[88.40442960047965,27.17885207397098],[88.40443438171181,27.17875341917079],[88.40451315595078,27.178756440383687],[88.40450838270287,27.17885509058238]]]}},{"type":"Feature","properties":{"source":"Microsoft Global ML Building Footprints"},"geometry":{"type":"Polygon","coordinates":[[[88.40008542343767,27.177665978416385],[88.39995676182943,27.177663046505913],[88.3999590276803,27.177584357524452],[88.40000995623355,27.17758551807318],[88.40001036820644,27.177571210979828],[88.40008810126143,27.17757298234386],[88.40008542343767,27.177665978416385]]]}},{"type":"Feature","properties":{"source":"Microsoft Global ML Building Footprints"},"geometry":{"type":"Polygon","coordinates":[[[88.40055198958763,27.177315446489928],[88.40047004133436,27.177385791183696],[88.40043251431644,27.17735119414244],[88.40051446256969,27.17728084942683],[88.40055198958763,27.177315446489928]]]}},{"type":"Feature","properties":{"source":"Microsoft Global ML Building Footprints"},"geometry":{"type":"Polygon","coordinates":[[[88.40539694227795,27.177489031617753],[88.40548193040944,27.177318241674264],[88.40554248529918,27.17734208479102],[88.40545749559898,27.177512877850496],[88.40539694227795,27.177489031617753]]]}},{"type":"Feature","properties":{"source":"Microsoft Global ML Building Footprints"},"geometry":{"type":"Polygon","coordinates":[[[88.40615090858493,27.177981052061924],[88.40621122803174,27.17798480763966],[88.40620524417832,27.178060789339064],[88.40614493068024,27.17805703413429],[88.40615090858493,27.177981052061924]]]}},{"type":"Feature","properties":{"source":"Microsoft Global ML Building Footprints"},"geometry":{"type":"Polygon","coordinates":[[[88.40809682801137,27.180160405454153],[88.408121248105,27.180099936843234],[88.40817715990087,27.18011780873138],[88.40815273683906,27.180178272902964],[88.40809682801137,27.180160405454153]]]}},{"type":"Feature","properties":{"source":"Microsoft Global ML Building Footprints"},"geometry":{"type":"Polygon","coordinates":[[[88.40894047499384,27.17684893130214],[88.40894402646856,27.176687711750226],[88.40903689402316,27.176689336530984],[88.40903332999729,27.176850550079628],[88.40894047499384,27.17684893130214]]]}},{"type":"Feature","properties":{"source":"Microsoft Global ML Building Footprints"},"geometry":{"type":"Polygon","coordinates":[[[88.40945414550221,27.175143709392515],[88.4094683551151,27.175177101093105],[88.40941816594396,27.175194006965278],[88.40940395403348,27.175160616043684],[88.40945414550221,27.175143709392515]]]}},{"type":"Feature","properties":{"source":"Microsoft Global ML Building Footprints"},"geometry":{"type":"Polygon","coordinates":[[[88.40979032916236,27.179255525529598],[88.40985219052412,27.179266614100356],[88.40983349313535,27.179349160174944],[88.40977163177361,27.179338071612392],[88.40979032916236,27.179255525529598]]]}},{"type":"Feature","properties":{"source":"Microsoft Global ML Building Footprints"},"geometry":{"type":"Polygon","coordinates":[[[88.4047488792234,27.180420571396745],[88.40473225504374,27.18049145257234],[88.40465000465215,27.180476187121933],[88.40466662883188,27.180405305936624],[88.4047488792234,27.180420571396745]]]}},{"type":"Feature","properties":{"source":"Microsoft Global ML Building Footprints"},"geometry":{"type":"Polygon","coordinates":[[[88.40713190875735,27.187084551596776],[88.40716833665577,27.187086250231168],[88.40716511158676,27.18714097500102],[88.40712868798238,27.18713927656772],[88.40713190875735,27.187084551596776]]]}},{"type":"Feature","properties":{"source":"Microsoft Global ML Building Footprints"},"geometry":{"type":"Polygon","coordinates":[[[88.40826541411357,27.18056346846815],[88.4082154664498,27.18057934681636],[88.40820271685119,27.18054760966465],[88.40825266451492,27.18053173131193],[88.40826541411357,27.18056346846815]]]}},{"type":"Feature","properties":{"source":"Microsoft Global ML Building Footprints"},"geometry":{"type":"Polygon","coordinates":[[[88.41024851917709,27.177923869512256],[88.41019915012744,27.177931759934715],[88.4101888839431,27.17788090712041],[88.41023825299278,27.177873016694328],[88.41024851917709,27.177923869512256]]]}},{"type":"Feature","properties":{"source":"Microsoft Global ML Building Footprints"},"geometry":{"type":"Polygon","coordinates":[[[88.4133609336791,27.17876335137801],[88.41335001105294,27.178789640138042],[88.41329237552422,27.178770685958852],[88.41330329865802,27.178744400949753],[88.4133609336791,27.17876335137801]]]}},{"type":"Feature","properties":{"source":"Microsoft Global ML Building Footprints"},"geometry":{"type":"Polygon","coordinates":[[[88.40531001004634,27.178382986392215],[88.40527553032102,27.178445791279735],[88.40521056045718,27.17841756454895],[88.40524503838937,27.17835476291173],[88.40531001004634,27.178382986392215]]]}},{"type":"Feature","properties":{"source":"Microsoft Global ML Building Footprints"},"geometry":{"type":"Polygon","coordinates":[[[88.4064480844218,27.180443689667044],[88.40649598038942,27.180432909708195],[88.40651343618156,27.180494283632612],[88.40646554101104,27.180505066388072],[88.4064480844218,27.180443689667044]]]}},{"type":"Feature","properties":{"source":"Microsoft Global ML Building Footprints"},"geometry":{"type":"Polygon","coordinates":[[[88.41244327336105,27.17250954155878],[88.41243042619763,27.172581703156922],[88.41233622965919,27.17256843043647],[88.41234907682264,27.17249626882974],[88.41244327336105,27.17250954155878]]]}},{"type":"Feature","properties":{"source":"Microsoft Global ML Building Footprints"},"geometry":{"type":"Polygon","coordinates":[[[88.40284083798645,27.18703240593849],[88.40288884312798,27.18704704125134],[88.40286169559552,27.187117498734594],[88.40281369045398,27.187102863431008],[88.40284083798645,27.18703240593849]]]}},{"type":"Feature","properties":{"source":"Microsoft Global ML Building Footprints"},"geometry":{"type":"Polygon","coordinates":[[[88.4071405994699,27.1779832421501],[88.40720627357726,27.177991714488975],[88.40716945877564,27.17821755119403],[88.40710378401546,27.178209082877096],[88.4071405994699,27.1779832421501]]]}},{"type":"Feature","properties":{"source":"Microsoft Global ML Building Footprints"},"geometry":{"type":"Polygon","coordinates":[[[88.40458598202036,27.180535363796203],[88.40461895076318,27.180542404336094],[88.40460373051543,27.18059880442901],[88.40457076177262,27.180591763892643],[88.40458598202036,27.180535363796203]]]}},{"type":"Feature","properties":{"source":"Microsoft Global ML Building Footprints"},"geometry":{"type":"Polygon","coordinates":[[[88.4062302822887,27.178429025047627],[88.4062921305621,27.17844318425206],[88.40624851227827,27.178593961269655],[88.40618667408634,27.17857980824246],[88.4062302822887,27.178429025047627]]]}},{"type":"Feature","properties":{"source":"Microsoft Global ML Building Footprints"},"geometry":{"type":"Polygon","coordinates":[[[88.40731134589463,27.18230326310664],[88.40731429795534,27.18222222488101],[88.40740271800539,27.18222477367447],[88.4073997659447,27.182305811898267],[88.40731134589463,27.18230326310664]]]}},{"type":"Feature","properties":{"source":"Microsoft Global ML Building Footprints"},"geometry":{"type":"Polygon","coordinates":[[[88.40697371343167,27.177337009677863],[88.40701444375938,27.177254176780735],[88.40712112046589,27.17729568195915],[88.40708039286748,27.177378522529438],[88.40697371343167,27.177337009677863]]]}},{"type":"Feature","properties":{"source":"Microsoft Global ML Building Footprints"},"geometry":{"type":"Polygon","coordinates":[[[88.4111795837481,27.17458976388216],[88.41121950102854,27.17456353561822],[88.41125214421793,27.174602857412054],[88.41118966290668,27.17464390781246],[88.41113070136824,27.174572883106286],[88.41115326406394,27.174558059342885],[88.4111795837481,27.17458976388216]]]}},{"type":"Feature","properties":{"source":"Microsoft Global ML Building Footprints"},"geometry":{"type":"Polygon","coordinates":[[[88.40199973978487,27.180809186246634],[88.40199456669136,27.180837058598804],[88.40193190186756,27.18082785494913],[88.40193707496103,27.18079998259467],[88.40199973978487,27.180809186246634]]]}},{"type":"Feature","properties":{"source":"Microsoft Global ML Building Footprints"},"geometry":{"type":"Polygon","coordinates":[[[88.40667236709518,27.177226662763935],[88.406587308964,27.177181515372602],[88.4066517834693,27.177085374032238],[88.40673684421975,27.177130517556684],[88.40667236709518,27.177226662763935]]]}},{"type":"Feature","properties":{"source":"Microsoft Global ML Building Footprints"},"geometry":{"type":"Polygon","coordinates":[[[88.4102154067401,27.179390617255287],[88.41018915487538,27.17946698936266],[88.41013873334671,27.179453276999865],[88.4101649797163,27.1793769033887],[88.4102154067401,27.179390617255287]]]}},{"type":"Feature","properties":{"source":"Microsoft Global ML Building Footprints"},"geometry":{"type":"Polygon","coordinates":[[[88.41117078060009,27.17452401183492],[88.41122011725217,27.17453855405683],[88.41120772928934,27.174571808948592],[88.41115839602556,27.174557264658056],[88.41117078060009,27.17452401183492]]]}},{"type":"Feature","properties":{"source":"Microsoft Global ML Building Footprints"},"geometry":{"type":"Polygon","coordinates":[[[88.41362296949363,27.17746232519714],[88.41362221865272,27.177538673973764],[88.41353639453303,27.177538006029067],[88.41353714537394,27.177461657251982],[88.41362296949363,27.17746232519714]]]}},{"type":"Feature","properties":{"source":"Microsoft Global ML Building Footprints"},"geometry":{"type":"Polygon","coordinates":[[[88.40042169685222,27.18650776599152],[88.4004052230589,27.18655840055918],[88.40036562428975,27.186548206591638],[88.40038209808304,27.18649757201934],[88.40042169685222,27.18650776599152]]]}},{"type":"Feature","properties":{"source":"Microsoft Global ML Building Footprints"},"geometry":{"type":"Polygon","coordinates":[[[88.40534845215028,27.178621361250997],[88.4053574416216,27.178571092902438],[88.40540191368072,27.1785773865697],[88.40539292372645,27.178627657615927],[88.40534845215028,27.178621361250997]]]}},{"type":"Feature","properties":{"source":"Microsoft Global ML Building Footprints"},"geometry":{"type":"Polygon","coordinates":[[[88.41029624263356,27.178064409235297],[88.41021182998269,27.17808095928325],[88.41020023941607,27.17803417564356],[88.4102846533087,27.178017630600927],[88.41029624263356,27.178064409235297]]]}},{"type":"Feature","properties":{"source":"Microsoft Global ML Building Footprints"},"geometry":{"type":"Polygon","coordinates":[[[88.41230038673363,27.17271418109987],[88.41233962632646,27.172697425425383],[88.41237101690218,27.17275560687589],[88.41233177730938,27.17277236254163],[88.41230038673363,27.17271418109987]]]}},{"type":"Feature","properties":{"source":"Microsoft Global ML Building Footprints"},"geometry":{"type":"Polygon","coordinates":[[[88.4101410375588,27.18116309985838],[88.4100809959496,27.1811719518508],[88.41007320828481,27.181130151925124],[88.41013324989402,27.18112129992941],[88.4101410375588,27.18116309985838]]]}},{"type":"Feature","properties":{"source":"Microsoft Global ML Building Footprints"},"geometry":{"type":"Polygon","coordinates":[[[88.4102417940928,27.174767789696908],[88.41030070711295,27.174769898864284],[88.41029828427618,27.174823364700607],[88.41023937142194,27.174821251872075],[88.4102417940928,27.174767789696908]]]}},{"type":"Feature","properties":{"source":"Microsoft Global ML Building Footprints"},"geometry":{"type":"Polygon","coordinates":[[[88.39966434010923,27.185194262656964],[88.39971074555183,27.185202557218474],[88.39969340965588,27.185279274974903],[88.39964700484077,27.18527097764222],[88.39966434010923,27.185194262656964]]]}},{"type":"Feature","properties":{"source":"Microsoft Global ML Building Footprints"},"geometry":{"type":"Polygon","coordinates":[[[88.41184177392834,27.177260679532537],[88.4118462862832,27.177172577175334],[88.41194799907402,27.17717669985045],[88.41194348671917,27.17726480220437],[88.41184177392834,27.177260679532537]]]}},{"type":"Feature","properties":{"source":"Microsoft Global ML Building Footprints"},"geometry":{"type":"Polygon","coordinates":[[[88.41252710169653,27.184567912897194],[88.412583419877,27.184567306316644],[88.41258430777651,27.18463291659888],[88.4125279895486,27.184633519673334],[88.41252710169653,27.184567912897194]]]}},{"type":"Feature","properties":{"source":"Microsoft Global ML Building Footprints"},"geometry":{"type":"Polygon","coordinates":[[[88.40720772679772,27.17712499576937],[88.4071913721281,27.17717664233154],[88.4071516120508,27.17716667828681],[88.4071679659941,27.177115034013596],[88.40720772679772,27.17712499576937]]]}},{"type":"Feature","properties":{"source":"Microsoft Global ML Building Footprints"},"geometry":{"type":"Polygon","coordinates":[[[88.4080957237102,27.180031355617082],[88.40809065314987,27.18011462189432],[88.40801309697366,27.180110879675247],[88.408018167534,27.180027613395204],[88.4080957237102,27.180031355617082]]]}},{"type":"Feature","properties":{"source":"Microsoft Global ML Building Footprints"},"geometry":{"type":"Polygon","coordinates":[[[88.41063717628076,27.17625373709101],[88.41068643827452,27.17624841554757],[88.41069364516076,27.17630121350546],[88.41064437866112,27.17630653246568],[88.41063717628076,27.17625373709101]]]}},{"type":"Feature","properties":{"source":"Microsoft Global ML Building Footprints"},"geometry":{"type":"Polygon","coordinates":[[[88.4078442645135,27.177236621486635],[88.40788681064782,27.177240147309305],[88.40788200995883,27.177285992164556],[88.40783946409951,27.17728246371714],[88.4078442645135,27.177236621486635]]]}},{"type":"Feature","properties":{"source":"Microsoft Global ML Building Footprints"},"geometry":{"type":"Polygon","coordinates":[[[88.41137884284076,27.174642734409318],[88.41140151349232,27.17457876908314],[88.41147858067396,27.174600381357386],[88.41145591305317,27.174664352319795],[88.41137884284076,27.174642734409318]]]}},{"type":"Feature","properties":{"source":"Microsoft Global ML Building Footprints"},"geometry":{"type":"Polygon","coordinates":[[[88.41207651674685,27.18131167979503],[88.4120443790091,27.181423682536852],[88.41197387090982,27.181407672924493],[88.41200600864752,27.18129567016662],[88.41207651674685,27.18131167979503]]]}},{"type":"Feature","properties":{"source":"Microsoft Global ML Building Footprints"},"geometry":{"type":"Polygon","coordinates":[[[88.408992956035,27.181132489810985],[88.4089689775773,27.181202326943385],[88.40891009738654,27.181186329121488],[88.40893407584423,27.18111649197909],[88.408992956035,27.181132489810985]]]}},{"type":"Feature","properties":{"source":"Microsoft Global ML Building Footprints"},"geometry":{"type":"Polygon","coordinates":[[[88.40622603752729,27.178290681811937],[88.40630729749984,27.17829780031971],[88.40629970599765,27.178366331150727],[88.40621845136499,27.178359213115122],[88.40622603752729,27.178290681811937]]]}},{"type":"Feature","properties":{"source":"Microsoft Global ML Building Footprints"},"geometry":{"type":"Polygon","coordinates":[[[88.40870287058434,27.17971964860849],[88.40874423718836,27.179699600870293],[88.40876339298339,27.17973087987319],[88.40872202637932,27.179750927605767],[88.40870287058434,27.17971964860849]]]}},{"type":"Feature","properties":{"source":"Microsoft Global ML Building Footprints"},"geometry":{"type":"Polygon","coordinates":[[[88.41010215793416,27.17383663555021],[88.41010442802501,27.173924877223733],[88.40998111100188,27.17392738798823],[88.40997884091101,27.173839146316688],[88.41010215793416,27.17383663555021]]]}},{"type":"Feature","properties":{"source":"Microsoft Global ML Building Footprints"},"geometry":{"type":"Polygon","coordinates":[[[88.4101352009638,27.179332942124176],[88.41009999946664,27.179447401738038],[88.41001903919748,27.179427697876],[88.41005425051506,27.179313235591934],[88.4101352009638,27.179332942124176]]]}},{"type":"Feature","properties":{"source":"Microsoft Global ML Building Footprints"},"geometry":{"type":"Polygon","coordinates":[[[88.41101895072642,27.18335739163831],[88.41108987371193,27.18333776890124],[88.41111304685315,27.183404044273537],[88.41104212245995,27.1834236629728],[88.41101895072642,27.18335739163831]]]}},{"type":"Feature","properties":{"source":"Microsoft Global ML Building Footprints"},"geometry":{"type":"Polygon","coordinates":[[[88.40443058858469,27.18002584069974],[88.40447204957856,27.180018932939042],[88.4044798148095,27.180055815626638],[88.40443835381562,27.180062723385078],[88.40443058858469,27.18002584069974]]]}},{"type":"Feature","properties":{"source":"Microsoft Global ML Building Footprints"},"geometry":{"type":"Polygon","coordinates":[[[88.40672881256022,27.178220803640095],[88.40680738371867,27.178209948411833],[88.40684643173672,27.178433615798582],[88.40676786057827,27.17844447100508],[88.40672881256022,27.178220803640095]]]}},{"type":"Feature","properties":{"source":"Microsoft Global ML Building Footprints"},"geometry":{"type":"Polygon","coordinates":[[[88.40760590299301,27.175911793668348],[88.40764343279244,27.17591258581102],[88.40763987103375,27.176046133039634],[88.40760234123432,27.176045340897907],[88.40760590299301,27.175911793668348]]]}},{"type":"Feature","properties":{"source":"Microsoft Global ML Building Footprints"},"geometry":{"type":"Polygon","coordinates":[[[88.41183680747446,27.177328442329056],[88.41183930075496,27.17726887275981],[88.41187781794595,27.177270148576937],[88.41187532934563,27.177329718300506],[88.41183680747446,27.177328442329056]]]}},{"type":"Feature","properties":{"source":"Microsoft Global ML Building Footprints"},"geometry":{"type":"Polygon","coordinates":[[[88.40656166651002,27.17727349465914],[88.40661705462398,27.177214279020795],[88.40669788294862,27.177274110699145],[88.40664249483468,27.177333326305742],[88.40656166651002,27.17727349465914]]]}},{"type":"Feature","properties":{"source":"Microsoft Global ML Building Footprints"},"geometry":{"type":"Polygon","coordinates":[[[88.40705378179777,27.176773062646163],[88.40708263340255,27.176784783913817],[88.40710189043217,27.17674727143121],[88.4071240839743,27.17675628779312],[88.4070740571972,27.17685373937252],[88.40702301340022,27.17683299912747],[88.40705378179777,27.176773062646163]]]}},{"type":"Feature","properties":{"source":"Microsoft Global ML Building Footprints"},"geometry":{"type":"Polygon","coordinates":[[[88.40501549410622,27.17972318931711],[88.40509177565121,27.179931562362356],[88.40502498746524,27.179950910736856],[88.40494869247527,27.179742545781814],[88.40501549410622,27.17972318931711]]]}},{"type":"Feature","properties":{"source":"Microsoft Global ML Building Footprints"},"geometry":{"type":"Polygon","coordinates":[[[88.407245208431,27.176745633463803],[88.40729268834555,27.176764848777076],[88.40726438454418,27.176820204834655],[88.40721690102134,27.176800988070617],[88.407245208431,27.176745633463803]]]}},{"type":"Feature","properties":{"source":"Microsoft Global ML Building Footprints"},"geometry":{"type":"Polygon","coordinates":[[[88.41223850082795,27.184563111729503],[88.41224168564712,27.184629797417536],[88.41221223450208,27.184630910389977],[88.41220904968287,27.184564224702612],[88.41223850082795,27.184563111729503]]]}},{"type":"Feature","properties":{"source":"Microsoft Global ML Building Footprints"},"geometry":{"type":"Polygon","coordinates":[[[88.40010735705704,27.177328376037714],[88.4001319570785,27.177281278549565],[88.40017607580957,27.177299515313756],[88.4001514757881,27.177346612794203],[88.40010735705704,27.177328376037714]]]}},{"type":"Feature","properties":{"source":"Microsoft Global ML Building Footprints"},"geometry":{"type":"Polygon","coordinates":[[[88.4082269918695,27.17684696002034],[88.40823118847848,27.176910235801763],[88.40819644072053,27.176912059604803],[88.40819224396854,27.17684878166847],[88.4082269918695,27.17684696002034]]]}},{"type":"Feature","properties":{"source":"Microsoft Global ML Building Footprints"},"geometry":{"type":"Polygon","coordinates":[[[88.4122071262887,27.177760963530098],[88.41224735154228,27.177760462632378],[88.41224842158537,27.17782846660596],[88.41220819637117,27.177828970007376],[88.4122071262887,27.177760963530098]]]}},{"type":"Feature","properties":{"source":"Microsoft Global ML Building Footprints"},"geometry":{"type":"Polygon","coordinates":[[[88.39971170790128,27.178623903787354],[88.39967317407627,27.178778555078964],[88.39957238457612,27.178758675059157],[88.39961092999833,27.178604026027465],[88.39971170790128,27.178623903787354]]]}},{"type":"Feature","properties":{"source":"Microsoft Global ML Building Footprints"},"geometry":{"type":"Polygon","coordinates":[[[88.40123946766454,27.18661638109529],[88.4012750989672,27.186626476513517],[88.40125687244067,27.186677366250137],[88.40122124549436,27.186667269852776],[88.40123946766454,27.18661638109529]]]}},{"type":"Feature","properties":{"source":"Microsoft Global ML Building Footprints"},"geometry":{"type":"Polygon","coordinates":[[[88.40745012068744,27.176448703104562],[88.40746997008205,27.176367525791235],[88.40755192179634,27.176383389488954],[88.40753207359298,27.176464561918785],[88.40745012068744,27.176448703104562]]]}},{"type":"Feature","properties":{"source":"Microsoft Global ML Building Footprints"},"geometry":{"type":"Polygon","coordinates":[[[88.40748280052895,27.187376108373186],[88.40750968861826,27.187302791032153],[88.40756059739454,27.18731756356142],[88.40753370930527,27.18739088089277],[88.40748280052895,27.187376108373186]]]}},{"type":"Feature","properties":{"source":"Microsoft Global ML Building Footprints"},"geometry":{"type":"Polygon","coordinates":[[[88.40538580192491,27.180151157538575],[88.40539924483329,27.180046590395975],[88.40549455704473,27.180056292762075],[88.4054811148894,27.18016085403805],[88.40538580192491,27.180151157538575]]]}},{"type":"Feature","properties":{"source":"Microsoft Global ML Building Footprints"},"geometry":{"type":"Polygon","coordinates":[[[88.41265581717927,27.173621618469326],[88.41266851868691,27.173567909642976],[88.4127070464887,27.173575120714112],[88.41269434443785,27.173628831834193],[88.41265581717927,27.173621618469326]]]}},{"type":"Feature","properties":{"source":"Microsoft Global ML Building Footprints"},"geometry":{"type":"Polygon","coordinates":[[[88.41193523684478,27.18462622975799],[88.41192949024926,27.18467456707058],[88.41189235463713,27.18467107366976],[88.41189810096083,27.18462273864209],[88.41193523684478,27.18462622975799]]]}},{"type":"Feature","properties":{"source":"Microsoft Global ML Building Footprints"},"geometry":{"type":"Polygon","coordinates":[[[88.40887262475542,27.180807670332165],[88.40896908901871,27.180810366961147],[88.40896706809417,27.180867574718704],[88.4088706038309,27.1808648780911],[88.40887262475542,27.180807670332165]]]}},{"type":"Feature","properties":{"source":"Microsoft Global ML Building Footprints"},"geometry":{"type":"Polygon","coordinates":[[[88.40996798719033,27.179483074060776],[88.40997417790099,27.179443273392486],[88.4100215506799,27.179449104475744],[88.41001535996926,27.17948890514196],[88.40996798719033,27.179483074060776]]]}},{"type":"Feature","properties":{"source":"Microsoft Global ML Building Footprints"},"geometry":{"type":"Polygon","coordinates":[[[88.40520706057191,27.18199888926017],[88.40526153592234,27.181981252972022],[88.40527963779034,27.182025498225833],[88.40522516243992,27.182043134506976],[88.40520706057191,27.18199888926017]]]}},{"type":"Feature","properties":{"source":"Microsoft Global ML Building Footprints"},"geometry":{"type":"Polygon","coordinates":[[[88.40795311223066,27.174177462445414],[88.40798086739443,27.174181129550732],[88.40799241075389,27.17411198402889],[88.40805126212851,27.174119763338588],[88.40804166371768,27.174177231400364],[88.40806790669187,27.174180698710124],[88.40804903991045,27.174293658711655],[88.40793619626966,27.17427874241968],[88.40795311223066,27.174177462445414]]]}},{"type":"Feature","properties":{"source":"Microsoft Global ML Building Footprints"},"geometry":{"type":"Polygon","coordinates":[[[88.41082465124667,27.181754313838972],[88.41079175967036,27.181782338099474],[88.41074754601806,27.18174127129531],[88.41078043590923,27.181713248460262],[88.41082465124667,27.181754313838972]]]}},{"type":"Feature","properties":{"source":"Microsoft Global ML Building Footprints"},"geometry":{"type":"Polygon","coordinates":[[[88.41157579215582,27.17500572629757],[88.41159396552426,27.17503825672211],[88.41153029149658,27.1750664049774],[88.4115121201806,27.175033873653746],[88.41157579215582,27.17500572629757]]]}},{"type":"Feature","properties":{"source":"Microsoft Global ML Building Footprints"},"geometry":{"type":"Polygon","coordinates":[[[88.40519067663239,27.178600320732365],[88.405234672273,27.17861589592669],[88.40521256036014,27.178665333321227],[88.40516856471956,27.178649758133794],[88.40519067663239,27.178600320732365]]]}},{"type":"Feature","properties":{"source":"Microsoft Global ML Building Footprints"},"geometry":{"type":"Polygon","coordinates":[[[88.40565592802939,27.176777518742213],[88.40557364769644,27.176880678552116],[88.40553083100745,27.17685365209514],[88.4056131113404,27.17675049226029],[88.40565592802939,27.176777518742213]]]}},{"type":"Feature","properties":{"source":"Microsoft Global ML Building Footprints"},"geometry":{"type":"Polygon","coordinates":[[[88.41281510219521,27.172426746389576],[88.41287801674765,27.17242515202898],[88.41288517527482,27.172649272291792],[88.41282227833989,27.17265086620273],[88.41281510219521,27.172426746389576]]]}},{"type":"Feature","properties":{"source":"Microsoft Global ML Building Footprints"},"geometry":{"type":"Polygon","coordinates":[[[88.41062021601788,27.17601506293515],[88.41066026267299,27.176012631862527],[88.41066354196934,27.176055382827833],[88.41062349531427,27.176057813899526],[88.41062021601788,27.17601506293515]]]}},{"type":"Feature","properties":{"source":"Microsoft Global ML Building Footprints"},"geometry":{"type":"Polygon","coordinates":[[[88.39990905616581,27.178945293487196],[88.39997874061122,27.178947002903058],[88.39997711465081,27.17899945612553],[88.3999074302054,27.17899774671048],[88.39990905616581,27.178945293487196]]]}},{"type":"Feature","properties":{"source":"Microsoft Global ML Building Footprints"},"geometry":{"type":"Polygon","coordinates":[[[88.40537951264965,27.178650686115816],[88.40537535057612,27.178724468067337],[88.40532986755957,27.178722437651757],[88.4053340296331,27.17864865569888],[88.40537951264965,27.178650686115816]]]}},{"type":"Feature","properties":{"source":"Microsoft Global ML Building Footprints"},"geometry":{"type":"Polygon","coordinates":[[[88.40790509490427,27.17625384490743],[88.4079024487004,27.17629427166564],[88.40786599194227,27.17629238312057],[88.40786864131596,27.17625195652588],[88.40790509490427,27.17625384490743]]]}},{"type":"Feature","properties":{"source":"Microsoft Global ML Building Footprints"},"geometry":{"type":"Polygon","coordinates":[[[88.40829880345314,27.18282761729897],[88.4083043340984,27.182795910412118],[88.4083605339821,27.182803671053534],[88.40835500149716,27.182835374185295],[88.40829880345314,27.18282761729897]]]}},{"type":"Feature","properties":{"source":"Microsoft Global ML Building Footprints"},"geometry":{"type":"Polygon","coordinates":[[[88.40107723914068,27.18650759392913],[88.40103295545492,27.186567647725944],[88.40098488179567,27.18653959820135],[88.40102916217766,27.18647954246177],[88.40107723914068,27.18650759392913]]]}},{"type":"Feature","properties":{"source":"Microsoft Global ML Building Footprints"},"geometry":{"type":"Polygon","coordinates":[[[88.4113869562248,27.17779994880977],[88.41139835721005,27.177837794806237],[88.41134079898757,27.177851513073087],[88.41132939800234,27.177813667081267],[88.4113869562248,27.17779994880977]]]}},{"type":"Feature","properties":{"source":"Microsoft Global ML Building Footprints"},"geometry":{"type":"Polygon","coordinates":[[[88.40754740678933,27.17634138461078],[88.40759611343321,27.17628474802055],[88.40763333583877,27.176310081234817],[88.40758463045216,27.176366716350245],[88.40754740678933,27.17634138461078]]]}},{"type":"Feature","properties":{"source":"Microsoft Global ML Building Footprints"},"geometry":{"type":"Polygon","coordinates":[[[88.41163817025063,27.182883659514644],[88.41165903462625,27.182925539605833],[88.41157160044656,27.182960008094938],[88.41155073607096,27.18291812801668],[88.41163817025063,27.182883659514644]]]}},{"type":"Feature","properties":{"source":"Microsoft Global ML Building Footprints"},"geometry":{"type":"Polygon","coordinates":[[[88.4069683952003,27.17784310227269],[88.40695605494923,27.177888148453363],[88.40688516336108,27.17787277953591],[88.40691601398873,27.177760164034687],[88.40701728768607,27.177782119652512],[88.40699877730952,27.1778496889536],[88.4069683952003,27.17784310227269]]]}},{"type":"Feature","properties":{"source":"Microsoft Global ML Building Footprints"},"geometry":{"type":"Polygon","coordinates":[[[88.40697022626443,27.175875168687433],[88.40688716444159,27.17587277938545],[88.40689188820005,27.175742535448585],[88.40697495021031,27.17574491958709],[88.40697022626443,27.175875168687433]]]}},{"type":"Feature","properties":{"source":"Microsoft Global ML Building Footprints"},"geometry":{"type":"Polygon","coordinates":[[[88.40935413017719,27.18597445017344],[88.40934063827888,27.1860513109063],[88.40925066420812,27.18603881392947],[88.40926415020284,27.185961952368025],[88.40935413017719,27.18597445017344]]]}},{"type":"Feature","properties":{"source":"Microsoft Global ML Building Footprints"},"geometry":{"type":"Polygon","coordinates":[[[88.40811950094306,27.17992701625971],[88.40817578770111,27.179948915475208],[88.40814131757705,27.180019015364252],[88.40808503081895,27.179997116162525],[88.40811950094306,27.17992701625971]]]}},{"type":"Feature","properties":{"source":"Microsoft Global ML Building Footprints"},"geometry":{"type":"Polygon","coordinates":[[[88.40839879978823,27.174365706877715],[88.40844704951257,27.1743646343796],[88.40844851885686,27.174417096983028],[88.40840026913253,27.174418169480617],[88.40839879978823,27.174365706877715]]]}},{"type":"Feature","properties":{"source":"Microsoft Global ML Building Footprints"},"geometry":{"type":"Polygon","coordinates":[[[88.40265496823226,27.18693325021293],[88.4026870772304,27.18693184691967],[88.40269075825911,27.18699849066919],[88.40265864926101,27.186999893961584],[88.40265496823226,27.18693325021293]]]}},{"type":"Feature","properties":{"source":"Microsoft Global ML Building Footprints"},"geometry":{"type":"Polygon","coordinates":[[[88.40705006775018,27.175590196467915],[88.4069853507115,27.175735225094144],[88.4069274241517,27.175714768084404],[88.40699213980007,27.175569742547346],[88.40705006775018,27.175590196467915]]]}},{"type":"Feature","properties":{"source":"Microsoft Global ML Building Footprints"},"geometry":{"type":"Polygon","coordinates":[[[88.41316609969923,27.184353916296494],[88.41311415021124,27.184358838850862],[88.41310539236586,27.184285704698297],[88.41315733616429,27.18428078267982],[88.41316609969923,27.184353916296494]]]}},{"type":"Feature","properties":{"source":"Microsoft Global ML Building Footprints"},"geometry":{"type":"Polygon","coordinates":[[[88.4016367965098,27.17629323812053],[88.4016932355191,27.176361062465837],[88.40159162343072,27.176427972678056],[88.40153518786866,27.17636014610342],[88.4016367965098,27.17629323812053]]]}},{"type":"Feature","properties":{"source":"Microsoft Global ML Building Footprints"},"geometry":{"type":"Polygon","coordinates":[[[88.40006929875608,27.178446541248817],[88.4000417949023,27.17850560289947],[88.39999371783708,27.178487888341657],[88.40002122169088,27.178428826681632],[88.40006929875608,27.178446541248817]]]}},{"type":"Feature","properties":{"source":"Microsoft Global ML Building Footprints"},"geometry":{"type":"Polygon","coordinates":[[[88.4058509461275,27.179063845730063],[88.40581871399658,27.17914261559372],[88.40575816365464,27.179123012036975],[88.40579039167513,27.179044237058527],[88.4058509461275,27.179063845730063]]]}},{"type":"Feature","properties":{"source":"Microsoft Global ML Building Footprints"},"geometry":{"type":"Polygon","coordinates":[[[88.40946658421971,27.174205846683236],[88.40941011595145,27.174216503426152],[88.40938834321747,27.174125166274926],[88.40944481148573,27.17411450952327],[88.40946658421971,27.174205846683236]]]}},{"type":"Feature","properties":{"source":"Microsoft Global ML Building Footprints"},"geometry":{"type":"Polygon","coordinates":[[[88.41193228422604,27.184627276380645],[88.41198311647793,27.184616639814976],[88.41199416626529,27.184658437384506],[88.4119433332206,27.184669070947365],[88.41193228422604,27.184627276380645]]]}},{"type":"Feature","properties":{"source":"Microsoft Global ML Building Footprints"},"geometry":{"type":"Polygon","coordinates":[[[88.41156830846462,27.174168528904538],[88.41160314139046,27.174167535583365],[88.41160528863075,27.17422712816377],[88.41157045570489,27.174228121484383],[88.41156830846462,27.174168528904538]]]}},{"type":"Feature","properties":{"source":"Microsoft Global ML Building Footprints"},"geometry":{"type":"Polygon","coordinates":[[[88.41341927827361,27.18019242296517],[88.41344546645988,27.18015233406414],[88.41353462510007,27.18019842434422],[88.41350844198243,27.180238510297535],[88.41341927827361,27.18019242296517]]]}}]}